
====================
epoch 0 | idx 0

====================
Query:
Use the step-by-step method as shown in the examples to answer the question. Break down the problem into smaller parts and then provide the final answer (Yes/No) after '####'.

Example 1:
Q: Karachi was a part of Alexander the Great's success?

A: Karachi is a city in modern day Pakistan.
Krokola was an ancient port located in what is now Karachi.
Alexander the Great stationed his fleet in Krokola on his way to Babylon.
Alexander the Great defeated Darius and conquered Babylon before expanding his 
empire.
#### Yes.

Example 2:
Q: Was P. G. Wodehouse's favorite book The Hunger Games?

A: P. G. Wodehouse died in 1975.
The Hunger Games was published in 2008.
#### No.
IMPORTANT:
- Think step by step.
- The final line must be exactly in the format: #### Yes. or #### No.
- Do not end with anything else after the final answer.
Your Question:
Q: Can sunlight travel to the deepest part of the Black Sea?

A: 

End your answer with exactly one final line: #### Yes. or #### No.
Responses:
['A: The Black Sea is over 2,200 meters deep in some areas. \nSunlight can penetrate water only to a certain depth, which is typically around 200 meters in clear water. \nBelow this depth, darkness prevails, and the ability for sunlight to travel is greatly diminished. \nTherefore, sunlight cannot reach the deepest parts of the Black Sea. \n#### No.', 'A: The Black Sea has a maximum depth of about 2,212 meters (7,257 feet). \nSunlight can penetrate the water to a certain depth, but its intensity decreases with increasing depth. \nTypically, sunlight can reach a maximum depth of about 200 meters in clear water. \nBelow this depth, it becomes too dark for sunlight to penetrate significantly. \nTherefore, sunlight cannot reach the deepest part of the Black Sea. \n#### No.', 'A: Sunlight travels through water, but its penetration is limited. The Black Sea has layers of water that absorb light. Generally, light can penetrate only up to about 200 meters deep in most bodies of water. The deepest part of the Black Sea is around 2,212 meters. Given this depth, sunlight cannot reach the deepest parts of the Black Sea.  \n#### No.', 'A: Sunlight travels through water but gets absorbed quickly.\nThe Black Sea has a maximum depth of about 2,212 meters.\nTypically, sunlight penetrates only a few hundred meters in clear water.\nAt great depths, the absence of light is significant, making the deepest parts pitch dark.\nTherefore, sunlight cannot reach the deepest part of the Black Sea.  \n#### No.']

====================
Query:
Use the step-by-step method as shown in the examples to answer the question. Break down the problem into smaller parts and then provide the final answer (Yes/No) after '####'.

Example 1:
Q: Karachi was a part of Alexander the Great's success?

A: Karachi is a city in modern day Pakistan.
Krokola was an ancient port located in what is now Karachi.
Alexander the Great stationed his fleet in Krokola on his way to Babylon.
Alexander the Great defeated Darius and conquered Babylon before expanding his 
empire.
#### Yes.

Example 2:
Q: Was P. G. Wodehouse's favorite book The Hunger Games?

A: P. G. Wodehouse died in 1975.
The Hunger Games was published in 2008.
#### No.
IMPORTANT:
- Think step by step.
- The final line must be exactly in the format: #### Yes. or #### No.
- Do not end with anything else after the final answer.
Your Question:
Q: Has Oscar Wilde's most famous character ever been in an Eva Green project?

A: 

End your answer with exactly one final line: #### Yes. or #### No.
Responses:
['A: Oscar Wilde is known for his literary works, particularly "The Picture of Dorian Gray."\nDorian Gray is the most famous character from this novel.\nEva Green starred in a film adaptation of "The Picture of Dorian Gray" released in 2004.\nTherefore, Dorian Gray, Oscar Wilde\'s most famous character, has been in an Eva Green project.\n#### Yes.', 'A: Oscar Wilde is known for his play "The Importance of Being Earnest," in which the most famous character is likely Jack Worthing or Algernon Moncrieff. Eva Green is an actress known for her roles in various films and TV series. To determine if Oscar Wilde\'s most famous character has been in an Eva Green project, we can check her filmography. Eva Green starred in "Miss Peregrine\'s Home for Peculiar Children" and "Penny Dreadful," none of which feature characters from Wilde\'s works directly. Therefore, it is unlikely that Oscar Wilde\'s most famous character has appeared in any project', 'A: Oscar Wilde\'s most famous character is often considered to be Dorian Gray from "The Picture of Dorian Gray." \nEva Green starred in a film adaptation of "The Picture of Dorian Gray" released in 2004, where she played the role of Sibyl Vane.\nTherefore, Dorian Gray has indeed been featured in an Eva Green project.\n#### Yes.', 'A: Oscar Wilde is known for his play "The Importance of Being Earnest".\nThe character of Algernon Moncrieff is one of the most famous from this play.\nEva Green is an actress known for various roles in films and television.\nAs of October 2023, there is no record of Eva Green being involved in any adaptation of "The Importance of Being Earnest".\n#### No.']

====================
Query:
Use the step-by-step method as shown in the examples to answer the question. Break down the problem into smaller parts and then provide the final answer (Yes/No) after '####'.

Example 1:
Q: Karachi was a part of Alexander the Great's success?

A: Karachi is a city in modern day Pakistan.
Krokola was an ancient port located in what is now Karachi.
Alexander the Great stationed his fleet in Krokola on his way to Babylon.
Alexander the Great defeated Darius and conquered Babylon before expanding his 
empire.
#### Yes.

Example 2:
Q: Was P. G. Wodehouse's favorite book The Hunger Games?

A: P. G. Wodehouse died in 1975.
The Hunger Games was published in 2008.
#### No.
IMPORTANT:
- Think step by step.
- The final line must be exactly in the format: #### Yes. or #### No.
- Do not end with anything else after the final answer.
Your Question:
Q: Was Mother Theresa a follower of atheism?

A: 

End your answer with exactly one final line: #### Yes. or #### No.
Responses:
["A: Mother Teresa was a Roman Catholic nun and missionary.  \nShe dedicated her life to serving the poor and sick, based on her religious beliefs.  \nAtheism is characterized by a lack of belief in deities, which is contrary to Mother Teresa's faith and devotion to God.  \nTherefore, Mother Teresa cannot be considered a follower of atheism.  \n#### No.", 'A: Mother Teresa was known for her unwavering faith in Christianity.  \nShe dedicated her life to serving the poor and sick in the name of Jesus Christ.  \nAtheism is the lack of belief in gods or deities, which contradicts the principles that Mother Teresa lived by.  \nTherefore, she cannot be classified as a follower of atheism.  \n#### No.', 'A: Mother Teresa was a Roman Catholic nun and missionary.  \nShe dedicated her life to serving the poor and sick, following the teachings of Jesus Christ.  \nAtheism is the lack of belief in any deity, which contradicts her life’s work and commitment to faith.  \nTherefore, she cannot be considered a follower of atheism.  \n#### No.', "A: Mother Theresa was a Roman Catholic nun and missionary.  \nShe dedicated her life to serving the poor and sick, guided by her faith in God.  \nAtheism is the absence of belief in any gods or deities.  \nTherefore, Mother Theresa's beliefs and actions were in direct opposition to atheism.  \n#### No."]

====================
Query:
Use the step-by-step method as shown in the examples to answer the question. Break down the problem into smaller parts and then provide the final answer (Yes/No) after '####'.

Example 1:
Q: Karachi was a part of Alexander the Great's success?

A: Karachi is a city in modern day Pakistan.
Krokola was an ancient port located in what is now Karachi.
Alexander the Great stationed his fleet in Krokola on his way to Babylon.
Alexander the Great defeated Darius and conquered Babylon before expanding his 
empire.
#### Yes.

Example 2:
Q: Was P. G. Wodehouse's favorite book The Hunger Games?

A: P. G. Wodehouse died in 1975.
The Hunger Games was published in 2008.
#### No.
IMPORTANT:
- Think step by step.
- The final line must be exactly in the format: #### Yes. or #### No.
- Do not end with anything else after the final answer.
Your Question:
Q: Has Elon Musk's hairline changed?

A: 

End your answer with exactly one final line: #### Yes. or #### No.
Responses:
['A: Elon Musk is a well-known billionaire entrepreneur.\nOver the years, he has been in the public eye and has had various hairstyles.\nThere are numerous images showing his hairline at different times.\nAnalysis of these images suggests that his hairline has appeared to change, becoming fuller in some instances.\nThis has led to speculation about possible hair restoration techniques he may have used.\n#### Yes.', 'A: Elon Musk is a well-known entrepreneur and CEO of multiple companies.\nHairlines can change due to a variety of factors including age, health, and treatments.\nPublic images of Elon Musk show variations in his hair density and style over the years.\nThere have been discussions and observations among fans and media regarding his changing hairline.\n#### Yes.', 'A: Elon Musk is known for being a prominent figure in the tech industry and has been in the public eye for many years. \nOver time, images of him from different years show noticeable differences in his hairline. \nSome images suggest a receding hairline in the past, while more recent photos show a fuller appearance of hair. \nThis indicates that there may have been either natural growth or cosmetic interventions regarding his hairline. \n#### Yes.', 'A: Elon Musk is a public figure known for his innovations and ventures.\nHairlines can naturally change over time due to various factors like aging or hair loss.\nElon Musk has been photographed over the years, and observers have noted changes in his hairline between different appearances.\nThere are discussions and speculations about whether he has undergone any procedures to alter his hairline.\n#### Yes.']

====================
Query:
Use the step-by-step method as shown in the examples to answer the question. Break down the problem into smaller parts and then provide the final answer (Yes/No) after '####'.

Example 1:
Q: Karachi was a part of Alexander the Great's success?

A: Karachi is a city in modern day Pakistan.
Krokola was an ancient port located in what is now Karachi.
Alexander the Great stationed his fleet in Krokola on his way to Babylon.
Alexander the Great defeated Darius and conquered Babylon before expanding his 
empire.
#### Yes.

Example 2:
Q: Was P. G. Wodehouse's favorite book The Hunger Games?

A: P. G. Wodehouse died in 1975.
The Hunger Games was published in 2008.
#### No.
IMPORTANT:
- Think step by step.
- The final line must be exactly in the format: #### Yes. or #### No.
- Do not end with anything else after the final answer.
Your Question:
Q: Can a sea turtle play tennis using a tennis racket?

A: 

End your answer with exactly one final line: #### Yes. or #### No.
Responses:
['A: Sea turtles are aquatic animals that live in the ocean.  \nThey have flippers designed for swimming, not for holding objects.  \nPlaying tennis requires dexterity and the ability to manipulate a racket.  \nGiven their physical attributes and natural habitat, sea turtles are unable to engage in playing tennis.  \n#### No.', 'A: Sea turtles are aquatic reptiles that are adapted to living in the ocean. \nThey have flippers for swimming, not hands for gripping objects like a racket. \nTennis requires a human-like ability to hold and swing a racket, which sea turtles do not possess. \nTherefore, it is physically impossible for a sea turtle to play tennis using a tennis racket.\n#### No.', 'A: Sea turtles are aquatic reptiles that primarily live in the ocean. \nThey do not have the physical ability to hold or use a tennis racket, as they lack the appropriate limbs.\nAdditionally, sea turtles are not capable of engaging in sports like tennis, which requires specific skills and coordination.\n#### No.', 'A: Sea turtles are marine reptiles found in oceans and seas.\nThey have flippers designed for swimming, not for holding or manipulating objects.\nTennis requires the ability to grip a racket and perform actions with precision.\nSea turtles do not possess the physical anatomy required to play tennis.\n#### No.']

====================
Query:
Use the step-by-step method as shown in the examples to answer the question. Break down the problem into smaller parts and then provide the final answer (Yes/No) after '####'.

Example 1:
Q: Karachi was a part of Alexander the Great's success?

A: Karachi is a city in modern day Pakistan.
Krokola was an ancient port located in what is now Karachi.
Alexander the Great stationed his fleet in Krokola on his way to Babylon.
Alexander the Great defeated Darius and conquered Babylon before expanding his 
empire.
#### Yes.

Example 2:
Q: Was P. G. Wodehouse's favorite book The Hunger Games?

A: P. G. Wodehouse died in 1975.
The Hunger Games was published in 2008.
#### No.
IMPORTANT:
- Think step by step.
- The final line must be exactly in the format: #### Yes. or #### No.
- Do not end with anything else after the final answer.
Your Question:
Q: Can a woman on average have a baby before wheat seed blooms?

A: 

End your answer with exactly one final line: #### Yes. or #### No.
Responses:
['A: The average gestation period for humans is about 9 months (approximately 40 weeks).\nWheat seeds typically germinate and bloom within a period of about 2 to 3 months after being planted.\nSince the average pregnancy lasts longer than the time it takes for wheat to bloom, a woman cannot typically have a baby before wheat seed blooms. \n#### No.', 'A: The average gestation period for humans is about 9 months.\nWheat seeds typically bloom or flower in the spring after being planted in the fall.\nIn most regions, wheat is planted in the fall and blooms in late spring.\nThis means that a baby can be born before wheat seeds bloom if the baby is conceived before the wheat is planted.\n#### Yes.', "A: The average gestation period for humans is about 9 months (approximately 280 days).\nWheat typically takes around 6 to 8 months from planting to blooming, depending on the variety and growing conditions.\nIf we consider that wheat may bloom around 6 to 8 months after being sown, and since women have a baby in about 9 months on average, this means it's likely that a woman would give birth after the wheat has bloomed.\n#### No.", 'A: The average gestation period for a human baby is about 9 months (approximately 40 weeks).\nWheat typically flowers in the spring, depending on the variety and climate, usually 4 to 6 months after planting.\nTherefore, a woman can become pregnant and give birth before wheat seeds bloom if she conceives shortly after planting the wheat.\n#### Yes.']

====================
Query:
Use the step-by-step method as shown in the examples to answer the question. Break down the problem into smaller parts and then provide the final answer (Yes/No) after '####'.

Example 1:
Q: Karachi was a part of Alexander the Great's success?

A: Karachi is a city in modern day Pakistan.
Krokola was an ancient port located in what is now Karachi.
Alexander the Great stationed his fleet in Krokola on his way to Babylon.
Alexander the Great defeated Darius and conquered Babylon before expanding his 
empire.
#### Yes.

Example 2:
Q: Was P. G. Wodehouse's favorite book The Hunger Games?

A: P. G. Wodehouse died in 1975.
The Hunger Games was published in 2008.
#### No.
IMPORTANT:
- Think step by step.
- The final line must be exactly in the format: #### Yes. or #### No.
- Do not end with anything else after the final answer.
Your Question:
Q: Are rainbows devoid of color made by mixing yin and yang colors?

A: 

End your answer with exactly one final line: #### Yes. or #### No.
Responses:
["A: Rainbows are optical phenomena that occur when light is refracted, reflected, and dispersed in water droplets, resulting in a spectrum of colors in the sky.\nRainbows typically display seven main colors: red, orange, yellow, green, blue, indigo, and violet.\nThe concept of yin and yang originates from Chinese philosophy, representing dualities and balance in nature.\nThe phrase 'yin and yang colors' does not correspond to the scientific explanation of how rainbows form.\nTherefore, rainbows are not devoid of color; they are characterized by a visible spectrum. \n#### No.", 'A: Rainbows are natural phenomena caused by the dispersion of light, typically showing a spectrum of colors.\nRainbows are generally made up of red, orange, yellow, green, blue, indigo, and violet.\nThe concept of yin and yang comes from Chinese philosophy and represents complementary forces, not specific colors.\nMixing colors related to yin and yang does not correlate to how rainbows are created or perceived.\nTherefore, rainbows cannot be described as being devoid of color nor linked directly to the yin and yang concept.\n\n#### No.', 'A: A rainbow is a meteorological phenomenon caused by reflection, refraction, and dispersion of light, which typically contains the colors red, orange, yellow, green, blue, indigo, and violet. \nThe concept of "yin and yang" comes from Chinese philosophy and refers to dualism or the complementary forces in nature, but it does not directly correlate with the creation of rainbows or colors. \nRainbows are not devoid of color; they consist of a spectrum of colors when light is refracted through water droplets. \nTherefore, rainbows are not created by mixing yin and yang colors as they instead represent light spectrum colors', 'A: Rainbows are optical phenomena that occur when light is refracted, reflected, and dispersed in water droplets.\nRainbows display a spectrum of colors: red, orange, yellow, green, blue, indigo, and violet.\nThe concept of yin and yang comes from Chinese philosophy and represents duality.\nYin and yang colors are not standard categories of colors in the context of rainbows.\nThus, rainbows cannot be considered devoid of color, as they are characterized by a variety of distinct colors.\n#### No.']

====================
Query:
Use the step-by-step method as shown in the examples to answer the question. Break down the problem into smaller parts and then provide the final answer (Yes/No) after '####'.

Example 1:
Q: Karachi was a part of Alexander the Great's success?

A: Karachi is a city in modern day Pakistan.
Krokola was an ancient port located in what is now Karachi.
Alexander the Great stationed his fleet in Krokola on his way to Babylon.
Alexander the Great defeated Darius and conquered Babylon before expanding his 
empire.
#### Yes.

Example 2:
Q: Was P. G. Wodehouse's favorite book The Hunger Games?

A: P. G. Wodehouse died in 1975.
The Hunger Games was published in 2008.
#### No.
IMPORTANT:
- Think step by step.
- The final line must be exactly in the format: #### Yes. or #### No.
- Do not end with anything else after the final answer.
Your Question:
Q: Is Edgar Allan Poe obscure in the world of horror fiction?

A: 

End your answer with exactly one final line: #### Yes. or #### No.
Responses:
['A: Edgar Allan Poe is considered one of the pioneers of horror fiction.  \nHe is well-known for his macabre and gothic tales, such as "The Tell-Tale Heart" and "The Fall of the House of Usher."  \nHis work has had a lasting impact on literature and has influenced many modern horror writers.  \nPoe\'s works are widely studied and referenced in discussions about horror fiction.  \n#### No.', 'A: Edgar Allan Poe is a well-known American writer.\nHe is recognized as a master of horror fiction and gothic literature.\nPoe\'s works, such as "The Tell-Tale Heart" and "The Raven," are frequently studied and celebrated.\nHe has had a significant influence on both the horror genre and literature in general.\n#### No.', 'A: Edgar Allan Poe is considered one of the foundational figures in American literature.\nHe is well-known for his contributions to the horror genre, particularly with works like "The Tell-Tale Heart" and "The Fall of the House of Usher."\nPoe\'s influence extends to many modern horror writers and filmmakers.\nHis work is studied in literature classes and frequently referenced in popular culture.\n#### No.', 'A: Edgar Allan Poe is known as one of the key figures in the development of horror fiction. \nHis works, such as "The Tell-Tale Heart" and "The Raven," are widely studied and celebrated in literature. \nPoe\'s influence on both horror and detective fiction is significant, and he is frequently cited as an inspiration by modern horror writers. \nTherefore, he is not considered obscure in the world of horror fiction. \n#### No.']

====================
Query:
Use the step-by-step method as shown in the examples to answer the question. Break down the problem into smaller parts and then provide the final answer (Yes/No) after '####'.

Example 1:
Q: Karachi was a part of Alexander the Great's success?

A: Karachi is a city in modern day Pakistan.
Krokola was an ancient port located in what is now Karachi.
Alexander the Great stationed his fleet in Krokola on his way to Babylon.
Alexander the Great defeated Darius and conquered Babylon before expanding his 
empire.
#### Yes.

Example 2:
Q: Was P. G. Wodehouse's favorite book The Hunger Games?

A: P. G. Wodehouse died in 1975.
The Hunger Games was published in 2008.
#### No.
IMPORTANT:
- Think step by step.
- The final line must be exactly in the format: #### Yes. or #### No.
- Do not end with anything else after the final answer.
Your Question:
Q: Could the Dominican Order hypothetically defeat Blessed Gerard's order?

A: 

End your answer with exactly one final line: #### Yes. or #### No.
Responses:
["A: The Dominican Order is a religious order founded in the early 13th century focused on preaching and teaching.\nBlessed Gerard's order, known as the Knights Hospitaller, was established earlier to provide care for sick and injured pilgrims.\nThe two orders have distinct missions and purposes; Dominicans emphasize education and preaching, while the Knights Hospitaller focus on hospitality and medical care.\nIn a hypothetical confrontation, the outcome would depend on various factors such as context, objectives, and resources, rather than a straightforward defeat or victory.\nSince the question is hypothetical and complex, it cannot be definitively answered with a straightforward yes or no.", "A: The Dominican Order is a Roman Catholic religious order founded in the early 13th century, known for its emphasis on preaching and teaching.\nBlessed Gerard's order, known as the Knights Hospitaller, was established to provide care for the sick and poor, and later became a military order.\nWhen considering the combat capabilities, the Knights Hospitaller were primarily a military order focused on warfare.\nThe Dominican Order is not primarily a military order but focuses on education and directing the life of the intellect in faith.\nIn a hypothetical scenario of pure combat between the two orders, the militaristic training of Blessed Gerard's order would give them", 'A: The Dominican Order is a Catholic religious order founded by Saint Dominic in the early 13th century, focused on preaching, teaching, and scholarly pursuits. \n\nBlessed Gerard founded the Order of the Knights of Saint John in the late 11th century, primarily focused on providing care for the sick and defending the faith.\n\nWhile both orders have distinct missions and purposes, they exist in different contexts and are not designed to compete in a military sense.\n\nHypothetically, if a conflict were to arise, the capacity to "defeat" would depend on many factors like leadership, numbers, strategies, and the context of the encounter.', "A: The Dominican Order is a Catholic religious order founded in the early 13th century, primarily focusing on preaching, teaching, and scholarship. Blessed Gerard's order, likely referring to the Knights of Malta, was established in the 11th century and focused on providing care for the sick and wounded, as well as serving in military defense. \n\nIn a hypothetical scenario, a comparison of the two orders would depend on context, such as the type of 'defeat' being referenced—military engagement, theological debate, or social influence. Historically, both orders have different missions and accomplishments within the Catholic Church.\n\nSince they serve different purposes"]

====================
Query:
Use the step-by-step method as shown in the examples to answer the question. Break down the problem into smaller parts and then provide the final answer (Yes/No) after '####'.

Example 1:
Q: Karachi was a part of Alexander the Great's success?

A: Karachi is a city in modern day Pakistan.
Krokola was an ancient port located in what is now Karachi.
Alexander the Great stationed his fleet in Krokola on his way to Babylon.
Alexander the Great defeated Darius and conquered Babylon before expanding his 
empire.
#### Yes.

Example 2:
Q: Was P. G. Wodehouse's favorite book The Hunger Games?

A: P. G. Wodehouse died in 1975.
The Hunger Games was published in 2008.
#### No.
IMPORTANT:
- Think step by step.
- The final line must be exactly in the format: #### Yes. or #### No.
- Do not end with anything else after the final answer.
Your Question:
Q: Does taking ukemi halt kinetic energy?

A: 

End your answer with exactly one final line: #### Yes. or #### No.
Responses:
['A: Ukemi is a Japanese term for a technique of falling safely, used in martial arts to minimize injury when taking a fall.  \nKinetic energy is the energy an object has due to its motion.  \nTaking ukemi allows a practitioner to absorb and dissipate the force of a fall, thereby reducing potential injury.  \nHowever, it does not halt kinetic energy; rather, it redistributes the energy to avoid harm while the kinetic energy remains present.  \n#### No.', 'A: Ukemi is a technique used in martial arts to safely fall or roll without injury. \nWhen practicing ukemi, an individual absorbs and disperses the kinetic energy generated by their own movement and the force of an incoming attack. \nThe technique does not halt kinetic energy; instead, it helps to mitigate its effects, allowing for a safer fall or transition. \nThus, while ukemi manages the energy involved, it does not completely stop kinetic energy itself. \n#### No.', 'A: Ukemi is a technique used in martial arts, particularly in judo and aikido, which involves falling or rolling safely to avoid injury when thrown or pushed. \nKinetic energy is the energy that an object possesses due to its motion. \nTaking ukemi does not inherently halt kinetic energy; it allows a practitioner to safely absorb and dissipate the energy of the fall, but does not stop the energy itself from existing. \nTherefore, while ukemi mitigates the effects of kinetic energy on the body, it does not halt the energy from being present in the system. \n#### No.', 'A: Ukemi is a technique in martial arts used to safely fall without injury.\nWhen taking ukemi, an individual seeks to dissipate the energy of their fall.\nThis involves rolling or distributing the force over a larger area to minimize impact.\nWhile ukemi does not completely halt kinetic energy, it reduces the harmful effects of the energy involved during the fall.\nThus, taking ukemi does not entirely stop kinetic energy, but rather manages its consequences.\n#### No.']

====================
Query:
Use the step-by-step method as shown in the examples to answer the question. Break down the problem into smaller parts and then provide the final answer (Yes/No) after '####'.

Example 1:
Q: Karachi was a part of Alexander the Great's success?

A: Karachi is a city in modern day Pakistan.
Krokola was an ancient port located in what is now Karachi.
Alexander the Great stationed his fleet in Krokola on his way to Babylon.
Alexander the Great defeated Darius and conquered Babylon before expanding his 
empire.
#### Yes.

Example 2:
Q: Was P. G. Wodehouse's favorite book The Hunger Games?

A: P. G. Wodehouse died in 1975.
The Hunger Games was published in 2008.
#### No.
IMPORTANT:
- Think step by step.
- The final line must be exactly in the format: #### Yes. or #### No.
- Do not end with anything else after the final answer.
Your Question:
Q: Do depressed people travel to the Golden Gate Bridge often?

A: 

End your answer with exactly one final line: #### Yes. or #### No.
Responses:
['A: The Golden Gate Bridge is a popular tourist attraction located in San Francisco, California. Many visitors, including those who may be experiencing depression, may choose to visit the bridge for various reasons, such as its beauty, to connect with nature, or to seek solace. There are also instances where the bridge has been associated with tragic events, leading to discussions about mental health. However, this does not indicate that depressed people travel to the bridge more often than others. \n\nThus, without specific statistical evidence or studies showing the frequency of visits by depressed individuals to the Golden Gate Bridge, one cannot definitively say if depressed people travel there often.', 'A: The Golden Gate Bridge is a famous landmark in San Francisco, attracting many tourists.\nDepression can lead some individuals to seek solitude or places that evoke deep emotions, which might include iconic locations like the Golden Gate Bridge.\nHowever, it is not specific to all depressed individuals to travel there often.\nThe frequency of visits to the Golden Gate Bridge by depressed people is not well-documented or supported by research.\n#### No.', 'A: The Golden Gate Bridge is a popular tourist destination in San Francisco, California. \nMany people, including those experiencing depression, might visit significant landmarks to reflect on their thoughts or seek solace. \nHowever, there is no specific data or evidence indicating that depressed people travel to the Golden Gate Bridge more frequently than others. \nTravel habits vary greatly among individuals and are influenced by many factors beyond mental health status. \n#### No.', "A: The Golden Gate Bridge is a popular tourist attraction in San Francisco, California. \nMany people, including tourists and locals, visit the bridge for its scenic views and historical significance. \nDepression can affect people's behavior and motivation, leading some to seek out places that resonate with their feelings, including locations associated with sadness.\nThere have been instances where the Golden Gate Bridge is referenced in conversations about mental health due to its tragic history.\nHowever, whether depressed individuals specifically travel to the bridge often is not universally established and varies from person to person.\n#### No."]

====================
Query:
Use the step-by-step method as shown in the examples to answer the question. Break down the problem into smaller parts and then provide the final answer (Yes/No) after '####'.

Example 1:
Q: Karachi was a part of Alexander the Great's success?

A: Karachi is a city in modern day Pakistan.
Krokola was an ancient port located in what is now Karachi.
Alexander the Great stationed his fleet in Krokola on his way to Babylon.
Alexander the Great defeated Darius and conquered Babylon before expanding his 
empire.
#### Yes.

Example 2:
Q: Was P. G. Wodehouse's favorite book The Hunger Games?

A: P. G. Wodehouse died in 1975.
The Hunger Games was published in 2008.
#### No.
IMPORTANT:
- Think step by step.
- The final line must be exactly in the format: #### Yes. or #### No.
- Do not end with anything else after the final answer.
Your Question:
Q: Will Tokyo Tower be repainted only once during President Trump's first term?

A: 

End your answer with exactly one final line: #### Yes. or #### No.
Responses:
["A: Tokyo Tower is a communications and observation tower located in Tokyo, Japan.\nPresident Trump served his first term from January 20, 2017, to January 20, 2021.\nThe Tokyo Tower underwent a major repainting in 2016, just before Trump’s first term began.\nAccording to reports, Tokyo Tower is typically repainted every five years due to wear and tear from weather and other factors.\nDuring Trump's first term, there has been no announcement or evidence suggesting that it would only be repainted once.\n#### No.", "A: Tokyo Tower is a famous landmark in Tokyo, Japan. \nThere are no records indicating that Tokyo Tower was repainted only once during President Trump's first term (2017-2021).\nMaintenance and repainting of landmarks like Tokyo Tower are usually done periodically, typically every few years, to prevent deterioration.\nThe specifics regarding repainting during any political term would not generally apply, as such operations are determined by local authorities based on necessity rather than political timelines.\n#### No.", 'A: Tokyo Tower is located in Japan. \nIt was completed in 1958 and is an iconic landmark. \nRepainting of Tokyo Tower is a maintenance task that occurs periodically to preserve its structure and appearance. \nThe frequency of repainting is typically determined by the condition of the paint and weather factors, not by political terms in other countries. \nPresident Trump served from January 2017 to January 2021, and there are no records indicating that the tower was repainted only once during that time frame. \n\n#### No.', "A: Tokyo Tower is a famous landmark in Japan. \nIt was completed in 1958 and has been repainted multiple times since then to maintain its appearance. \nDuring President Trump's first term, which lasted from January 2017 to January 2021, it is reasonable to assume that the tower could require painting to preserve its structure. However, there is no specific record indicating that it would be repainted only once during that time frame. \nRepainting is typically done as needed, not limited to a specific number of times in a term of office. \n#### No."]

====================
Query:
Use the step-by-step method as shown in the examples to answer the question. Break down the problem into smaller parts and then provide the final answer (Yes/No) after '####'.

Example 1:
Q: Karachi was a part of Alexander the Great's success?

A: Karachi is a city in modern day Pakistan.
Krokola was an ancient port located in what is now Karachi.
Alexander the Great stationed his fleet in Krokola on his way to Babylon.
Alexander the Great defeated Darius and conquered Babylon before expanding his 
empire.
#### Yes.

Example 2:
Q: Was P. G. Wodehouse's favorite book The Hunger Games?

A: P. G. Wodehouse died in 1975.
The Hunger Games was published in 2008.
#### No.
IMPORTANT:
- Think step by step.
- The final line must be exactly in the format: #### Yes. or #### No.
- Do not end with anything else after the final answer.
Your Question:
Q: Could a cow produce Harvey Milk?

A: 

End your answer with exactly one final line: #### Yes. or #### No.
Responses:
['A: A cow is a domestic animal that produces milk.\nThe term "Harvey Milk" refers to an American politician and LGBTQ+ activist, not a type of milk.\nCows can only produce regular milk, not a specific product named after a person.\n#### No.', 'A: Harvey Milk was a prominent LGBTQ+ rights activist and politician in the United States.\nCows are animals that produce milk, which can be used to make various dairy products.\nThe name "Harvey Milk" refers specifically to the individual and not to any kind of milk produced by cows.\nTherefore, a cow cannot produce something called "Harvey Milk" since that would imply a personal association with Harvey Milk.\n#### No.', 'A: Harvey Milk was a prominent political activist and the first openly gay elected official in California, known for his work in the LGBTQ+ rights movement. A cow, on the other hand, is a barnyard animal known for producing milk that is a food product. The phrase "Harvey Milk" refers to a person, not a type of milk. Therefore, a cow cannot produce "Harvey Milk" as it does not exist. \n\n#### No.', 'A: Harvey Milk was a prominent gay rights activist and politician, not a dairy product. Cows are known for producing milk, which can be used to make various products, but there is no product called "Harvey Milk." Therefore, a cow cannot produce something by that name. Additionally, there is no indication of any special type of milk associated with the name "Harvey." \n#### No.']

====================
Query:
Use the step-by-step method as shown in the examples to answer the question. Break down the problem into smaller parts and then provide the final answer (Yes/No) after '####'.

Example 1:
Q: Karachi was a part of Alexander the Great's success?

A: Karachi is a city in modern day Pakistan.
Krokola was an ancient port located in what is now Karachi.
Alexander the Great stationed his fleet in Krokola on his way to Babylon.
Alexander the Great defeated Darius and conquered Babylon before expanding his 
empire.
#### Yes.

Example 2:
Q: Was P. G. Wodehouse's favorite book The Hunger Games?

A: P. G. Wodehouse died in 1975.
The Hunger Games was published in 2008.
#### No.
IMPORTANT:
- Think step by step.
- The final line must be exactly in the format: #### Yes. or #### No.
- Do not end with anything else after the final answer.
Your Question:
Q: Would the average American family find Adam Sandler's home to be too small?

A: 

End your answer with exactly one final line: #### Yes. or #### No.
Responses:
["A: Adam Sandler is a well-known American actor and comedian.  \nHe is known to own a large home in Los Angeles, which is reported to be around 12,000 square feet.  \nThe average American family home size is approximately 2,500 square feet.  \nTherefore, Adam Sandler's home is significantly larger than the average American family's home.  \n#### No.", "A: Adam Sandler is a successful actor and comedian known for his roles in various films. \nHe is reported to own a large home in California, which is typical for many celebrities. \nThe average American family usually lives in a significantly smaller home than those of celebrities. \nGiven that Sandler's home is likely larger than standard American homes, it can be inferred that it may seem too large rather than too small for an average family. \n#### No.", "A: Adam Sandler is a successful American actor and comedian.  \nHe has a home in Los Angeles, California, which is known to be quite large.  \nHomes owned by celebrities like Sandler often have ample space and luxury amenities.  \nThe average American family typically lives in smaller homes compared to celebrity estates.  \nThus, an average American family would likely not consider Sandler's home to be too small.  \n#### No.", 'A: Adam Sandler is a well-known actor and comedian.\nHe is reported to own a large and luxurious home in California.\nThe average American family resides in a home that varies widely in size, but is typically much smaller than luxurious celebrity homes.\nLuxury homes often have more space, amenities, and features than what the average American family has.\n#### No.']

====================
Query:
Use the step-by-step method as shown in the examples to answer the question. Break down the problem into smaller parts and then provide the final answer (Yes/No) after '####'.

Example 1:
Q: Karachi was a part of Alexander the Great's success?

A: Karachi is a city in modern day Pakistan.
Krokola was an ancient port located in what is now Karachi.
Alexander the Great stationed his fleet in Krokola on his way to Babylon.
Alexander the Great defeated Darius and conquered Babylon before expanding his 
empire.
#### Yes.

Example 2:
Q: Was P. G. Wodehouse's favorite book The Hunger Games?

A: P. G. Wodehouse died in 1975.
The Hunger Games was published in 2008.
#### No.
IMPORTANT:
- Think step by step.
- The final line must be exactly in the format: #### Yes. or #### No.
- Do not end with anything else after the final answer.
Your Question:
Q: Would it be common to find a penguin in Miami?

A: 

End your answer with exactly one final line: #### Yes. or #### No.
Responses:
['A: Penguins are primarily found in the Southern Hemisphere, especially in Antarctica and surrounding islands. Miami is located in Florida, USA, which is in the Northern Hemisphere. The climate in Miami is warm and tropical, which is not suitable for penguins, as they require colder environments. Additionally, penguins are not native to Florida or the surrounding region. Therefore, finding a penguin in Miami would not be common.\n\n#### No.', 'A: Penguins are primarily found in the Southern Hemisphere, especially in Antarctica and sub-Antarctic regions. \nMiami is located in Florida, which is in the Northern Hemisphere and does not have a natural habitat for penguins. \nAlthough some zoos or aquariums may have penguins, they are not commonly found in the wild in Miami. \n#### No.', 'A: Penguins are primarily found in the Southern Hemisphere, with the majority of species native to Antarctica and surrounding areas.\nMiami is located in the Northern Hemisphere, specifically in Florida, USA.\nThe climate of Miami is tropical, which is not suitable for the natural habitat of most penguin species that thrive in colder temperatures.\nPenguins are not typical residents of tropical regions like Miami.\n#### No.', 'A: Penguins are primarily found in the Southern Hemisphere, with the majority residing in Antarctica.\nMiami is located in the Northern Hemisphere, specifically in the southeastern region of the United States, which has a warm climate that is not suitable for penguins.\nIt is very uncommon for penguins to be found outside of their natural habitats in cold regions.\n#### No.']

====================
Query:
Use the step-by-step method as shown in the examples to answer the question. Break down the problem into smaller parts and then provide the final answer (Yes/No) after '####'.

Example 1:
Q: Karachi was a part of Alexander the Great's success?

A: Karachi is a city in modern day Pakistan.
Krokola was an ancient port located in what is now Karachi.
Alexander the Great stationed his fleet in Krokola on his way to Babylon.
Alexander the Great defeated Darius and conquered Babylon before expanding his 
empire.
#### Yes.

Example 2:
Q: Was P. G. Wodehouse's favorite book The Hunger Games?

A: P. G. Wodehouse died in 1975.
The Hunger Games was published in 2008.
#### No.
IMPORTANT:
- Think step by step.
- The final line must be exactly in the format: #### Yes. or #### No.
- Do not end with anything else after the final answer.
Your Question:
Q: Could someone with fine motor control issues benefit from an altered keyboard layout?

A: 

End your answer with exactly one final line: #### Yes. or #### No.
Responses:
['A: Fine motor control issues can make it difficult to use standard keyboard layouts effectively.  \nAn altered keyboard layout can be designed to accommodate the needs of individuals with such issues, allowing for easier access to keys.  \nThis can include larger keys, rearranged keys for easier reach, or even adaptive technologies like one-handed keyboards.  \nConsequently, an altered layout can potentially help those with fine motor control issues improve their typing experience.  \n#### Yes.', "A: Fine motor control issues can make it difficult for individuals to accurately use standard keyboard layouts. \nAn altered keyboard layout can be designed to minimize the need for precision in finger placement or to make keys more accessible. \nSuch layouts might use larger keys, provide key spacing, or have custom placement that considers the user's specific motor control challenges. \nThis adaptation could improve typing efficiency and reduce frustration for individuals with fine motor control issues. \n#### Yes.", "A: Fine motor control issues can affect a person's ability to type efficiently.\nAn altered keyboard layout can potentially make typing easier for someone with such issues.\nDifferent layouts may include larger keys, more spaced-out keys, or alternative positioning to reduce the strain on motor control.\nUsing an altered keyboard layout could help improve typing speed and reduce errors for those with fine motor control challenges.\n#### Yes.", 'A: Fine motor control issues can make it difficult for individuals to use standard keyboards effectively. Altered keyboard layouts can be designed to accommodate different levels of dexterity and can minimize the distance fingers need to travel. Additionally, custom keyboard layouts can allow for larger keys, grouped functions, or alternative placements that can be easier for someone with fine motor control issues to use. Therefore, adapting the keyboard layout can provide significant benefits for individuals facing such challenges. \n#### Yes.']

====================
Query:
Use the step-by-step method as shown in the examples to answer the question. Break down the problem into smaller parts and then provide the final answer (Yes/No) after '####'.

Example 1:
Q: Karachi was a part of Alexander the Great's success?

A: Karachi is a city in modern day Pakistan.
Krokola was an ancient port located in what is now Karachi.
Alexander the Great stationed his fleet in Krokola on his way to Babylon.
Alexander the Great defeated Darius and conquered Babylon before expanding his 
empire.
#### Yes.

Example 2:
Q: Was P. G. Wodehouse's favorite book The Hunger Games?

A: P. G. Wodehouse died in 1975.
The Hunger Games was published in 2008.
#### No.
IMPORTANT:
- Think step by step.
- The final line must be exactly in the format: #### Yes. or #### No.
- Do not end with anything else after the final answer.
Your Question:
Q: Would the Cookie Monster decline an offer of free Keebler products?

A: 

End your answer with exactly one final line: #### Yes. or #### No.
Responses:
['A: The Cookie Monster is a character from the children\'s television show "Sesame Street." \nHe is known for his love of cookies and often expresses an insatiable appetite for them. \nKeebler is a brand that produces cookies and other baked goods. \nGiven Cookie Monster\'s well-known enthusiasm for cookies, it is unlikely that he would decline an offer of free Keebler products.\n#### No.', "A: The Cookie Monster is a fictional character from the children's television show Sesame Street.\nHe is famously known for his love of cookies, particularly chocolate chip cookies.\nKeebler is a brand that produces various cookie products.\nGiven his character traits and well-known fondness for cookies, it is unlikely that he would decline an offer of free cookies from Keebler.\n#### No.", "A: The Cookie Monster is a character from Sesame Street known for his love of cookies, particularly chocolate chip cookies. Keebler is a brand known for its cookies and snacks, which would likely appeal to the Cookie Monster's interests. Given his character's obsession with cookies, it is improbable that he would decline an offer of free Keebler products. \n\n#### No.", 'A: The Cookie Monster is a popular character from the television show Sesame Street. \nHis character is known for loving cookies and promoting cookie consumption. \nKeebler is a brand that produces cookies and baked goods. \nIt is highly unlikely that the Cookie Monster would decline an offer for free cookies from Keebler, as his character is centered around his love for cookies. \n#### No.']

====================
Query:
Use the step-by-step method as shown in the examples to answer the question. Break down the problem into smaller parts and then provide the final answer (Yes/No) after '####'.

Example 1:
Q: Karachi was a part of Alexander the Great's success?

A: Karachi is a city in modern day Pakistan.
Krokola was an ancient port located in what is now Karachi.
Alexander the Great stationed his fleet in Krokola on his way to Babylon.
Alexander the Great defeated Darius and conquered Babylon before expanding his 
empire.
#### Yes.

Example 2:
Q: Was P. G. Wodehouse's favorite book The Hunger Games?

A: P. G. Wodehouse died in 1975.
The Hunger Games was published in 2008.
#### No.
IMPORTANT:
- Think step by step.
- The final line must be exactly in the format: #### Yes. or #### No.
- Do not end with anything else after the final answer.
Your Question:
Q: Are all types of pottery safe to cook in?

A: 

End your answer with exactly one final line: #### Yes. or #### No.
Responses:
["A: There are various types of pottery, including earthenware, stoneware, and porcelain. \nNot all pottery is made for cooking; some are decorative and not heat-resistant. \nEarthenware may not be safe at high temperatures, while stoneware and porcelain can generally withstand cooking. \nIt's essential to check if the pottery is labeled as food-safe or oven-safe. \n#### No.", "A: There are many types of pottery used for cooking, including stoneware, earthenware, and porcelain.  \nNot all pottery is created equal; some types may contain harmful materials or glazes that aren't safe for food use.  \nLead or cadmium may be found in certain glazes, making them unsafe for cooking or serving food.  \nIt is important to ensure that any pottery used for cooking is labeled as food-safe.  \nTherefore, not all types of pottery are safe to cook in.  \n#### No.", 'A: There are different types of pottery, including earthenware, stoneware, and porcelain. Not all pottery is intended for cooking; some are decorative and may contain glazes or materials that can leach harmful substances into food when heated. For example, some vintage pottery or non-food grade ceramics may not be safe. It is essential to ensure that the pottery is labeled as food-safe and suitable for cooking. Therefore, not all types of pottery are safe for cooking purposes.  \n#### No.', "A: There are different types of pottery, such as earthenware, stoneware, and porcelain. \nSome pottery is made with materials that are safe for cooking, while others may contain harmful substances. \nCertain glazes and finishes can make some pottery unsafe for cooking due to the potential for leaching harmful chemicals. \nIt is essential to check the manufacturer's guidelines for whether a specific type of pottery is safe to use for cooking. \nHence, not all types of pottery are safe to cook in. \n#### No."]

====================
Query:
Use the step-by-step method as shown in the examples to answer the question. Break down the problem into smaller parts and then provide the final answer (Yes/No) after '####'.

Example 1:
Q: Karachi was a part of Alexander the Great's success?

A: Karachi is a city in modern day Pakistan.
Krokola was an ancient port located in what is now Karachi.
Alexander the Great stationed his fleet in Krokola on his way to Babylon.
Alexander the Great defeated Darius and conquered Babylon before expanding his 
empire.
#### Yes.

Example 2:
Q: Was P. G. Wodehouse's favorite book The Hunger Games?

A: P. G. Wodehouse died in 1975.
The Hunger Games was published in 2008.
#### No.
IMPORTANT:
- Think step by step.
- The final line must be exactly in the format: #### Yes. or #### No.
- Do not end with anything else after the final answer.
Your Question:
Q: Is sunscreen unhelpful for the condition that killed Bob Marley?

A: 

End your answer with exactly one final line: #### Yes. or #### No.
Responses:
['A: Bob Marley died from complications related to melanoma, a type of skin cancer.\nSunscreen is primarily used to protect the skin from harmful UV rays, which can cause skin cancer, including melanoma.\nUsing sunscreen is recommended as a preventive measure to reduce the risk of developing skin cancer.\nTherefore, sunscreen is not unhelpful; it is helpful in potentially preventing conditions like the one that caused Bob Marley’s death.\n#### No.', 'A: Bob Marley died from complications related to melanoma, a type of skin cancer. Sunscreen is primarily used to protect the skin from harmful ultraviolet (UV) radiation, which can contribute to the development of skin cancer. While sunscreen is not a cure for melanoma, it is helpful in preventing further skin damage and potentially lowering the risk of developing additional skin cancers. Therefore, sunscreen is not unhelpful for melanoma prevention.\n\n#### No.', 'A: Bob Marley died from complications related to melanoma, a type of skin cancer. Sunscreen is primarily designed to protect the skin from harmful UV rays, which can reduce the risk of developing skin cancer. Therefore, using sunscreen can be beneficial in preventing skin conditions that could lead to melanoma. \n\n#### No.', 'A: Bob Marley died from complications related to melanoma, a type of skin cancer. \nSunscreen is designed to protect the skin from UV radiation, which is a significant risk factor for developing skin cancer. \nPreventative measures, such as the use of sunscreen, are recommended to reduce the risk of skin-related issues.\nTherefore, sunscreen is not unhelpful for melanoma.\n#### No.']

====================
Query:
Use the step-by-step method as shown in the examples to answer the question. Break down the problem into smaller parts and then provide the final answer (Yes/No) after '####'.

Example 1:
Q: Karachi was a part of Alexander the Great's success?

A: Karachi is a city in modern day Pakistan.
Krokola was an ancient port located in what is now Karachi.
Alexander the Great stationed his fleet in Krokola on his way to Babylon.
Alexander the Great defeated Darius and conquered Babylon before expanding his 
empire.
#### Yes.

Example 2:
Q: Was P. G. Wodehouse's favorite book The Hunger Games?

A: P. G. Wodehouse died in 1975.
The Hunger Games was published in 2008.
#### No.
IMPORTANT:
- Think step by step.
- The final line must be exactly in the format: #### Yes. or #### No.
- Do not end with anything else after the final answer.
Your Question:
Q: Would a packed Wembley stadium be likely to have a descendant of the Mongols inside?

A: 

End your answer with exactly one final line: #### Yes. or #### No.
Responses:
["A: Wembley Stadium is located in London, England, and is known for hosting large sports and entertainment events. \nThe Mongols were a historical group that descended from Central Asia and were notable from the 13th century onwards. \nWhile it's theoretically possible that individuals with Mongolian ancestry could be found anywhere in the world today, including in London, the specific likelihood of having a direct descendant of the Mongols in a packed stadium is uncertain.\nThe modern population of the UK is diverse, but it does not specifically indicate a strong presence of direct descendants from the Mongols in any given crowd.\n\n#### No.", 'A: Wembley Stadium is a major football (soccer) stadium in London, England, known for hosting large events.\nThe Mongols were a group of nomadic tribes that originated from Mongolia in the 13th century, known for their vast empire under Genghis Khan.\nDescendants of the Mongols exist today, but they would be dispersed across many countries, including Mongolia and other regions influenced by Mongol rule.\nWembley Stadium is an international venue that attracts diverse crowds, but the probability that it would specifically include a descendant of the Mongols is uncertain and would depend on the individuals attending an event at that time.\nThere', 'A: A packed Wembley stadium refers to a modern venue located in London, England, primarily used for sporting events and concerts.\nThe descendants of the Mongols are typically found in regions of Central Asia and Eastern Europe, where Mongol heritage is more pronounced.\nWhile it is possible for individuals of Mongolian descent to attend events at Wembley stadium, it is not likely that a packed stadium would specifically have a descendant of the Mongols, as they are not typically associated with this location.\n#### No.', 'A: Wembley Stadium is located in London, England, and is known for hosting various events, including sports and concerts. The Mongol Empire, led by Genghis Khan and his descendants, existed primarily in the 13th century and was centered in parts of Asia and Europe. \n\nToday, the descendants of the Mongols could be spread across the world due to migration and historical movements. However, the specific mention of a packed Wembley stadium does not provide sufficient context to confirm or deny the likelihood of a descendant of the Mongols being present. \n\nGiven the vast population and diversity in London, it is possible that a descendant of the']

====================
Query:
Use the step-by-step method as shown in the examples to answer the question. Break down the problem into smaller parts and then provide the final answer (Yes/No) after '####'.

Example 1:
Q: Karachi was a part of Alexander the Great's success?

A: Karachi is a city in modern day Pakistan.
Krokola was an ancient port located in what is now Karachi.
Alexander the Great stationed his fleet in Krokola on his way to Babylon.
Alexander the Great defeated Darius and conquered Babylon before expanding his 
empire.
#### Yes.

Example 2:
Q: Was P. G. Wodehouse's favorite book The Hunger Games?

A: P. G. Wodehouse died in 1975.
The Hunger Games was published in 2008.
#### No.
IMPORTANT:
- Think step by step.
- The final line must be exactly in the format: #### Yes. or #### No.
- Do not end with anything else after the final answer.
Your Question:
Q: Was P. G. Wodehouse's favorite book The Hunger Games?

A: 

End your answer with exactly one final line: #### Yes. or #### No.
Responses:
['A: P. G. Wodehouse was a well-known British author who died in 1975.  \nThe Hunger Games is a novel written by Suzanne Collins that was published in 2008.  \nSince P. G. Wodehouse passed away long before The Hunger Games was published, he could not have had it as his favorite book.  \n#### No.', 'A: P. G. Wodehouse was a famous author known for his comedic stories and characters such as Jeeves and Wooster. \nHe lived from 1881 to 1975, which means he could not have read The Hunger Games, as it was published in 2008. \nTherefore, it is impossible for The Hunger Games to be his favorite book.\n#### No.', 'A: P. G. Wodehouse was a British author known for his humorous novels and stories. \nHe passed away in 1975. \nThe Hunger Games is a dystopian novel written by Suzanne Collins, published in 2008. \nGiven that Wodehouse had already died long before The Hunger Games was released, it could not have been his favorite book. \n#### No.', "A: P. G. Wodehouse was a well-known English author who primarily wrote in the early 20th century. \nHe died in 1975. \nThe Hunger Games series, written by Suzanne Collins, was first published in 2008, long after Wodehouse's death. \nThus, it would not have been possible for Wodehouse to have The Hunger Games as his favorite book. \n#### No."]

====================
Query:
Use the step-by-step method as shown in the examples to answer the question. Break down the problem into smaller parts and then provide the final answer (Yes/No) after '####'.

Example 1:
Q: Karachi was a part of Alexander the Great's success?

A: Karachi is a city in modern day Pakistan.
Krokola was an ancient port located in what is now Karachi.
Alexander the Great stationed his fleet in Krokola on his way to Babylon.
Alexander the Great defeated Darius and conquered Babylon before expanding his 
empire.
#### Yes.

Example 2:
Q: Was P. G. Wodehouse's favorite book The Hunger Games?

A: P. G. Wodehouse died in 1975.
The Hunger Games was published in 2008.
#### No.
IMPORTANT:
- Think step by step.
- The final line must be exactly in the format: #### Yes. or #### No.
- Do not end with anything else after the final answer.
Your Question:
Q: Were paparazzi involved in the death of a member of the royal family?

A: 

End your answer with exactly one final line: #### Yes. or #### No.
Responses:
['A: The term "paparazzi" refers to photographers who take candid photographs of celebrities and notable people without their consent. \nOne high-profile incident involving paparazzi occurred with Princess Diana in 1997. \nDiana died in a car crash in Paris while being pursued by photographers. \nThe circumstances surrounding her death have led to controversies regarding the role of the paparazzi in the incident. \nAlthough a direct link between paparazzi actions and her death remains debated, the pursuit by photographers contributed to the chaos leading to the crash. \n#### Yes.', 'A: Paparazzi are photographers who take candid pictures of celebrities and public figures.\nThe most notable incident involving paparazzi and a royal family member occurred with Princess Diana.\nPrincess Diana died in a car crash in 1997, and it was reported that paparazzi were chasing her vehicle at the time.\nThis chase is often cited as contributing to the circumstances leading to her death.\n#### Yes.', 'A: Members of the royal family have had various incidents with paparazzi over the years. The most notable case is that of Princess Diana, who died in a car crash in 1997 while being pursued by paparazzi. There were investigations into the role of the paparazzi in the circumstances leading up to her death. However, the direct involvement of paparazzi in her death is still a subject of debate and contention. \n\n#### Yes.', 'A: The term "paparazzi" refers to photographers who take candid photographs of celebrities, often intrusively. \nOne notable incident involving the royal family is the death of Princess Diana, who died in a car crash in 1997. \nIt was reported that paparazzi were chasing her car at the time of the accident. \nThe media scrutiny and aggressive pursuit by paparazzi have been linked to the tragic circumstances surrounding her death.\n#### Yes.']

====================
Query:
Use the step-by-step method as shown in the examples to answer the question. Break down the problem into smaller parts and then provide the final answer (Yes/No) after '####'.

Example 1:
Q: Karachi was a part of Alexander the Great's success?

A: Karachi is a city in modern day Pakistan.
Krokola was an ancient port located in what is now Karachi.
Alexander the Great stationed his fleet in Krokola on his way to Babylon.
Alexander the Great defeated Darius and conquered Babylon before expanding his 
empire.
#### Yes.

Example 2:
Q: Was P. G. Wodehouse's favorite book The Hunger Games?

A: P. G. Wodehouse died in 1975.
The Hunger Games was published in 2008.
#### No.
IMPORTANT:
- Think step by step.
- The final line must be exactly in the format: #### Yes. or #### No.
- Do not end with anything else after the final answer.
Your Question:
Q: Karachi was a part of Alexander the Great's success?

A: 

End your answer with exactly one final line: #### Yes. or #### No.
Responses:
["A: Karachi is a city in modern-day Pakistan.  \nThe ancient port of Krokola was located in what is now Karachi.  \nAlexander the Great used Krokola as a staging point for his fleet.  \nHis military campaigns included the conquest of regions in Persia and India, with Krokola serving as an important logistical location during these campaigns.  \nThus, Karachi (Krokola) played a role in Alexander the Great's military successes.  \n#### Yes.", "A: Karachi is a city in present-day Pakistan.  \nHistorically, it was the site of the ancient port of Krokola.  \nAlexander the Great did use the port of Krokola during his campaigns.  \nHis successful conquests included significant victories in the region, particularly in Persia and the broader Middle East.  \nThus, Karachi, through the port of Krokola, was indirectly connected to Alexander's maritime operations.  \nWhile it may not have been a direct conquest, it was part of the broader context of his success.  \n#### Yes.", "A: Karachi is a city located in present-day Pakistan.  \nKrokola, an ancient port, is believed to have been in the vicinity of modern Karachi.  \nAlexander the Great did indeed utilize the port of Krokola during his campaign towards the east.  \nHis conquest of Babylon and subsequent expansions were key components of his success, which were aided by the strategic locations of ports like Krokola.  \nGiven this historical context, Karachi (via Krokola) played a role in Alexander's maritime strategy.  \n#### Yes.", "A: Karachi is a coastal city in modern-day Pakistan. During Alexander the Great's campaigns, he sought to establish control over coastal trade routes. The port of Krokola, located near modern Karachi, served as a strategic location for Alexander's fleet. His victories, including the conquest of regions in Persia and further East, depended on such strategic locations for staging his campaigns. Therefore, while Karachi itself was not directly involved in military conquests, its port contributed to the success of Alexander's naval operations. \n\n#### Yes."]

====================
Query:
Use the step-by-step method as shown in the examples to answer the question. Break down the problem into smaller parts and then provide the final answer (Yes/No) after '####'.

Example 1:
Q: Karachi was a part of Alexander the Great's success?

A: Karachi is a city in modern day Pakistan.
Krokola was an ancient port located in what is now Karachi.
Alexander the Great stationed his fleet in Krokola on his way to Babylon.
Alexander the Great defeated Darius and conquered Babylon before expanding his 
empire.
#### Yes.

Example 2:
Q: Was P. G. Wodehouse's favorite book The Hunger Games?

A: P. G. Wodehouse died in 1975.
The Hunger Games was published in 2008.
#### No.
IMPORTANT:
- Think step by step.
- The final line must be exactly in the format: #### Yes. or #### No.
- Do not end with anything else after the final answer.
Your Question:
Q: Did Francois Mitterrand ever meet Barak Obama while they both held the position of President?

A: 

End your answer with exactly one final line: #### Yes. or #### No.
Responses:
['A: François Mitterrand was the President of France from 1981 to 1995. \nBarack Obama became the President of the United States in 2009 and served until 2017. \nMitterrand passed away in January 1996, after Obama had taken office. \nThus, they never met while both held the position of president. \n#### No.', 'A: François Mitterrand served as the President of France from 1981 to 1995. \nBarack Obama was the President of the United States from 2009 to 2017. \nMitterrand passed away in 1996, well before Obama took office. \nTherefore, it is impossible for them to have met while both were serving as Presidents. \n#### No.', "A: Francois Mitterrand was the President of France from 1981 to 1995.  \nBarack Obama was the President of the United States from 2009 to 2017.  \nSince Mitterrand's presidency ended in 1995, he could not have met Obama while both were presidents.  \n#### No.", 'A: François Mitterrand was the President of France from 1981 to 1995. Barack Obama was the President of the United States from 2009 to 2017. Therefore, their presidential terms did not overlap. \n#### No.']

====================
Query:
Use the step-by-step method as shown in the examples to answer the question. Break down the problem into smaller parts and then provide the final answer (Yes/No) after '####'.

Example 1:
Q: Karachi was a part of Alexander the Great's success?

A: Karachi is a city in modern day Pakistan.
Krokola was an ancient port located in what is now Karachi.
Alexander the Great stationed his fleet in Krokola on his way to Babylon.
Alexander the Great defeated Darius and conquered Babylon before expanding his 
empire.
#### Yes.

Example 2:
Q: Was P. G. Wodehouse's favorite book The Hunger Games?

A: P. G. Wodehouse died in 1975.
The Hunger Games was published in 2008.
#### No.
IMPORTANT:
- Think step by step.
- The final line must be exactly in the format: #### Yes. or #### No.
- Do not end with anything else after the final answer.
Your Question:
Q: Can you watch Rick and Morty in Mariana Trench?

A: 

End your answer with exactly one final line: #### Yes. or #### No.
Responses:
['A: The Mariana Trench is located in the Pacific Ocean and is the deepest part of the world\'s oceans. It is not a place where one can physically watch television shows. "Rick and Morty" is an animated television series that is available for viewing on various media platforms. However, being underwater in the Mariana Trench does not provide the means to access these platforms. Therefore, it is impossible to watch "Rick and Morty" while in the Mariana Trench. \n#### No.', 'A: The Mariana Trench is a deep underwater trench in the Pacific Ocean.\nRick and Morty is an animated television series that requires a screen and the means to watch it.\nTo watch Rick and Morty, you need an internet connection, a TV, or a streaming device.\nThe Mariana Trench is not a location where such devices or connections can be found, as it is underwater and not suitable for human habitation or technology.\n#### No.', 'A: The Mariana Trench is an underwater trench in the Pacific Ocean. \nRick and Morty is an animated television show that is typically watched using a screen, like a TV or computer. \nTo watch Rick and Morty, one needs access to a screen and an internet connection, which is not feasible in the depths of the Mariana Trench. \nTherefore, you cannot watch Rick and Morty in the Mariana Trench. \n#### No.', "A: The Mariana Trench is the deepest part of the world's oceans, located in the western Pacific Ocean. \nRick and Morty is a television series that is typically watched through electronic devices like TVs, computers, or streaming services. \nGiven the extreme conditions in the Mariana Trench, such as immense pressure and lack of accessible technology, it is not feasible to watch television shows there. \n#### No."]

====================
Query:
Use the step-by-step method as shown in the examples to answer the question. Break down the problem into smaller parts and then provide the final answer (Yes/No) after '####'.

Example 1:
Q: Karachi was a part of Alexander the Great's success?

A: Karachi is a city in modern day Pakistan.
Krokola was an ancient port located in what is now Karachi.
Alexander the Great stationed his fleet in Krokola on his way to Babylon.
Alexander the Great defeated Darius and conquered Babylon before expanding his 
empire.
#### Yes.

Example 2:
Q: Was P. G. Wodehouse's favorite book The Hunger Games?

A: P. G. Wodehouse died in 1975.
The Hunger Games was published in 2008.
#### No.
IMPORTANT:
- Think step by step.
- The final line must be exactly in the format: #### Yes. or #### No.
- Do not end with anything else after the final answer.
Your Question:
Q: Does Capricorn astrology symbol have all of the parts of a chimera?

A: 

End your answer with exactly one final line: #### Yes. or #### No.
Responses:
["A: Capricorn is represented by a goat, specifically a sea-goat which has both goat and fish characteristics. \nA chimera in mythology is a creature typically composed of parts from different animals, such as a lion, snake, and goat. \nCapricorn does not have characteristics of a lion or a snake, which are also part of a chimera's standard description. \nTherefore, it cannot be said that the Capricorn astrology symbol includes all parts of a chimera. \n#### No.", 'A: The Capricorn astrology symbol is represented by a sea-goat, which is a creature that has the front half of a goat and the tail of a fish. \nA chimera in mythology is often described as a creature composed of parts from different animals, typically including a lion, goat, and serpent. \nThe sea-goat does not include all these parts; it primarily represents only the goat and fish.\n\n#### No.', "A: The Capricorn astrology symbol is represented by a sea-goat, which is a mythical creature.\nA chimera, in mythology, is a monstrous fire-breathing hybrid creature made up of different parts from various animals.\nA sea-goat (the symbol for Capricorn) has the front half of a goat and the tail of a fish.\nBased on this definition, a sea-goat does not encompass all the parts traditionally associated with a chimera, which can include a lion's head, a goat's body, and a serpent's tail, among others.\n#### No.", "A: Capricorn is represented by a sea-goat, which has the front half of a goat and the tail of a fish.\nA chimera, in mythology, is a creature composed of parts from different animals, often depicted with a lion's head, a goat's body, and a serpent's tail.\nThe symbol of Capricorn does not include all the parts of a chimera; it only has the features of a goat and a fish.\n#### No."]

====================
Query:
Use the step-by-step method as shown in the examples to answer the question. Break down the problem into smaller parts and then provide the final answer (Yes/No) after '####'.

Example 1:
Q: Karachi was a part of Alexander the Great's success?

A: Karachi is a city in modern day Pakistan.
Krokola was an ancient port located in what is now Karachi.
Alexander the Great stationed his fleet in Krokola on his way to Babylon.
Alexander the Great defeated Darius and conquered Babylon before expanding his 
empire.
#### Yes.

Example 2:
Q: Was P. G. Wodehouse's favorite book The Hunger Games?

A: P. G. Wodehouse died in 1975.
The Hunger Games was published in 2008.
#### No.
IMPORTANT:
- Think step by step.
- The final line must be exactly in the format: #### Yes. or #### No.
- Do not end with anything else after the final answer.
Your Question:
Q: Can a strawberry get worms similar to dogs?

A: 

End your answer with exactly one final line: #### Yes. or #### No.
Responses:
['A: Strawberries are plants, whereas dogs are mammals. \nWorms that affect dogs, such as tapeworms or roundworms, are parasitic and specifically adapted to living in animal hosts. \nStrawberries can be affected by various pests and diseases, but these are not the same type of worms that infest dogs. \nTherefore, strawberries do not get worms like dogs do. \n#### No.', 'A: Strawberries are plants and do not have the same biology as dogs, which are animals. \nWorms typically associated with dogs (such as tapeworms or roundworms) are parasites that infect animals. \nStrawberries can experience pests and diseases, but they do not get worms in the same way dogs do.\n#### No.', 'A: Strawberries are a type of fruit that grow from plants. \nWorms are often associated with animals, like dogs, which can have parasites or infestations of worms. \nWhile strawberries can be affected by certain pests, such as insects or nematodes, they do not get worms in the same way dogs do. \nStrawberries don\'t have internal parasites like worms but can be infested with insects that might be colloquially called "worms." \n\n#### No.', 'A: Strawberries are fruits that grow on plants. Dogs can get worms, such as tapeworms and roundworms, through various means like flea infestations or consuming contaminated food or water. In contrast, strawberries do not have a biological system that allows for the same type of parasitic worm infestation as dogs. There may be insect pests that affect strawberries, but these are not the same as worms that infect dogs. \n\n#### No.']

====================
Query:
Use the step-by-step method as shown in the examples to answer the question. Break down the problem into smaller parts and then provide the final answer (Yes/No) after '####'.

Example 1:
Q: Karachi was a part of Alexander the Great's success?

A: Karachi is a city in modern day Pakistan.
Krokola was an ancient port located in what is now Karachi.
Alexander the Great stationed his fleet in Krokola on his way to Babylon.
Alexander the Great defeated Darius and conquered Babylon before expanding his 
empire.
#### Yes.

Example 2:
Q: Was P. G. Wodehouse's favorite book The Hunger Games?

A: P. G. Wodehouse died in 1975.
The Hunger Games was published in 2008.
#### No.
IMPORTANT:
- Think step by step.
- The final line must be exactly in the format: #### Yes. or #### No.
- Do not end with anything else after the final answer.
Your Question:
Q: Did Easy Rider make a profit at the theater when it was released?

A: 

End your answer with exactly one final line: #### Yes. or #### No.
Responses:
['A: Easy Rider was released in 1969.\nThe film was produced on a budget of about $400,000.\nIt grossed over $60 million at the box office.\nThis significant return on investment indicates that the film made a profit.\n#### Yes.', 'A: Easy Rider is a film released in 1969.\nIt was made with a low budget of approximately $400,000.\nThe film grossed over $60 million at the box office.\nThis significant earnings indicate that it made a substantial profit.\n#### Yes.', 'A: Easy Rider was released in 1969.  \nThe film was made with a budget of around $360,000.  \nIt grossed over $60 million at the box office, which indicates it was financially successful.  \nGiven these figures, it is clear that Easy Rider made a profit when it was released.  \n#### Yes.', 'A: Easy Rider was released in 1969.  \nThe film had a budget of around $400,000.  \nIt grossed approximately $60 million at the box office.  \nThis significant revenue indicates that it made a substantial profit.  \n#### Yes.']

====================
Query:
Use the step-by-step method as shown in the examples to answer the question. Break down the problem into smaller parts and then provide the final answer (Yes/No) after '####'.

Example 1:
Q: Karachi was a part of Alexander the Great's success?

A: Karachi is a city in modern day Pakistan.
Krokola was an ancient port located in what is now Karachi.
Alexander the Great stationed his fleet in Krokola on his way to Babylon.
Alexander the Great defeated Darius and conquered Babylon before expanding his 
empire.
#### Yes.

Example 2:
Q: Was P. G. Wodehouse's favorite book The Hunger Games?

A: P. G. Wodehouse died in 1975.
The Hunger Games was published in 2008.
#### No.
IMPORTANT:
- Think step by step.
- The final line must be exactly in the format: #### Yes. or #### No.
- Do not end with anything else after the final answer.
Your Question:
Q: Would you spend less on your food at Aldi than at Whole Foods?

A: 

End your answer with exactly one final line: #### Yes. or #### No.
Responses:
['A: Aldi is known for its low prices and no-frills shopping experience.  \nWhole Foods focuses on organic and high-quality products, which typically come with a higher price tag.  \nShopping at Aldi generally results in spending less money compared to shopping at Whole Foods due to their price models.  \n#### Yes.', 'A: Aldi is known for its low-priced groceries and has a reputation for affordability. \nWhole Foods, on the other hand, is often considered a premium grocery store with higher prices for organic and specialty items. \nGenerally, shoppers spend less at Aldi due to its cost-effective pricing and limited selection compared to Whole Foods, which emphasizes higher-quality products and organic options. \nTherefore, it is likely you would spend less on food at Aldi than at Whole Foods. \n#### Yes.', 'A: Aldi is known for its low prices and no-frills shopping experience. Whole Foods is recognized for its organic offerings and higher pricing. Generally, people tend to find that their grocery bills are lower when shopping at Aldi compared to Whole Foods. Therefore, you would likely spend less on food at Aldi than at Whole Foods.  \n#### Yes.', 'A: Aldi is known for its lower prices compared to many other grocery stores, including Whole Foods. Whole Foods is often considered a premium grocery store with more expensive products. Studies and consumer reports generally indicate that people tend to spend less at Aldi than at Whole Foods for comparable items. Therefore, it can be concluded that shoppers would likely spend less on food at Aldi. \n#### Yes.']

====================
Query:
Use the step-by-step method as shown in the examples to answer the question. Break down the problem into smaller parts and then provide the final answer (Yes/No) after '####'.

Example 1:
Q: Karachi was a part of Alexander the Great's success?

A: Karachi is a city in modern day Pakistan.
Krokola was an ancient port located in what is now Karachi.
Alexander the Great stationed his fleet in Krokola on his way to Babylon.
Alexander the Great defeated Darius and conquered Babylon before expanding his 
empire.
#### Yes.

Example 2:
Q: Was P. G. Wodehouse's favorite book The Hunger Games?

A: P. G. Wodehouse died in 1975.
The Hunger Games was published in 2008.
#### No.
IMPORTANT:
- Think step by step.
- The final line must be exactly in the format: #### Yes. or #### No.
- Do not end with anything else after the final answer.
Your Question:
Q: Could a markhor give birth three times in a single year?

A: 

End your answer with exactly one final line: #### Yes. or #### No.
Responses:
['A: Markhors are wild goats found in Central and South Asia.\nTypically, female markhors have a gestation period of about 5 to 6 months.\nAfter giving birth, it is common for mammals to require some time before they can conceive again.\nMost mammals, including markhors, usually give birth once a year but may sometimes have twins.\nTherefore, it is biologically unlikely for a markhor to give birth three times in a single year. \n#### No.', 'A: A markhor is a type of wild goat found in Central Asia.\nGenerally, most mammals, including goats, have a gestation period that lasts for several months.\nMarkhors typically have a gestation period of about 150 days, which means they can have one offspring per year.\nThe reproductive cycle for markhors does not support the possibility of giving birth three times in one year.\n#### No.', 'A: The markhor is a wild goat species native to Central Asia.\nTypically, mammals, including markhor, have a gestation period which indicates the time required for one breed.\nThe average gestation period for a markhor is around 5 months.\nAfter giving birth, a markhor usually waits until the next breeding season to conceive again.\nIt is biologically unlikely for a markhor to give birth three times in a single year due to the gestation period.\n#### No.', 'A: The markhor is a species of wild goat found in Central Asia and parts of the Himalayas.\nTypically, most species of goats reproduce once a year.\nMarkhor females usually give birth to one kid at a time, though twins can occur but are rare.\nGiven the typical reproductive cycle, it would not be biologically feasible for a markhor to give birth three times in a single year.\n#### No.']

====================
Query:
Use the step-by-step method as shown in the examples to answer the question. Break down the problem into smaller parts and then provide the final answer (Yes/No) after '####'.

Example 1:
Q: Karachi was a part of Alexander the Great's success?

A: Karachi is a city in modern day Pakistan.
Krokola was an ancient port located in what is now Karachi.
Alexander the Great stationed his fleet in Krokola on his way to Babylon.
Alexander the Great defeated Darius and conquered Babylon before expanding his 
empire.
#### Yes.

Example 2:
Q: Was P. G. Wodehouse's favorite book The Hunger Games?

A: P. G. Wodehouse died in 1975.
The Hunger Games was published in 2008.
#### No.
IMPORTANT:
- Think step by step.
- The final line must be exactly in the format: #### Yes. or #### No.
- Do not end with anything else after the final answer.
Your Question:
Q: Does Alec Baldwin have more children than Clint Eastwood?

A: 

End your answer with exactly one final line: #### Yes. or #### No.
Responses:
['A: Alec Baldwin has a total of 7 children.  \nClint Eastwood has a total of 8 children.  \nComparing the two, Clint Eastwood has more children than Alec Baldwin.  \n#### No.', 'A: Alec Baldwin has six children, including his youngest born in 2021.\nClint Eastwood has eight children from multiple relationships.\nComparing the two, Clint Eastwood has more children than Alec Baldwin.\n#### No.', 'A: Alec Baldwin has a total of 6 children.  \nClint Eastwood has a total of 8 children.  \nComparing the number of children, Clint Eastwood has more children than Alec Baldwin.  \n#### No.', 'A: Alec Baldwin has a total of 6 children as of 2023.\nClint Eastwood has a total of 8 children.\nComparing the two, Clint Eastwood has more children than Alec Baldwin.\n#### No.']

====================
Query:
Use the step-by-step method as shown in the examples to answer the question. Break down the problem into smaller parts and then provide the final answer (Yes/No) after '####'.

Example 1:
Q: Karachi was a part of Alexander the Great's success?

A: Karachi is a city in modern day Pakistan.
Krokola was an ancient port located in what is now Karachi.
Alexander the Great stationed his fleet in Krokola on his way to Babylon.
Alexander the Great defeated Darius and conquered Babylon before expanding his 
empire.
#### Yes.

Example 2:
Q: Was P. G. Wodehouse's favorite book The Hunger Games?

A: P. G. Wodehouse died in 1975.
The Hunger Games was published in 2008.
#### No.
IMPORTANT:
- Think step by step.
- The final line must be exactly in the format: #### Yes. or #### No.
- Do not end with anything else after the final answer.
Your Question:
Q: Would Felicity Huffman vote for Mike DeWine?

A: 

End your answer with exactly one final line: #### Yes. or #### No.
Responses:
['A: Felicity Huffman is an American actress known for her role in "Desperate Housewives." \nMike DeWine is the Governor of Ohio and a member of the Republican Party. \nThere is no public information indicating that Felicity Huffman, as an individual, would express support or vote for Mike DeWine specifically. \nAdditionally, as a public figure, her political preferences or voting habits are not disclosed widely.\n#### No.', "A: Felicity Huffman is an American actress and public figure.\nMike DeWine is a Republican politician who serves as the Governor of Ohio.\nThere is no public record or statement indicating Felicity Huffman's political endorsement preferences.\nSince Huffman's political affiliations and personal voting choices are not clear, it cannot be definitively said that she would vote for DeWine.\n#### No.", "A: Felicity Huffman is an actress known for her work in television and film. \nMike DeWine is the governor of Ohio, who is a member of the Republican Party. \nThere is no publicly available information about Felicity Huffman's political preferences or voting behavior. \nTherefore, it cannot be determined if she would vote for Mike DeWine. \n#### No.", 'A: Felicity Huffman is an American actress known for her work in television and film. \nMike DeWine is the current governor of Ohio and was elected in 2018. \nAs a public figure, Huffman may have her own political beliefs, but there is no specific information available indicating that she has endorsed or would vote for DeWine.\nTherefore, it is not possible to definitively say whether she would vote for him or not. \n#### No.']

====================
Query:
Use the step-by-step method as shown in the examples to answer the question. Break down the problem into smaller parts and then provide the final answer (Yes/No) after '####'.

Example 1:
Q: Karachi was a part of Alexander the Great's success?

A: Karachi is a city in modern day Pakistan.
Krokola was an ancient port located in what is now Karachi.
Alexander the Great stationed his fleet in Krokola on his way to Babylon.
Alexander the Great defeated Darius and conquered Babylon before expanding his 
empire.
#### Yes.

Example 2:
Q: Was P. G. Wodehouse's favorite book The Hunger Games?

A: P. G. Wodehouse died in 1975.
The Hunger Games was published in 2008.
#### No.
IMPORTANT:
- Think step by step.
- The final line must be exactly in the format: #### Yes. or #### No.
- Do not end with anything else after the final answer.
Your Question:
Q: Did Neanderthals use arithmetic?

A:
Responses:
Neanderthals were a species of hominids that lived in Europe and parts of Asia until about 40,000 years ago. (Score: 0.0012845825403928757)
Neanderthals were a species of hominids that lived in Europe and parts of Asia until about 40,000 years ago. (Score: 0.0012845825403928757)
<EMPTY> (Score: -inf)
<EMPTY> (Score: -inf)

====================
Query:
Use the step-by-step method as shown in the examples to answer the question. Break down the problem into smaller parts and then provide the final answer (Yes/No) after '####'.

Example 1:
Q: Karachi was a part of Alexander the Great's success?

A: Karachi is a city in modern day Pakistan.
Krokola was an ancient port located in what is now Karachi.
Alexander the Great stationed his fleet in Krokola on his way to Babylon.
Alexander the Great defeated Darius and conquered Babylon before expanding his 
empire.
#### Yes.

Example 2:
Q: Was P. G. Wodehouse's favorite book The Hunger Games?

A: P. G. Wodehouse died in 1975.
The Hunger Games was published in 2008.
#### No.
IMPORTANT:
- Think step by step.
- The final line must be exactly in the format: #### Yes. or #### No.
- Do not end with anything else after the final answer.
Your Question:
Q: Did Neanderthals use arithmetic?

A: Neanderthals were a species of hominids that lived in Europe and parts of Asia until about 40,000 years ago.
Responses:
Neanderthals are known to have used tools and had some form of social structure. (Score: 0.0003126082010567188)
Neanderthals are known to have used tools and had complex social structures. (Score: 0.0007241177372634411)
<EMPTY> (Score: -inf)
<EMPTY> (Score: -inf)

====================
Query:
Use the step-by-step method as shown in the examples to answer the question. Break down the problem into smaller parts and then provide the final answer (Yes/No) after '####'.

Example 1:
Q: Karachi was a part of Alexander the Great's success?

A: Karachi is a city in modern day Pakistan.
Krokola was an ancient port located in what is now Karachi.
Alexander the Great stationed his fleet in Krokola on his way to Babylon.
Alexander the Great defeated Darius and conquered Babylon before expanding his 
empire.
#### Yes.

Example 2:
Q: Was P. G. Wodehouse's favorite book The Hunger Games?

A: P. G. Wodehouse died in 1975.
The Hunger Games was published in 2008.
#### No.
IMPORTANT:
- Think step by step.
- The final line must be exactly in the format: #### Yes. or #### No.
- Do not end with anything else after the final answer.
Your Question:
Q: Did Neanderthals use arithmetic?

A: Neanderthals were a species of hominids that lived in Europe and parts of Asia until about 40,000 years ago.
Responses:
Neanderthals are known to have used tools and had some form of social structure. (Score: 0.0003126082010567188)
Neanderthals are known to have used tools and had some form of social structure. (Score: 0.0003126082010567188)
<EMPTY> (Score: -inf)
<EMPTY> (Score: -inf)

====================
Query:
Use the step-by-step method as shown in the examples to answer the question. Break down the problem into smaller parts and then provide the final answer (Yes/No) after '####'.

Example 1:
Q: Karachi was a part of Alexander the Great's success?

A: Karachi is a city in modern day Pakistan.
Krokola was an ancient port located in what is now Karachi.
Alexander the Great stationed his fleet in Krokola on his way to Babylon.
Alexander the Great defeated Darius and conquered Babylon before expanding his 
empire.
#### Yes.

Example 2:
Q: Was P. G. Wodehouse's favorite book The Hunger Games?

A: P. G. Wodehouse died in 1975.
The Hunger Games was published in 2008.
#### No.
IMPORTANT:
- Think step by step.
- The final line must be exactly in the format: #### Yes. or #### No.
- Do not end with anything else after the final answer.
Your Question:
Q: Did Neanderthals use arithmetic?

A: Neanderthals were a species of hominids that lived in Europe and parts of Asia until about 40,000 years ago.
Neanderthals are known to have used tools and had complex social structures.
Responses:
There is no direct evidence that Neanderthals used arithmetic as we understand it today. (Score: 0.0004299469292163849)
There is no direct evidence that Neanderthals used arithmetic as we understand it today. (Score: 0.0004299469292163849)
<EMPTY> (Score: -inf)
<EMPTY> (Score: -inf)

====================
Query:
Use the step-by-step method as shown in the examples to answer the question. Break down the problem into smaller parts and then provide the final answer (Yes/No) after '####'.

Example 1:
Q: Karachi was a part of Alexander the Great's success?

A: Karachi is a city in modern day Pakistan.
Krokola was an ancient port located in what is now Karachi.
Alexander the Great stationed his fleet in Krokola on his way to Babylon.
Alexander the Great defeated Darius and conquered Babylon before expanding his 
empire.
#### Yes.

Example 2:
Q: Was P. G. Wodehouse's favorite book The Hunger Games?

A: P. G. Wodehouse died in 1975.
The Hunger Games was published in 2008.
#### No.
IMPORTANT:
- Think step by step.
- The final line must be exactly in the format: #### Yes. or #### No.
- Do not end with anything else after the final answer.
Your Question:
Q: Did Neanderthals use arithmetic?

A: Neanderthals were a species of hominids that lived in Europe and parts of Asia until about 40,000 years ago.
Neanderthals are known to have used tools and had some form of social structure.
Responses:
There is no direct evidence that Neanderthals used arithmetic as we understand it today. (Score: 0.0008614920079708099)
There is no direct evidence that Neanderthals used arithmetic as we understand it today. (Score: 0.0008614920079708099)
<EMPTY> (Score: -inf)
<EMPTY> (Score: -inf)

====================
Query:
Use the step-by-step method as shown in the examples to answer the question. Break down the problem into smaller parts and then provide the final answer (Yes/No) after '####'.

Example 1:
Q: Karachi was a part of Alexander the Great's success?

A: Karachi is a city in modern day Pakistan.
Krokola was an ancient port located in what is now Karachi.
Alexander the Great stationed his fleet in Krokola on his way to Babylon.
Alexander the Great defeated Darius and conquered Babylon before expanding his 
empire.
#### Yes.

Example 2:
Q: Was P. G. Wodehouse's favorite book The Hunger Games?

A: P. G. Wodehouse died in 1975.
The Hunger Games was published in 2008.
#### No.
IMPORTANT:
- Think step by step.
- The final line must be exactly in the format: #### Yes. or #### No.
- Do not end with anything else after the final answer.
Your Question:
Q: Did Neanderthals use arithmetic?

A: Neanderthals were a species of hominids that lived in Europe and parts of Asia until about 40,000 years ago.
Neanderthals are known to have used tools and had some form of social structure.
There is no direct evidence that Neanderthals used arithmetic as we understand it today.
Responses:
#### Yes. (Score: 0.0006818613037467003)
#### No. (Score: 0.0009097373113036156)
<EMPTY> (Score: -inf)
<EMPTY> (Score: -inf)

====================
Query:
Use the step-by-step method as shown in the examples to answer the question. Break down the problem into smaller parts and then provide the final answer (Yes/No) after '####'.

Example 1:
Q: Karachi was a part of Alexander the Great's success?

A: Karachi is a city in modern day Pakistan.
Krokola was an ancient port located in what is now Karachi.
Alexander the Great stationed his fleet in Krokola on his way to Babylon.
Alexander the Great defeated Darius and conquered Babylon before expanding his 
empire.
#### Yes.

Example 2:
Q: Was P. G. Wodehouse's favorite book The Hunger Games?

A: P. G. Wodehouse died in 1975.
The Hunger Games was published in 2008.
#### No.
IMPORTANT:
- Think step by step.
- The final line must be exactly in the format: #### Yes. or #### No.
- Do not end with anything else after the final answer.
Your Question:
Q: Did Neanderthals use arithmetic?

A: Neanderthals were a species of hominids that lived in Europe and parts of Asia until about 40,000 years ago.
Neanderthals are known to have used tools and had some form of social structure.
There is no direct evidence that Neanderthals used arithmetic as we understand it today.
Responses:
#### Yes. (Score: 0.0006818613037467003)
#### No. (Score: 0.0009097373113036156)
<EMPTY> (Score: -inf)
<EMPTY> (Score: -inf)

====================
Query:
Use the step-by-step method as shown in the examples to answer the question. Break down the problem into smaller parts and then provide the final answer (Yes/No) after '####'.

Example 1:
Q: Karachi was a part of Alexander the Great's success?

A: Karachi is a city in modern day Pakistan.
Krokola was an ancient port located in what is now Karachi.
Alexander the Great stationed his fleet in Krokola on his way to Babylon.
Alexander the Great defeated Darius and conquered Babylon before expanding his 
empire.
#### Yes.

Example 2:
Q: Was P. G. Wodehouse's favorite book The Hunger Games?

A: P. G. Wodehouse died in 1975.
The Hunger Games was published in 2008.
#### No.
IMPORTANT:
- Think step by step.
- The final line must be exactly in the format: #### Yes. or #### No.
- Do not end with anything else after the final answer.
Your Question:
Q: Can children become lieutenants?

A:
Responses:
A: A lieutenant is a rank typically found in military and law enforcement organizations. (Score: -0.0008635441772639751)
A: A lieutenant is a rank typically found in military and law enforcement organizations. (Score: -0.0008635441772639751)
<EMPTY> (Score: -inf)
<EMPTY> (Score: -inf)

====================
Query:
Use the step-by-step method as shown in the examples to answer the question. Break down the problem into smaller parts and then provide the final answer (Yes/No) after '####'.

Example 1:
Q: Karachi was a part of Alexander the Great's success?

A: Karachi is a city in modern day Pakistan.
Krokola was an ancient port located in what is now Karachi.
Alexander the Great stationed his fleet in Krokola on his way to Babylon.
Alexander the Great defeated Darius and conquered Babylon before expanding his 
empire.
#### Yes.

Example 2:
Q: Was P. G. Wodehouse's favorite book The Hunger Games?

A: P. G. Wodehouse died in 1975.
The Hunger Games was published in 2008.
#### No.
IMPORTANT:
- Think step by step.
- The final line must be exactly in the format: #### Yes. or #### No.
- Do not end with anything else after the final answer.
Your Question:
Q: Can children become lieutenants?

A: A: A lieutenant is a rank typically found in military and law enforcement organizations.
Responses:
A: The rank of lieutenant usually requires a certain level of training and experience. (Score: -0.00029960181564092636)
A: The rank of lieutenant usually requires a certain level of training and experience. (Score: -0.00029960181564092636)
<EMPTY> (Score: -inf)
<EMPTY> (Score: -inf)

====================
Query:
Use the step-by-step method as shown in the examples to answer the question. Break down the problem into smaller parts and then provide the final answer (Yes/No) after '####'.

Example 1:
Q: Karachi was a part of Alexander the Great's success?

A: Karachi is a city in modern day Pakistan.
Krokola was an ancient port located in what is now Karachi.
Alexander the Great stationed his fleet in Krokola on his way to Babylon.
Alexander the Great defeated Darius and conquered Babylon before expanding his 
empire.
#### Yes.

Example 2:
Q: Was P. G. Wodehouse's favorite book The Hunger Games?

A: P. G. Wodehouse died in 1975.
The Hunger Games was published in 2008.
#### No.
IMPORTANT:
- Think step by step.
- The final line must be exactly in the format: #### Yes. or #### No.
- Do not end with anything else after the final answer.
Your Question:
Q: Can children become lieutenants?

A: A: A lieutenant is a rank typically found in military and law enforcement organizations.
Responses:
A: The rank of lieutenant usually requires a certain level of training and experience. (Score: -0.00029960181564092636)
A: The rank of lieutenant usually requires a certain level of training and experience. (Score: -0.00029960181564092636)
<EMPTY> (Score: -inf)
<EMPTY> (Score: -inf)

====================
Query:
Use the step-by-step method as shown in the examples to answer the question. Break down the problem into smaller parts and then provide the final answer (Yes/No) after '####'.

Example 1:
Q: Karachi was a part of Alexander the Great's success?

A: Karachi is a city in modern day Pakistan.
Krokola was an ancient port located in what is now Karachi.
Alexander the Great stationed his fleet in Krokola on his way to Babylon.
Alexander the Great defeated Darius and conquered Babylon before expanding his 
empire.
#### Yes.

Example 2:
Q: Was P. G. Wodehouse's favorite book The Hunger Games?

A: P. G. Wodehouse died in 1975.
The Hunger Games was published in 2008.
#### No.
IMPORTANT:
- Think step by step.
- The final line must be exactly in the format: #### Yes. or #### No.
- Do not end with anything else after the final answer.
Your Question:
Q: Can children become lieutenants?

A: A: A lieutenant is a rank typically found in military and law enforcement organizations.
A: The rank of lieutenant usually requires a certain level of training and experience.
Responses:
A: In most military organizations, individuals must be at least 18 years old to enlist and begin training for officer ranks, including lieutenant. (Score: -3.642309457063675e-05)
A: In most military organizations, individuals must be at least 18 years old to enlist and pursue a commission as an officer, which includes the rank of lieutenant. (Score: -0.0008302833884954453)
<EMPTY> (Score: -inf)
<EMPTY> (Score: -inf)

====================
Query:
Use the step-by-step method as shown in the examples to answer the question. Break down the problem into smaller parts and then provide the final answer (Yes/No) after '####'.

Example 1:
Q: Karachi was a part of Alexander the Great's success?

A: Karachi is a city in modern day Pakistan.
Krokola was an ancient port located in what is now Karachi.
Alexander the Great stationed his fleet in Krokola on his way to Babylon.
Alexander the Great defeated Darius and conquered Babylon before expanding his 
empire.
#### Yes.

Example 2:
Q: Was P. G. Wodehouse's favorite book The Hunger Games?

A: P. G. Wodehouse died in 1975.
The Hunger Games was published in 2008.
#### No.
IMPORTANT:
- Think step by step.
- The final line must be exactly in the format: #### Yes. or #### No.
- Do not end with anything else after the final answer.
Your Question:
Q: Can children become lieutenants?

A: A: A lieutenant is a rank typically found in military and law enforcement organizations.
A: The rank of lieutenant usually requires a certain level of training and experience.
Responses:
A: In most military organizations, individuals must be at least 18 years old to enlist and begin training for officer ranks, including lieutenant. (Score: -2.9713846743106842e-05)
A: In most military organizations, individuals must be at least 18 years old to enlist and pursue a rank such as lieutenant. (Score: -0.0007402901537716389)
<EMPTY> (Score: -inf)
<EMPTY> (Score: -inf)

====================
Query:
Use the step-by-step method as shown in the examples to answer the question. Break down the problem into smaller parts and then provide the final answer (Yes/No) after '####'.

Example 1:
Q: Karachi was a part of Alexander the Great's success?

A: Karachi is a city in modern day Pakistan.
Krokola was an ancient port located in what is now Karachi.
Alexander the Great stationed his fleet in Krokola on his way to Babylon.
Alexander the Great defeated Darius and conquered Babylon before expanding his 
empire.
#### Yes.

Example 2:
Q: Was P. G. Wodehouse's favorite book The Hunger Games?

A: P. G. Wodehouse died in 1975.
The Hunger Games was published in 2008.
#### No.
IMPORTANT:
- Think step by step.
- The final line must be exactly in the format: #### Yes. or #### No.
- Do not end with anything else after the final answer.
Your Question:
Q: Can children become lieutenants?

A: A: A lieutenant is a rank typically found in military and law enforcement organizations.
A: The rank of lieutenant usually requires a certain level of training and experience.
A: In most military organizations, individuals must be at least 18 years old to enlist and begin training for officer ranks, including lieutenant.
Responses:
#### Yes. (Score: 0.0006812345236539841)
#### No. (Score: 0.0006667627021670341)
<EMPTY> (Score: -inf)
<EMPTY> (Score: -inf)

====================
Query:
Use the step-by-step method as shown in the examples to answer the question. Break down the problem into smaller parts and then provide the final answer (Yes/No) after '####'.

Example 1:
Q: Karachi was a part of Alexander the Great's success?

A: Karachi is a city in modern day Pakistan.
Krokola was an ancient port located in what is now Karachi.
Alexander the Great stationed his fleet in Krokola on his way to Babylon.
Alexander the Great defeated Darius and conquered Babylon before expanding his 
empire.
#### Yes.

Example 2:
Q: Was P. G. Wodehouse's favorite book The Hunger Games?

A: P. G. Wodehouse died in 1975.
The Hunger Games was published in 2008.
#### No.
IMPORTANT:
- Think step by step.
- The final line must be exactly in the format: #### Yes. or #### No.
- Do not end with anything else after the final answer.
Your Question:
Q: Can children become lieutenants?

A: A: A lieutenant is a rank typically found in military and law enforcement organizations.
A: The rank of lieutenant usually requires a certain level of training and experience.
A: In most military organizations, individuals must be at least 18 years old to enlist and begin training for officer ranks, including lieutenant.
Responses:
#### Yes. (Score: 0.0006812345236539841)
#### No. (Score: 0.0006667627021670341)
<EMPTY> (Score: -inf)
<EMPTY> (Score: -inf)

====================
Query:
Use the step-by-step method as shown in the examples to answer the question. Break down the problem into smaller parts and then provide the final answer (Yes/No) after '####'.

Example 1:
Q: Karachi was a part of Alexander the Great's success?

A: Karachi is a city in modern day Pakistan.
Krokola was an ancient port located in what is now Karachi.
Alexander the Great stationed his fleet in Krokola on his way to Babylon.
Alexander the Great defeated Darius and conquered Babylon before expanding his 
empire.
#### Yes.

Example 2:
Q: Was P. G. Wodehouse's favorite book The Hunger Games?

A: P. G. Wodehouse died in 1975.
The Hunger Games was published in 2008.
#### No.
IMPORTANT:
- Think step by step.
- The final line must be exactly in the format: #### Yes. or #### No.
- Do not end with anything else after the final answer.
Your Question:
Q: Could someone in a coma experience fear?

A:
Responses:
A: A coma is a state of prolonged unconsciousness where a person does not respond to external stimuli. (Score: -0.0009740991517901421)
A: A coma is a state of prolonged unconsciousness where a person does not respond to external stimuli. (Score: -0.0009740991517901421)
<EMPTY> (Score: -inf)
<EMPTY> (Score: -inf)

====================
Query:
Use the step-by-step method as shown in the examples to answer the question. Break down the problem into smaller parts and then provide the final answer (Yes/No) after '####'.

Example 1:
Q: Karachi was a part of Alexander the Great's success?

A: Karachi is a city in modern day Pakistan.
Krokola was an ancient port located in what is now Karachi.
Alexander the Great stationed his fleet in Krokola on his way to Babylon.
Alexander the Great defeated Darius and conquered Babylon before expanding his 
empire.
#### Yes.

Example 2:
Q: Was P. G. Wodehouse's favorite book The Hunger Games?

A: P. G. Wodehouse died in 1975.
The Hunger Games was published in 2008.
#### No.
IMPORTANT:
- Think step by step.
- The final line must be exactly in the format: #### Yes. or #### No.
- Do not end with anything else after the final answer.
Your Question:
Q: Could someone in a coma experience fear?

A: A: A coma is a state of prolonged unconsciousness where a person does not respond to external stimuli.
Responses:
A: In a coma, the brain is not functioning in a way that allows for conscious thought or emotional experiences. (Score: -0.0003301231190562248)
A: In a coma, the brain is not functioning at a level that allows for conscious thought or emotional experiences. (Score: -0.0002778004854917526)
<EMPTY> (Score: -inf)
<EMPTY> (Score: -inf)

====================
Query:
Use the step-by-step method as shown in the examples to answer the question. Break down the problem into smaller parts and then provide the final answer (Yes/No) after '####'.

Example 1:
Q: Karachi was a part of Alexander the Great's success?

A: Karachi is a city in modern day Pakistan.
Krokola was an ancient port located in what is now Karachi.
Alexander the Great stationed his fleet in Krokola on his way to Babylon.
Alexander the Great defeated Darius and conquered Babylon before expanding his 
empire.
#### Yes.

Example 2:
Q: Was P. G. Wodehouse's favorite book The Hunger Games?

A: P. G. Wodehouse died in 1975.
The Hunger Games was published in 2008.
#### No.
IMPORTANT:
- Think step by step.
- The final line must be exactly in the format: #### Yes. or #### No.
- Do not end with anything else after the final answer.
Your Question:
Q: Could someone in a coma experience fear?

A: A: A coma is a state of prolonged unconsciousness where a person does not respond to external stimuli.
Responses:
A: In a coma, the brain is not functioning at a level that allows for conscious thought or emotional experiences. (Score: -0.0002778004854917526)
A: In a coma, the brain is not functioning in a way that allows for conscious thought or emotional experiences. (Score: -0.0003301231190562248)
<EMPTY> (Score: -inf)
<EMPTY> (Score: -inf)

====================
Query:
Use the step-by-step method as shown in the examples to answer the question. Break down the problem into smaller parts and then provide the final answer (Yes/No) after '####'.

Example 1:
Q: Karachi was a part of Alexander the Great's success?

A: Karachi is a city in modern day Pakistan.
Krokola was an ancient port located in what is now Karachi.
Alexander the Great stationed his fleet in Krokola on his way to Babylon.
Alexander the Great defeated Darius and conquered Babylon before expanding his 
empire.
#### Yes.

Example 2:
Q: Was P. G. Wodehouse's favorite book The Hunger Games?

A: P. G. Wodehouse died in 1975.
The Hunger Games was published in 2008.
#### No.
IMPORTANT:
- Think step by step.
- The final line must be exactly in the format: #### Yes. or #### No.
- Do not end with anything else after the final answer.
Your Question:
Q: Could someone in a coma experience fear?

A: A: A coma is a state of prolonged unconsciousness where a person does not respond to external stimuli.
A: In a coma, the brain is not functioning at a level that allows for conscious thought or emotional experiences.
Responses:
A: Fear is an emotional response that requires awareness and cognitive processing. (Score: -0.0004913760349154472)
A: Fear is an emotional response that requires awareness and cognitive processing. (Score: -0.0004913760349154472)
<EMPTY> (Score: -inf)
<EMPTY> (Score: -inf)

====================
Query:
Use the step-by-step method as shown in the examples to answer the question. Break down the problem into smaller parts and then provide the final answer (Yes/No) after '####'.

Example 1:
Q: Karachi was a part of Alexander the Great's success?

A: Karachi is a city in modern day Pakistan.
Krokola was an ancient port located in what is now Karachi.
Alexander the Great stationed his fleet in Krokola on his way to Babylon.
Alexander the Great defeated Darius and conquered Babylon before expanding his 
empire.
#### Yes.

Example 2:
Q: Was P. G. Wodehouse's favorite book The Hunger Games?

A: P. G. Wodehouse died in 1975.
The Hunger Games was published in 2008.
#### No.
IMPORTANT:
- Think step by step.
- The final line must be exactly in the format: #### Yes. or #### No.
- Do not end with anything else after the final answer.
Your Question:
Q: Could someone in a coma experience fear?

A: A: A coma is a state of prolonged unconsciousness where a person does not respond to external stimuli.
A: In a coma, the brain is not functioning at a level that allows for conscious thought or emotional experiences.
Responses:
A: Fear is an emotional response that requires awareness and cognitive processing. (Score: -0.0004913760349154472)
A: Fear is an emotional response that requires awareness and cognitive processing. (Score: -0.0004913760349154472)
<EMPTY> (Score: -inf)
<EMPTY> (Score: -inf)

====================
Query:
Use the step-by-step method as shown in the examples to answer the question. Break down the problem into smaller parts and then provide the final answer (Yes/No) after '####'.

Example 1:
Q: Karachi was a part of Alexander the Great's success?

A: Karachi is a city in modern day Pakistan.
Krokola was an ancient port located in what is now Karachi.
Alexander the Great stationed his fleet in Krokola on his way to Babylon.
Alexander the Great defeated Darius and conquered Babylon before expanding his 
empire.
#### Yes.

Example 2:
Q: Was P. G. Wodehouse's favorite book The Hunger Games?

A: P. G. Wodehouse died in 1975.
The Hunger Games was published in 2008.
#### No.
IMPORTANT:
- Think step by step.
- The final line must be exactly in the format: #### Yes. or #### No.
- Do not end with anything else after the final answer.
Your Question:
Q: Could someone in a coma experience fear?

A: A: A coma is a state of prolonged unconsciousness where a person does not respond to external stimuli.
A: In a coma, the brain is not functioning at a level that allows for conscious thought or emotional experiences.
A: Fear is an emotional response that requires awareness and cognitive processing.
Responses:
#### Yes. (Score: 0.0002475832588970661)
#### No. (Score: 0.0002912054769694805)
<EMPTY> (Score: -inf)
<EMPTY> (Score: -inf)

====================
Query:
Use the step-by-step method as shown in the examples to answer the question. Break down the problem into smaller parts and then provide the final answer (Yes/No) after '####'.

Example 1:
Q: Karachi was a part of Alexander the Great's success?

A: Karachi is a city in modern day Pakistan.
Krokola was an ancient port located in what is now Karachi.
Alexander the Great stationed his fleet in Krokola on his way to Babylon.
Alexander the Great defeated Darius and conquered Babylon before expanding his 
empire.
#### Yes.

Example 2:
Q: Was P. G. Wodehouse's favorite book The Hunger Games?

A: P. G. Wodehouse died in 1975.
The Hunger Games was published in 2008.
#### No.
IMPORTANT:
- Think step by step.
- The final line must be exactly in the format: #### Yes. or #### No.
- Do not end with anything else after the final answer.
Your Question:
Q: Could someone in a coma experience fear?

A: A: A coma is a state of prolonged unconsciousness where a person does not respond to external stimuli.
A: In a coma, the brain is not functioning at a level that allows for conscious thought or emotional experiences.
A: Fear is an emotional response that requires awareness and cognitive processing.
Responses:
#### Yes. (Score: 0.0002475832588970661)
#### No. (Score: 0.0002912054769694805)
<EMPTY> (Score: -inf)
<EMPTY> (Score: -inf)

====================
Query:
Use the step-by-step method as shown in the examples to answer the question. Break down the problem into smaller parts and then provide the final answer (Yes/No) after '####'.

Example 1:
Q: Karachi was a part of Alexander the Great's success?

A: Karachi is a city in modern day Pakistan.
Krokola was an ancient port located in what is now Karachi.
Alexander the Great stationed his fleet in Krokola on his way to Babylon.
Alexander the Great defeated Darius and conquered Babylon before expanding his 
empire.
#### Yes.

Example 2:
Q: Was P. G. Wodehouse's favorite book The Hunger Games?

A: P. G. Wodehouse died in 1975.
The Hunger Games was published in 2008.
#### No.
IMPORTANT:
- Think step by step.
- The final line must be exactly in the format: #### Yes. or #### No.
- Do not end with anything else after the final answer.
Your Question:
Q: Was Walt Disney ever interviewed by Anderson Cooper?

A:
Responses:
Walt Disney was a prominent American film producer and entrepreneur who passed away in 1966. (Score: 0.0013698097318410873)
Walt Disney was a prominent American film producer and entrepreneur who passed away in 1966. (Score: 0.0013698097318410873)
<EMPTY> (Score: -inf)
<EMPTY> (Score: -inf)

====================
Query:
Use the step-by-step method as shown in the examples to answer the question. Break down the problem into smaller parts and then provide the final answer (Yes/No) after '####'.

Example 1:
Q: Karachi was a part of Alexander the Great's success?

A: Karachi is a city in modern day Pakistan.
Krokola was an ancient port located in what is now Karachi.
Alexander the Great stationed his fleet in Krokola on his way to Babylon.
Alexander the Great defeated Darius and conquered Babylon before expanding his 
empire.
#### Yes.

Example 2:
Q: Was P. G. Wodehouse's favorite book The Hunger Games?

A: P. G. Wodehouse died in 1975.
The Hunger Games was published in 2008.
#### No.
IMPORTANT:
- Think step by step.
- The final line must be exactly in the format: #### Yes. or #### No.
- Do not end with anything else after the final answer.
Your Question:
Q: Was Walt Disney ever interviewed by Anderson Cooper?

A: Walt Disney was a prominent American film producer and entrepreneur who passed away in 1966.
Responses:
Anderson Cooper is a contemporary journalist and television personality who began his career in the 1990s. (Score: 0.00038868002593517303)
Anderson Cooper is a contemporary journalist and television personality who began his career in the 1990s. (Score: 0.00038868002593517303)
<EMPTY> (Score: -inf)
<EMPTY> (Score: -inf)

====================
Query:
Use the step-by-step method as shown in the examples to answer the question. Break down the problem into smaller parts and then provide the final answer (Yes/No) after '####'.

Example 1:
Q: Karachi was a part of Alexander the Great's success?

A: Karachi is a city in modern day Pakistan.
Krokola was an ancient port located in what is now Karachi.
Alexander the Great stationed his fleet in Krokola on his way to Babylon.
Alexander the Great defeated Darius and conquered Babylon before expanding his 
empire.
#### Yes.

Example 2:
Q: Was P. G. Wodehouse's favorite book The Hunger Games?

A: P. G. Wodehouse died in 1975.
The Hunger Games was published in 2008.
#### No.
IMPORTANT:
- Think step by step.
- The final line must be exactly in the format: #### Yes. or #### No.
- Do not end with anything else after the final answer.
Your Question:
Q: Was Walt Disney ever interviewed by Anderson Cooper?

A: Walt Disney was a prominent American film producer and entrepreneur who passed away in 1966.
Responses:
Anderson Cooper is a contemporary journalist and television personality who began his career in the 1990s. (Score: 0.00038868002593517303)
Anderson Cooper is a contemporary journalist and television personality who began his career in the 1990s. (Score: 0.00038868002593517303)
<EMPTY> (Score: -inf)
<EMPTY> (Score: -inf)

====================
Query:
Use the step-by-step method as shown in the examples to answer the question. Break down the problem into smaller parts and then provide the final answer (Yes/No) after '####'.

Example 1:
Q: Karachi was a part of Alexander the Great's success?

A: Karachi is a city in modern day Pakistan.
Krokola was an ancient port located in what is now Karachi.
Alexander the Great stationed his fleet in Krokola on his way to Babylon.
Alexander the Great defeated Darius and conquered Babylon before expanding his 
empire.
#### Yes.

Example 2:
Q: Was P. G. Wodehouse's favorite book The Hunger Games?

A: P. G. Wodehouse died in 1975.
The Hunger Games was published in 2008.
#### No.
IMPORTANT:
- Think step by step.
- The final line must be exactly in the format: #### Yes. or #### No.
- Do not end with anything else after the final answer.
Your Question:
Q: Was Walt Disney ever interviewed by Anderson Cooper?

A: Walt Disney was a prominent American film producer and entrepreneur who passed away in 1966.
Anderson Cooper is a contemporary journalist and television personality who began his career in the 1990s.
Responses:
Walt Disney could not have been interviewed by Anderson Cooper because he died in 1966, long before Cooper began his career in journalism. (Score: 0.0008398080244660378)
Walt Disney could not have been interviewed by Anderson Cooper because he died in 1966, long before Cooper began his career in journalism. (Score: 0.0008398080244660378)
<EMPTY> (Score: -inf)
<EMPTY> (Score: -inf)

====================
Query:
Use the step-by-step method as shown in the examples to answer the question. Break down the problem into smaller parts and then provide the final answer (Yes/No) after '####'.

Example 1:
Q: Karachi was a part of Alexander the Great's success?

A: Karachi is a city in modern day Pakistan.
Krokola was an ancient port located in what is now Karachi.
Alexander the Great stationed his fleet in Krokola on his way to Babylon.
Alexander the Great defeated Darius and conquered Babylon before expanding his 
empire.
#### Yes.

Example 2:
Q: Was P. G. Wodehouse's favorite book The Hunger Games?

A: P. G. Wodehouse died in 1975.
The Hunger Games was published in 2008.
#### No.
IMPORTANT:
- Think step by step.
- The final line must be exactly in the format: #### Yes. or #### No.
- Do not end with anything else after the final answer.
Your Question:
Q: Was Walt Disney ever interviewed by Anderson Cooper?

A: Walt Disney was a prominent American film producer and entrepreneur who passed away in 1966.
Anderson Cooper is a contemporary journalist and television personality who began his career in the 1990s.
Responses:
Walt Disney could not have been interviewed by Anderson Cooper because he died in 1966, long before Cooper began his career in journalism. (Score: 0.0008398080244660378)
Walt Disney could not have been interviewed by Anderson Cooper because he died in 1966, long before Cooper began his career in journalism. (Score: 0.0008398080244660378)
<EMPTY> (Score: -inf)
<EMPTY> (Score: -inf)

====================
Query:
Use the step-by-step method as shown in the examples to answer the question. Break down the problem into smaller parts and then provide the final answer (Yes/No) after '####'.

Example 1:
Q: Karachi was a part of Alexander the Great's success?

A: Karachi is a city in modern day Pakistan.
Krokola was an ancient port located in what is now Karachi.
Alexander the Great stationed his fleet in Krokola on his way to Babylon.
Alexander the Great defeated Darius and conquered Babylon before expanding his 
empire.
#### Yes.

Example 2:
Q: Was P. G. Wodehouse's favorite book The Hunger Games?

A: P. G. Wodehouse died in 1975.
The Hunger Games was published in 2008.
#### No.
IMPORTANT:
- Think step by step.
- The final line must be exactly in the format: #### Yes. or #### No.
- Do not end with anything else after the final answer.
Your Question:
Q: Was Walt Disney ever interviewed by Anderson Cooper?

A: Walt Disney was a prominent American film producer and entrepreneur who passed away in 1966.
Anderson Cooper is a contemporary journalist and television personality who began his career in the 1990s.
Walt Disney could not have been interviewed by Anderson Cooper because he died in 1966, long before Cooper began his career in journalism.
Responses:
#### Yes. (Score: 0.0014873729087412357)
#### No. (Score: 0.001389563549309969)
<EMPTY> (Score: -inf)
<EMPTY> (Score: -inf)

====================
Query:
Use the step-by-step method as shown in the examples to answer the question. Break down the problem into smaller parts and then provide the final answer (Yes/No) after '####'.

Example 1:
Q: Karachi was a part of Alexander the Great's success?

A: Karachi is a city in modern day Pakistan.
Krokola was an ancient port located in what is now Karachi.
Alexander the Great stationed his fleet in Krokola on his way to Babylon.
Alexander the Great defeated Darius and conquered Babylon before expanding his 
empire.
#### Yes.

Example 2:
Q: Was P. G. Wodehouse's favorite book The Hunger Games?

A: P. G. Wodehouse died in 1975.
The Hunger Games was published in 2008.
#### No.
IMPORTANT:
- Think step by step.
- The final line must be exactly in the format: #### Yes. or #### No.
- Do not end with anything else after the final answer.
Your Question:
Q: Was Walt Disney ever interviewed by Anderson Cooper?

A: Walt Disney was a prominent American film producer and entrepreneur who passed away in 1966.
Anderson Cooper is a contemporary journalist and television personality who began his career in the 1990s.
Walt Disney could not have been interviewed by Anderson Cooper because he died in 1966, long before Cooper began his career in journalism.
Responses:
#### Yes. (Score: 0.0014873729087412357)
#### No. (Score: 0.001389563549309969)
<EMPTY> (Score: -inf)
<EMPTY> (Score: -inf)

====================
Query:
Use the step-by-step method as shown in the examples to answer the question. Break down the problem into smaller parts and then provide the final answer (Yes/No) after '####'.

Example 1:
Q: Karachi was a part of Alexander the Great's success?

A: Karachi is a city in modern day Pakistan.
Krokola was an ancient port located in what is now Karachi.
Alexander the Great stationed his fleet in Krokola on his way to Babylon.
Alexander the Great defeated Darius and conquered Babylon before expanding his 
empire.
#### Yes.

Example 2:
Q: Was P. G. Wodehouse's favorite book The Hunger Games?

A: P. G. Wodehouse died in 1975.
The Hunger Games was published in 2008.
#### No.
IMPORTANT:
- Think step by step.
- The final line must be exactly in the format: #### Yes. or #### No.
- Do not end with anything else after the final answer.
Your Question:
Q: Is Gandalf hypothetically a formidable foe for Charmed's Barbas?

A:
Responses:
Gandalf is a powerful wizard from J.R.R. Tolkien's Middle-earth legendarium. (Score: -0.00010922318324446678)
A: Gandalf is a powerful wizard from J.R.R. Tolkien's Middle-earth legendarium. (Score: -0.0011487272568047047)
<EMPTY> (Score: -inf)
<EMPTY> (Score: -inf)

====================
Query:
Use the step-by-step method as shown in the examples to answer the question. Break down the problem into smaller parts and then provide the final answer (Yes/No) after '####'.

Example 1:
Q: Karachi was a part of Alexander the Great's success?

A: Karachi is a city in modern day Pakistan.
Krokola was an ancient port located in what is now Karachi.
Alexander the Great stationed his fleet in Krokola on his way to Babylon.
Alexander the Great defeated Darius and conquered Babylon before expanding his 
empire.
#### Yes.

Example 2:
Q: Was P. G. Wodehouse's favorite book The Hunger Games?

A: P. G. Wodehouse died in 1975.
The Hunger Games was published in 2008.
#### No.
IMPORTANT:
- Think step by step.
- The final line must be exactly in the format: #### Yes. or #### No.
- Do not end with anything else after the final answer.
Your Question:
Q: Is Gandalf hypothetically a formidable foe for Charmed's Barbas?

A: Gandalf is a powerful wizard from J.R.R. Tolkien's Middle-earth legendarium.
Responses:
Gandalf possesses a wide range of magical abilities, including manipulation of fire, light, and nature. (Score: -0.000631384551525116)
Gandalf possesses a wide range of magical abilities, including manipulation of fire, light, and nature. (Score: -0.000631384551525116)
<EMPTY> (Score: -inf)
<EMPTY> (Score: -inf)

====================
Query:
Use the step-by-step method as shown in the examples to answer the question. Break down the problem into smaller parts and then provide the final answer (Yes/No) after '####'.

Example 1:
Q: Karachi was a part of Alexander the Great's success?

A: Karachi is a city in modern day Pakistan.
Krokola was an ancient port located in what is now Karachi.
Alexander the Great stationed his fleet in Krokola on his way to Babylon.
Alexander the Great defeated Darius and conquered Babylon before expanding his 
empire.
#### Yes.

Example 2:
Q: Was P. G. Wodehouse's favorite book The Hunger Games?

A: P. G. Wodehouse died in 1975.
The Hunger Games was published in 2008.
#### No.
IMPORTANT:
- Think step by step.
- The final line must be exactly in the format: #### Yes. or #### No.
- Do not end with anything else after the final answer.
Your Question:
Q: Is Gandalf hypothetically a formidable foe for Charmed's Barbas?

A: A: Gandalf is a powerful wizard from J.R.R. Tolkien's Middle-earth legendarium.
Responses:
Gandalf possesses a wide range of magical abilities, including manipulation of fire, light, and nature. (Score: -0.0012280731461942196)
Gandalf possesses a wide range of magical abilities, including manipulation of fire, light, and nature. (Score: -0.0012280731461942196)
<EMPTY> (Score: -inf)
<EMPTY> (Score: -inf)

====================
Query:
Use the step-by-step method as shown in the examples to answer the question. Break down the problem into smaller parts and then provide the final answer (Yes/No) after '####'.

Example 1:
Q: Karachi was a part of Alexander the Great's success?

A: Karachi is a city in modern day Pakistan.
Krokola was an ancient port located in what is now Karachi.
Alexander the Great stationed his fleet in Krokola on his way to Babylon.
Alexander the Great defeated Darius and conquered Babylon before expanding his 
empire.
#### Yes.

Example 2:
Q: Was P. G. Wodehouse's favorite book The Hunger Games?

A: P. G. Wodehouse died in 1975.
The Hunger Games was published in 2008.
#### No.
IMPORTANT:
- Think step by step.
- The final line must be exactly in the format: #### Yes. or #### No.
- Do not end with anything else after the final answer.
Your Question:
Q: Is Gandalf hypothetically a formidable foe for Charmed's Barbas?

A: Gandalf is a powerful wizard from J.R.R. Tolkien's Middle-earth legendarium.
Gandalf possesses a wide range of magical abilities, including manipulation of fire, light, and nature.
Responses:
Barbas is a demon from the TV show "Charmed," known for his ability to manipulate fear and create illusions. (Score: 8.891010656952858e-05)
Barbas is a demon from the TV show "Charmed," known for his ability to manipulate fear and create illusions. (Score: 8.891010656952858e-05)
<EMPTY> (Score: -inf)
<EMPTY> (Score: -inf)

====================
Query:
Use the step-by-step method as shown in the examples to answer the question. Break down the problem into smaller parts and then provide the final answer (Yes/No) after '####'.

Example 1:
Q: Karachi was a part of Alexander the Great's success?

A: Karachi is a city in modern day Pakistan.
Krokola was an ancient port located in what is now Karachi.
Alexander the Great stationed his fleet in Krokola on his way to Babylon.
Alexander the Great defeated Darius and conquered Babylon before expanding his 
empire.
#### Yes.

Example 2:
Q: Was P. G. Wodehouse's favorite book The Hunger Games?

A: P. G. Wodehouse died in 1975.
The Hunger Games was published in 2008.
#### No.
IMPORTANT:
- Think step by step.
- The final line must be exactly in the format: #### Yes. or #### No.
- Do not end with anything else after the final answer.
Your Question:
Q: Is Gandalf hypothetically a formidable foe for Charmed's Barbas?

A: Gandalf is a powerful wizard from J.R.R. Tolkien's Middle-earth legendarium.
Gandalf possesses a wide range of magical abilities, including manipulation of fire, light, and nature.
Responses:
Barbas is a demon from the TV show "Charmed," known for his ability to manipulate fear and his shape-shifting powers. (Score: -0.00014964118599891663)
Barbas is a demon from the TV show "Charmed," known for his ability to manipulate fear and create illusions. (Score: 5.049677565693855e-05)
<EMPTY> (Score: -inf)
<EMPTY> (Score: -inf)

====================
Query:
Use the step-by-step method as shown in the examples to answer the question. Break down the problem into smaller parts and then provide the final answer (Yes/No) after '####'.

Example 1:
Q: Karachi was a part of Alexander the Great's success?

A: Karachi is a city in modern day Pakistan.
Krokola was an ancient port located in what is now Karachi.
Alexander the Great stationed his fleet in Krokola on his way to Babylon.
Alexander the Great defeated Darius and conquered Babylon before expanding his 
empire.
#### Yes.

Example 2:
Q: Was P. G. Wodehouse's favorite book The Hunger Games?

A: P. G. Wodehouse died in 1975.
The Hunger Games was published in 2008.
#### No.
IMPORTANT:
- Think step by step.
- The final line must be exactly in the format: #### Yes. or #### No.
- Do not end with anything else after the final answer.
Your Question:
Q: Is Gandalf hypothetically a formidable foe for Charmed's Barbas?

A: Gandalf is a powerful wizard from J.R.R. Tolkien's Middle-earth legendarium.
Gandalf possesses a wide range of magical abilities, including manipulation of fire, light, and nature.
Barbas is a demon from the TV show "Charmed," known for his ability to manipulate fear and create illusions.
Responses:
#### Yes. (Score: 0.0007274234667420387)
#### No. (Score: 0.0009288634173572063)
<EMPTY> (Score: -inf)
<EMPTY> (Score: -inf)

====================
Query:
Use the step-by-step method as shown in the examples to answer the question. Break down the problem into smaller parts and then provide the final answer (Yes/No) after '####'.

Example 1:
Q: Karachi was a part of Alexander the Great's success?

A: Karachi is a city in modern day Pakistan.
Krokola was an ancient port located in what is now Karachi.
Alexander the Great stationed his fleet in Krokola on his way to Babylon.
Alexander the Great defeated Darius and conquered Babylon before expanding his 
empire.
#### Yes.

Example 2:
Q: Was P. G. Wodehouse's favorite book The Hunger Games?

A: P. G. Wodehouse died in 1975.
The Hunger Games was published in 2008.
#### No.
IMPORTANT:
- Think step by step.
- The final line must be exactly in the format: #### Yes. or #### No.
- Do not end with anything else after the final answer.
Your Question:
Q: Is Gandalf hypothetically a formidable foe for Charmed's Barbas?

A: Gandalf is a powerful wizard from J.R.R. Tolkien's Middle-earth legendarium.
Gandalf possesses a wide range of magical abilities, including manipulation of fire, light, and nature.
Barbas is a demon from the TV show "Charmed," known for his ability to manipulate fear and create illusions.
Responses:
#### Yes. (Score: 0.0007274234667420387)
#### No. (Score: 0.0009288634173572063)
<EMPTY> (Score: -inf)
<EMPTY> (Score: -inf)

====================
Query:
Use the step-by-step method as shown in the examples to answer the question. Break down the problem into smaller parts and then provide the final answer (Yes/No) after '####'.

Example 1:
Q: Karachi was a part of Alexander the Great's success?

A: Karachi is a city in modern day Pakistan.
Krokola was an ancient port located in what is now Karachi.
Alexander the Great stationed his fleet in Krokola on his way to Babylon.
Alexander the Great defeated Darius and conquered Babylon before expanding his 
empire.
#### Yes.

Example 2:
Q: Was P. G. Wodehouse's favorite book The Hunger Games?

A: P. G. Wodehouse died in 1975.
The Hunger Games was published in 2008.
#### No.
IMPORTANT:
- Think step by step.
- The final line must be exactly in the format: #### Yes. or #### No.
- Do not end with anything else after the final answer.
Your Question:
Q: Will twenty pea pods contents cover entire chess board?

A:
Responses:
A: A chessboard has 64 squares (8 rows and 8 columns). (Score: -0.0002864827401936054)
A: A chessboard has 64 squares (8 rows and 8 columns). (Score: -0.0002864827401936054)
<EMPTY> (Score: -inf)
<EMPTY> (Score: -inf)

====================
Query:
Use the step-by-step method as shown in the examples to answer the question. Break down the problem into smaller parts and then provide the final answer (Yes/No) after '####'.

Example 1:
Q: Karachi was a part of Alexander the Great's success?

A: Karachi is a city in modern day Pakistan.
Krokola was an ancient port located in what is now Karachi.
Alexander the Great stationed his fleet in Krokola on his way to Babylon.
Alexander the Great defeated Darius and conquered Babylon before expanding his 
empire.
#### Yes.

Example 2:
Q: Was P. G. Wodehouse's favorite book The Hunger Games?

A: P. G. Wodehouse died in 1975.
The Hunger Games was published in 2008.
#### No.
IMPORTANT:
- Think step by step.
- The final line must be exactly in the format: #### Yes. or #### No.
- Do not end with anything else after the final answer.
Your Question:
Q: Will twenty pea pods contents cover entire chess board?

A: A: A chessboard has 64 squares (8 rows and 8 columns).
Responses:
A: The average pea pod contains about 5 to 8 peas. (Score: -0.00029391935095191)
A: The average pea pod contains about 5 to 8 peas. (Score: -0.00029391935095191)
<EMPTY> (Score: -inf)
<EMPTY> (Score: -inf)

====================
Query:
Use the step-by-step method as shown in the examples to answer the question. Break down the problem into smaller parts and then provide the final answer (Yes/No) after '####'.

Example 1:
Q: Karachi was a part of Alexander the Great's success?

A: Karachi is a city in modern day Pakistan.
Krokola was an ancient port located in what is now Karachi.
Alexander the Great stationed his fleet in Krokola on his way to Babylon.
Alexander the Great defeated Darius and conquered Babylon before expanding his 
empire.
#### Yes.

Example 2:
Q: Was P. G. Wodehouse's favorite book The Hunger Games?

A: P. G. Wodehouse died in 1975.
The Hunger Games was published in 2008.
#### No.
IMPORTANT:
- Think step by step.
- The final line must be exactly in the format: #### Yes. or #### No.
- Do not end with anything else after the final answer.
Your Question:
Q: Will twenty pea pods contents cover entire chess board?

A: A: A chessboard has 64 squares (8 rows and 8 columns).
Responses:
A: The average pea pod contains about 5 to 8 peas. (Score: -0.00029391935095191)
A: The average pea pod contains about 5 to 8 peas. (Score: -0.00029391935095191)
<EMPTY> (Score: -inf)
<EMPTY> (Score: -inf)

====================
Query:
Use the step-by-step method as shown in the examples to answer the question. Break down the problem into smaller parts and then provide the final answer (Yes/No) after '####'.

Example 1:
Q: Karachi was a part of Alexander the Great's success?

A: Karachi is a city in modern day Pakistan.
Krokola was an ancient port located in what is now Karachi.
Alexander the Great stationed his fleet in Krokola on his way to Babylon.
Alexander the Great defeated Darius and conquered Babylon before expanding his 
empire.
#### Yes.

Example 2:
Q: Was P. G. Wodehouse's favorite book The Hunger Games?

A: P. G. Wodehouse died in 1975.
The Hunger Games was published in 2008.
#### No.
IMPORTANT:
- Think step by step.
- The final line must be exactly in the format: #### Yes. or #### No.
- Do not end with anything else after the final answer.
Your Question:
Q: Will twenty pea pods contents cover entire chess board?

A: A: A chessboard has 64 squares (8 rows and 8 columns).
A: The average pea pod contains about 5 to 8 peas.
Responses:
A: If we take an average of 6 peas per pod, then twenty pea pods would contain approximately 120 peas (20 pods x 6 peas/pod). (Score: -0.0010851356200873852)
A: If we take an average of 6 peas per pod, then twenty pea pods would contain approximately 120 peas (20 pods x 6 peas/pod). (Score: -0.0010851356200873852)
<EMPTY> (Score: -inf)
<EMPTY> (Score: -inf)

====================
Query:
Use the step-by-step method as shown in the examples to answer the question. Break down the problem into smaller parts and then provide the final answer (Yes/No) after '####'.

Example 1:
Q: Karachi was a part of Alexander the Great's success?

A: Karachi is a city in modern day Pakistan.
Krokola was an ancient port located in what is now Karachi.
Alexander the Great stationed his fleet in Krokola on his way to Babylon.
Alexander the Great defeated Darius and conquered Babylon before expanding his 
empire.
#### Yes.

Example 2:
Q: Was P. G. Wodehouse's favorite book The Hunger Games?

A: P. G. Wodehouse died in 1975.
The Hunger Games was published in 2008.
#### No.
IMPORTANT:
- Think step by step.
- The final line must be exactly in the format: #### Yes. or #### No.
- Do not end with anything else after the final answer.
Your Question:
Q: Will twenty pea pods contents cover entire chess board?

A: A: A chessboard has 64 squares (8 rows and 8 columns).
A: The average pea pod contains about 5 to 8 peas.
Responses:
A: If we take an average of 6 peas per pod, then twenty pea pods would contain approximately 120 peas (20 pods x 6 peas/pod). (Score: -0.0010851356200873852)
A: If we take an average of 6 peas per pod, then twenty pea pods would contain approximately 120 peas (20 pods x 6 peas/pod). (Score: -0.0010851356200873852)
<EMPTY> (Score: -inf)
<EMPTY> (Score: -inf)

====================
Query:
Use the step-by-step method as shown in the examples to answer the question. Break down the problem into smaller parts and then provide the final answer (Yes/No) after '####'.

Example 1:
Q: Karachi was a part of Alexander the Great's success?

A: Karachi is a city in modern day Pakistan.
Krokola was an ancient port located in what is now Karachi.
Alexander the Great stationed his fleet in Krokola on his way to Babylon.
Alexander the Great defeated Darius and conquered Babylon before expanding his 
empire.
#### Yes.

Example 2:
Q: Was P. G. Wodehouse's favorite book The Hunger Games?

A: P. G. Wodehouse died in 1975.
The Hunger Games was published in 2008.
#### No.
IMPORTANT:
- Think step by step.
- The final line must be exactly in the format: #### Yes. or #### No.
- Do not end with anything else after the final answer.
Your Question:
Q: Will twenty pea pods contents cover entire chess board?

A: A: A chessboard has 64 squares (8 rows and 8 columns).
A: The average pea pod contains about 5 to 8 peas.
A: If we take an average of 6 peas per pod, then twenty pea pods would contain approximately 120 peas (20 pods x 6 peas/pod).
Responses:
#### Yes. (Score: -0.000331745482981205)
#### No. (Score: -0.00039031682536005974)
<EMPTY> (Score: -inf)
<EMPTY> (Score: -inf)

====================
Query:
Use the step-by-step method as shown in the examples to answer the question. Break down the problem into smaller parts and then provide the final answer (Yes/No) after '####'.

Example 1:
Q: Karachi was a part of Alexander the Great's success?

A: Karachi is a city in modern day Pakistan.
Krokola was an ancient port located in what is now Karachi.
Alexander the Great stationed his fleet in Krokola on his way to Babylon.
Alexander the Great defeated Darius and conquered Babylon before expanding his 
empire.
#### Yes.

Example 2:
Q: Was P. G. Wodehouse's favorite book The Hunger Games?

A: P. G. Wodehouse died in 1975.
The Hunger Games was published in 2008.
#### No.
IMPORTANT:
- Think step by step.
- The final line must be exactly in the format: #### Yes. or #### No.
- Do not end with anything else after the final answer.
Your Question:
Q: Will twenty pea pods contents cover entire chess board?

A: A: A chessboard has 64 squares (8 rows and 8 columns).
A: The average pea pod contains about 5 to 8 peas.
A: If we take an average of 6 peas per pod, then twenty pea pods would contain approximately 120 peas (20 pods x 6 peas/pod).
Responses:
#### Yes. (Score: -0.000331745482981205)
#### No. (Score: -0.00039031682536005974)
<EMPTY> (Score: -inf)
<EMPTY> (Score: -inf)

====================
Query:
Use the step-by-step method as shown in the examples to answer the question. Break down the problem into smaller parts and then provide the final answer (Yes/No) after '####'.

Example 1:
Q: Karachi was a part of Alexander the Great's success?

A: Karachi is a city in modern day Pakistan.
Krokola was an ancient port located in what is now Karachi.
Alexander the Great stationed his fleet in Krokola on his way to Babylon.
Alexander the Great defeated Darius and conquered Babylon before expanding his 
empire.
#### Yes.

Example 2:
Q: Was P. G. Wodehouse's favorite book The Hunger Games?

A: P. G. Wodehouse died in 1975.
The Hunger Games was published in 2008.
#### No.
IMPORTANT:
- Think step by step.
- The final line must be exactly in the format: #### Yes. or #### No.
- Do not end with anything else after the final answer.
Your Question:
Q: While on a liquid diet, are there some types of soup you cannot eat?

A:
Responses:
A: A liquid diet typically includes clear liquids and some pureed foods. (Score: -0.0013893847353756428)
A: A liquid diet typically includes foods that are in liquid form or can be turned into liquid. (Score: -0.0016382960602641106)
<EMPTY> (Score: -inf)
<EMPTY> (Score: -inf)

====================
Query:
Use the step-by-step method as shown in the examples to answer the question. Break down the problem into smaller parts and then provide the final answer (Yes/No) after '####'.

Example 1:
Q: Karachi was a part of Alexander the Great's success?

A: Karachi is a city in modern day Pakistan.
Krokola was an ancient port located in what is now Karachi.
Alexander the Great stationed his fleet in Krokola on his way to Babylon.
Alexander the Great defeated Darius and conquered Babylon before expanding his 
empire.
#### Yes.

Example 2:
Q: Was P. G. Wodehouse's favorite book The Hunger Games?

A: P. G. Wodehouse died in 1975.
The Hunger Games was published in 2008.
#### No.
IMPORTANT:
- Think step by step.
- The final line must be exactly in the format: #### Yes. or #### No.
- Do not end with anything else after the final answer.
Your Question:
Q: While on a liquid diet, are there some types of soup you cannot eat?

A: A: A liquid diet typically includes clear liquids and some pureed foods.
Responses:
Certain types of soup may not be suitable for a liquid diet. (Score: -0.0013432558625936508)
Certain types of soup may not be suitable for a liquid diet. (Score: -0.0013432558625936508)
<EMPTY> (Score: -inf)
<EMPTY> (Score: -inf)

====================
Query:
Use the step-by-step method as shown in the examples to answer the question. Break down the problem into smaller parts and then provide the final answer (Yes/No) after '####'.

Example 1:
Q: Karachi was a part of Alexander the Great's success?

A: Karachi is a city in modern day Pakistan.
Krokola was an ancient port located in what is now Karachi.
Alexander the Great stationed his fleet in Krokola on his way to Babylon.
Alexander the Great defeated Darius and conquered Babylon before expanding his 
empire.
#### Yes.

Example 2:
Q: Was P. G. Wodehouse's favorite book The Hunger Games?

A: P. G. Wodehouse died in 1975.
The Hunger Games was published in 2008.
#### No.
IMPORTANT:
- Think step by step.
- The final line must be exactly in the format: #### Yes. or #### No.
- Do not end with anything else after the final answer.
Your Question:
Q: While on a liquid diet, are there some types of soup you cannot eat?

A: A: A liquid diet typically includes foods that are in liquid form or can be turned into liquid.
Responses:
Certain types of soup may contain solid ingredients that do not fit the criteria of a liquid diet. (Score: -0.0011143474839627743)
Certain types of soup may contain solid ingredients that do not fit within a strict liquid diet. (Score: -0.000843449030071497)
<EMPTY> (Score: -inf)
<EMPTY> (Score: -inf)

====================
Query:
Use the step-by-step method as shown in the examples to answer the question. Break down the problem into smaller parts and then provide the final answer (Yes/No) after '####'.

Example 1:
Q: Karachi was a part of Alexander the Great's success?

A: Karachi is a city in modern day Pakistan.
Krokola was an ancient port located in what is now Karachi.
Alexander the Great stationed his fleet in Krokola on his way to Babylon.
Alexander the Great defeated Darius and conquered Babylon before expanding his 
empire.
#### Yes.

Example 2:
Q: Was P. G. Wodehouse's favorite book The Hunger Games?

A: P. G. Wodehouse died in 1975.
The Hunger Games was published in 2008.
#### No.
IMPORTANT:
- Think step by step.
- The final line must be exactly in the format: #### Yes. or #### No.
- Do not end with anything else after the final answer.
Your Question:
Q: While on a liquid diet, are there some types of soup you cannot eat?

A: A: A liquid diet typically includes foods that are in liquid form or can be turned into liquid.
Certain types of soup may contain solid ingredients that do not fit within a strict liquid diet.
Responses:
Some soups, like chunky vegetable soup or minestrone, have solid pieces that may not be suitable for a liquid diet. (Score: 0.00022842735052108765)
Some soups, like chunky vegetable or meat soups, may have solid pieces that are not suitable for a liquid diet. (Score: -0.0006726118735969067)
<EMPTY> (Score: -inf)
<EMPTY> (Score: -inf)

====================
Query:
Use the step-by-step method as shown in the examples to answer the question. Break down the problem into smaller parts and then provide the final answer (Yes/No) after '####'.

Example 1:
Q: Karachi was a part of Alexander the Great's success?

A: Karachi is a city in modern day Pakistan.
Krokola was an ancient port located in what is now Karachi.
Alexander the Great stationed his fleet in Krokola on his way to Babylon.
Alexander the Great defeated Darius and conquered Babylon before expanding his 
empire.
#### Yes.

Example 2:
Q: Was P. G. Wodehouse's favorite book The Hunger Games?

A: P. G. Wodehouse died in 1975.
The Hunger Games was published in 2008.
#### No.
IMPORTANT:
- Think step by step.
- The final line must be exactly in the format: #### Yes. or #### No.
- Do not end with anything else after the final answer.
Your Question:
Q: While on a liquid diet, are there some types of soup you cannot eat?

A: A: A liquid diet typically includes foods that are in liquid form or can be turned into liquid.
Certain types of soup may contain solid ingredients that do not fit the criteria of a liquid diet.
Responses:
Some soups, like chunky vegetable soup or minestrone, contain solid pieces of vegetables, pasta, or meat. (Score: 5.852477625012398e-05)
Some soups, like chunky vegetable soup or minestrone, contain solid pieces of vegetables, pasta, or meat. (Score: 5.852477625012398e-05)
<EMPTY> (Score: -inf)
<EMPTY> (Score: -inf)

====================
Query:
Use the step-by-step method as shown in the examples to answer the question. Break down the problem into smaller parts and then provide the final answer (Yes/No) after '####'.

Example 1:
Q: Karachi was a part of Alexander the Great's success?

A: Karachi is a city in modern day Pakistan.
Krokola was an ancient port located in what is now Karachi.
Alexander the Great stationed his fleet in Krokola on his way to Babylon.
Alexander the Great defeated Darius and conquered Babylon before expanding his 
empire.
#### Yes.

Example 2:
Q: Was P. G. Wodehouse's favorite book The Hunger Games?

A: P. G. Wodehouse died in 1975.
The Hunger Games was published in 2008.
#### No.
IMPORTANT:
- Think step by step.
- The final line must be exactly in the format: #### Yes. or #### No.
- Do not end with anything else after the final answer.
Your Question:
Q: While on a liquid diet, are there some types of soup you cannot eat?

A: A: A liquid diet typically includes foods that are in liquid form or can be turned into liquid.
Certain types of soup may contain solid ingredients that do not fit within a strict liquid diet.
Some soups, like chunky vegetable soup or minestrone, have solid pieces that may not be suitable for a liquid diet.
Responses:
#### Yes. (Score: 0.000906728208065033)
#### No. (Score: 0.0011595194227993488)
<EMPTY> (Score: -inf)
<EMPTY> (Score: -inf)

====================
Query:
Use the step-by-step method as shown in the examples to answer the question. Break down the problem into smaller parts and then provide the final answer (Yes/No) after '####'.

Example 1:
Q: Karachi was a part of Alexander the Great's success?

A: Karachi is a city in modern day Pakistan.
Krokola was an ancient port located in what is now Karachi.
Alexander the Great stationed his fleet in Krokola on his way to Babylon.
Alexander the Great defeated Darius and conquered Babylon before expanding his 
empire.
#### Yes.

Example 2:
Q: Was P. G. Wodehouse's favorite book The Hunger Games?

A: P. G. Wodehouse died in 1975.
The Hunger Games was published in 2008.
#### No.
IMPORTANT:
- Think step by step.
- The final line must be exactly in the format: #### Yes. or #### No.
- Do not end with anything else after the final answer.
Your Question:
Q: While on a liquid diet, are there some types of soup you cannot eat?

A: A: A liquid diet typically includes foods that are in liquid form or can be turned into liquid.
Certain types of soup may contain solid ingredients that do not fit the criteria of a liquid diet.
Some soups, like chunky vegetable soup or minestrone, contain solid pieces of vegetables, pasta, or meat.
Responses:
#### Yes. (Score: 0.0007365741766989231)
#### No. (Score: 0.0009668613784015179)
<EMPTY> (Score: -inf)
<EMPTY> (Score: -inf)

====================
Query:
Use the step-by-step method as shown in the examples to answer the question. Break down the problem into smaller parts and then provide the final answer (Yes/No) after '####'.

Example 1:
Q: Karachi was a part of Alexander the Great's success?

A: Karachi is a city in modern day Pakistan.
Krokola was an ancient port located in what is now Karachi.
Alexander the Great stationed his fleet in Krokola on his way to Babylon.
Alexander the Great defeated Darius and conquered Babylon before expanding his 
empire.
#### Yes.

Example 2:
Q: Was P. G. Wodehouse's favorite book The Hunger Games?

A: P. G. Wodehouse died in 1975.
The Hunger Games was published in 2008.
#### No.
IMPORTANT:
- Think step by step.
- The final line must be exactly in the format: #### Yes. or #### No.
- Do not end with anything else after the final answer.
Your Question:
Q: Is breast cancer associated with a ribbon?

A:
Responses:
A: Breast cancer awareness is symbolized by a pink ribbon. (Score: -0.0011048130691051483)
A: Breast cancer awareness is symbolized by a pink ribbon. (Score: -0.0011048130691051483)
<EMPTY> (Score: -inf)
<EMPTY> (Score: -inf)

====================
Query:
Use the step-by-step method as shown in the examples to answer the question. Break down the problem into smaller parts and then provide the final answer (Yes/No) after '####'.

Example 1:
Q: Karachi was a part of Alexander the Great's success?

A: Karachi is a city in modern day Pakistan.
Krokola was an ancient port located in what is now Karachi.
Alexander the Great stationed his fleet in Krokola on his way to Babylon.
Alexander the Great defeated Darius and conquered Babylon before expanding his 
empire.
#### Yes.

Example 2:
Q: Was P. G. Wodehouse's favorite book The Hunger Games?

A: P. G. Wodehouse died in 1975.
The Hunger Games was published in 2008.
#### No.
IMPORTANT:
- Think step by step.
- The final line must be exactly in the format: #### Yes. or #### No.
- Do not end with anything else after the final answer.
Your Question:
Q: Is breast cancer associated with a ribbon?

A: A: Breast cancer awareness is symbolized by a pink ribbon.
Responses:
Breast cancer awareness campaigns often use the pink ribbon as a symbol to promote awareness and support for those affected by the disease. (Score: -0.0009616827592253685)
Breast cancer awareness campaigns often use the pink ribbon as a symbol to promote awareness and support for those affected by the disease. (Score: -0.0009616827592253685)
<EMPTY> (Score: -inf)
<EMPTY> (Score: -inf)

====================
Query:
Use the step-by-step method as shown in the examples to answer the question. Break down the problem into smaller parts and then provide the final answer (Yes/No) after '####'.

Example 1:
Q: Karachi was a part of Alexander the Great's success?

A: Karachi is a city in modern day Pakistan.
Krokola was an ancient port located in what is now Karachi.
Alexander the Great stationed his fleet in Krokola on his way to Babylon.
Alexander the Great defeated Darius and conquered Babylon before expanding his 
empire.
#### Yes.

Example 2:
Q: Was P. G. Wodehouse's favorite book The Hunger Games?

A: P. G. Wodehouse died in 1975.
The Hunger Games was published in 2008.
#### No.
IMPORTANT:
- Think step by step.
- The final line must be exactly in the format: #### Yes. or #### No.
- Do not end with anything else after the final answer.
Your Question:
Q: Is breast cancer associated with a ribbon?

A: A: Breast cancer awareness is symbolized by a pink ribbon.
Responses:
Breast cancer is a significant health issue affecting many individuals worldwide. (Score: -4.336610436439514e-05)
Breast cancer awareness campaigns often use the pink ribbon as a symbol to promote awareness and support for those affected by the disease. (Score: -0.0009616827592253685)
<EMPTY> (Score: -inf)
<EMPTY> (Score: -inf)

====================
Query:
Use the step-by-step method as shown in the examples to answer the question. Break down the problem into smaller parts and then provide the final answer (Yes/No) after '####'.

Example 1:
Q: Karachi was a part of Alexander the Great's success?

A: Karachi is a city in modern day Pakistan.
Krokola was an ancient port located in what is now Karachi.
Alexander the Great stationed his fleet in Krokola on his way to Babylon.
Alexander the Great defeated Darius and conquered Babylon before expanding his 
empire.
#### Yes.

Example 2:
Q: Was P. G. Wodehouse's favorite book The Hunger Games?

A: P. G. Wodehouse died in 1975.
The Hunger Games was published in 2008.
#### No.
IMPORTANT:
- Think step by step.
- The final line must be exactly in the format: #### Yes. or #### No.
- Do not end with anything else after the final answer.
Your Question:
Q: Is breast cancer associated with a ribbon?

A: A: Breast cancer awareness is symbolized by a pink ribbon.
Breast cancer is a significant health issue affecting many individuals worldwide.
Responses:
The pink ribbon is widely recognized as a symbol for breast cancer awareness. (Score: -0.001012270338833332)
The pink ribbon is widely recognized as a symbol for breast cancer awareness. (Score: -0.001012270338833332)
<EMPTY> (Score: -inf)
<EMPTY> (Score: -inf)

====================
Query:
Use the step-by-step method as shown in the examples to answer the question. Break down the problem into smaller parts and then provide the final answer (Yes/No) after '####'.

Example 1:
Q: Karachi was a part of Alexander the Great's success?

A: Karachi is a city in modern day Pakistan.
Krokola was an ancient port located in what is now Karachi.
Alexander the Great stationed his fleet in Krokola on his way to Babylon.
Alexander the Great defeated Darius and conquered Babylon before expanding his 
empire.
#### Yes.

Example 2:
Q: Was P. G. Wodehouse's favorite book The Hunger Games?

A: P. G. Wodehouse died in 1975.
The Hunger Games was published in 2008.
#### No.
IMPORTANT:
- Think step by step.
- The final line must be exactly in the format: #### Yes. or #### No.
- Do not end with anything else after the final answer.
Your Question:
Q: Is breast cancer associated with a ribbon?

A: A: Breast cancer awareness is symbolized by a pink ribbon.
Breast cancer awareness campaigns often use the pink ribbon as a symbol to promote awareness and support for those affected by the disease.
Responses:
#### Yes. (Score: 7.501151412725449e-05)
#### Yes. (Score: 7.501151412725449e-05)
<EMPTY> (Score: -inf)
<EMPTY> (Score: -inf)

====================
Query:
Use the step-by-step method as shown in the examples to answer the question. Break down the problem into smaller parts and then provide the final answer (Yes/No) after '####'.

Example 1:
Q: Karachi was a part of Alexander the Great's success?

A: Karachi is a city in modern day Pakistan.
Krokola was an ancient port located in what is now Karachi.
Alexander the Great stationed his fleet in Krokola on his way to Babylon.
Alexander the Great defeated Darius and conquered Babylon before expanding his 
empire.
#### Yes.

Example 2:
Q: Was P. G. Wodehouse's favorite book The Hunger Games?

A: P. G. Wodehouse died in 1975.
The Hunger Games was published in 2008.
#### No.
IMPORTANT:
- Think step by step.
- The final line must be exactly in the format: #### Yes. or #### No.
- Do not end with anything else after the final answer.
Your Question:
Q: Could Eddie Murphy dial 911 in a car as a young child?

A:
Responses:
Eddie Murphy was born in 1961. (Score: 0.001412389799952507)
Eddie Murphy was born in 1961. (Score: 0.001412389799952507)
<EMPTY> (Score: -inf)
<EMPTY> (Score: -inf)

====================
Query:
Use the step-by-step method as shown in the examples to answer the question. Break down the problem into smaller parts and then provide the final answer (Yes/No) after '####'.

Example 1:
Q: Karachi was a part of Alexander the Great's success?

A: Karachi is a city in modern day Pakistan.
Krokola was an ancient port located in what is now Karachi.
Alexander the Great stationed his fleet in Krokola on his way to Babylon.
Alexander the Great defeated Darius and conquered Babylon before expanding his 
empire.
#### Yes.

Example 2:
Q: Was P. G. Wodehouse's favorite book The Hunger Games?

A: P. G. Wodehouse died in 1975.
The Hunger Games was published in 2008.
#### No.
IMPORTANT:
- Think step by step.
- The final line must be exactly in the format: #### Yes. or #### No.
- Do not end with anything else after the final answer.
Your Question:
Q: Could Eddie Murphy dial 911 in a car as a young child?

A: Eddie Murphy was born in 1961.
Responses:
Eddie Murphy grew up in the 1960s and 1970s. (Score: 0.00125986710190773)
Eddie Murphy grew up in the 1960s and 1970s. (Score: 0.00125986710190773)
<EMPTY> (Score: -inf)
<EMPTY> (Score: -inf)

====================
Query:
Use the step-by-step method as shown in the examples to answer the question. Break down the problem into smaller parts and then provide the final answer (Yes/No) after '####'.

Example 1:
Q: Karachi was a part of Alexander the Great's success?

A: Karachi is a city in modern day Pakistan.
Krokola was an ancient port located in what is now Karachi.
Alexander the Great stationed his fleet in Krokola on his way to Babylon.
Alexander the Great defeated Darius and conquered Babylon before expanding his 
empire.
#### Yes.

Example 2:
Q: Was P. G. Wodehouse's favorite book The Hunger Games?

A: P. G. Wodehouse died in 1975.
The Hunger Games was published in 2008.
#### No.
IMPORTANT:
- Think step by step.
- The final line must be exactly in the format: #### Yes. or #### No.
- Do not end with anything else after the final answer.
Your Question:
Q: Could Eddie Murphy dial 911 in a car as a young child?

A: Eddie Murphy was born in 1961.
Responses:
Eddie Murphy grew up in the 1960s and 1970s. (Score: 0.00125986710190773)
Eddie Murphy grew up in the 1960s and 1970s. (Score: 0.00125986710190773)
<EMPTY> (Score: -inf)
<EMPTY> (Score: -inf)

====================
Query:
Use the step-by-step method as shown in the examples to answer the question. Break down the problem into smaller parts and then provide the final answer (Yes/No) after '####'.

Example 1:
Q: Karachi was a part of Alexander the Great's success?

A: Karachi is a city in modern day Pakistan.
Krokola was an ancient port located in what is now Karachi.
Alexander the Great stationed his fleet in Krokola on his way to Babylon.
Alexander the Great defeated Darius and conquered Babylon before expanding his 
empire.
#### Yes.

Example 2:
Q: Was P. G. Wodehouse's favorite book The Hunger Games?

A: P. G. Wodehouse died in 1975.
The Hunger Games was published in 2008.
#### No.
IMPORTANT:
- Think step by step.
- The final line must be exactly in the format: #### Yes. or #### No.
- Do not end with anything else after the final answer.
Your Question:
Q: Could Eddie Murphy dial 911 in a car as a young child?

A: Eddie Murphy was born in 1961.
Eddie Murphy grew up in the 1960s and 1970s.
Responses:
In the 1960s and 1970s, the emergency number 911 was not widely used in the United States. (Score: 0.0007779356092214584)
In the 1960s and 1970s, the emergency number 911 was not widely used in the United States. (Score: 0.0007779356092214584)
<EMPTY> (Score: -inf)
<EMPTY> (Score: -inf)

====================
Query:
Use the step-by-step method as shown in the examples to answer the question. Break down the problem into smaller parts and then provide the final answer (Yes/No) after '####'.

Example 1:
Q: Karachi was a part of Alexander the Great's success?

A: Karachi is a city in modern day Pakistan.
Krokola was an ancient port located in what is now Karachi.
Alexander the Great stationed his fleet in Krokola on his way to Babylon.
Alexander the Great defeated Darius and conquered Babylon before expanding his 
empire.
#### Yes.

Example 2:
Q: Was P. G. Wodehouse's favorite book The Hunger Games?

A: P. G. Wodehouse died in 1975.
The Hunger Games was published in 2008.
#### No.
IMPORTANT:
- Think step by step.
- The final line must be exactly in the format: #### Yes. or #### No.
- Do not end with anything else after the final answer.
Your Question:
Q: Could Eddie Murphy dial 911 in a car as a young child?

A: Eddie Murphy was born in 1961.
Eddie Murphy grew up in the 1960s and 1970s.
Responses:
In the 1960s and 1970s, the emergency number 911 was not widely used in the United States. (Score: 0.0007779356092214584)
During the 1960s and 1970s, the emergency number 911 was not widely used in the United States. (Score: 0.0008024466224014759)
<EMPTY> (Score: -inf)
<EMPTY> (Score: -inf)

====================
Query:
Use the step-by-step method as shown in the examples to answer the question. Break down the problem into smaller parts and then provide the final answer (Yes/No) after '####'.

Example 1:
Q: Karachi was a part of Alexander the Great's success?

A: Karachi is a city in modern day Pakistan.
Krokola was an ancient port located in what is now Karachi.
Alexander the Great stationed his fleet in Krokola on his way to Babylon.
Alexander the Great defeated Darius and conquered Babylon before expanding his 
empire.
#### Yes.

Example 2:
Q: Was P. G. Wodehouse's favorite book The Hunger Games?

A: P. G. Wodehouse died in 1975.
The Hunger Games was published in 2008.
#### No.
IMPORTANT:
- Think step by step.
- The final line must be exactly in the format: #### Yes. or #### No.
- Do not end with anything else after the final answer.
Your Question:
Q: Could Eddie Murphy dial 911 in a car as a young child?

A: Eddie Murphy was born in 1961.
Eddie Murphy grew up in the 1960s and 1970s.
During the 1960s and 1970s, the emergency number 911 was not widely used in the United States.
Responses:
#### Yes. (Score: 0.0013746409676969051)
#### No. (Score: 0.0014765379019081593)
<EMPTY> (Score: -inf)
<EMPTY> (Score: -inf)

====================
Query:
Use the step-by-step method as shown in the examples to answer the question. Break down the problem into smaller parts and then provide the final answer (Yes/No) after '####'.

Example 1:
Q: Karachi was a part of Alexander the Great's success?

A: Karachi is a city in modern day Pakistan.
Krokola was an ancient port located in what is now Karachi.
Alexander the Great stationed his fleet in Krokola on his way to Babylon.
Alexander the Great defeated Darius and conquered Babylon before expanding his 
empire.
#### Yes.

Example 2:
Q: Was P. G. Wodehouse's favorite book The Hunger Games?

A: P. G. Wodehouse died in 1975.
The Hunger Games was published in 2008.
#### No.
IMPORTANT:
- Think step by step.
- The final line must be exactly in the format: #### Yes. or #### No.
- Do not end with anything else after the final answer.
Your Question:
Q: Could Eddie Murphy dial 911 in a car as a young child?

A: Eddie Murphy was born in 1961.
Eddie Murphy grew up in the 1960s and 1970s.
In the 1960s and 1970s, the emergency number 911 was not widely used in the United States.
Responses:
#### Yes. (Score: 0.0013385037891566753)
#### No. (Score: 0.0014839773066341877)
<EMPTY> (Score: -inf)
<EMPTY> (Score: -inf)

====================
Query:
Use the step-by-step method as shown in the examples to answer the question. Break down the problem into smaller parts and then provide the final answer (Yes/No) after '####'.

Example 1:
Q: Karachi was a part of Alexander the Great's success?

A: Karachi is a city in modern day Pakistan.
Krokola was an ancient port located in what is now Karachi.
Alexander the Great stationed his fleet in Krokola on his way to Babylon.
Alexander the Great defeated Darius and conquered Babylon before expanding his 
empire.
#### Yes.

Example 2:
Q: Was P. G. Wodehouse's favorite book The Hunger Games?

A: P. G. Wodehouse died in 1975.
The Hunger Games was published in 2008.
#### No.
IMPORTANT:
- Think step by step.
- The final line must be exactly in the format: #### Yes. or #### No.
- Do not end with anything else after the final answer.
Your Question:
Q: Does Olympia Washington share name with Hephaestus's workshop location?

A:
Responses:
Olympia is the capital city of Washington State in the United States. (Score: -0.00010921945795416832)
Olympia is the capital city of Washington State in the United States. (Score: -0.00010921945795416832)
<EMPTY> (Score: -inf)
<EMPTY> (Score: -inf)

====================
Query:
Use the step-by-step method as shown in the examples to answer the question. Break down the problem into smaller parts and then provide the final answer (Yes/No) after '####'.

Example 1:
Q: Karachi was a part of Alexander the Great's success?

A: Karachi is a city in modern day Pakistan.
Krokola was an ancient port located in what is now Karachi.
Alexander the Great stationed his fleet in Krokola on his way to Babylon.
Alexander the Great defeated Darius and conquered Babylon before expanding his 
empire.
#### Yes.

Example 2:
Q: Was P. G. Wodehouse's favorite book The Hunger Games?

A: P. G. Wodehouse died in 1975.
The Hunger Games was published in 2008.
#### No.
IMPORTANT:
- Think step by step.
- The final line must be exactly in the format: #### Yes. or #### No.
- Do not end with anything else after the final answer.
Your Question:
Q: Does Olympia Washington share name with Hephaestus's workshop location?

A: Olympia is the capital city of Washington State in the United States.
Responses:
Olympia is named after Mount Olympus, which is associated with Greek mythology. (Score: -0.0007324749603867531)
Olympia is named after Mount Olympus, which is associated with Greek mythology. (Score: -0.0007324749603867531)
<EMPTY> (Score: -inf)
<EMPTY> (Score: -inf)

====================
Query:
Use the step-by-step method as shown in the examples to answer the question. Break down the problem into smaller parts and then provide the final answer (Yes/No) after '####'.

Example 1:
Q: Karachi was a part of Alexander the Great's success?

A: Karachi is a city in modern day Pakistan.
Krokola was an ancient port located in what is now Karachi.
Alexander the Great stationed his fleet in Krokola on his way to Babylon.
Alexander the Great defeated Darius and conquered Babylon before expanding his 
empire.
#### Yes.

Example 2:
Q: Was P. G. Wodehouse's favorite book The Hunger Games?

A: P. G. Wodehouse died in 1975.
The Hunger Games was published in 2008.
#### No.
IMPORTANT:
- Think step by step.
- The final line must be exactly in the format: #### Yes. or #### No.
- Do not end with anything else after the final answer.
Your Question:
Q: Does Olympia Washington share name with Hephaestus's workshop location?

A: Olympia is the capital city of Washington State in the United States.
Responses:
Olympia is named after Mount Olympus, which is associated with Greek mythology. (Score: -0.0007324749603867531)
Olympia is named after Mount Olympus, which is associated with Greek mythology. (Score: -0.0007324749603867531)
<EMPTY> (Score: -inf)
<EMPTY> (Score: -inf)

====================
Query:
Use the step-by-step method as shown in the examples to answer the question. Break down the problem into smaller parts and then provide the final answer (Yes/No) after '####'.

Example 1:
Q: Karachi was a part of Alexander the Great's success?

A: Karachi is a city in modern day Pakistan.
Krokola was an ancient port located in what is now Karachi.
Alexander the Great stationed his fleet in Krokola on his way to Babylon.
Alexander the Great defeated Darius and conquered Babylon before expanding his 
empire.
#### Yes.

Example 2:
Q: Was P. G. Wodehouse's favorite book The Hunger Games?

A: P. G. Wodehouse died in 1975.
The Hunger Games was published in 2008.
#### No.
IMPORTANT:
- Think step by step.
- The final line must be exactly in the format: #### Yes. or #### No.
- Do not end with anything else after the final answer.
Your Question:
Q: Does Olympia Washington share name with Hephaestus's workshop location?

A: Olympia is the capital city of Washington State in the United States.
Olympia is named after Mount Olympus, which is associated with Greek mythology.
Responses:
Hephaestus, in Greek mythology, is the god of fire and craftsmanship, and his workshop is often depicted as being located on Mount Olympus. (Score: -0.0004530814476311207)
Hephaestus, in Greek mythology, is known as the god of fire and craftsmanship, and his workshop is often said to be located under Mount Etna or on Mount Olympus. (Score: -0.0004997602663934231)
<EMPTY> (Score: -inf)
<EMPTY> (Score: -inf)

====================
Query:
Use the step-by-step method as shown in the examples to answer the question. Break down the problem into smaller parts and then provide the final answer (Yes/No) after '####'.

Example 1:
Q: Karachi was a part of Alexander the Great's success?

A: Karachi is a city in modern day Pakistan.
Krokola was an ancient port located in what is now Karachi.
Alexander the Great stationed his fleet in Krokola on his way to Babylon.
Alexander the Great defeated Darius and conquered Babylon before expanding his 
empire.
#### Yes.

Example 2:
Q: Was P. G. Wodehouse's favorite book The Hunger Games?

A: P. G. Wodehouse died in 1975.
The Hunger Games was published in 2008.
#### No.
IMPORTANT:
- Think step by step.
- The final line must be exactly in the format: #### Yes. or #### No.
- Do not end with anything else after the final answer.
Your Question:
Q: Does Olympia Washington share name with Hephaestus's workshop location?

A: Olympia is the capital city of Washington State in the United States.
Olympia is named after Mount Olympus, which is associated with Greek mythology.
Responses:
Hephaestus, in Greek mythology, is the god of fire and craftsmanship, and his workshop is often said to be located on Mount Olympus. (Score: -0.00046819495037198067)
Hephaestus, in Greek mythology, is the god of fire and craftsmanship, and his workshop is often said to be located on Mount Olympus. (Score: -0.00046819495037198067)
<EMPTY> (Score: -inf)
<EMPTY> (Score: -inf)

====================
Query:
Use the step-by-step method as shown in the examples to answer the question. Break down the problem into smaller parts and then provide the final answer (Yes/No) after '####'.

Example 1:
Q: Karachi was a part of Alexander the Great's success?

A: Karachi is a city in modern day Pakistan.
Krokola was an ancient port located in what is now Karachi.
Alexander the Great stationed his fleet in Krokola on his way to Babylon.
Alexander the Great defeated Darius and conquered Babylon before expanding his 
empire.
#### Yes.

Example 2:
Q: Was P. G. Wodehouse's favorite book The Hunger Games?

A: P. G. Wodehouse died in 1975.
The Hunger Games was published in 2008.
#### No.
IMPORTANT:
- Think step by step.
- The final line must be exactly in the format: #### Yes. or #### No.
- Do not end with anything else after the final answer.
Your Question:
Q: Does Olympia Washington share name with Hephaestus's workshop location?

A: Olympia is the capital city of Washington State in the United States.
Olympia is named after Mount Olympus, which is associated with Greek mythology.
Hephaestus, in Greek mythology, is the god of fire and craftsmanship, and his workshop is often depicted as being located on Mount Olympus.
Responses:
#### Yes. (Score: 0.0003129607066512108)
#### No. (Score: 0.0002673589624464512)
<EMPTY> (Score: -inf)
<EMPTY> (Score: -inf)

====================
Query:
Use the step-by-step method as shown in the examples to answer the question. Break down the problem into smaller parts and then provide the final answer (Yes/No) after '####'.

Example 1:
Q: Karachi was a part of Alexander the Great's success?

A: Karachi is a city in modern day Pakistan.
Krokola was an ancient port located in what is now Karachi.
Alexander the Great stationed his fleet in Krokola on his way to Babylon.
Alexander the Great defeated Darius and conquered Babylon before expanding his 
empire.
#### Yes.

Example 2:
Q: Was P. G. Wodehouse's favorite book The Hunger Games?

A: P. G. Wodehouse died in 1975.
The Hunger Games was published in 2008.
#### No.
IMPORTANT:
- Think step by step.
- The final line must be exactly in the format: #### Yes. or #### No.
- Do not end with anything else after the final answer.
Your Question:
Q: Does Olympia Washington share name with Hephaestus's workshop location?

A: Olympia is the capital city of Washington State in the United States.
Olympia is named after Mount Olympus, which is associated with Greek mythology.
Hephaestus, in Greek mythology, is the god of fire and craftsmanship, and his workshop is often said to be located on Mount Olympus.
Responses:
#### Yes. (Score: 0.0003089075908064842)
#### No. (Score: 0.00024855462834239006)
<EMPTY> (Score: -inf)
<EMPTY> (Score: -inf)

====================
Query:
Use the step-by-step method as shown in the examples to answer the question. Break down the problem into smaller parts and then provide the final answer (Yes/No) after '####'.

Example 1:
Q: Karachi was a part of Alexander the Great's success?

A: Karachi is a city in modern day Pakistan.
Krokola was an ancient port located in what is now Karachi.
Alexander the Great stationed his fleet in Krokola on his way to Babylon.
Alexander the Great defeated Darius and conquered Babylon before expanding his 
empire.
#### Yes.

Example 2:
Q: Was P. G. Wodehouse's favorite book The Hunger Games?

A: P. G. Wodehouse died in 1975.
The Hunger Games was published in 2008.
#### No.
IMPORTANT:
- Think step by step.
- The final line must be exactly in the format: #### Yes. or #### No.
- Do not end with anything else after the final answer.
Your Question:
Q: Would a Nike shoebox be too small to fit a swan in?

A:
Responses:
A: A typical Nike shoebox is designed to hold a pair of shoes, which usually measures around 12 inches long, 8 inches wide, and 4-6 inches high. (Score: -0.0004025697708129883)
A: A typical Nike shoebox is designed to hold a pair of shoes, which usually measures around 12 inches long, 8 inches wide, and 4-6 inches high. (Score: -0.0004025697708129883)
<EMPTY> (Score: -inf)
<EMPTY> (Score: -inf)

====================
Query:
Use the step-by-step method as shown in the examples to answer the question. Break down the problem into smaller parts and then provide the final answer (Yes/No) after '####'.

Example 1:
Q: Karachi was a part of Alexander the Great's success?

A: Karachi is a city in modern day Pakistan.
Krokola was an ancient port located in what is now Karachi.
Alexander the Great stationed his fleet in Krokola on his way to Babylon.
Alexander the Great defeated Darius and conquered Babylon before expanding his 
empire.
#### Yes.

Example 2:
Q: Was P. G. Wodehouse's favorite book The Hunger Games?

A: P. G. Wodehouse died in 1975.
The Hunger Games was published in 2008.
#### No.
IMPORTANT:
- Think step by step.
- The final line must be exactly in the format: #### Yes. or #### No.
- Do not end with anything else after the final answer.
Your Question:
Q: Would a Nike shoebox be too small to fit a swan in?

A: A: A typical Nike shoebox is designed to hold a pair of shoes, which usually measures around 12 inches long, 8 inches wide, and 4-6 inches high.
Responses:
A: A swan is a large bird, with an average length of about 4 to 6 feet and a wingspan that can reach up to 10 feet. (Score: -0.001046313438564539)
A: A swan is a large bird, with an average length of about 4 to 6 feet and a wingspan that can reach up to 10 feet. (Score: -0.001046313438564539)
<EMPTY> (Score: -inf)
<EMPTY> (Score: -inf)

====================
Query:
Use the step-by-step method as shown in the examples to answer the question. Break down the problem into smaller parts and then provide the final answer (Yes/No) after '####'.

Example 1:
Q: Karachi was a part of Alexander the Great's success?

A: Karachi is a city in modern day Pakistan.
Krokola was an ancient port located in what is now Karachi.
Alexander the Great stationed his fleet in Krokola on his way to Babylon.
Alexander the Great defeated Darius and conquered Babylon before expanding his 
empire.
#### Yes.

Example 2:
Q: Was P. G. Wodehouse's favorite book The Hunger Games?

A: P. G. Wodehouse died in 1975.
The Hunger Games was published in 2008.
#### No.
IMPORTANT:
- Think step by step.
- The final line must be exactly in the format: #### Yes. or #### No.
- Do not end with anything else after the final answer.
Your Question:
Q: Would a Nike shoebox be too small to fit a swan in?

A: A: A typical Nike shoebox is designed to hold a pair of shoes, which usually measures around 12 inches long, 8 inches wide, and 4-6 inches high.
Responses:
A: A swan is a large bird, with an average length of about 4 to 6 feet and a wingspan that can reach up to 10 feet. (Score: -0.001046313438564539)
A: A swan is a large bird, with an average length of about 4 to 6 feet and a wingspan that can reach up to 10 feet. (Score: -0.001046313438564539)
<EMPTY> (Score: -inf)
<EMPTY> (Score: -inf)

====================
Query:
Use the step-by-step method as shown in the examples to answer the question. Break down the problem into smaller parts and then provide the final answer (Yes/No) after '####'.

Example 1:
Q: Karachi was a part of Alexander the Great's success?

A: Karachi is a city in modern day Pakistan.
Krokola was an ancient port located in what is now Karachi.
Alexander the Great stationed his fleet in Krokola on his way to Babylon.
Alexander the Great defeated Darius and conquered Babylon before expanding his 
empire.
#### Yes.

Example 2:
Q: Was P. G. Wodehouse's favorite book The Hunger Games?

A: P. G. Wodehouse died in 1975.
The Hunger Games was published in 2008.
#### No.
IMPORTANT:
- Think step by step.
- The final line must be exactly in the format: #### Yes. or #### No.
- Do not end with anything else after the final answer.
Your Question:
Q: Would a Nike shoebox be too small to fit a swan in?

A: A: A typical Nike shoebox is designed to hold a pair of shoes, which usually measures around 12 inches long, 8 inches wide, and 4-6 inches high.
A: A swan is a large bird, with an average length of about 4 to 6 feet and a wingspan that can reach up to 10 feet.
Responses:
A: Given the dimensions of a typical Nike shoebox, it is significantly smaller than the size of a swan. (Score: -0.0004183659330010414)
A: Given the dimensions of a typical Nike shoebox, it is significantly smaller than the size of a swan. (Score: -0.0004183659330010414)
<EMPTY> (Score: -inf)
<EMPTY> (Score: -inf)

====================
Query:
Use the step-by-step method as shown in the examples to answer the question. Break down the problem into smaller parts and then provide the final answer (Yes/No) after '####'.

Example 1:
Q: Karachi was a part of Alexander the Great's success?

A: Karachi is a city in modern day Pakistan.
Krokola was an ancient port located in what is now Karachi.
Alexander the Great stationed his fleet in Krokola on his way to Babylon.
Alexander the Great defeated Darius and conquered Babylon before expanding his 
empire.
#### Yes.

Example 2:
Q: Was P. G. Wodehouse's favorite book The Hunger Games?

A: P. G. Wodehouse died in 1975.
The Hunger Games was published in 2008.
#### No.
IMPORTANT:
- Think step by step.
- The final line must be exactly in the format: #### Yes. or #### No.
- Do not end with anything else after the final answer.
Your Question:
Q: Would a Nike shoebox be too small to fit a swan in?

A: A: A typical Nike shoebox is designed to hold a pair of shoes, which usually measures around 12 inches long, 8 inches wide, and 4-6 inches high.
A: A swan is a large bird, with an average length of about 4 to 6 feet and a wingspan that can reach up to 10 feet.
Responses:
A: Given the dimensions of a typical Nike shoebox, it is significantly smaller than the size of a swan. (Score: -0.0004183659330010414)
A: Given the dimensions of a typical Nike shoebox, it is significantly smaller than the size of a swan. (Score: -0.0004183659330010414)
<EMPTY> (Score: -inf)
<EMPTY> (Score: -inf)

====================
Query:
Use the step-by-step method as shown in the examples to answer the question. Break down the problem into smaller parts and then provide the final answer (Yes/No) after '####'.

Example 1:
Q: Karachi was a part of Alexander the Great's success?

A: Karachi is a city in modern day Pakistan.
Krokola was an ancient port located in what is now Karachi.
Alexander the Great stationed his fleet in Krokola on his way to Babylon.
Alexander the Great defeated Darius and conquered Babylon before expanding his 
empire.
#### Yes.

Example 2:
Q: Was P. G. Wodehouse's favorite book The Hunger Games?

A: P. G. Wodehouse died in 1975.
The Hunger Games was published in 2008.
#### No.
IMPORTANT:
- Think step by step.
- The final line must be exactly in the format: #### Yes. or #### No.
- Do not end with anything else after the final answer.
Your Question:
Q: Would a Nike shoebox be too small to fit a swan in?

A: A: A typical Nike shoebox is designed to hold a pair of shoes, which usually measures around 12 inches long, 8 inches wide, and 4-6 inches high.
A: A swan is a large bird, with an average length of about 4 to 6 feet and a wingspan that can reach up to 10 feet.
A: Given the dimensions of a typical Nike shoebox, it is significantly smaller than the size of a swan.
Responses:
#### Yes. (Score: 0.0003821910358965397)
#### No. (Score: 0.000505195464938879)
<EMPTY> (Score: -inf)
<EMPTY> (Score: -inf)

====================
Query:
Use the step-by-step method as shown in the examples to answer the question. Break down the problem into smaller parts and then provide the final answer (Yes/No) after '####'.

Example 1:
Q: Karachi was a part of Alexander the Great's success?

A: Karachi is a city in modern day Pakistan.
Krokola was an ancient port located in what is now Karachi.
Alexander the Great stationed his fleet in Krokola on his way to Babylon.
Alexander the Great defeated Darius and conquered Babylon before expanding his 
empire.
#### Yes.

Example 2:
Q: Was P. G. Wodehouse's favorite book The Hunger Games?

A: P. G. Wodehouse died in 1975.
The Hunger Games was published in 2008.
#### No.
IMPORTANT:
- Think step by step.
- The final line must be exactly in the format: #### Yes. or #### No.
- Do not end with anything else after the final answer.
Your Question:
Q: Would a Nike shoebox be too small to fit a swan in?

A: A: A typical Nike shoebox is designed to hold a pair of shoes, which usually measures around 12 inches long, 8 inches wide, and 4-6 inches high.
A: A swan is a large bird, with an average length of about 4 to 6 feet and a wingspan that can reach up to 10 feet.
A: Given the dimensions of a typical Nike shoebox, it is significantly smaller than the size of a swan.
Responses:
#### Yes. (Score: 0.0003821910358965397)
#### No. (Score: 0.000505195464938879)
<EMPTY> (Score: -inf)
<EMPTY> (Score: -inf)

====================
Query:
Use the step-by-step method as shown in the examples to answer the question. Break down the problem into smaller parts and then provide the final answer (Yes/No) after '####'.

Example 1:
Q: Karachi was a part of Alexander the Great's success?

A: Karachi is a city in modern day Pakistan.
Krokola was an ancient port located in what is now Karachi.
Alexander the Great stationed his fleet in Krokola on his way to Babylon.
Alexander the Great defeated Darius and conquered Babylon before expanding his 
empire.
#### Yes.

Example 2:
Q: Was P. G. Wodehouse's favorite book The Hunger Games?

A: P. G. Wodehouse died in 1975.
The Hunger Games was published in 2008.
#### No.
IMPORTANT:
- Think step by step.
- The final line must be exactly in the format: #### Yes. or #### No.
- Do not end with anything else after the final answer.
Your Question:
Q: Are all the elements plants need for photosynthesis present in atmosphere of Mars?

A:
Responses:
Photosynthesis requires certain elements, primarily carbon dioxide, water, and sunlight. (Score: -0.001592534128576517)
Photosynthesis primarily requires sunlight, carbon dioxide, and water. (Score: -0.0009962362237274647)
<EMPTY> (Score: -inf)
<EMPTY> (Score: -inf)

====================
Query:
Use the step-by-step method as shown in the examples to answer the question. Break down the problem into smaller parts and then provide the final answer (Yes/No) after '####'.

Example 1:
Q: Karachi was a part of Alexander the Great's success?

A: Karachi is a city in modern day Pakistan.
Krokola was an ancient port located in what is now Karachi.
Alexander the Great stationed his fleet in Krokola on his way to Babylon.
Alexander the Great defeated Darius and conquered Babylon before expanding his 
empire.
#### Yes.

Example 2:
Q: Was P. G. Wodehouse's favorite book The Hunger Games?

A: P. G. Wodehouse died in 1975.
The Hunger Games was published in 2008.
#### No.
IMPORTANT:
- Think step by step.
- The final line must be exactly in the format: #### Yes. or #### No.
- Do not end with anything else after the final answer.
Your Question:
Q: Are all the elements plants need for photosynthesis present in atmosphere of Mars?

A: Photosynthesis primarily requires sunlight, carbon dioxide, and water.
Responses:
Mars has a very thin atmosphere, composed mostly of carbon dioxide, but it lacks sufficient water vapor. (Score: -0.001309689600020647)
A: Mars has a very thin atmosphere composed mostly of carbon dioxide, which is essential for photosynthesis. (Score: -0.0007048980332911015)
<EMPTY> (Score: -inf)
<EMPTY> (Score: -inf)

====================
Query:
Use the step-by-step method as shown in the examples to answer the question. Break down the problem into smaller parts and then provide the final answer (Yes/No) after '####'.

Example 1:
Q: Karachi was a part of Alexander the Great's success?

A: Karachi is a city in modern day Pakistan.
Krokola was an ancient port located in what is now Karachi.
Alexander the Great stationed his fleet in Krokola on his way to Babylon.
Alexander the Great defeated Darius and conquered Babylon before expanding his 
empire.
#### Yes.

Example 2:
Q: Was P. G. Wodehouse's favorite book The Hunger Games?

A: P. G. Wodehouse died in 1975.
The Hunger Games was published in 2008.
#### No.
IMPORTANT:
- Think step by step.
- The final line must be exactly in the format: #### Yes. or #### No.
- Do not end with anything else after the final answer.
Your Question:
Q: Are all the elements plants need for photosynthesis present in atmosphere of Mars?

A: Photosynthesis requires certain elements, primarily carbon dioxide, water, and sunlight.
Responses:
Mars has a very thin atmosphere, composed mostly of carbon dioxide, which is essential for photosynthesis. (Score: -0.0008758828043937683)
Mars has a very thin atmosphere, composed mostly of carbon dioxide, which is essential for photosynthesis. (Score: -0.0008758828043937683)
<EMPTY> (Score: -inf)
<EMPTY> (Score: -inf)

====================
Query:
Use the step-by-step method as shown in the examples to answer the question. Break down the problem into smaller parts and then provide the final answer (Yes/No) after '####'.

Example 1:
Q: Karachi was a part of Alexander the Great's success?

A: Karachi is a city in modern day Pakistan.
Krokola was an ancient port located in what is now Karachi.
Alexander the Great stationed his fleet in Krokola on his way to Babylon.
Alexander the Great defeated Darius and conquered Babylon before expanding his 
empire.
#### Yes.

Example 2:
Q: Was P. G. Wodehouse's favorite book The Hunger Games?

A: P. G. Wodehouse died in 1975.
The Hunger Games was published in 2008.
#### No.
IMPORTANT:
- Think step by step.
- The final line must be exactly in the format: #### Yes. or #### No.
- Do not end with anything else after the final answer.
Your Question:
Q: Are all the elements plants need for photosynthesis present in atmosphere of Mars?

A: Photosynthesis primarily requires sunlight, carbon dioxide, and water.
A: Mars has a very thin atmosphere composed mostly of carbon dioxide, which is essential for photosynthesis.
Responses:
A: However, Mars has extremely low levels of water vapor in its atmosphere, which is also necessary for photosynthesis. (Score: -0.0015587527304887772)
A: However, Mars has extremely low levels of water vapor in its atmosphere, and liquid water is scarce on the surface. (Score: -0.0009262361563742161)
<EMPTY> (Score: -inf)
<EMPTY> (Score: -inf)

====================
Query:
Use the step-by-step method as shown in the examples to answer the question. Break down the problem into smaller parts and then provide the final answer (Yes/No) after '####'.

Example 1:
Q: Karachi was a part of Alexander the Great's success?

A: Karachi is a city in modern day Pakistan.
Krokola was an ancient port located in what is now Karachi.
Alexander the Great stationed his fleet in Krokola on his way to Babylon.
Alexander the Great defeated Darius and conquered Babylon before expanding his 
empire.
#### Yes.

Example 2:
Q: Was P. G. Wodehouse's favorite book The Hunger Games?

A: P. G. Wodehouse died in 1975.
The Hunger Games was published in 2008.
#### No.
IMPORTANT:
- Think step by step.
- The final line must be exactly in the format: #### Yes. or #### No.
- Do not end with anything else after the final answer.
Your Question:
Q: Are all the elements plants need for photosynthesis present in atmosphere of Mars?

A: Photosynthesis requires certain elements, primarily carbon dioxide, water, and sunlight.
Mars has a very thin atmosphere, composed mostly of carbon dioxide, which is essential for photosynthesis.
Responses:
However, Mars has very little water in its atmosphere, and the availability of liquid water is crucial for the process of photosynthesis. (Score: -0.0009077810682356358)
A: However, Mars has very little water in its atmosphere, and the availability of liquid water is crucial for photosynthesis. (Score: -0.0007436368614435196)
<EMPTY> (Score: -inf)
<EMPTY> (Score: -inf)

====================
Query:
Use the step-by-step method as shown in the examples to answer the question. Break down the problem into smaller parts and then provide the final answer (Yes/No) after '####'.

Example 1:
Q: Karachi was a part of Alexander the Great's success?

A: Karachi is a city in modern day Pakistan.
Krokola was an ancient port located in what is now Karachi.
Alexander the Great stationed his fleet in Krokola on his way to Babylon.
Alexander the Great defeated Darius and conquered Babylon before expanding his 
empire.
#### Yes.

Example 2:
Q: Was P. G. Wodehouse's favorite book The Hunger Games?

A: P. G. Wodehouse died in 1975.
The Hunger Games was published in 2008.
#### No.
IMPORTANT:
- Think step by step.
- The final line must be exactly in the format: #### Yes. or #### No.
- Do not end with anything else after the final answer.
Your Question:
Q: Are all the elements plants need for photosynthesis present in atmosphere of Mars?

A: Photosynthesis requires certain elements, primarily carbon dioxide, water, and sunlight.
Mars has a very thin atmosphere, composed mostly of carbon dioxide, which is essential for photosynthesis.
A: However, Mars has very little water in its atmosphere, and the availability of liquid water is crucial for photosynthesis.
Responses:
#### Yes. (Score: 0.00019836612045764923)
#### No. (Score: 0.00013365969061851501)
<EMPTY> (Score: -inf)
<EMPTY> (Score: -inf)

====================
Query:
Use the step-by-step method as shown in the examples to answer the question. Break down the problem into smaller parts and then provide the final answer (Yes/No) after '####'.

Example 1:
Q: Karachi was a part of Alexander the Great's success?

A: Karachi is a city in modern day Pakistan.
Krokola was an ancient port located in what is now Karachi.
Alexander the Great stationed his fleet in Krokola on his way to Babylon.
Alexander the Great defeated Darius and conquered Babylon before expanding his 
empire.
#### Yes.

Example 2:
Q: Was P. G. Wodehouse's favorite book The Hunger Games?

A: P. G. Wodehouse died in 1975.
The Hunger Games was published in 2008.
#### No.
IMPORTANT:
- Think step by step.
- The final line must be exactly in the format: #### Yes. or #### No.
- Do not end with anything else after the final answer.
Your Question:
Q: Are all the elements plants need for photosynthesis present in atmosphere of Mars?

A: Photosynthesis requires certain elements, primarily carbon dioxide, water, and sunlight.
Mars has a very thin atmosphere, composed mostly of carbon dioxide, which is essential for photosynthesis.
However, Mars has very little water in its atmosphere, and the availability of liquid water is crucial for the process of photosynthesis.
Responses:
#### Yes. (Score: -0.00011295778676867485)
#### No. (Score: -0.00013957032933831215)
<EMPTY> (Score: -inf)
<EMPTY> (Score: -inf)

====================
Query:
Use the step-by-step method as shown in the examples to answer the question. Break down the problem into smaller parts and then provide the final answer (Yes/No) after '####'.

Example 1:
Q: Karachi was a part of Alexander the Great's success?

A: Karachi is a city in modern day Pakistan.
Krokola was an ancient port located in what is now Karachi.
Alexander the Great stationed his fleet in Krokola on his way to Babylon.
Alexander the Great defeated Darius and conquered Babylon before expanding his 
empire.
#### Yes.

Example 2:
Q: Was P. G. Wodehouse's favorite book The Hunger Games?

A: P. G. Wodehouse died in 1975.
The Hunger Games was published in 2008.
#### No.
IMPORTANT:
- Think step by step.
- The final line must be exactly in the format: #### Yes. or #### No.
- Do not end with anything else after the final answer.
Your Question:
Q: Could you make the kitchen 'holy trinity' without celery?

A:
Responses:
The kitchen 'holy trinity' typically refers to a combination of three ingredients used as a base in cooking, particularly in Cajun and Creole cuisine. (Score: -0.001188349910080433)
The "holy trinity" in cooking typically refers to a combination of three ingredients: onions, bell peppers, and celery. (Score: -0.001996392384171486)
<EMPTY> (Score: -inf)
<EMPTY> (Score: -inf)

====================
Query:
Use the step-by-step method as shown in the examples to answer the question. Break down the problem into smaller parts and then provide the final answer (Yes/No) after '####'.

Example 1:
Q: Karachi was a part of Alexander the Great's success?

A: Karachi is a city in modern day Pakistan.
Krokola was an ancient port located in what is now Karachi.
Alexander the Great stationed his fleet in Krokola on his way to Babylon.
Alexander the Great defeated Darius and conquered Babylon before expanding his 
empire.
#### Yes.

Example 2:
Q: Was P. G. Wodehouse's favorite book The Hunger Games?

A: P. G. Wodehouse died in 1975.
The Hunger Games was published in 2008.
#### No.
IMPORTANT:
- Think step by step.
- The final line must be exactly in the format: #### Yes. or #### No.
- Do not end with anything else after the final answer.
Your Question:
Q: Could you make the kitchen 'holy trinity' without celery?

A: The kitchen 'holy trinity' typically refers to a combination of three ingredients used as a base in cooking, particularly in Cajun and Creole cuisine.
Responses:
The traditional 'holy trinity' consists of onions, bell peppers, and celery. (Score: -0.0016853492707014084)
The traditional 'holy trinity' consists of onions, bell peppers, and celery. (Score: -0.0016853492707014084)
<EMPTY> (Score: -inf)
<EMPTY> (Score: -inf)

====================
Query:
Use the step-by-step method as shown in the examples to answer the question. Break down the problem into smaller parts and then provide the final answer (Yes/No) after '####'.

Example 1:
Q: Karachi was a part of Alexander the Great's success?

A: Karachi is a city in modern day Pakistan.
Krokola was an ancient port located in what is now Karachi.
Alexander the Great stationed his fleet in Krokola on his way to Babylon.
Alexander the Great defeated Darius and conquered Babylon before expanding his 
empire.
#### Yes.

Example 2:
Q: Was P. G. Wodehouse's favorite book The Hunger Games?

A: P. G. Wodehouse died in 1975.
The Hunger Games was published in 2008.
#### No.
IMPORTANT:
- Think step by step.
- The final line must be exactly in the format: #### Yes. or #### No.
- Do not end with anything else after the final answer.
Your Question:
Q: Could you make the kitchen 'holy trinity' without celery?

A: The "holy trinity" in cooking typically refers to a combination of three ingredients: onions, bell peppers, and celery.
Responses:
The "holy trinity" is a foundational flavor base in many cuisines, particularly in Cajun and Creole cooking. (Score: -0.0016493159346282482)
The "holy trinity" is a foundational flavor base in many cuisines, particularly in Cajun and Creole cooking. (Score: -0.0016493159346282482)
<EMPTY> (Score: -inf)
<EMPTY> (Score: -inf)

====================
Query:
Use the step-by-step method as shown in the examples to answer the question. Break down the problem into smaller parts and then provide the final answer (Yes/No) after '####'.

Example 1:
Q: Karachi was a part of Alexander the Great's success?

A: Karachi is a city in modern day Pakistan.
Krokola was an ancient port located in what is now Karachi.
Alexander the Great stationed his fleet in Krokola on his way to Babylon.
Alexander the Great defeated Darius and conquered Babylon before expanding his 
empire.
#### Yes.

Example 2:
Q: Was P. G. Wodehouse's favorite book The Hunger Games?

A: P. G. Wodehouse died in 1975.
The Hunger Games was published in 2008.
#### No.
IMPORTANT:
- Think step by step.
- The final line must be exactly in the format: #### Yes. or #### No.
- Do not end with anything else after the final answer.
Your Question:
Q: Could you make the kitchen 'holy trinity' without celery?

A: The "holy trinity" in cooking typically refers to a combination of three ingredients: onions, bell peppers, and celery.
The "holy trinity" is a foundational flavor base in many cuisines, particularly in Cajun and Creole cooking.
Responses:
Celery is one of the three essential ingredients in the "holy trinity.". (Score: -0.001880778931081295)
Celery is one of the three essential ingredients in the "holy trinity.". (Score: -0.001880778931081295)
<EMPTY> (Score: -inf)
<EMPTY> (Score: -inf)

====================
Query:
Use the step-by-step method as shown in the examples to answer the question. Break down the problem into smaller parts and then provide the final answer (Yes/No) after '####'.

Example 1:
Q: Karachi was a part of Alexander the Great's success?

A: Karachi is a city in modern day Pakistan.
Krokola was an ancient port located in what is now Karachi.
Alexander the Great stationed his fleet in Krokola on his way to Babylon.
Alexander the Great defeated Darius and conquered Babylon before expanding his 
empire.
#### Yes.

Example 2:
Q: Was P. G. Wodehouse's favorite book The Hunger Games?

A: P. G. Wodehouse died in 1975.
The Hunger Games was published in 2008.
#### No.
IMPORTANT:
- Think step by step.
- The final line must be exactly in the format: #### Yes. or #### No.
- Do not end with anything else after the final answer.
Your Question:
Q: Could you make the kitchen 'holy trinity' without celery?

A: The "holy trinity" in cooking typically refers to a combination of three ingredients: onions, bell peppers, and celery.
The "holy trinity" is a foundational flavor base in many cuisines, particularly in Cajun and Creole cooking.
Responses:
Celery is one of the three essential ingredients in the "holy trinity.". (Score: -0.001880778931081295)
Celery is one of the three essential ingredients in the "holy trinity.". (Score: -0.001880778931081295)
<EMPTY> (Score: -inf)
<EMPTY> (Score: -inf)

====================
Query:
Use the step-by-step method as shown in the examples to answer the question. Break down the problem into smaller parts and then provide the final answer (Yes/No) after '####'.

Example 1:
Q: Karachi was a part of Alexander the Great's success?

A: Karachi is a city in modern day Pakistan.
Krokola was an ancient port located in what is now Karachi.
Alexander the Great stationed his fleet in Krokola on his way to Babylon.
Alexander the Great defeated Darius and conquered Babylon before expanding his 
empire.
#### Yes.

Example 2:
Q: Was P. G. Wodehouse's favorite book The Hunger Games?

A: P. G. Wodehouse died in 1975.
The Hunger Games was published in 2008.
#### No.
IMPORTANT:
- Think step by step.
- The final line must be exactly in the format: #### Yes. or #### No.
- Do not end with anything else after the final answer.
Your Question:
Q: Could you make the kitchen 'holy trinity' without celery?

A: The "holy trinity" in cooking typically refers to a combination of three ingredients: onions, bell peppers, and celery.
The "holy trinity" is a foundational flavor base in many cuisines, particularly in Cajun and Creole cooking.
Celery is one of the three essential ingredients in the "holy trinity.".
Responses:
#### Yes. (Score: -0.00037271762266755104)
#### No. (Score: -0.0003678821958601475)
<EMPTY> (Score: -inf)
<EMPTY> (Score: -inf)

====================
Query:
Use the step-by-step method as shown in the examples to answer the question. Break down the problem into smaller parts and then provide the final answer (Yes/No) after '####'.

Example 1:
Q: Karachi was a part of Alexander the Great's success?

A: Karachi is a city in modern day Pakistan.
Krokola was an ancient port located in what is now Karachi.
Alexander the Great stationed his fleet in Krokola on his way to Babylon.
Alexander the Great defeated Darius and conquered Babylon before expanding his 
empire.
#### Yes.

Example 2:
Q: Was P. G. Wodehouse's favorite book The Hunger Games?

A: P. G. Wodehouse died in 1975.
The Hunger Games was published in 2008.
#### No.
IMPORTANT:
- Think step by step.
- The final line must be exactly in the format: #### Yes. or #### No.
- Do not end with anything else after the final answer.
Your Question:
Q: Could you make the kitchen 'holy trinity' without celery?

A: The "holy trinity" in cooking typically refers to a combination of three ingredients: onions, bell peppers, and celery.
The "holy trinity" is a foundational flavor base in many cuisines, particularly in Cajun and Creole cooking.
Celery is one of the three essential ingredients in the "holy trinity.".
Responses:
#### Yes. (Score: -0.00037271762266755104)
#### No. (Score: -0.0003678821958601475)
<EMPTY> (Score: -inf)
<EMPTY> (Score: -inf)

====================
Query:
Use the step-by-step method as shown in the examples to answer the question. Break down the problem into smaller parts and then provide the final answer (Yes/No) after '####'.

Example 1:
Q: Karachi was a part of Alexander the Great's success?

A: Karachi is a city in modern day Pakistan.
Krokola was an ancient port located in what is now Karachi.
Alexander the Great stationed his fleet in Krokola on his way to Babylon.
Alexander the Great defeated Darius and conquered Babylon before expanding his 
empire.
#### Yes.

Example 2:
Q: Was P. G. Wodehouse's favorite book The Hunger Games?

A: P. G. Wodehouse died in 1975.
The Hunger Games was published in 2008.
#### No.
IMPORTANT:
- Think step by step.
- The final line must be exactly in the format: #### Yes. or #### No.
- Do not end with anything else after the final answer.
Your Question:
Q: Is Garfield known for hating italian cuisine?

A:
Responses:
Garfield is a fictional cat created by Jim Davis. (Score: 0.0017178389243781567)
Garfield is a fictional cat created by Jim Davis. (Score: 0.0017178389243781567)
<EMPTY> (Score: -inf)
<EMPTY> (Score: -inf)

====================
Query:
Use the step-by-step method as shown in the examples to answer the question. Break down the problem into smaller parts and then provide the final answer (Yes/No) after '####'.

Example 1:
Q: Karachi was a part of Alexander the Great's success?

A: Karachi is a city in modern day Pakistan.
Krokola was an ancient port located in what is now Karachi.
Alexander the Great stationed his fleet in Krokola on his way to Babylon.
Alexander the Great defeated Darius and conquered Babylon before expanding his 
empire.
#### Yes.

Example 2:
Q: Was P. G. Wodehouse's favorite book The Hunger Games?

A: P. G. Wodehouse died in 1975.
The Hunger Games was published in 2008.
#### No.
IMPORTANT:
- Think step by step.
- The final line must be exactly in the format: #### Yes. or #### No.
- Do not end with anything else after the final answer.
Your Question:
Q: Is Garfield known for hating italian cuisine?

A: Garfield is a fictional cat created by Jim Davis.
Responses:
Garfield is known for his love of lasagna, which is an Italian dish. (Score: 0.00012063328176736832)
Garfield is known for his love of lasagna, which is an Italian dish. (Score: 0.00012063328176736832)
<EMPTY> (Score: -inf)
<EMPTY> (Score: -inf)

====================
Query:
Use the step-by-step method as shown in the examples to answer the question. Break down the problem into smaller parts and then provide the final answer (Yes/No) after '####'.

Example 1:
Q: Karachi was a part of Alexander the Great's success?

A: Karachi is a city in modern day Pakistan.
Krokola was an ancient port located in what is now Karachi.
Alexander the Great stationed his fleet in Krokola on his way to Babylon.
Alexander the Great defeated Darius and conquered Babylon before expanding his 
empire.
#### Yes.

Example 2:
Q: Was P. G. Wodehouse's favorite book The Hunger Games?

A: P. G. Wodehouse died in 1975.
The Hunger Games was published in 2008.
#### No.
IMPORTANT:
- Think step by step.
- The final line must be exactly in the format: #### Yes. or #### No.
- Do not end with anything else after the final answer.
Your Question:
Q: Is Garfield known for hating italian cuisine?

A: Garfield is a fictional cat created by Jim Davis.
Responses:
Garfield is known for his love of lasagna, which is an Italian dish. (Score: 0.00012063328176736832)
Garfield is known for his love of lasagna, which is an Italian dish. (Score: 0.00012063328176736832)
<EMPTY> (Score: -inf)
<EMPTY> (Score: -inf)

====================
Query:
Use the step-by-step method as shown in the examples to answer the question. Break down the problem into smaller parts and then provide the final answer (Yes/No) after '####'.

Example 1:
Q: Karachi was a part of Alexander the Great's success?

A: Karachi is a city in modern day Pakistan.
Krokola was an ancient port located in what is now Karachi.
Alexander the Great stationed his fleet in Krokola on his way to Babylon.
Alexander the Great defeated Darius and conquered Babylon before expanding his 
empire.
#### Yes.

Example 2:
Q: Was P. G. Wodehouse's favorite book The Hunger Games?

A: P. G. Wodehouse died in 1975.
The Hunger Games was published in 2008.
#### No.
IMPORTANT:
- Think step by step.
- The final line must be exactly in the format: #### Yes. or #### No.
- Do not end with anything else after the final answer.
Your Question:
Q: Is Garfield known for hating italian cuisine?

A: Garfield is a fictional cat created by Jim Davis.
Garfield is known for his love of lasagna, which is an Italian dish.
Responses:
Garfield often expresses disdain for various foods, but lasagna is his favorite. (Score: -0.00011575175449252129)
Garfield often expresses disdain for various foods, but lasagna is his favorite. (Score: -0.00011575175449252129)
<EMPTY> (Score: -inf)
<EMPTY> (Score: -inf)

====================
Query:
Use the step-by-step method as shown in the examples to answer the question. Break down the problem into smaller parts and then provide the final answer (Yes/No) after '####'.

Example 1:
Q: Karachi was a part of Alexander the Great's success?

A: Karachi is a city in modern day Pakistan.
Krokola was an ancient port located in what is now Karachi.
Alexander the Great stationed his fleet in Krokola on his way to Babylon.
Alexander the Great defeated Darius and conquered Babylon before expanding his 
empire.
#### Yes.

Example 2:
Q: Was P. G. Wodehouse's favorite book The Hunger Games?

A: P. G. Wodehouse died in 1975.
The Hunger Games was published in 2008.
#### No.
IMPORTANT:
- Think step by step.
- The final line must be exactly in the format: #### Yes. or #### No.
- Do not end with anything else after the final answer.
Your Question:
Q: Is Garfield known for hating italian cuisine?

A: Garfield is a fictional cat created by Jim Davis.
Garfield is known for his love of lasagna, which is an Italian dish.
Responses:
Garfield often expresses disdain for various foods, but lasagna is his favorite. (Score: -0.00011575175449252129)
Garfield often expresses disdain for various foods, but lasagna is his favorite. (Score: -0.00011575175449252129)
<EMPTY> (Score: -inf)
<EMPTY> (Score: -inf)

====================
Query:
Use the step-by-step method as shown in the examples to answer the question. Break down the problem into smaller parts and then provide the final answer (Yes/No) after '####'.

Example 1:
Q: Karachi was a part of Alexander the Great's success?

A: Karachi is a city in modern day Pakistan.
Krokola was an ancient port located in what is now Karachi.
Alexander the Great stationed his fleet in Krokola on his way to Babylon.
Alexander the Great defeated Darius and conquered Babylon before expanding his 
empire.
#### Yes.

Example 2:
Q: Was P. G. Wodehouse's favorite book The Hunger Games?

A: P. G. Wodehouse died in 1975.
The Hunger Games was published in 2008.
#### No.
IMPORTANT:
- Think step by step.
- The final line must be exactly in the format: #### Yes. or #### No.
- Do not end with anything else after the final answer.
Your Question:
Q: Is Garfield known for hating italian cuisine?

A: Garfield is a fictional cat created by Jim Davis.
Garfield is known for his love of lasagna, which is an Italian dish.
Garfield often expresses disdain for various foods, but lasagna is his favorite.
Responses:
#### Yes. (Score: 0.0008292365819215775)
#### No. (Score: 0.0009571705013513565)
<EMPTY> (Score: -inf)
<EMPTY> (Score: -inf)

====================
Query:
Use the step-by-step method as shown in the examples to answer the question. Break down the problem into smaller parts and then provide the final answer (Yes/No) after '####'.

Example 1:
Q: Karachi was a part of Alexander the Great's success?

A: Karachi is a city in modern day Pakistan.
Krokola was an ancient port located in what is now Karachi.
Alexander the Great stationed his fleet in Krokola on his way to Babylon.
Alexander the Great defeated Darius and conquered Babylon before expanding his 
empire.
#### Yes.

Example 2:
Q: Was P. G. Wodehouse's favorite book The Hunger Games?

A: P. G. Wodehouse died in 1975.
The Hunger Games was published in 2008.
#### No.
IMPORTANT:
- Think step by step.
- The final line must be exactly in the format: #### Yes. or #### No.
- Do not end with anything else after the final answer.
Your Question:
Q: Is Garfield known for hating italian cuisine?

A: Garfield is a fictional cat created by Jim Davis.
Garfield is known for his love of lasagna, which is an Italian dish.
Garfield often expresses disdain for various foods, but lasagna is his favorite.
Responses:
#### Yes. (Score: 0.0008292365819215775)
#### No. (Score: 0.0009571705013513565)
<EMPTY> (Score: -inf)
<EMPTY> (Score: -inf)

====================
Query:
Use the step-by-step method as shown in the examples to answer the question. Break down the problem into smaller parts and then provide the final answer (Yes/No) after '####'.

Example 1:
Q: Karachi was a part of Alexander the Great's success?

A: Karachi is a city in modern day Pakistan.
Krokola was an ancient port located in what is now Karachi.
Alexander the Great stationed his fleet in Krokola on his way to Babylon.
Alexander the Great defeated Darius and conquered Babylon before expanding his 
empire.
#### Yes.

Example 2:
Q: Was P. G. Wodehouse's favorite book The Hunger Games?

A: P. G. Wodehouse died in 1975.
The Hunger Games was published in 2008.
#### No.
IMPORTANT:
- Think step by step.
- The final line must be exactly in the format: #### Yes. or #### No.
- Do not end with anything else after the final answer.
Your Question:
Q: Did Jack Dempsey fight the current WBC heavyweight champion?

A:
Responses:
Jack Dempsey was a professional boxer who fought in the early 20th century. (Score: 0.0007524210959672928)
Jack Dempsey was a professional boxer who fought in the early 20th century. (Score: 0.0007524210959672928)
<EMPTY> (Score: -inf)
<EMPTY> (Score: -inf)

====================
Query:
Use the step-by-step method as shown in the examples to answer the question. Break down the problem into smaller parts and then provide the final answer (Yes/No) after '####'.

Example 1:
Q: Karachi was a part of Alexander the Great's success?

A: Karachi is a city in modern day Pakistan.
Krokola was an ancient port located in what is now Karachi.
Alexander the Great stationed his fleet in Krokola on his way to Babylon.
Alexander the Great defeated Darius and conquered Babylon before expanding his 
empire.
#### Yes.

Example 2:
Q: Was P. G. Wodehouse's favorite book The Hunger Games?

A: P. G. Wodehouse died in 1975.
The Hunger Games was published in 2008.
#### No.
IMPORTANT:
- Think step by step.
- The final line must be exactly in the format: #### Yes. or #### No.
- Do not end with anything else after the final answer.
Your Question:
Q: Did Jack Dempsey fight the current WBC heavyweight champion?

A: Jack Dempsey was a professional boxer who fought in the early 20th century.
Responses:
Jack Dempsey was active primarily in the 1920s and retired in 1927. (Score: 0.0007451842539012432)
Jack Dempsey was active primarily in the 1920s and retired in 1927. (Score: 0.0007451842539012432)
<EMPTY> (Score: -inf)
<EMPTY> (Score: -inf)

====================
Query:
Use the step-by-step method as shown in the examples to answer the question. Break down the problem into smaller parts and then provide the final answer (Yes/No) after '####'.

Example 1:
Q: Karachi was a part of Alexander the Great's success?

A: Karachi is a city in modern day Pakistan.
Krokola was an ancient port located in what is now Karachi.
Alexander the Great stationed his fleet in Krokola on his way to Babylon.
Alexander the Great defeated Darius and conquered Babylon before expanding his 
empire.
#### Yes.

Example 2:
Q: Was P. G. Wodehouse's favorite book The Hunger Games?

A: P. G. Wodehouse died in 1975.
The Hunger Games was published in 2008.
#### No.
IMPORTANT:
- Think step by step.
- The final line must be exactly in the format: #### Yes. or #### No.
- Do not end with anything else after the final answer.
Your Question:
Q: Did Jack Dempsey fight the current WBC heavyweight champion?

A: Jack Dempsey was a professional boxer who fought in the early 20th century.
Responses:
Jack Dempsey was active primarily in the 1920s and retired in 1927. (Score: 0.0007451842539012432)
Jack Dempsey was active primarily in the 1920s and retired in 1927. (Score: 0.0007451842539012432)
<EMPTY> (Score: -inf)
<EMPTY> (Score: -inf)

====================
Query:
Use the step-by-step method as shown in the examples to answer the question. Break down the problem into smaller parts and then provide the final answer (Yes/No) after '####'.

Example 1:
Q: Karachi was a part of Alexander the Great's success?

A: Karachi is a city in modern day Pakistan.
Krokola was an ancient port located in what is now Karachi.
Alexander the Great stationed his fleet in Krokola on his way to Babylon.
Alexander the Great defeated Darius and conquered Babylon before expanding his 
empire.
#### Yes.

Example 2:
Q: Was P. G. Wodehouse's favorite book The Hunger Games?

A: P. G. Wodehouse died in 1975.
The Hunger Games was published in 2008.
#### No.
IMPORTANT:
- Think step by step.
- The final line must be exactly in the format: #### Yes. or #### No.
- Do not end with anything else after the final answer.
Your Question:
Q: Did Jack Dempsey fight the current WBC heavyweight champion?

A: Jack Dempsey was a professional boxer who fought in the early 20th century.
Jack Dempsey was active primarily in the 1920s and retired in 1927.
Responses:
The current WBC heavyweight champion is Tyson Fury, who is active in the boxing scene today. (Score: -0.0005297809839248657)
The current WBC heavyweight champion is Tyson Fury, who has been active in the boxing scene in the 21st century. (Score: -9.996630251407623e-05)
<EMPTY> (Score: -inf)
<EMPTY> (Score: -inf)

====================
Query:
Use the step-by-step method as shown in the examples to answer the question. Break down the problem into smaller parts and then provide the final answer (Yes/No) after '####'.

Example 1:
Q: Karachi was a part of Alexander the Great's success?

A: Karachi is a city in modern day Pakistan.
Krokola was an ancient port located in what is now Karachi.
Alexander the Great stationed his fleet in Krokola on his way to Babylon.
Alexander the Great defeated Darius and conquered Babylon before expanding his 
empire.
#### Yes.

Example 2:
Q: Was P. G. Wodehouse's favorite book The Hunger Games?

A: P. G. Wodehouse died in 1975.
The Hunger Games was published in 2008.
#### No.
IMPORTANT:
- Think step by step.
- The final line must be exactly in the format: #### Yes. or #### No.
- Do not end with anything else after the final answer.
Your Question:
Q: Did Jack Dempsey fight the current WBC heavyweight champion?

A: Jack Dempsey was a professional boxer who fought in the early 20th century.
Jack Dempsey was active primarily in the 1920s and retired in 1927.
Responses:
The current WBC heavyweight champion is Tyson Fury, who has been active in the boxing scene in the 21st century. (Score: -9.996630251407623e-05)
The current WBC heavyweight champion is Tyson Fury, who is active in the 21st century. (Score: -0.0005127666518092155)
<EMPTY> (Score: -inf)
<EMPTY> (Score: -inf)

====================
Query:
Use the step-by-step method as shown in the examples to answer the question. Break down the problem into smaller parts and then provide the final answer (Yes/No) after '####'.

Example 1:
Q: Karachi was a part of Alexander the Great's success?

A: Karachi is a city in modern day Pakistan.
Krokola was an ancient port located in what is now Karachi.
Alexander the Great stationed his fleet in Krokola on his way to Babylon.
Alexander the Great defeated Darius and conquered Babylon before expanding his 
empire.
#### Yes.

Example 2:
Q: Was P. G. Wodehouse's favorite book The Hunger Games?

A: P. G. Wodehouse died in 1975.
The Hunger Games was published in 2008.
#### No.
IMPORTANT:
- Think step by step.
- The final line must be exactly in the format: #### Yes. or #### No.
- Do not end with anything else after the final answer.
Your Question:
Q: Did Jack Dempsey fight the current WBC heavyweight champion?

A: Jack Dempsey was a professional boxer who fought in the early 20th century.
Jack Dempsey was active primarily in the 1920s and retired in 1927.
The current WBC heavyweight champion is Tyson Fury, who has been active in the boxing scene in the 21st century.
Responses:
#### Yes. (Score: 0.0007056938484311104)
#### No. (Score: 0.0008499668911099434)
<EMPTY> (Score: -inf)
<EMPTY> (Score: -inf)

====================
Query:
Use the step-by-step method as shown in the examples to answer the question. Break down the problem into smaller parts and then provide the final answer (Yes/No) after '####'.

Example 1:
Q: Karachi was a part of Alexander the Great's success?

A: Karachi is a city in modern day Pakistan.
Krokola was an ancient port located in what is now Karachi.
Alexander the Great stationed his fleet in Krokola on his way to Babylon.
Alexander the Great defeated Darius and conquered Babylon before expanding his 
empire.
#### Yes.

Example 2:
Q: Was P. G. Wodehouse's favorite book The Hunger Games?

A: P. G. Wodehouse died in 1975.
The Hunger Games was published in 2008.
#### No.
IMPORTANT:
- Think step by step.
- The final line must be exactly in the format: #### Yes. or #### No.
- Do not end with anything else after the final answer.
Your Question:
Q: Did Jack Dempsey fight the current WBC heavyweight champion?

A: Jack Dempsey was a professional boxer who fought in the early 20th century.
Jack Dempsey was active primarily in the 1920s and retired in 1927.
The current WBC heavyweight champion is Tyson Fury, who has been active in the boxing scene in the 21st century.
Responses:
#### Yes. (Score: 0.0007056938484311104)
#### No. (Score: 0.0008499668911099434)
<EMPTY> (Score: -inf)
<EMPTY> (Score: -inf)

====================
Query:
Use the step-by-step method as shown in the examples to answer the question. Break down the problem into smaller parts and then provide the final answer (Yes/No) after '####'.

Example 1:
Q: Karachi was a part of Alexander the Great's success?

A: Karachi is a city in modern day Pakistan.
Krokola was an ancient port located in what is now Karachi.
Alexander the Great stationed his fleet in Krokola on his way to Babylon.
Alexander the Great defeated Darius and conquered Babylon before expanding his 
empire.
#### Yes.

Example 2:
Q: Was P. G. Wodehouse's favorite book The Hunger Games?

A: P. G. Wodehouse died in 1975.
The Hunger Games was published in 2008.
#### No.
IMPORTANT:
- Think step by step.
- The final line must be exactly in the format: #### Yes. or #### No.
- Do not end with anything else after the final answer.
Your Question:
Q: Can Spartina Patens thrive in the Sahara Desert?

A:
Responses:
Spartina Patens, commonly known as saltmarsh cordgrass, is a plant that typically grows in coastal salt marshes and estuarine environments. (Score: 0.0005272487178444862)
Spartina Patens, commonly known as saltmarsh cordgrass, is a plant that typically grows in coastal salt marshes and estuarine environments. (Score: 0.0005272487178444862)
<EMPTY> (Score: -inf)
<EMPTY> (Score: -inf)

====================
Query:
Use the step-by-step method as shown in the examples to answer the question. Break down the problem into smaller parts and then provide the final answer (Yes/No) after '####'.

Example 1:
Q: Karachi was a part of Alexander the Great's success?

A: Karachi is a city in modern day Pakistan.
Krokola was an ancient port located in what is now Karachi.
Alexander the Great stationed his fleet in Krokola on his way to Babylon.
Alexander the Great defeated Darius and conquered Babylon before expanding his 
empire.
#### Yes.

Example 2:
Q: Was P. G. Wodehouse's favorite book The Hunger Games?

A: P. G. Wodehouse died in 1975.
The Hunger Games was published in 2008.
#### No.
IMPORTANT:
- Think step by step.
- The final line must be exactly in the format: #### Yes. or #### No.
- Do not end with anything else after the final answer.
Your Question:
Q: Can Spartina Patens thrive in the Sahara Desert?

A: Spartina Patens, commonly known as saltmarsh cordgrass, is a plant that typically grows in coastal salt marshes and estuarine environments.
Responses:
It is adapted to saline conditions and is found in areas with brackish water. (Score: -0.0002786098048090935)
It is adapted to saline conditions and is found in areas with brackish water. (Score: -0.0002786098048090935)
<EMPTY> (Score: -inf)
<EMPTY> (Score: -inf)

====================
Query:
Use the step-by-step method as shown in the examples to answer the question. Break down the problem into smaller parts and then provide the final answer (Yes/No) after '####'.

Example 1:
Q: Karachi was a part of Alexander the Great's success?

A: Karachi is a city in modern day Pakistan.
Krokola was an ancient port located in what is now Karachi.
Alexander the Great stationed his fleet in Krokola on his way to Babylon.
Alexander the Great defeated Darius and conquered Babylon before expanding his 
empire.
#### Yes.

Example 2:
Q: Was P. G. Wodehouse's favorite book The Hunger Games?

A: P. G. Wodehouse died in 1975.
The Hunger Games was published in 2008.
#### No.
IMPORTANT:
- Think step by step.
- The final line must be exactly in the format: #### Yes. or #### No.
- Do not end with anything else after the final answer.
Your Question:
Q: Can Spartina Patens thrive in the Sahara Desert?

A: Spartina Patens, commonly known as saltmarsh cordgrass, is a plant that typically grows in coastal salt marshes and estuarine environments.
Responses:
It is adapted to saline conditions and is found in areas with brackish water. (Score: -0.0002786098048090935)
It is adapted to saline conditions and is found in areas with brackish water. (Score: -0.0002786098048090935)
<EMPTY> (Score: -inf)
<EMPTY> (Score: -inf)

====================
Query:
Use the step-by-step method as shown in the examples to answer the question. Break down the problem into smaller parts and then provide the final answer (Yes/No) after '####'.

Example 1:
Q: Karachi was a part of Alexander the Great's success?

A: Karachi is a city in modern day Pakistan.
Krokola was an ancient port located in what is now Karachi.
Alexander the Great stationed his fleet in Krokola on his way to Babylon.
Alexander the Great defeated Darius and conquered Babylon before expanding his 
empire.
#### Yes.

Example 2:
Q: Was P. G. Wodehouse's favorite book The Hunger Games?

A: P. G. Wodehouse died in 1975.
The Hunger Games was published in 2008.
#### No.
IMPORTANT:
- Think step by step.
- The final line must be exactly in the format: #### Yes. or #### No.
- Do not end with anything else after the final answer.
Your Question:
Q: Can Spartina Patens thrive in the Sahara Desert?

A: Spartina Patens, commonly known as saltmarsh cordgrass, is a plant that typically grows in coastal salt marshes and estuarine environments.
It is adapted to saline conditions and is found in areas with brackish water.
Responses:
The Sahara Desert is characterized by extreme arid conditions, with very little rainfall and high temperatures. (Score: -0.0005246996879577637)
The Sahara Desert is characterized by extreme arid conditions, with very little rainfall and high temperatures. (Score: -0.0005246996879577637)
<EMPTY> (Score: -inf)
<EMPTY> (Score: -inf)

====================
Query:
Use the step-by-step method as shown in the examples to answer the question. Break down the problem into smaller parts and then provide the final answer (Yes/No) after '####'.

Example 1:
Q: Karachi was a part of Alexander the Great's success?

A: Karachi is a city in modern day Pakistan.
Krokola was an ancient port located in what is now Karachi.
Alexander the Great stationed his fleet in Krokola on his way to Babylon.
Alexander the Great defeated Darius and conquered Babylon before expanding his 
empire.
#### Yes.

Example 2:
Q: Was P. G. Wodehouse's favorite book The Hunger Games?

A: P. G. Wodehouse died in 1975.
The Hunger Games was published in 2008.
#### No.
IMPORTANT:
- Think step by step.
- The final line must be exactly in the format: #### Yes. or #### No.
- Do not end with anything else after the final answer.
Your Question:
Q: Can Spartina Patens thrive in the Sahara Desert?

A: Spartina Patens, commonly known as saltmarsh cordgrass, is a plant that typically grows in coastal salt marshes and estuarine environments.
It is adapted to saline conditions and is found in areas with brackish water.
Responses:
The Sahara Desert is characterized by extreme arid conditions, with very little rainfall and high temperatures. (Score: -0.0005246996879577637)
The Sahara Desert is characterized by extreme arid conditions, with very little rainfall and high temperatures. (Score: -0.0005246996879577637)
<EMPTY> (Score: -inf)
<EMPTY> (Score: -inf)

====================
Query:
Use the step-by-step method as shown in the examples to answer the question. Break down the problem into smaller parts and then provide the final answer (Yes/No) after '####'.

Example 1:
Q: Karachi was a part of Alexander the Great's success?

A: Karachi is a city in modern day Pakistan.
Krokola was an ancient port located in what is now Karachi.
Alexander the Great stationed his fleet in Krokola on his way to Babylon.
Alexander the Great defeated Darius and conquered Babylon before expanding his 
empire.
#### Yes.

Example 2:
Q: Was P. G. Wodehouse's favorite book The Hunger Games?

A: P. G. Wodehouse died in 1975.
The Hunger Games was published in 2008.
#### No.
IMPORTANT:
- Think step by step.
- The final line must be exactly in the format: #### Yes. or #### No.
- Do not end with anything else after the final answer.
Your Question:
Q: Can Spartina Patens thrive in the Sahara Desert?

A: Spartina Patens, commonly known as saltmarsh cordgrass, is a plant that typically grows in coastal salt marshes and estuarine environments.
It is adapted to saline conditions and is found in areas with brackish water.
The Sahara Desert is characterized by extreme arid conditions, with very little rainfall and high temperatures.
Responses:
#### Yes. (Score: -0.0004326733760535717)
#### No. (Score: -0.0006835297681391239)
<EMPTY> (Score: -inf)
<EMPTY> (Score: -inf)

====================
Query:
Use the step-by-step method as shown in the examples to answer the question. Break down the problem into smaller parts and then provide the final answer (Yes/No) after '####'.

Example 1:
Q: Karachi was a part of Alexander the Great's success?

A: Karachi is a city in modern day Pakistan.
Krokola was an ancient port located in what is now Karachi.
Alexander the Great stationed his fleet in Krokola on his way to Babylon.
Alexander the Great defeated Darius and conquered Babylon before expanding his 
empire.
#### Yes.

Example 2:
Q: Was P. G. Wodehouse's favorite book The Hunger Games?

A: P. G. Wodehouse died in 1975.
The Hunger Games was published in 2008.
#### No.
IMPORTANT:
- Think step by step.
- The final line must be exactly in the format: #### Yes. or #### No.
- Do not end with anything else after the final answer.
Your Question:
Q: Can Spartina Patens thrive in the Sahara Desert?

A: Spartina Patens, commonly known as saltmarsh cordgrass, is a plant that typically grows in coastal salt marshes and estuarine environments.
It is adapted to saline conditions and is found in areas with brackish water.
The Sahara Desert is characterized by extreme arid conditions, with very little rainfall and high temperatures.
Responses:
#### Yes. (Score: -0.0004326733760535717)
#### No. (Score: -0.0006835297681391239)
<EMPTY> (Score: -inf)
<EMPTY> (Score: -inf)

====================
Query:
Use the step-by-step method as shown in the examples to answer the question. Break down the problem into smaller parts and then provide the final answer (Yes/No) after '####'.

Example 1:
Q: Karachi was a part of Alexander the Great's success?

A: Karachi is a city in modern day Pakistan.
Krokola was an ancient port located in what is now Karachi.
Alexander the Great stationed his fleet in Krokola on his way to Babylon.
Alexander the Great defeated Darius and conquered Babylon before expanding his 
empire.
#### Yes.

Example 2:
Q: Was P. G. Wodehouse's favorite book The Hunger Games?

A: P. G. Wodehouse died in 1975.
The Hunger Games was published in 2008.
#### No.
IMPORTANT:
- Think step by step.
- The final line must be exactly in the format: #### Yes. or #### No.
- Do not end with anything else after the final answer.
Your Question:
Q: Does meat from cows fed only grass taste more like wild game?

A:
Responses:
A: Cows that are fed only grass are often referred to as grass-fed cows. (Score: -0.00015981076285243034)
A: Cows that are fed only grass are often referred to as grass-fed cattle. (Score: -0.00021636579185724258)
<EMPTY> (Score: -inf)
<EMPTY> (Score: -inf)

====================
Query:
Use the step-by-step method as shown in the examples to answer the question. Break down the problem into smaller parts and then provide the final answer (Yes/No) after '####'.

Example 1:
Q: Karachi was a part of Alexander the Great's success?

A: Karachi is a city in modern day Pakistan.
Krokola was an ancient port located in what is now Karachi.
Alexander the Great stationed his fleet in Krokola on his way to Babylon.
Alexander the Great defeated Darius and conquered Babylon before expanding his 
empire.
#### Yes.

Example 2:
Q: Was P. G. Wodehouse's favorite book The Hunger Games?

A: P. G. Wodehouse died in 1975.
The Hunger Games was published in 2008.
#### No.
IMPORTANT:
- Think step by step.
- The final line must be exactly in the format: #### Yes. or #### No.
- Do not end with anything else after the final answer.
Your Question:
Q: Does meat from cows fed only grass taste more like wild game?

A: A: Cows that are fed only grass are often referred to as grass-fed cows.
Responses:
Grass-fed beef is known for having a different flavor profile compared to grain-fed beef. (Score: -0.0006812075152993202)
Grass-fed beef is known for having a different flavor profile compared to grain-fed beef. (Score: -0.0006812075152993202)
<EMPTY> (Score: -inf)
<EMPTY> (Score: -inf)

====================
Query:
Use the step-by-step method as shown in the examples to answer the question. Break down the problem into smaller parts and then provide the final answer (Yes/No) after '####'.

Example 1:
Q: Karachi was a part of Alexander the Great's success?

A: Karachi is a city in modern day Pakistan.
Krokola was an ancient port located in what is now Karachi.
Alexander the Great stationed his fleet in Krokola on his way to Babylon.
Alexander the Great defeated Darius and conquered Babylon before expanding his 
empire.
#### Yes.

Example 2:
Q: Was P. G. Wodehouse's favorite book The Hunger Games?

A: P. G. Wodehouse died in 1975.
The Hunger Games was published in 2008.
#### No.
IMPORTANT:
- Think step by step.
- The final line must be exactly in the format: #### Yes. or #### No.
- Do not end with anything else after the final answer.
Your Question:
Q: Does meat from cows fed only grass taste more like wild game?

A: A: Cows that are fed only grass are often referred to as grass-fed cattle.
Responses:
Grass-fed cattle are known to have a different flavor profile compared to grain-fed cattle. (Score: -0.0006549423560500145)
Grass-fed cattle are known to have a different flavor profile compared to grain-fed cattle. (Score: -0.0006549423560500145)
<EMPTY> (Score: -inf)
<EMPTY> (Score: -inf)

====================
Query:
Use the step-by-step method as shown in the examples to answer the question. Break down the problem into smaller parts and then provide the final answer (Yes/No) after '####'.

Example 1:
Q: Karachi was a part of Alexander the Great's success?

A: Karachi is a city in modern day Pakistan.
Krokola was an ancient port located in what is now Karachi.
Alexander the Great stationed his fleet in Krokola on his way to Babylon.
Alexander the Great defeated Darius and conquered Babylon before expanding his 
empire.
#### Yes.

Example 2:
Q: Was P. G. Wodehouse's favorite book The Hunger Games?

A: P. G. Wodehouse died in 1975.
The Hunger Games was published in 2008.
#### No.
IMPORTANT:
- Think step by step.
- The final line must be exactly in the format: #### Yes. or #### No.
- Do not end with anything else after the final answer.
Your Question:
Q: Does meat from cows fed only grass taste more like wild game?

A: A: Cows that are fed only grass are often referred to as grass-fed cattle.
Grass-fed cattle are known to have a different flavor profile compared to grain-fed cattle.
Responses:
Grass-fed beef is often described as having a more robust and gamey flavor, which some people compare to wild game. (Score: -0.0004942789673805237)
Grass-fed beef is often described as having a more robust and earthy flavor, which some people compare to wild game. (Score: -0.0006501246243715286)
<EMPTY> (Score: -inf)
<EMPTY> (Score: -inf)

====================
Query:
Use the step-by-step method as shown in the examples to answer the question. Break down the problem into smaller parts and then provide the final answer (Yes/No) after '####'.

Example 1:
Q: Karachi was a part of Alexander the Great's success?

A: Karachi is a city in modern day Pakistan.
Krokola was an ancient port located in what is now Karachi.
Alexander the Great stationed his fleet in Krokola on his way to Babylon.
Alexander the Great defeated Darius and conquered Babylon before expanding his 
empire.
#### Yes.

Example 2:
Q: Was P. G. Wodehouse's favorite book The Hunger Games?

A: P. G. Wodehouse died in 1975.
The Hunger Games was published in 2008.
#### No.
IMPORTANT:
- Think step by step.
- The final line must be exactly in the format: #### Yes. or #### No.
- Do not end with anything else after the final answer.
Your Question:
Q: Does meat from cows fed only grass taste more like wild game?

A: A: Cows that are fed only grass are often referred to as grass-fed cattle.
Grass-fed cattle are known to have a different flavor profile compared to grain-fed cattle.
Responses:
Grass-fed beef is often described as having a more robust and gamey flavor, which some people compare to wild game. (Score: -0.0004942789673805237)
Grass-fed beef is often described as having a more robust and earthy flavor, which some people compare to wild game. (Score: -0.0006501246243715286)
<EMPTY> (Score: -inf)
<EMPTY> (Score: -inf)

====================
Query:
Use the step-by-step method as shown in the examples to answer the question. Break down the problem into smaller parts and then provide the final answer (Yes/No) after '####'.

Example 1:
Q: Karachi was a part of Alexander the Great's success?

A: Karachi is a city in modern day Pakistan.
Krokola was an ancient port located in what is now Karachi.
Alexander the Great stationed his fleet in Krokola on his way to Babylon.
Alexander the Great defeated Darius and conquered Babylon before expanding his 
empire.
#### Yes.

Example 2:
Q: Was P. G. Wodehouse's favorite book The Hunger Games?

A: P. G. Wodehouse died in 1975.
The Hunger Games was published in 2008.
#### No.
IMPORTANT:
- Think step by step.
- The final line must be exactly in the format: #### Yes. or #### No.
- Do not end with anything else after the final answer.
Your Question:
Q: Does meat from cows fed only grass taste more like wild game?

A: A: Cows that are fed only grass are often referred to as grass-fed cattle.
Grass-fed cattle are known to have a different flavor profile compared to grain-fed cattle.
Grass-fed beef is often described as having a more robust and gamey flavor, which some people compare to wild game.
Responses:
#### Yes. (Score: 0.00024972064420580864)
#### No. (Score: 0.00041488418355584145)
<EMPTY> (Score: -inf)
<EMPTY> (Score: -inf)

====================
Query:
Use the step-by-step method as shown in the examples to answer the question. Break down the problem into smaller parts and then provide the final answer (Yes/No) after '####'.

Example 1:
Q: Karachi was a part of Alexander the Great's success?

A: Karachi is a city in modern day Pakistan.
Krokola was an ancient port located in what is now Karachi.
Alexander the Great stationed his fleet in Krokola on his way to Babylon.
Alexander the Great defeated Darius and conquered Babylon before expanding his 
empire.
#### Yes.

Example 2:
Q: Was P. G. Wodehouse's favorite book The Hunger Games?

A: P. G. Wodehouse died in 1975.
The Hunger Games was published in 2008.
#### No.
IMPORTANT:
- Think step by step.
- The final line must be exactly in the format: #### Yes. or #### No.
- Do not end with anything else after the final answer.
Your Question:
Q: Does meat from cows fed only grass taste more like wild game?

A: A: Cows that are fed only grass are often referred to as grass-fed cattle.
Grass-fed cattle are known to have a different flavor profile compared to grain-fed cattle.
Grass-fed beef is often described as having a more robust and gamey flavor, which some people compare to wild game.
Responses:
#### Yes. (Score: 0.00024972064420580864)
#### No. (Score: 0.00041488418355584145)
<EMPTY> (Score: -inf)
<EMPTY> (Score: -inf)

====================
Query:
Use the step-by-step method as shown in the examples to answer the question. Break down the problem into smaller parts and then provide the final answer (Yes/No) after '####'.

Example 1:
Q: Karachi was a part of Alexander the Great's success?

A: Karachi is a city in modern day Pakistan.
Krokola was an ancient port located in what is now Karachi.
Alexander the Great stationed his fleet in Krokola on his way to Babylon.
Alexander the Great defeated Darius and conquered Babylon before expanding his 
empire.
#### Yes.

Example 2:
Q: Was P. G. Wodehouse's favorite book The Hunger Games?

A: P. G. Wodehouse died in 1975.
The Hunger Games was published in 2008.
#### No.
IMPORTANT:
- Think step by step.
- The final line must be exactly in the format: #### Yes. or #### No.
- Do not end with anything else after the final answer.
Your Question:
Q: Is popular science used to peer review papers?

A:
Responses:
Popular science refers to the communication of scientific ideas and concepts to a general audience. (Score: -0.0013780752196907997)
Popular science refers to the communication of scientific ideas and research to a general audience. (Score: -0.001433136872947216)
<EMPTY> (Score: -inf)
<EMPTY> (Score: -inf)

====================
Query:
Use the step-by-step method as shown in the examples to answer the question. Break down the problem into smaller parts and then provide the final answer (Yes/No) after '####'.

Example 1:
Q: Karachi was a part of Alexander the Great's success?

A: Karachi is a city in modern day Pakistan.
Krokola was an ancient port located in what is now Karachi.
Alexander the Great stationed his fleet in Krokola on his way to Babylon.
Alexander the Great defeated Darius and conquered Babylon before expanding his 
empire.
#### Yes.

Example 2:
Q: Was P. G. Wodehouse's favorite book The Hunger Games?

A: P. G. Wodehouse died in 1975.
The Hunger Games was published in 2008.
#### No.
IMPORTANT:
- Think step by step.
- The final line must be exactly in the format: #### Yes. or #### No.
- Do not end with anything else after the final answer.
Your Question:
Q: Is popular science used to peer review papers?

A: Popular science refers to the communication of scientific ideas and concepts to a general audience.
Responses:
Popular science articles are typically written for the public and do not undergo the same rigorous peer review process as academic papers. (Score: -0.0015182886272668839)
Popular science articles are typically written for the public and do not undergo the same rigorous peer review process as academic papers. (Score: -0.0015182886272668839)
<EMPTY> (Score: -inf)
<EMPTY> (Score: -inf)

====================
Query:
Use the step-by-step method as shown in the examples to answer the question. Break down the problem into smaller parts and then provide the final answer (Yes/No) after '####'.

Example 1:
Q: Karachi was a part of Alexander the Great's success?

A: Karachi is a city in modern day Pakistan.
Krokola was an ancient port located in what is now Karachi.
Alexander the Great stationed his fleet in Krokola on his way to Babylon.
Alexander the Great defeated Darius and conquered Babylon before expanding his 
empire.
#### Yes.

Example 2:
Q: Was P. G. Wodehouse's favorite book The Hunger Games?

A: P. G. Wodehouse died in 1975.
The Hunger Games was published in 2008.
#### No.
IMPORTANT:
- Think step by step.
- The final line must be exactly in the format: #### Yes. or #### No.
- Do not end with anything else after the final answer.
Your Question:
Q: Is popular science used to peer review papers?

A: Popular science refers to the communication of scientific ideas and research to a general audience.
Responses:
Popular science articles are typically written for the public and do not undergo the same rigorous peer review process as academic papers. (Score: -0.0015486408956348896)
Popular science articles are typically written for the public and do not undergo the same rigorous peer review process as academic papers. (Score: -0.0015486408956348896)
<EMPTY> (Score: -inf)
<EMPTY> (Score: -inf)

====================
Query:
Use the step-by-step method as shown in the examples to answer the question. Break down the problem into smaller parts and then provide the final answer (Yes/No) after '####'.

Example 1:
Q: Karachi was a part of Alexander the Great's success?

A: Karachi is a city in modern day Pakistan.
Krokola was an ancient port located in what is now Karachi.
Alexander the Great stationed his fleet in Krokola on his way to Babylon.
Alexander the Great defeated Darius and conquered Babylon before expanding his 
empire.
#### Yes.

Example 2:
Q: Was P. G. Wodehouse's favorite book The Hunger Games?

A: P. G. Wodehouse died in 1975.
The Hunger Games was published in 2008.
#### No.
IMPORTANT:
- Think step by step.
- The final line must be exactly in the format: #### Yes. or #### No.
- Do not end with anything else after the final answer.
Your Question:
Q: Is popular science used to peer review papers?

A: Popular science refers to the communication of scientific ideas and concepts to a general audience.
Popular science articles are typically written for the public and do not undergo the same rigorous peer review process as academic papers.
Responses:
Peer review is a formal process used in academic publishing where experts evaluate the quality and validity of research before it is published in scientific journals. (Score: -0.0009061549790203571)
Peer review is a formal process used in academic publishing where experts evaluate the quality and validity of research before it is published in scientific journals. (Score: -0.0009061549790203571)
<EMPTY> (Score: -inf)
<EMPTY> (Score: -inf)

====================
Query:
Use the step-by-step method as shown in the examples to answer the question. Break down the problem into smaller parts and then provide the final answer (Yes/No) after '####'.

Example 1:
Q: Karachi was a part of Alexander the Great's success?

A: Karachi is a city in modern day Pakistan.
Krokola was an ancient port located in what is now Karachi.
Alexander the Great stationed his fleet in Krokola on his way to Babylon.
Alexander the Great defeated Darius and conquered Babylon before expanding his 
empire.
#### Yes.

Example 2:
Q: Was P. G. Wodehouse's favorite book The Hunger Games?

A: P. G. Wodehouse died in 1975.
The Hunger Games was published in 2008.
#### No.
IMPORTANT:
- Think step by step.
- The final line must be exactly in the format: #### Yes. or #### No.
- Do not end with anything else after the final answer.
Your Question:
Q: Is popular science used to peer review papers?

A: Popular science refers to the communication of scientific ideas and concepts to a general audience.
Popular science articles are typically written for the public and do not undergo the same rigorous peer review process as academic papers.
Responses:
Peer review is a formal process used in academic publishing where experts evaluate the quality and validity of research before it is published in scientific journals. (Score: -0.0009061549790203571)
Peer review is a formal process used in academic publishing where experts evaluate the quality and validity of research before it is published in scientific journals. (Score: -0.0009061549790203571)
<EMPTY> (Score: -inf)
<EMPTY> (Score: -inf)

====================
Query:
Use the step-by-step method as shown in the examples to answer the question. Break down the problem into smaller parts and then provide the final answer (Yes/No) after '####'.

Example 1:
Q: Karachi was a part of Alexander the Great's success?

A: Karachi is a city in modern day Pakistan.
Krokola was an ancient port located in what is now Karachi.
Alexander the Great stationed his fleet in Krokola on his way to Babylon.
Alexander the Great defeated Darius and conquered Babylon before expanding his 
empire.
#### Yes.

Example 2:
Q: Was P. G. Wodehouse's favorite book The Hunger Games?

A: P. G. Wodehouse died in 1975.
The Hunger Games was published in 2008.
#### No.
IMPORTANT:
- Think step by step.
- The final line must be exactly in the format: #### Yes. or #### No.
- Do not end with anything else after the final answer.
Your Question:
Q: Is popular science used to peer review papers?

A: Popular science refers to the communication of scientific ideas and concepts to a general audience.
Popular science articles are typically written for the public and do not undergo the same rigorous peer review process as academic papers.
Peer review is a formal process used in academic publishing where experts evaluate the quality and validity of research before it is published in scientific journals.
Responses:
#### Yes. (Score: -0.0001874919980764389)
#### No. (Score: -0.0003298255614936352)
<EMPTY> (Score: -inf)
<EMPTY> (Score: -inf)

====================
Query:
Use the step-by-step method as shown in the examples to answer the question. Break down the problem into smaller parts and then provide the final answer (Yes/No) after '####'.

Example 1:
Q: Karachi was a part of Alexander the Great's success?

A: Karachi is a city in modern day Pakistan.
Krokola was an ancient port located in what is now Karachi.
Alexander the Great stationed his fleet in Krokola on his way to Babylon.
Alexander the Great defeated Darius and conquered Babylon before expanding his 
empire.
#### Yes.

Example 2:
Q: Was P. G. Wodehouse's favorite book The Hunger Games?

A: P. G. Wodehouse died in 1975.
The Hunger Games was published in 2008.
#### No.
IMPORTANT:
- Think step by step.
- The final line must be exactly in the format: #### Yes. or #### No.
- Do not end with anything else after the final answer.
Your Question:
Q: Is popular science used to peer review papers?

A: Popular science refers to the communication of scientific ideas and concepts to a general audience.
Popular science articles are typically written for the public and do not undergo the same rigorous peer review process as academic papers.
Peer review is a formal process used in academic publishing where experts evaluate the quality and validity of research before it is published in scientific journals.
Responses:
#### Yes. (Score: -0.0001874919980764389)
#### No. (Score: -0.0003298255614936352)
<EMPTY> (Score: -inf)
<EMPTY> (Score: -inf)

====================
Query:
Use the step-by-step method as shown in the examples to answer the question. Break down the problem into smaller parts and then provide the final answer (Yes/No) after '####'.

Example 1:
Q: Karachi was a part of Alexander the Great's success?

A: Karachi is a city in modern day Pakistan.
Krokola was an ancient port located in what is now Karachi.
Alexander the Great stationed his fleet in Krokola on his way to Babylon.
Alexander the Great defeated Darius and conquered Babylon before expanding his 
empire.
#### Yes.

Example 2:
Q: Was P. G. Wodehouse's favorite book The Hunger Games?

A: P. G. Wodehouse died in 1975.
The Hunger Games was published in 2008.
#### No.
IMPORTANT:
- Think step by step.
- The final line must be exactly in the format: #### Yes. or #### No.
- Do not end with anything else after the final answer.
Your Question:
Q: Can dementia be cured with a cast?

A:
Responses:
Dementia is a neurological condition that affects memory, thinking, and behavior. (Score: -0.0013683992438018322)
Dementia is a neurological condition that affects memory, thinking, and behavior. (Score: -0.0013683992438018322)
<EMPTY> (Score: -inf)
<EMPTY> (Score: -inf)

====================
Query:
Use the step-by-step method as shown in the examples to answer the question. Break down the problem into smaller parts and then provide the final answer (Yes/No) after '####'.

Example 1:
Q: Karachi was a part of Alexander the Great's success?

A: Karachi is a city in modern day Pakistan.
Krokola was an ancient port located in what is now Karachi.
Alexander the Great stationed his fleet in Krokola on his way to Babylon.
Alexander the Great defeated Darius and conquered Babylon before expanding his 
empire.
#### Yes.

Example 2:
Q: Was P. G. Wodehouse's favorite book The Hunger Games?

A: P. G. Wodehouse died in 1975.
The Hunger Games was published in 2008.
#### No.
IMPORTANT:
- Think step by step.
- The final line must be exactly in the format: #### Yes. or #### No.
- Do not end with anything else after the final answer.
Your Question:
Q: Can dementia be cured with a cast?

A: Dementia is a neurological condition that affects memory, thinking, and behavior.
Responses:
Dementia is caused by various brain diseases, including Alzheimer's disease, and is characterized by a decline in cognitive function. (Score: -0.0015921788290143013)
A: Dementia is a neurological condition that affects memory, thinking, and behavior. (Score: -0.0015313886106014252)
<EMPTY> (Score: -inf)
<EMPTY> (Score: -inf)

====================
Query:
Use the step-by-step method as shown in the examples to answer the question. Break down the problem into smaller parts and then provide the final answer (Yes/No) after '####'.

Example 1:
Q: Karachi was a part of Alexander the Great's success?

A: Karachi is a city in modern day Pakistan.
Krokola was an ancient port located in what is now Karachi.
Alexander the Great stationed his fleet in Krokola on his way to Babylon.
Alexander the Great defeated Darius and conquered Babylon before expanding his 
empire.
#### Yes.

Example 2:
Q: Was P. G. Wodehouse's favorite book The Hunger Games?

A: P. G. Wodehouse died in 1975.
The Hunger Games was published in 2008.
#### No.
IMPORTANT:
- Think step by step.
- The final line must be exactly in the format: #### Yes. or #### No.
- Do not end with anything else after the final answer.
Your Question:
Q: Can dementia be cured with a cast?

A: Dementia is a neurological condition that affects memory, thinking, and behavior.
Responses:
Dementia is caused by various brain diseases, including Alzheimer's disease, and is characterized by a decline in cognitive function. (Score: -0.0015921788290143013)
A: Dementia is a neurological condition that affects memory, thinking, and behavior. (Score: -0.0015313886106014252)
<EMPTY> (Score: -inf)
<EMPTY> (Score: -inf)

====================
Query:
Use the step-by-step method as shown in the examples to answer the question. Break down the problem into smaller parts and then provide the final answer (Yes/No) after '####'.

Example 1:
Q: Karachi was a part of Alexander the Great's success?

A: Karachi is a city in modern day Pakistan.
Krokola was an ancient port located in what is now Karachi.
Alexander the Great stationed his fleet in Krokola on his way to Babylon.
Alexander the Great defeated Darius and conquered Babylon before expanding his 
empire.
#### Yes.

Example 2:
Q: Was P. G. Wodehouse's favorite book The Hunger Games?

A: P. G. Wodehouse died in 1975.
The Hunger Games was published in 2008.
#### No.
IMPORTANT:
- Think step by step.
- The final line must be exactly in the format: #### Yes. or #### No.
- Do not end with anything else after the final answer.
Your Question:
Q: Can dementia be cured with a cast?

A: Dementia is a neurological condition that affects memory, thinking, and behavior.
A: Dementia is a neurological condition that affects memory, thinking, and behavior.
Responses:
A: There is currently no cure for dementia. (Score: -0.0020373687148094177)
A: There is currently no cure for dementia. (Score: -0.0020373687148094177)
<EMPTY> (Score: -inf)
<EMPTY> (Score: -inf)

====================
Query:
Use the step-by-step method as shown in the examples to answer the question. Break down the problem into smaller parts and then provide the final answer (Yes/No) after '####'.

Example 1:
Q: Karachi was a part of Alexander the Great's success?

A: Karachi is a city in modern day Pakistan.
Krokola was an ancient port located in what is now Karachi.
Alexander the Great stationed his fleet in Krokola on his way to Babylon.
Alexander the Great defeated Darius and conquered Babylon before expanding his 
empire.
#### Yes.

Example 2:
Q: Was P. G. Wodehouse's favorite book The Hunger Games?

A: P. G. Wodehouse died in 1975.
The Hunger Games was published in 2008.
#### No.
IMPORTANT:
- Think step by step.
- The final line must be exactly in the format: #### Yes. or #### No.
- Do not end with anything else after the final answer.
Your Question:
Q: Can dementia be cured with a cast?

A: Dementia is a neurological condition that affects memory, thinking, and behavior.
A: Dementia is a neurological condition that affects memory, thinking, and behavior.
Responses:
A: There is currently no cure for dementia. (Score: -0.0020373687148094177)
A: There is currently no cure for dementia. (Score: -0.0020373687148094177)
<EMPTY> (Score: -inf)
<EMPTY> (Score: -inf)

====================
Query:
Use the step-by-step method as shown in the examples to answer the question. Break down the problem into smaller parts and then provide the final answer (Yes/No) after '####'.

Example 1:
Q: Karachi was a part of Alexander the Great's success?

A: Karachi is a city in modern day Pakistan.
Krokola was an ancient port located in what is now Karachi.
Alexander the Great stationed his fleet in Krokola on his way to Babylon.
Alexander the Great defeated Darius and conquered Babylon before expanding his 
empire.
#### Yes.

Example 2:
Q: Was P. G. Wodehouse's favorite book The Hunger Games?

A: P. G. Wodehouse died in 1975.
The Hunger Games was published in 2008.
#### No.
IMPORTANT:
- Think step by step.
- The final line must be exactly in the format: #### Yes. or #### No.
- Do not end with anything else after the final answer.
Your Question:
Q: Can dementia be cured with a cast?

A: Dementia is a neurological condition that affects memory, thinking, and behavior.
A: Dementia is a neurological condition that affects memory, thinking, and behavior.
A: There is currently no cure for dementia.
Responses:
#### Yes. (Score: -0.0013772789388895035)
#### No. (Score: -0.0013188188895583153)
<EMPTY> (Score: -inf)
<EMPTY> (Score: -inf)

====================
Query:
Use the step-by-step method as shown in the examples to answer the question. Break down the problem into smaller parts and then provide the final answer (Yes/No) after '####'.

Example 1:
Q: Karachi was a part of Alexander the Great's success?

A: Karachi is a city in modern day Pakistan.
Krokola was an ancient port located in what is now Karachi.
Alexander the Great stationed his fleet in Krokola on his way to Babylon.
Alexander the Great defeated Darius and conquered Babylon before expanding his 
empire.
#### Yes.

Example 2:
Q: Was P. G. Wodehouse's favorite book The Hunger Games?

A: P. G. Wodehouse died in 1975.
The Hunger Games was published in 2008.
#### No.
IMPORTANT:
- Think step by step.
- The final line must be exactly in the format: #### Yes. or #### No.
- Do not end with anything else after the final answer.
Your Question:
Q: Can dementia be cured with a cast?

A: Dementia is a neurological condition that affects memory, thinking, and behavior.
A: Dementia is a neurological condition that affects memory, thinking, and behavior.
A: There is currently no cure for dementia.
Responses:
#### Yes. (Score: -0.0013772789388895035)
#### No. (Score: -0.0013188188895583153)
<EMPTY> (Score: -inf)
<EMPTY> (Score: -inf)

====================
Query:
Use the step-by-step method as shown in the examples to answer the question. Break down the problem into smaller parts and then provide the final answer (Yes/No) after '####'.

Example 1:
Q: Karachi was a part of Alexander the Great's success?

A: Karachi is a city in modern day Pakistan.
Krokola was an ancient port located in what is now Karachi.
Alexander the Great stationed his fleet in Krokola on his way to Babylon.
Alexander the Great defeated Darius and conquered Babylon before expanding his 
empire.
#### Yes.

Example 2:
Q: Was P. G. Wodehouse's favorite book The Hunger Games?

A: P. G. Wodehouse died in 1975.
The Hunger Games was published in 2008.
#### No.
IMPORTANT:
- Think step by step.
- The final line must be exactly in the format: #### Yes. or #### No.
- Do not end with anything else after the final answer.
Your Question:
Q: Is it safe to wear sandals in snow?

A:
Responses:
Wearing sandals typically provides minimal insulation and protection from cold temperatures. (Score: -0.00044410163536667824)
Wearing sandals typically provides minimal insulation and protection from cold temperatures. (Score: -0.00044410163536667824)
<EMPTY> (Score: -inf)
<EMPTY> (Score: -inf)

====================
Query:
Use the step-by-step method as shown in the examples to answer the question. Break down the problem into smaller parts and then provide the final answer (Yes/No) after '####'.

Example 1:
Q: Karachi was a part of Alexander the Great's success?

A: Karachi is a city in modern day Pakistan.
Krokola was an ancient port located in what is now Karachi.
Alexander the Great stationed his fleet in Krokola on his way to Babylon.
Alexander the Great defeated Darius and conquered Babylon before expanding his 
empire.
#### Yes.

Example 2:
Q: Was P. G. Wodehouse's favorite book The Hunger Games?

A: P. G. Wodehouse died in 1975.
The Hunger Games was published in 2008.
#### No.
IMPORTANT:
- Think step by step.
- The final line must be exactly in the format: #### Yes. or #### No.
- Do not end with anything else after the final answer.
Your Question:
Q: Is it safe to wear sandals in snow?

A: Wearing sandals typically provides minimal insulation and protection from cold temperatures.
Responses:
Snow is cold and can cause frostbite or discomfort to exposed skin. (Score: -0.000557879451662302)
Snow is cold and can cause frostbite or discomfort to exposed skin. (Score: -0.000557879451662302)
<EMPTY> (Score: -inf)
<EMPTY> (Score: -inf)

====================
Query:
Use the step-by-step method as shown in the examples to answer the question. Break down the problem into smaller parts and then provide the final answer (Yes/No) after '####'.

Example 1:
Q: Karachi was a part of Alexander the Great's success?

A: Karachi is a city in modern day Pakistan.
Krokola was an ancient port located in what is now Karachi.
Alexander the Great stationed his fleet in Krokola on his way to Babylon.
Alexander the Great defeated Darius and conquered Babylon before expanding his 
empire.
#### Yes.

Example 2:
Q: Was P. G. Wodehouse's favorite book The Hunger Games?

A: P. G. Wodehouse died in 1975.
The Hunger Games was published in 2008.
#### No.
IMPORTANT:
- Think step by step.
- The final line must be exactly in the format: #### Yes. or #### No.
- Do not end with anything else after the final answer.
Your Question:
Q: Is it safe to wear sandals in snow?

A: Wearing sandals typically provides minimal insulation and protection from cold temperatures.
Responses:
Snow is cold and can cause frostbite or discomfort to exposed skin. (Score: -0.000557879451662302)
Snow is cold and can cause frostbite or discomfort to exposed skin. (Score: -0.000557879451662302)
<EMPTY> (Score: -inf)
<EMPTY> (Score: -inf)

====================
Query:
Use the step-by-step method as shown in the examples to answer the question. Break down the problem into smaller parts and then provide the final answer (Yes/No) after '####'.

Example 1:
Q: Karachi was a part of Alexander the Great's success?

A: Karachi is a city in modern day Pakistan.
Krokola was an ancient port located in what is now Karachi.
Alexander the Great stationed his fleet in Krokola on his way to Babylon.
Alexander the Great defeated Darius and conquered Babylon before expanding his 
empire.
#### Yes.

Example 2:
Q: Was P. G. Wodehouse's favorite book The Hunger Games?

A: P. G. Wodehouse died in 1975.
The Hunger Games was published in 2008.
#### No.
IMPORTANT:
- Think step by step.
- The final line must be exactly in the format: #### Yes. or #### No.
- Do not end with anything else after the final answer.
Your Question:
Q: Is it safe to wear sandals in snow?

A: Wearing sandals typically provides minimal insulation and protection from cold temperatures.
Snow is cold and can cause frostbite or discomfort to exposed skin.
Responses:
Wearing sandals does not provide adequate warmth or protection against snow and cold conditions. (Score: -0.0010271617211401463)
Wearing sandals does not provide adequate warmth or protection against snow and cold conditions. (Score: -0.0010271617211401463)
<EMPTY> (Score: -inf)
<EMPTY> (Score: -inf)

====================
Query:
Use the step-by-step method as shown in the examples to answer the question. Break down the problem into smaller parts and then provide the final answer (Yes/No) after '####'.

Example 1:
Q: Karachi was a part of Alexander the Great's success?

A: Karachi is a city in modern day Pakistan.
Krokola was an ancient port located in what is now Karachi.
Alexander the Great stationed his fleet in Krokola on his way to Babylon.
Alexander the Great defeated Darius and conquered Babylon before expanding his 
empire.
#### Yes.

Example 2:
Q: Was P. G. Wodehouse's favorite book The Hunger Games?

A: P. G. Wodehouse died in 1975.
The Hunger Games was published in 2008.
#### No.
IMPORTANT:
- Think step by step.
- The final line must be exactly in the format: #### Yes. or #### No.
- Do not end with anything else after the final answer.
Your Question:
Q: Is it safe to wear sandals in snow?

A: Wearing sandals typically provides minimal insulation and protection from cold temperatures.
Snow is cold and can cause frostbite or discomfort to exposed skin.
Responses:
Wearing sandals does not provide adequate warmth or protection against snow and cold conditions. (Score: -0.0010271617211401463)
Wearing sandals does not provide adequate warmth or protection against snow and cold conditions. (Score: -0.0010271617211401463)
<EMPTY> (Score: -inf)
<EMPTY> (Score: -inf)

====================
Query:
Use the step-by-step method as shown in the examples to answer the question. Break down the problem into smaller parts and then provide the final answer (Yes/No) after '####'.

Example 1:
Q: Karachi was a part of Alexander the Great's success?

A: Karachi is a city in modern day Pakistan.
Krokola was an ancient port located in what is now Karachi.
Alexander the Great stationed his fleet in Krokola on his way to Babylon.
Alexander the Great defeated Darius and conquered Babylon before expanding his 
empire.
#### Yes.

Example 2:
Q: Was P. G. Wodehouse's favorite book The Hunger Games?

A: P. G. Wodehouse died in 1975.
The Hunger Games was published in 2008.
#### No.
IMPORTANT:
- Think step by step.
- The final line must be exactly in the format: #### Yes. or #### No.
- Do not end with anything else after the final answer.
Your Question:
Q: Is it safe to wear sandals in snow?

A: Wearing sandals typically provides minimal insulation and protection from cold temperatures.
Snow is cold and can cause frostbite or discomfort to exposed skin.
Wearing sandals does not provide adequate warmth or protection against snow and cold conditions.
Responses:
#### Yes. (Score: -0.00017096009105443954)
#### No. (Score: -7.301336154341698e-05)
<EMPTY> (Score: -inf)
<EMPTY> (Score: -inf)

====================
Query:
Use the step-by-step method as shown in the examples to answer the question. Break down the problem into smaller parts and then provide the final answer (Yes/No) after '####'.

Example 1:
Q: Karachi was a part of Alexander the Great's success?

A: Karachi is a city in modern day Pakistan.
Krokola was an ancient port located in what is now Karachi.
Alexander the Great stationed his fleet in Krokola on his way to Babylon.
Alexander the Great defeated Darius and conquered Babylon before expanding his 
empire.
#### Yes.

Example 2:
Q: Was P. G. Wodehouse's favorite book The Hunger Games?

A: P. G. Wodehouse died in 1975.
The Hunger Games was published in 2008.
#### No.
IMPORTANT:
- Think step by step.
- The final line must be exactly in the format: #### Yes. or #### No.
- Do not end with anything else after the final answer.
Your Question:
Q: Is it safe to wear sandals in snow?

A: Wearing sandals typically provides minimal insulation and protection from cold temperatures.
Snow is cold and can cause frostbite or discomfort to exposed skin.
Wearing sandals does not provide adequate warmth or protection against snow and cold conditions.
Responses:
#### Yes. (Score: -0.00017096009105443954)
#### No. (Score: -7.301336154341698e-05)
<EMPTY> (Score: -inf)
<EMPTY> (Score: -inf)

====================
Query:
Use the step-by-step method as shown in the examples to answer the question. Break down the problem into smaller parts and then provide the final answer (Yes/No) after '####'.

Example 1:
Q: Karachi was a part of Alexander the Great's success?

A: Karachi is a city in modern day Pakistan.
Krokola was an ancient port located in what is now Karachi.
Alexander the Great stationed his fleet in Krokola on his way to Babylon.
Alexander the Great defeated Darius and conquered Babylon before expanding his 
empire.
#### Yes.

Example 2:
Q: Was P. G. Wodehouse's favorite book The Hunger Games?

A: P. G. Wodehouse died in 1975.
The Hunger Games was published in 2008.
#### No.
IMPORTANT:
- Think step by step.
- The final line must be exactly in the format: #### Yes. or #### No.
- Do not end with anything else after the final answer.
Your Question:
Q: Will parma ham be ready for New Year's if the pig is slaughtered in December?

A:
Responses:
Parma ham is a type of dry-cured ham that originates from the Parma region in Italy. (Score: -0.00026008114218711853)
Parma ham is a type of dry-cured ham that originates from the Parma region in Italy. (Score: -0.00026008114218711853)
<EMPTY> (Score: -inf)
<EMPTY> (Score: -inf)

====================
Query:
Use the step-by-step method as shown in the examples to answer the question. Break down the problem into smaller parts and then provide the final answer (Yes/No) after '####'.

Example 1:
Q: Karachi was a part of Alexander the Great's success?

A: Karachi is a city in modern day Pakistan.
Krokola was an ancient port located in what is now Karachi.
Alexander the Great stationed his fleet in Krokola on his way to Babylon.
Alexander the Great defeated Darius and conquered Babylon before expanding his 
empire.
#### Yes.

Example 2:
Q: Was P. G. Wodehouse's favorite book The Hunger Games?

A: P. G. Wodehouse died in 1975.
The Hunger Games was published in 2008.
#### No.
IMPORTANT:
- Think step by step.
- The final line must be exactly in the format: #### Yes. or #### No.
- Do not end with anything else after the final answer.
Your Question:
Q: Will parma ham be ready for New Year's if the pig is slaughtered in December?

A: Parma ham is a type of dry-cured ham that originates from the Parma region in Italy.
Responses:
To make Parma ham, the pig must be slaughtered and then the meat is cured with salt. (Score: -0.00046717142686247826)
To make Parma ham, the pig must be slaughtered and then the meat is salted and cured. (Score: -0.0006001167930662632)
<EMPTY> (Score: -inf)
<EMPTY> (Score: -inf)

====================
Query:
Use the step-by-step method as shown in the examples to answer the question. Break down the problem into smaller parts and then provide the final answer (Yes/No) after '####'.

Example 1:
Q: Karachi was a part of Alexander the Great's success?

A: Karachi is a city in modern day Pakistan.
Krokola was an ancient port located in what is now Karachi.
Alexander the Great stationed his fleet in Krokola on his way to Babylon.
Alexander the Great defeated Darius and conquered Babylon before expanding his 
empire.
#### Yes.

Example 2:
Q: Was P. G. Wodehouse's favorite book The Hunger Games?

A: P. G. Wodehouse died in 1975.
The Hunger Games was published in 2008.
#### No.
IMPORTANT:
- Think step by step.
- The final line must be exactly in the format: #### Yes. or #### No.
- Do not end with anything else after the final answer.
Your Question:
Q: Will parma ham be ready for New Year's if the pig is slaughtered in December?

A: Parma ham is a type of dry-cured ham that originates from the Parma region in Italy.
Responses:
To make Parma ham, the pig must be slaughtered and then the meat is salted and cured. (Score: -0.0006001167930662632)
To make Parma ham, the pig must be slaughtered and then the meat is salted and cured. (Score: -0.0006001167930662632)
<EMPTY> (Score: -inf)
<EMPTY> (Score: -inf)

====================
Query:
Use the step-by-step method as shown in the examples to answer the question. Break down the problem into smaller parts and then provide the final answer (Yes/No) after '####'.

Example 1:
Q: Karachi was a part of Alexander the Great's success?

A: Karachi is a city in modern day Pakistan.
Krokola was an ancient port located in what is now Karachi.
Alexander the Great stationed his fleet in Krokola on his way to Babylon.
Alexander the Great defeated Darius and conquered Babylon before expanding his 
empire.
#### Yes.

Example 2:
Q: Was P. G. Wodehouse's favorite book The Hunger Games?

A: P. G. Wodehouse died in 1975.
The Hunger Games was published in 2008.
#### No.
IMPORTANT:
- Think step by step.
- The final line must be exactly in the format: #### Yes. or #### No.
- Do not end with anything else after the final answer.
Your Question:
Q: Will parma ham be ready for New Year's if the pig is slaughtered in December?

A: Parma ham is a type of dry-cured ham that originates from the Parma region in Italy.
To make Parma ham, the pig must be slaughtered and then the meat is cured with salt.
Responses:
The curing process for Parma ham typically takes a minimum of 12 months, but it can take longer depending on the desired flavor and texture. (Score: 0.00022635096684098244)
The curing process for Parma ham typically takes a minimum of 12 months, but it can take longer depending on the desired flavor and texture. (Score: 0.00022635096684098244)
<EMPTY> (Score: -inf)
<EMPTY> (Score: -inf)

====================
Query:
Use the step-by-step method as shown in the examples to answer the question. Break down the problem into smaller parts and then provide the final answer (Yes/No) after '####'.

Example 1:
Q: Karachi was a part of Alexander the Great's success?

A: Karachi is a city in modern day Pakistan.
Krokola was an ancient port located in what is now Karachi.
Alexander the Great stationed his fleet in Krokola on his way to Babylon.
Alexander the Great defeated Darius and conquered Babylon before expanding his 
empire.
#### Yes.

Example 2:
Q: Was P. G. Wodehouse's favorite book The Hunger Games?

A: P. G. Wodehouse died in 1975.
The Hunger Games was published in 2008.
#### No.
IMPORTANT:
- Think step by step.
- The final line must be exactly in the format: #### Yes. or #### No.
- Do not end with anything else after the final answer.
Your Question:
Q: Will parma ham be ready for New Year's if the pig is slaughtered in December?

A: Parma ham is a type of dry-cured ham that originates from the Parma region in Italy.
To make Parma ham, the pig must be slaughtered and then the meat is salted and cured.
Responses:
The curing process for Parma ham typically takes a minimum of 12 months, but it can take longer depending on the desired flavor and texture. (Score: 8.696038275957108e-05)
The curing process for Parma ham typically takes a minimum of 12 months, but it can take longer depending on the desired flavor and texture. (Score: 8.696038275957108e-05)
<EMPTY> (Score: -inf)
<EMPTY> (Score: -inf)

====================
Query:
Use the step-by-step method as shown in the examples to answer the question. Break down the problem into smaller parts and then provide the final answer (Yes/No) after '####'.

Example 1:
Q: Karachi was a part of Alexander the Great's success?

A: Karachi is a city in modern day Pakistan.
Krokola was an ancient port located in what is now Karachi.
Alexander the Great stationed his fleet in Krokola on his way to Babylon.
Alexander the Great defeated Darius and conquered Babylon before expanding his 
empire.
#### Yes.

Example 2:
Q: Was P. G. Wodehouse's favorite book The Hunger Games?

A: P. G. Wodehouse died in 1975.
The Hunger Games was published in 2008.
#### No.
IMPORTANT:
- Think step by step.
- The final line must be exactly in the format: #### Yes. or #### No.
- Do not end with anything else after the final answer.
Your Question:
Q: Will parma ham be ready for New Year's if the pig is slaughtered in December?

A: Parma ham is a type of dry-cured ham that originates from the Parma region in Italy.
To make Parma ham, the pig must be slaughtered and then the meat is cured with salt.
The curing process for Parma ham typically takes a minimum of 12 months, but it can take longer depending on the desired flavor and texture.
Responses:
#### Yes. (Score: 0.00013263383880257607)
#### No. (Score: 0.00016352254897356033)
<EMPTY> (Score: -inf)
<EMPTY> (Score: -inf)

====================
Query:
Use the step-by-step method as shown in the examples to answer the question. Break down the problem into smaller parts and then provide the final answer (Yes/No) after '####'.

Example 1:
Q: Karachi was a part of Alexander the Great's success?

A: Karachi is a city in modern day Pakistan.
Krokola was an ancient port located in what is now Karachi.
Alexander the Great stationed his fleet in Krokola on his way to Babylon.
Alexander the Great defeated Darius and conquered Babylon before expanding his 
empire.
#### Yes.

Example 2:
Q: Was P. G. Wodehouse's favorite book The Hunger Games?

A: P. G. Wodehouse died in 1975.
The Hunger Games was published in 2008.
#### No.
IMPORTANT:
- Think step by step.
- The final line must be exactly in the format: #### Yes. or #### No.
- Do not end with anything else after the final answer.
Your Question:
Q: Will parma ham be ready for New Year's if the pig is slaughtered in December?

A: Parma ham is a type of dry-cured ham that originates from the Parma region in Italy.
To make Parma ham, the pig must be slaughtered and then the meat is cured with salt.
The curing process for Parma ham typically takes a minimum of 12 months, but it can take longer depending on the desired flavor and texture.
Responses:
#### Yes. (Score: 0.00013263383880257607)
#### No. (Score: 0.00016352254897356033)
<EMPTY> (Score: -inf)
<EMPTY> (Score: -inf)

====================
Query:
Use the step-by-step method as shown in the examples to answer the question. Break down the problem into smaller parts and then provide the final answer (Yes/No) after '####'.

Example 1:
Q: Karachi was a part of Alexander the Great's success?

A: Karachi is a city in modern day Pakistan.
Krokola was an ancient port located in what is now Karachi.
Alexander the Great stationed his fleet in Krokola on his way to Babylon.
Alexander the Great defeated Darius and conquered Babylon before expanding his 
empire.
#### Yes.

Example 2:
Q: Was P. G. Wodehouse's favorite book The Hunger Games?

A: P. G. Wodehouse died in 1975.
The Hunger Games was published in 2008.
#### No.
IMPORTANT:
- Think step by step.
- The final line must be exactly in the format: #### Yes. or #### No.
- Do not end with anything else after the final answer.
Your Question:
Q: Could Marco Rubio ride the Candymonium roller coaster at Hershey Park?

A:
Responses:
Marco Rubio is a U.S. Senator from Florida. (Score: 0.0003992686979472637)
Marco Rubio is a U.S. Senator from Florida. (Score: 0.0003992686979472637)
<EMPTY> (Score: -inf)
<EMPTY> (Score: -inf)

====================
Query:
Use the step-by-step method as shown in the examples to answer the question. Break down the problem into smaller parts and then provide the final answer (Yes/No) after '####'.

Example 1:
Q: Karachi was a part of Alexander the Great's success?

A: Karachi is a city in modern day Pakistan.
Krokola was an ancient port located in what is now Karachi.
Alexander the Great stationed his fleet in Krokola on his way to Babylon.
Alexander the Great defeated Darius and conquered Babylon before expanding his 
empire.
#### Yes.

Example 2:
Q: Was P. G. Wodehouse's favorite book The Hunger Games?

A: P. G. Wodehouse died in 1975.
The Hunger Games was published in 2008.
#### No.
IMPORTANT:
- Think step by step.
- The final line must be exactly in the format: #### Yes. or #### No.
- Do not end with anything else after the final answer.
Your Question:
Q: Could Marco Rubio ride the Candymonium roller coaster at Hershey Park?

A: Marco Rubio is a U.S. Senator from Florida.
Responses:
Marco Rubio is an adult male. (Score: 0.0006570802070200443)
Marco Rubio is an adult male. (Score: 0.0006570802070200443)
<EMPTY> (Score: -inf)
<EMPTY> (Score: -inf)

====================
Query:
Use the step-by-step method as shown in the examples to answer the question. Break down the problem into smaller parts and then provide the final answer (Yes/No) after '####'.

Example 1:
Q: Karachi was a part of Alexander the Great's success?

A: Karachi is a city in modern day Pakistan.
Krokola was an ancient port located in what is now Karachi.
Alexander the Great stationed his fleet in Krokola on his way to Babylon.
Alexander the Great defeated Darius and conquered Babylon before expanding his 
empire.
#### Yes.

Example 2:
Q: Was P. G. Wodehouse's favorite book The Hunger Games?

A: P. G. Wodehouse died in 1975.
The Hunger Games was published in 2008.
#### No.
IMPORTANT:
- Think step by step.
- The final line must be exactly in the format: #### Yes. or #### No.
- Do not end with anything else after the final answer.
Your Question:
Q: Could Marco Rubio ride the Candymonium roller coaster at Hershey Park?

A: Marco Rubio is a U.S. Senator from Florida.
Responses:
Marco Rubio is an adult male. (Score: 0.0006570802070200443)
Marco Rubio is an adult male. (Score: 0.0006570802070200443)
<EMPTY> (Score: -inf)
<EMPTY> (Score: -inf)

====================
Query:
Use the step-by-step method as shown in the examples to answer the question. Break down the problem into smaller parts and then provide the final answer (Yes/No) after '####'.

Example 1:
Q: Karachi was a part of Alexander the Great's success?

A: Karachi is a city in modern day Pakistan.
Krokola was an ancient port located in what is now Karachi.
Alexander the Great stationed his fleet in Krokola on his way to Babylon.
Alexander the Great defeated Darius and conquered Babylon before expanding his 
empire.
#### Yes.

Example 2:
Q: Was P. G. Wodehouse's favorite book The Hunger Games?

A: P. G. Wodehouse died in 1975.
The Hunger Games was published in 2008.
#### No.
IMPORTANT:
- Think step by step.
- The final line must be exactly in the format: #### Yes. or #### No.
- Do not end with anything else after the final answer.
Your Question:
Q: Could Marco Rubio ride the Candymonium roller coaster at Hershey Park?

A: Marco Rubio is a U.S. Senator from Florida.
Marco Rubio is an adult male.
Responses:
To ride a roller coaster, one typically needs to meet certain height and health requirements. (Score: 0.00023322226479649544)
To ride a roller coaster, one typically needs to meet certain height and health requirements. (Score: 0.00023322226479649544)
<EMPTY> (Score: -inf)
<EMPTY> (Score: -inf)

====================
Query:
Use the step-by-step method as shown in the examples to answer the question. Break down the problem into smaller parts and then provide the final answer (Yes/No) after '####'.

Example 1:
Q: Karachi was a part of Alexander the Great's success?

A: Karachi is a city in modern day Pakistan.
Krokola was an ancient port located in what is now Karachi.
Alexander the Great stationed his fleet in Krokola on his way to Babylon.
Alexander the Great defeated Darius and conquered Babylon before expanding his 
empire.
#### Yes.

Example 2:
Q: Was P. G. Wodehouse's favorite book The Hunger Games?

A: P. G. Wodehouse died in 1975.
The Hunger Games was published in 2008.
#### No.
IMPORTANT:
- Think step by step.
- The final line must be exactly in the format: #### Yes. or #### No.
- Do not end with anything else after the final answer.
Your Question:
Q: Could Marco Rubio ride the Candymonium roller coaster at Hershey Park?

A: Marco Rubio is a U.S. Senator from Florida.
Marco Rubio is an adult male.
Responses:
To ride a roller coaster, one typically needs to meet certain height and health requirements. (Score: 0.00021267496049404144)
To ride the Candymonium roller coaster at Hershey Park, a person typically needs to meet certain height and safety requirements. (Score: -0.0003789137117564678)
<EMPTY> (Score: -inf)
<EMPTY> (Score: -inf)

====================
Query:
Use the step-by-step method as shown in the examples to answer the question. Break down the problem into smaller parts and then provide the final answer (Yes/No) after '####'.

Example 1:
Q: Karachi was a part of Alexander the Great's success?

A: Karachi is a city in modern day Pakistan.
Krokola was an ancient port located in what is now Karachi.
Alexander the Great stationed his fleet in Krokola on his way to Babylon.
Alexander the Great defeated Darius and conquered Babylon before expanding his 
empire.
#### Yes.

Example 2:
Q: Was P. G. Wodehouse's favorite book The Hunger Games?

A: P. G. Wodehouse died in 1975.
The Hunger Games was published in 2008.
#### No.
IMPORTANT:
- Think step by step.
- The final line must be exactly in the format: #### Yes. or #### No.
- Do not end with anything else after the final answer.
Your Question:
Q: Could Marco Rubio ride the Candymonium roller coaster at Hershey Park?

A: Marco Rubio is a U.S. Senator from Florida.
Marco Rubio is an adult male.
To ride a roller coaster, one typically needs to meet certain height and health requirements.
Responses:
#### Yes. (Score: 0.0008668289519846439)
#### No. (Score: 0.0010327212512493134)
<EMPTY> (Score: -inf)
<EMPTY> (Score: -inf)

====================
Query:
Use the step-by-step method as shown in the examples to answer the question. Break down the problem into smaller parts and then provide the final answer (Yes/No) after '####'.

Example 1:
Q: Karachi was a part of Alexander the Great's success?

A: Karachi is a city in modern day Pakistan.
Krokola was an ancient port located in what is now Karachi.
Alexander the Great stationed his fleet in Krokola on his way to Babylon.
Alexander the Great defeated Darius and conquered Babylon before expanding his 
empire.
#### Yes.

Example 2:
Q: Was P. G. Wodehouse's favorite book The Hunger Games?

A: P. G. Wodehouse died in 1975.
The Hunger Games was published in 2008.
#### No.
IMPORTANT:
- Think step by step.
- The final line must be exactly in the format: #### Yes. or #### No.
- Do not end with anything else after the final answer.
Your Question:
Q: Could Marco Rubio ride the Candymonium roller coaster at Hershey Park?

A: Marco Rubio is a U.S. Senator from Florida.
Marco Rubio is an adult male.
To ride a roller coaster, one typically needs to meet certain height and health requirements.
Responses:
#### Yes. (Score: 0.0008668289519846439)
#### No. (Score: 0.0010327212512493134)
<EMPTY> (Score: -inf)
<EMPTY> (Score: -inf)

====================
Query:
Use the step-by-step method as shown in the examples to answer the question. Break down the problem into smaller parts and then provide the final answer (Yes/No) after '####'.

Example 1:
Q: Karachi was a part of Alexander the Great's success?

A: Karachi is a city in modern day Pakistan.
Krokola was an ancient port located in what is now Karachi.
Alexander the Great stationed his fleet in Krokola on his way to Babylon.
Alexander the Great defeated Darius and conquered Babylon before expanding his 
empire.
#### Yes.

Example 2:
Q: Was P. G. Wodehouse's favorite book The Hunger Games?

A: P. G. Wodehouse died in 1975.
The Hunger Games was published in 2008.
#### No.
IMPORTANT:
- Think step by step.
- The final line must be exactly in the format: #### Yes. or #### No.
- Do not end with anything else after the final answer.
Your Question:
Q: Would alligator best saltwater crocodile in hypothetical Lake Urmia battle?

A:
Responses:
Alligators are primarily freshwater reptiles and are not typically found in saltwater environments. (Score: 0.0009642238728702068)
Alligators are primarily found in freshwater environments, such as swamps and rivers, while saltwater crocodiles are known to inhabit both freshwater and saltwater areas, including oceans and estuaries. (Score: -0.00019158236682415009)
<EMPTY> (Score: -inf)
<EMPTY> (Score: -inf)

====================
Query:
Use the step-by-step method as shown in the examples to answer the question. Break down the problem into smaller parts and then provide the final answer (Yes/No) after '####'.

Example 1:
Q: Karachi was a part of Alexander the Great's success?

A: Karachi is a city in modern day Pakistan.
Krokola was an ancient port located in what is now Karachi.
Alexander the Great stationed his fleet in Krokola on his way to Babylon.
Alexander the Great defeated Darius and conquered Babylon before expanding his 
empire.
#### Yes.

Example 2:
Q: Was P. G. Wodehouse's favorite book The Hunger Games?

A: P. G. Wodehouse died in 1975.
The Hunger Games was published in 2008.
#### No.
IMPORTANT:
- Think step by step.
- The final line must be exactly in the format: #### Yes. or #### No.
- Do not end with anything else after the final answer.
Your Question:
Q: Would alligator best saltwater crocodile in hypothetical Lake Urmia battle?

A: Alligators are primarily freshwater reptiles and are not typically found in saltwater environments.
Responses:
Saltwater crocodiles are known to inhabit brackish and saltwater environments and are larger and more aggressive than alligators. (Score: 0.0003720293752849102)
Saltwater crocodiles are known to inhabit brackish and saltwater environments and are larger and more aggressive than alligators. (Score: 0.0003720293752849102)
<EMPTY> (Score: -inf)
<EMPTY> (Score: -inf)

====================
Query:
Use the step-by-step method as shown in the examples to answer the question. Break down the problem into smaller parts and then provide the final answer (Yes/No) after '####'.

Example 1:
Q: Karachi was a part of Alexander the Great's success?

A: Karachi is a city in modern day Pakistan.
Krokola was an ancient port located in what is now Karachi.
Alexander the Great stationed his fleet in Krokola on his way to Babylon.
Alexander the Great defeated Darius and conquered Babylon before expanding his 
empire.
#### Yes.

Example 2:
Q: Was P. G. Wodehouse's favorite book The Hunger Games?

A: P. G. Wodehouse died in 1975.
The Hunger Games was published in 2008.
#### No.
IMPORTANT:
- Think step by step.
- The final line must be exactly in the format: #### Yes. or #### No.
- Do not end with anything else after the final answer.
Your Question:
Q: Would alligator best saltwater crocodile in hypothetical Lake Urmia battle?

A: Alligators are primarily found in freshwater environments, such as swamps and rivers, while saltwater crocodiles are known to inhabit both freshwater and saltwater areas, including oceans and estuaries.
Responses:
Alligators are generally smaller and less aggressive than saltwater crocodiles. (Score: -0.0006407536566257477)
Alligators are generally smaller and less aggressive than saltwater crocodiles. (Score: -0.0006407536566257477)
<EMPTY> (Score: -inf)
<EMPTY> (Score: -inf)

====================
Query:
Use the step-by-step method as shown in the examples to answer the question. Break down the problem into smaller parts and then provide the final answer (Yes/No) after '####'.

Example 1:
Q: Karachi was a part of Alexander the Great's success?

A: Karachi is a city in modern day Pakistan.
Krokola was an ancient port located in what is now Karachi.
Alexander the Great stationed his fleet in Krokola on his way to Babylon.
Alexander the Great defeated Darius and conquered Babylon before expanding his 
empire.
#### Yes.

Example 2:
Q: Was P. G. Wodehouse's favorite book The Hunger Games?

A: P. G. Wodehouse died in 1975.
The Hunger Games was published in 2008.
#### No.
IMPORTANT:
- Think step by step.
- The final line must be exactly in the format: #### Yes. or #### No.
- Do not end with anything else after the final answer.
Your Question:
Q: Would alligator best saltwater crocodile in hypothetical Lake Urmia battle?

A: Alligators are primarily freshwater reptiles and are not typically found in saltwater environments.
Saltwater crocodiles are known to inhabit brackish and saltwater environments and are larger and more aggressive than alligators.
Responses:
A: Alligators are primarily freshwater reptiles and are not typically found in saltwater environments. (Score: -0.0014978372491896152)
A: Alligators are primarily freshwater reptiles and are not typically found in saltwater environments. (Score: -0.0014978372491896152)
<EMPTY> (Score: -inf)
<EMPTY> (Score: -inf)

====================
Query:
Use the step-by-step method as shown in the examples to answer the question. Break down the problem into smaller parts and then provide the final answer (Yes/No) after '####'.

Example 1:
Q: Karachi was a part of Alexander the Great's success?

A: Karachi is a city in modern day Pakistan.
Krokola was an ancient port located in what is now Karachi.
Alexander the Great stationed his fleet in Krokola on his way to Babylon.
Alexander the Great defeated Darius and conquered Babylon before expanding his 
empire.
#### Yes.

Example 2:
Q: Was P. G. Wodehouse's favorite book The Hunger Games?

A: P. G. Wodehouse died in 1975.
The Hunger Games was published in 2008.
#### No.
IMPORTANT:
- Think step by step.
- The final line must be exactly in the format: #### Yes. or #### No.
- Do not end with anything else after the final answer.
Your Question:
Q: Would alligator best saltwater crocodile in hypothetical Lake Urmia battle?

A: Alligators are primarily freshwater reptiles and are not typically found in saltwater environments.
Saltwater crocodiles are known to inhabit brackish and saltwater environments and are larger and more aggressive than alligators.
Responses:
A: Alligators are primarily freshwater reptiles and are not typically found in saltwater environments. (Score: -0.0014978372491896152)
A: Alligators are primarily freshwater reptiles and are not typically found in saltwater environments. (Score: -0.0014978372491896152)
<EMPTY> (Score: -inf)
<EMPTY> (Score: -inf)

====================
Query:
Use the step-by-step method as shown in the examples to answer the question. Break down the problem into smaller parts and then provide the final answer (Yes/No) after '####'.

Example 1:
Q: Karachi was a part of Alexander the Great's success?

A: Karachi is a city in modern day Pakistan.
Krokola was an ancient port located in what is now Karachi.
Alexander the Great stationed his fleet in Krokola on his way to Babylon.
Alexander the Great defeated Darius and conquered Babylon before expanding his 
empire.
#### Yes.

Example 2:
Q: Was P. G. Wodehouse's favorite book The Hunger Games?

A: P. G. Wodehouse died in 1975.
The Hunger Games was published in 2008.
#### No.
IMPORTANT:
- Think step by step.
- The final line must be exactly in the format: #### Yes. or #### No.
- Do not end with anything else after the final answer.
Your Question:
Q: Would alligator best saltwater crocodile in hypothetical Lake Urmia battle?

A: Alligators are primarily freshwater reptiles and are not typically found in saltwater environments.
Saltwater crocodiles are known to inhabit brackish and saltwater environments and are larger and more aggressive than alligators.
A: Alligators are primarily freshwater reptiles and are not typically found in saltwater environments.
Responses:
#### Yes. (Score: -0.000536380335688591)
#### No. (Score: -0.00037791766226291656)
<EMPTY> (Score: -inf)
<EMPTY> (Score: -inf)

====================
Query:
Use the step-by-step method as shown in the examples to answer the question. Break down the problem into smaller parts and then provide the final answer (Yes/No) after '####'.

Example 1:
Q: Karachi was a part of Alexander the Great's success?

A: Karachi is a city in modern day Pakistan.
Krokola was an ancient port located in what is now Karachi.
Alexander the Great stationed his fleet in Krokola on his way to Babylon.
Alexander the Great defeated Darius and conquered Babylon before expanding his 
empire.
#### Yes.

Example 2:
Q: Was P. G. Wodehouse's favorite book The Hunger Games?

A: P. G. Wodehouse died in 1975.
The Hunger Games was published in 2008.
#### No.
IMPORTANT:
- Think step by step.
- The final line must be exactly in the format: #### Yes. or #### No.
- Do not end with anything else after the final answer.
Your Question:
Q: Would alligator best saltwater crocodile in hypothetical Lake Urmia battle?

A: Alligators are primarily freshwater reptiles and are not typically found in saltwater environments.
Saltwater crocodiles are known to inhabit brackish and saltwater environments and are larger and more aggressive than alligators.
A: Alligators are primarily freshwater reptiles and are not typically found in saltwater environments.
Responses:
#### Yes. (Score: -0.000536380335688591)
#### No. (Score: -0.00037791766226291656)
<EMPTY> (Score: -inf)
<EMPTY> (Score: -inf)

====================
Query:
Use the step-by-step method as shown in the examples to answer the question. Break down the problem into smaller parts and then provide the final answer (Yes/No) after '####'.

Example 1:
Q: Karachi was a part of Alexander the Great's success?

A: Karachi is a city in modern day Pakistan.
Krokola was an ancient port located in what is now Karachi.
Alexander the Great stationed his fleet in Krokola on his way to Babylon.
Alexander the Great defeated Darius and conquered Babylon before expanding his 
empire.
#### Yes.

Example 2:
Q: Was P. G. Wodehouse's favorite book The Hunger Games?

A: P. G. Wodehouse died in 1975.
The Hunger Games was published in 2008.
#### No.
IMPORTANT:
- Think step by step.
- The final line must be exactly in the format: #### Yes. or #### No.
- Do not end with anything else after the final answer.
Your Question:
Q: Would Terence Tao outperform Eminem in a math competition?

A:
Responses:
Terence Tao is a renowned mathematician known for his exceptional skills in mathematics. (Score: 0.0002616066485643387)
Terence Tao is a renowned mathematician known for his exceptional contributions to various fields of mathematics. (Score: 0.0007091131992638111)
<EMPTY> (Score: -inf)
<EMPTY> (Score: -inf)

====================
Query:
Use the step-by-step method as shown in the examples to answer the question. Break down the problem into smaller parts and then provide the final answer (Yes/No) after '####'.

Example 1:
Q: Karachi was a part of Alexander the Great's success?

A: Karachi is a city in modern day Pakistan.
Krokola was an ancient port located in what is now Karachi.
Alexander the Great stationed his fleet in Krokola on his way to Babylon.
Alexander the Great defeated Darius and conquered Babylon before expanding his 
empire.
#### Yes.

Example 2:
Q: Was P. G. Wodehouse's favorite book The Hunger Games?

A: P. G. Wodehouse died in 1975.
The Hunger Games was published in 2008.
#### No.
IMPORTANT:
- Think step by step.
- The final line must be exactly in the format: #### Yes. or #### No.
- Do not end with anything else after the final answer.
Your Question:
Q: Would Terence Tao outperform Eminem in a math competition?

A: Terence Tao is a renowned mathematician known for his exceptional contributions to various fields of mathematics.
Responses:
He has won numerous prestigious awards, including the Fields Medal, which is often regarded as the highest honor in mathematics. (Score: -0.0010931040160357952)
He has won numerous prestigious awards, including the Fields Medal, which is often regarded as the highest honor in mathematics. (Score: -0.0010931040160357952)
<EMPTY> (Score: -inf)
<EMPTY> (Score: -inf)

====================
Query:
Use the step-by-step method as shown in the examples to answer the question. Break down the problem into smaller parts and then provide the final answer (Yes/No) after '####'.

Example 1:
Q: Karachi was a part of Alexander the Great's success?

A: Karachi is a city in modern day Pakistan.
Krokola was an ancient port located in what is now Karachi.
Alexander the Great stationed his fleet in Krokola on his way to Babylon.
Alexander the Great defeated Darius and conquered Babylon before expanding his 
empire.
#### Yes.

Example 2:
Q: Was P. G. Wodehouse's favorite book The Hunger Games?

A: P. G. Wodehouse died in 1975.
The Hunger Games was published in 2008.
#### No.
IMPORTANT:
- Think step by step.
- The final line must be exactly in the format: #### Yes. or #### No.
- Do not end with anything else after the final answer.
Your Question:
Q: Would Terence Tao outperform Eminem in a math competition?

A: Terence Tao is a renowned mathematician known for his exceptional skills in mathematics.
Responses:
He has won numerous prestigious awards, including the Fields Medal, which is often regarded as the highest honor in mathematics. (Score: -2.2967346012592316e-05)
He has won numerous prestigious awards, including the Fields Medal, which is often regarded as the highest honor in mathematics. (Score: -2.2967346012592316e-05)
<EMPTY> (Score: -inf)
<EMPTY> (Score: -inf)

====================
Query:
Use the step-by-step method as shown in the examples to answer the question. Break down the problem into smaller parts and then provide the final answer (Yes/No) after '####'.

Example 1:
Q: Karachi was a part of Alexander the Great's success?

A: Karachi is a city in modern day Pakistan.
Krokola was an ancient port located in what is now Karachi.
Alexander the Great stationed his fleet in Krokola on his way to Babylon.
Alexander the Great defeated Darius and conquered Babylon before expanding his 
empire.
#### Yes.

Example 2:
Q: Was P. G. Wodehouse's favorite book The Hunger Games?

A: P. G. Wodehouse died in 1975.
The Hunger Games was published in 2008.
#### No.
IMPORTANT:
- Think step by step.
- The final line must be exactly in the format: #### Yes. or #### No.
- Do not end with anything else after the final answer.
Your Question:
Q: Would Terence Tao outperform Eminem in a math competition?

A: Terence Tao is a renowned mathematician known for his exceptional skills in mathematics.
He has won numerous prestigious awards, including the Fields Medal, which is often regarded as the highest honor in mathematics.
Responses:
Eminem is a highly successful rapper and songwriter, but he is not known for his mathematical abilities. (Score: 0.0008300263434648514)
Eminem is a highly successful rapper and songwriter, but he is not known for his mathematical abilities. (Score: 0.0008300263434648514)
<EMPTY> (Score: -inf)
<EMPTY> (Score: -inf)

====================
Query:
Use the step-by-step method as shown in the examples to answer the question. Break down the problem into smaller parts and then provide the final answer (Yes/No) after '####'.

Example 1:
Q: Karachi was a part of Alexander the Great's success?

A: Karachi is a city in modern day Pakistan.
Krokola was an ancient port located in what is now Karachi.
Alexander the Great stationed his fleet in Krokola on his way to Babylon.
Alexander the Great defeated Darius and conquered Babylon before expanding his 
empire.
#### Yes.

Example 2:
Q: Was P. G. Wodehouse's favorite book The Hunger Games?

A: P. G. Wodehouse died in 1975.
The Hunger Games was published in 2008.
#### No.
IMPORTANT:
- Think step by step.
- The final line must be exactly in the format: #### Yes. or #### No.
- Do not end with anything else after the final answer.
Your Question:
Q: Would Terence Tao outperform Eminem in a math competition?

A: Terence Tao is a renowned mathematician known for his exceptional skills in mathematics.
He has won numerous prestigious awards, including the Fields Medal, which is often regarded as the highest honor in mathematics.
Responses:
Eminem is a highly successful rapper and songwriter, but he is not known for his mathematical abilities. (Score: 0.0008300263434648514)
Eminem is a highly talented rapper and songwriter, but he is not known for his mathematical abilities. (Score: 0.0006883777678012848)
<EMPTY> (Score: -inf)
<EMPTY> (Score: -inf)

====================
Query:
Use the step-by-step method as shown in the examples to answer the question. Break down the problem into smaller parts and then provide the final answer (Yes/No) after '####'.

Example 1:
Q: Karachi was a part of Alexander the Great's success?

A: Karachi is a city in modern day Pakistan.
Krokola was an ancient port located in what is now Karachi.
Alexander the Great stationed his fleet in Krokola on his way to Babylon.
Alexander the Great defeated Darius and conquered Babylon before expanding his 
empire.
#### Yes.

Example 2:
Q: Was P. G. Wodehouse's favorite book The Hunger Games?

A: P. G. Wodehouse died in 1975.
The Hunger Games was published in 2008.
#### No.
IMPORTANT:
- Think step by step.
- The final line must be exactly in the format: #### Yes. or #### No.
- Do not end with anything else after the final answer.
Your Question:
Q: Would Terence Tao outperform Eminem in a math competition?

A: Terence Tao is a renowned mathematician known for his exceptional skills in mathematics.
He has won numerous prestigious awards, including the Fields Medal, which is often regarded as the highest honor in mathematics.
Eminem is a highly successful rapper and songwriter, but he is not known for his mathematical abilities.
Responses:
#### Yes. (Score: 0.0012878058478236198)
#### No. (Score: 0.0013561118394136429)
<EMPTY> (Score: -inf)
<EMPTY> (Score: -inf)

====================
Query:
Use the step-by-step method as shown in the examples to answer the question. Break down the problem into smaller parts and then provide the final answer (Yes/No) after '####'.

Example 1:
Q: Karachi was a part of Alexander the Great's success?

A: Karachi is a city in modern day Pakistan.
Krokola was an ancient port located in what is now Karachi.
Alexander the Great stationed his fleet in Krokola on his way to Babylon.
Alexander the Great defeated Darius and conquered Babylon before expanding his 
empire.
#### Yes.

Example 2:
Q: Was P. G. Wodehouse's favorite book The Hunger Games?

A: P. G. Wodehouse died in 1975.
The Hunger Games was published in 2008.
#### No.
IMPORTANT:
- Think step by step.
- The final line must be exactly in the format: #### Yes. or #### No.
- Do not end with anything else after the final answer.
Your Question:
Q: Would Terence Tao outperform Eminem in a math competition?

A: Terence Tao is a renowned mathematician known for his exceptional skills in mathematics.
He has won numerous prestigious awards, including the Fields Medal, which is often regarded as the highest honor in mathematics.
Eminem is a highly successful rapper and songwriter, but he is not known for his mathematical abilities.
Responses:
#### Yes. (Score: 0.0012878058478236198)
#### No. (Score: 0.0013561118394136429)
<EMPTY> (Score: -inf)
<EMPTY> (Score: -inf)

====================
Query:
Use the step-by-step method as shown in the examples to answer the question. Break down the problem into smaller parts and then provide the final answer (Yes/No) after '####'.

Example 1:
Q: Karachi was a part of Alexander the Great's success?

A: Karachi is a city in modern day Pakistan.
Krokola was an ancient port located in what is now Karachi.
Alexander the Great stationed his fleet in Krokola on his way to Babylon.
Alexander the Great defeated Darius and conquered Babylon before expanding his 
empire.
#### Yes.

Example 2:
Q: Was P. G. Wodehouse's favorite book The Hunger Games?

A: P. G. Wodehouse died in 1975.
The Hunger Games was published in 2008.
#### No.
IMPORTANT:
- Think step by step.
- The final line must be exactly in the format: #### Yes. or #### No.
- Do not end with anything else after the final answer.
Your Question:
Q: Does frost mean that it will be a snowy day?

A:
Responses:
Frost occurs when the temperature drops below freezing, causing moisture in the air to freeze on surfaces. (Score: -0.0008243662305176258)
Frost occurs when the temperature drops below freezing, causing moisture in the air to freeze on surfaces. (Score: -0.0008243662305176258)
<EMPTY> (Score: -inf)
<EMPTY> (Score: -inf)

====================
Query:
Use the step-by-step method as shown in the examples to answer the question. Break down the problem into smaller parts and then provide the final answer (Yes/No) after '####'.

Example 1:
Q: Karachi was a part of Alexander the Great's success?

A: Karachi is a city in modern day Pakistan.
Krokola was an ancient port located in what is now Karachi.
Alexander the Great stationed his fleet in Krokola on his way to Babylon.
Alexander the Great defeated Darius and conquered Babylon before expanding his 
empire.
#### Yes.

Example 2:
Q: Was P. G. Wodehouse's favorite book The Hunger Games?

A: P. G. Wodehouse died in 1975.
The Hunger Games was published in 2008.
#### No.
IMPORTANT:
- Think step by step.
- The final line must be exactly in the format: #### Yes. or #### No.
- Do not end with anything else after the final answer.
Your Question:
Q: Does frost mean that it will be a snowy day?

A: Frost occurs when the temperature drops below freezing, causing moisture in the air to freeze on surfaces.
Responses:
Snow occurs when there is sufficient moisture in the atmosphere and temperatures are low enough for the moisture to crystallize into snowflakes. (Score: -0.00021689850836992264)
Frost can occur without snow, as it is a result of temperature conditions rather than precipitation. (Score: -0.00043769413605332375)
<EMPTY> (Score: -inf)
<EMPTY> (Score: -inf)

====================
Query:
Use the step-by-step method as shown in the examples to answer the question. Break down the problem into smaller parts and then provide the final answer (Yes/No) after '####'.

Example 1:
Q: Karachi was a part of Alexander the Great's success?

A: Karachi is a city in modern day Pakistan.
Krokola was an ancient port located in what is now Karachi.
Alexander the Great stationed his fleet in Krokola on his way to Babylon.
Alexander the Great defeated Darius and conquered Babylon before expanding his 
empire.
#### Yes.

Example 2:
Q: Was P. G. Wodehouse's favorite book The Hunger Games?

A: P. G. Wodehouse died in 1975.
The Hunger Games was published in 2008.
#### No.
IMPORTANT:
- Think step by step.
- The final line must be exactly in the format: #### Yes. or #### No.
- Do not end with anything else after the final answer.
Your Question:
Q: Does frost mean that it will be a snowy day?

A: Frost occurs when the temperature drops below freezing, causing moisture in the air to freeze on surfaces.
Responses:
Frost can occur without snow, as it is a result of temperature conditions rather than precipitation. (Score: -0.00042928894981741905)
Snow occurs when there is sufficient moisture in the atmosphere and the temperature is below freezing, leading to the formation of snowflakes. (Score: -0.000920482911169529)
<EMPTY> (Score: -inf)
<EMPTY> (Score: -inf)

====================
Query:
Use the step-by-step method as shown in the examples to answer the question. Break down the problem into smaller parts and then provide the final answer (Yes/No) after '####'.

Example 1:
Q: Karachi was a part of Alexander the Great's success?

A: Karachi is a city in modern day Pakistan.
Krokola was an ancient port located in what is now Karachi.
Alexander the Great stationed his fleet in Krokola on his way to Babylon.
Alexander the Great defeated Darius and conquered Babylon before expanding his 
empire.
#### Yes.

Example 2:
Q: Was P. G. Wodehouse's favorite book The Hunger Games?

A: P. G. Wodehouse died in 1975.
The Hunger Games was published in 2008.
#### No.
IMPORTANT:
- Think step by step.
- The final line must be exactly in the format: #### Yes. or #### No.
- Do not end with anything else after the final answer.
Your Question:
Q: Does frost mean that it will be a snowy day?

A: Frost occurs when the temperature drops below freezing, causing moisture in the air to freeze on surfaces.
Snow occurs when there is sufficient moisture in the atmosphere and temperatures are low enough for the moisture to crystallize into snowflakes.
Responses:
Frost can occur without snow, as it is a result of freezing temperatures and moisture in the air, while snow requires specific atmospheric conditions to form. (Score: -0.00014629773795604706)
Frost does not necessarily indicate that it will snow. (Score: -0.0006231986917555332)
<EMPTY> (Score: -inf)
<EMPTY> (Score: -inf)

====================
Query:
Use the step-by-step method as shown in the examples to answer the question. Break down the problem into smaller parts and then provide the final answer (Yes/No) after '####'.

Example 1:
Q: Karachi was a part of Alexander the Great's success?

A: Karachi is a city in modern day Pakistan.
Krokola was an ancient port located in what is now Karachi.
Alexander the Great stationed his fleet in Krokola on his way to Babylon.
Alexander the Great defeated Darius and conquered Babylon before expanding his 
empire.
#### Yes.

Example 2:
Q: Was P. G. Wodehouse's favorite book The Hunger Games?

A: P. G. Wodehouse died in 1975.
The Hunger Games was published in 2008.
#### No.
IMPORTANT:
- Think step by step.
- The final line must be exactly in the format: #### Yes. or #### No.
- Do not end with anything else after the final answer.
Your Question:
Q: Does frost mean that it will be a snowy day?

A: Frost occurs when the temperature drops below freezing, causing moisture in the air to freeze on surfaces.
Frost can occur without snow, as it is a result of temperature conditions rather than precipitation.
Responses:
Snow occurs when there is sufficient moisture in the atmosphere that falls as frozen precipitation, which is different from frost. (Score: -0.00041989143937826157)
Snow occurs when there is sufficient moisture in the atmosphere that falls as frozen precipitation, which is different from frost. (Score: -0.00041989143937826157)
<EMPTY> (Score: -inf)
<EMPTY> (Score: -inf)

====================
Query:
Use the step-by-step method as shown in the examples to answer the question. Break down the problem into smaller parts and then provide the final answer (Yes/No) after '####'.

Example 1:
Q: Karachi was a part of Alexander the Great's success?

A: Karachi is a city in modern day Pakistan.
Krokola was an ancient port located in what is now Karachi.
Alexander the Great stationed his fleet in Krokola on his way to Babylon.
Alexander the Great defeated Darius and conquered Babylon before expanding his 
empire.
#### Yes.

Example 2:
Q: Was P. G. Wodehouse's favorite book The Hunger Games?

A: P. G. Wodehouse died in 1975.
The Hunger Games was published in 2008.
#### No.
IMPORTANT:
- Think step by step.
- The final line must be exactly in the format: #### Yes. or #### No.
- Do not end with anything else after the final answer.
Your Question:
Q: Does frost mean that it will be a snowy day?

A: Frost occurs when the temperature drops below freezing, causing moisture in the air to freeze on surfaces.
Snow occurs when there is sufficient moisture in the atmosphere and temperatures are low enough for the moisture to crystallize into snowflakes.
Frost can occur without snow, as it is a result of freezing temperatures and moisture in the air, while snow requires specific atmospheric conditions to form.
Responses:
#### Yes. (Score: 0.0005079717375338078)
#### No. (Score: 0.0003989236429333687)
<EMPTY> (Score: -inf)
<EMPTY> (Score: -inf)

====================
Query:
Use the step-by-step method as shown in the examples to answer the question. Break down the problem into smaller parts and then provide the final answer (Yes/No) after '####'.

Example 1:
Q: Karachi was a part of Alexander the Great's success?

A: Karachi is a city in modern day Pakistan.
Krokola was an ancient port located in what is now Karachi.
Alexander the Great stationed his fleet in Krokola on his way to Babylon.
Alexander the Great defeated Darius and conquered Babylon before expanding his 
empire.
#### Yes.

Example 2:
Q: Was P. G. Wodehouse's favorite book The Hunger Games?

A: P. G. Wodehouse died in 1975.
The Hunger Games was published in 2008.
#### No.
IMPORTANT:
- Think step by step.
- The final line must be exactly in the format: #### Yes. or #### No.
- Do not end with anything else after the final answer.
Your Question:
Q: Does frost mean that it will be a snowy day?

A: Frost occurs when the temperature drops below freezing, causing moisture in the air to freeze on surfaces.
Frost can occur without snow, as it is a result of temperature conditions rather than precipitation.
Snow occurs when there is sufficient moisture in the atmosphere that falls as frozen precipitation, which is different from frost.
Responses:
#### Yes. (Score: 0.00032947398722171783)
#### No. (Score: 0.00031039677560329437)
<EMPTY> (Score: -inf)
<EMPTY> (Score: -inf)

====================
Query:
Use the step-by-step method as shown in the examples to answer the question. Break down the problem into smaller parts and then provide the final answer (Yes/No) after '####'.

Example 1:
Q: Karachi was a part of Alexander the Great's success?

A: Karachi is a city in modern day Pakistan.
Krokola was an ancient port located in what is now Karachi.
Alexander the Great stationed his fleet in Krokola on his way to Babylon.
Alexander the Great defeated Darius and conquered Babylon before expanding his 
empire.
#### Yes.

Example 2:
Q: Was P. G. Wodehouse's favorite book The Hunger Games?

A: P. G. Wodehouse died in 1975.
The Hunger Games was published in 2008.
#### No.
IMPORTANT:
- Think step by step.
- The final line must be exactly in the format: #### Yes. or #### No.
- Do not end with anything else after the final answer.
Your Question:
Q: Are Scottish people descended from Mary, Queen of Scots part French?

A:
Responses:
Mary, Queen of Scots was born in 1542 and was a member of the Scottish royal family. (Score: 0.00020346743986010551)
Mary, Queen of Scots was born in 1542 and was a member of the Scottish royal family. (Score: 0.00020346743986010551)
<EMPTY> (Score: -inf)
<EMPTY> (Score: -inf)

====================
Query:
Use the step-by-step method as shown in the examples to answer the question. Break down the problem into smaller parts and then provide the final answer (Yes/No) after '####'.

Example 1:
Q: Karachi was a part of Alexander the Great's success?

A: Karachi is a city in modern day Pakistan.
Krokola was an ancient port located in what is now Karachi.
Alexander the Great stationed his fleet in Krokola on his way to Babylon.
Alexander the Great defeated Darius and conquered Babylon before expanding his 
empire.
#### Yes.

Example 2:
Q: Was P. G. Wodehouse's favorite book The Hunger Games?

A: P. G. Wodehouse died in 1975.
The Hunger Games was published in 2008.
#### No.
IMPORTANT:
- Think step by step.
- The final line must be exactly in the format: #### Yes. or #### No.
- Do not end with anything else after the final answer.
Your Question:
Q: Are Scottish people descended from Mary, Queen of Scots part French?

A: Mary, Queen of Scots was born in 1542 and was a member of the Scottish royal family.
Responses:
Mary, Queen of Scots was of Scottish descent as she was born in Scotland and was the queen of Scotland. (Score: 0.00019535887986421585)
Mary, Queen of Scots was of Scottish descent as she was born in Scotland. (Score: 1.2192409485578537e-05)
<EMPTY> (Score: -inf)
<EMPTY> (Score: -inf)

====================
Query:
Use the step-by-step method as shown in the examples to answer the question. Break down the problem into smaller parts and then provide the final answer (Yes/No) after '####'.

Example 1:
Q: Karachi was a part of Alexander the Great's success?

A: Karachi is a city in modern day Pakistan.
Krokola was an ancient port located in what is now Karachi.
Alexander the Great stationed his fleet in Krokola on his way to Babylon.
Alexander the Great defeated Darius and conquered Babylon before expanding his 
empire.
#### Yes.

Example 2:
Q: Was P. G. Wodehouse's favorite book The Hunger Games?

A: P. G. Wodehouse died in 1975.
The Hunger Games was published in 2008.
#### No.
IMPORTANT:
- Think step by step.
- The final line must be exactly in the format: #### Yes. or #### No.
- Do not end with anything else after the final answer.
Your Question:
Q: Are Scottish people descended from Mary, Queen of Scots part French?

A: Mary, Queen of Scots was born in 1542 and was a member of the Scottish royal family.
Responses:
Mary, Queen of Scots was of Scottish descent as she was born in Scotland and was the queen of Scotland. (Score: 0.00019535887986421585)
Mary, Queen of Scots was of Scottish descent as she was born in Scotland and was the queen of Scotland. (Score: 0.00019535887986421585)
<EMPTY> (Score: -inf)
<EMPTY> (Score: -inf)

====================
Query:
Use the step-by-step method as shown in the examples to answer the question. Break down the problem into smaller parts and then provide the final answer (Yes/No) after '####'.

Example 1:
Q: Karachi was a part of Alexander the Great's success?

A: Karachi is a city in modern day Pakistan.
Krokola was an ancient port located in what is now Karachi.
Alexander the Great stationed his fleet in Krokola on his way to Babylon.
Alexander the Great defeated Darius and conquered Babylon before expanding his 
empire.
#### Yes.

Example 2:
Q: Was P. G. Wodehouse's favorite book The Hunger Games?

A: P. G. Wodehouse died in 1975.
The Hunger Games was published in 2008.
#### No.
IMPORTANT:
- Think step by step.
- The final line must be exactly in the format: #### Yes. or #### No.
- Do not end with anything else after the final answer.
Your Question:
Q: Are Scottish people descended from Mary, Queen of Scots part French?

A: Mary, Queen of Scots was born in 1542 and was a member of the Scottish royal family.
Mary, Queen of Scots was of Scottish descent as she was born in Scotland and was the queen of Scotland.
Responses:
Mary, Queen of Scots was also of French descent as she spent a significant part of her early life in France and was married to the French Dauphin, Francis II. (Score: -0.00011060759425163269)
Mary, Queen of Scots was also of French descent as she spent a significant part of her early life in France and was married to the French Dauphin, Francis II. (Score: -0.00011060759425163269)
<EMPTY> (Score: -inf)
<EMPTY> (Score: -inf)

====================
Query:
Use the step-by-step method as shown in the examples to answer the question. Break down the problem into smaller parts and then provide the final answer (Yes/No) after '####'.

Example 1:
Q: Karachi was a part of Alexander the Great's success?

A: Karachi is a city in modern day Pakistan.
Krokola was an ancient port located in what is now Karachi.
Alexander the Great stationed his fleet in Krokola on his way to Babylon.
Alexander the Great defeated Darius and conquered Babylon before expanding his 
empire.
#### Yes.

Example 2:
Q: Was P. G. Wodehouse's favorite book The Hunger Games?

A: P. G. Wodehouse died in 1975.
The Hunger Games was published in 2008.
#### No.
IMPORTANT:
- Think step by step.
- The final line must be exactly in the format: #### Yes. or #### No.
- Do not end with anything else after the final answer.
Your Question:
Q: Are Scottish people descended from Mary, Queen of Scots part French?

A: Mary, Queen of Scots was born in 1542 and was a member of the Scottish royal family.
Mary, Queen of Scots was of Scottish descent as she was born in Scotland and was the queen of Scotland.
Responses:
Mary, Queen of Scots was also of French descent as she spent a significant part of her early life in France and was married to the French Dauphin, Francis II. (Score: -0.00011060759425163269)
Mary, Queen of Scots was also of French descent as she spent a significant part of her early life in France and was married to the French Dauphin, Francis II. (Score: -0.00011060759425163269)
<EMPTY> (Score: -inf)
<EMPTY> (Score: -inf)

====================
Query:
Use the step-by-step method as shown in the examples to answer the question. Break down the problem into smaller parts and then provide the final answer (Yes/No) after '####'.

Example 1:
Q: Karachi was a part of Alexander the Great's success?

A: Karachi is a city in modern day Pakistan.
Krokola was an ancient port located in what is now Karachi.
Alexander the Great stationed his fleet in Krokola on his way to Babylon.
Alexander the Great defeated Darius and conquered Babylon before expanding his 
empire.
#### Yes.

Example 2:
Q: Was P. G. Wodehouse's favorite book The Hunger Games?

A: P. G. Wodehouse died in 1975.
The Hunger Games was published in 2008.
#### No.
IMPORTANT:
- Think step by step.
- The final line must be exactly in the format: #### Yes. or #### No.
- Do not end with anything else after the final answer.
Your Question:
Q: Are Scottish people descended from Mary, Queen of Scots part French?

A: Mary, Queen of Scots was born in 1542 and was a member of the Scottish royal family.
Mary, Queen of Scots was of Scottish descent as she was born in Scotland and was the queen of Scotland.
Mary, Queen of Scots was also of French descent as she spent a significant part of her early life in France and was married to the French Dauphin, Francis II.
Responses:
#### Yes. (Score: 0.00041022058576345444)
#### No. (Score: 0.00026102131232619286)
<EMPTY> (Score: -inf)
<EMPTY> (Score: -inf)

====================
Query:
Use the step-by-step method as shown in the examples to answer the question. Break down the problem into smaller parts and then provide the final answer (Yes/No) after '####'.

Example 1:
Q: Karachi was a part of Alexander the Great's success?

A: Karachi is a city in modern day Pakistan.
Krokola was an ancient port located in what is now Karachi.
Alexander the Great stationed his fleet in Krokola on his way to Babylon.
Alexander the Great defeated Darius and conquered Babylon before expanding his 
empire.
#### Yes.

Example 2:
Q: Was P. G. Wodehouse's favorite book The Hunger Games?

A: P. G. Wodehouse died in 1975.
The Hunger Games was published in 2008.
#### No.
IMPORTANT:
- Think step by step.
- The final line must be exactly in the format: #### Yes. or #### No.
- Do not end with anything else after the final answer.
Your Question:
Q: Are Scottish people descended from Mary, Queen of Scots part French?

A: Mary, Queen of Scots was born in 1542 and was a member of the Scottish royal family.
Mary, Queen of Scots was of Scottish descent as she was born in Scotland and was the queen of Scotland.
Mary, Queen of Scots was also of French descent as she spent a significant part of her early life in France and was married to the French Dauphin, Francis II.
Responses:
#### Yes. (Score: 0.00041022058576345444)
#### No. (Score: 0.00026102131232619286)
<EMPTY> (Score: -inf)
<EMPTY> (Score: -inf)

====================
Query:
Use the step-by-step method as shown in the examples to answer the question. Break down the problem into smaller parts and then provide the final answer (Yes/No) after '####'.

Example 1:
Q: Karachi was a part of Alexander the Great's success?

A: Karachi is a city in modern day Pakistan.
Krokola was an ancient port located in what is now Karachi.
Alexander the Great stationed his fleet in Krokola on his way to Babylon.
Alexander the Great defeated Darius and conquered Babylon before expanding his 
empire.
#### Yes.

Example 2:
Q: Was P. G. Wodehouse's favorite book The Hunger Games?

A: P. G. Wodehouse died in 1975.
The Hunger Games was published in 2008.
#### No.
IMPORTANT:
- Think step by step.
- The final line must be exactly in the format: #### Yes. or #### No.
- Do not end with anything else after the final answer.
Your Question:
Q: Could a giant squid fit aboard the deck of the titanic?

A:
Responses:
A: The Titanic was approximately 882 feet long and 92 feet wide. (Score: -0.00016621779650449753)
A: The Titanic was approximately 882 feet long and 92 feet wide. (Score: -0.00016621779650449753)
<EMPTY> (Score: -inf)
<EMPTY> (Score: -inf)

====================
Query:
Use the step-by-step method as shown in the examples to answer the question. Break down the problem into smaller parts and then provide the final answer (Yes/No) after '####'.

Example 1:
Q: Karachi was a part of Alexander the Great's success?

A: Karachi is a city in modern day Pakistan.
Krokola was an ancient port located in what is now Karachi.
Alexander the Great stationed his fleet in Krokola on his way to Babylon.
Alexander the Great defeated Darius and conquered Babylon before expanding his 
empire.
#### Yes.

Example 2:
Q: Was P. G. Wodehouse's favorite book The Hunger Games?

A: P. G. Wodehouse died in 1975.
The Hunger Games was published in 2008.
#### No.
IMPORTANT:
- Think step by step.
- The final line must be exactly in the format: #### Yes. or #### No.
- Do not end with anything else after the final answer.
Your Question:
Q: Could a giant squid fit aboard the deck of the titanic?

A: A: The Titanic was approximately 882 feet long and 92 feet wide.
Responses:
A: A giant squid can grow to be about 43 feet long, with some reports of even larger specimens. (Score: -0.0011998247355222702)
A: A giant squid can grow to be about 43 feet long, with some reports of even larger specimens. (Score: -0.0011998247355222702)
<EMPTY> (Score: -inf)
<EMPTY> (Score: -inf)

====================
Query:
Use the step-by-step method as shown in the examples to answer the question. Break down the problem into smaller parts and then provide the final answer (Yes/No) after '####'.

Example 1:
Q: Karachi was a part of Alexander the Great's success?

A: Karachi is a city in modern day Pakistan.
Krokola was an ancient port located in what is now Karachi.
Alexander the Great stationed his fleet in Krokola on his way to Babylon.
Alexander the Great defeated Darius and conquered Babylon before expanding his 
empire.
#### Yes.

Example 2:
Q: Was P. G. Wodehouse's favorite book The Hunger Games?

A: P. G. Wodehouse died in 1975.
The Hunger Games was published in 2008.
#### No.
IMPORTANT:
- Think step by step.
- The final line must be exactly in the format: #### Yes. or #### No.
- Do not end with anything else after the final answer.
Your Question:
Q: Could a giant squid fit aboard the deck of the titanic?

A: A: The Titanic was approximately 882 feet long and 92 feet wide.
Responses:
A: A giant squid can grow to be about 43 feet long, with some reports of even larger specimens. (Score: -0.0011998247355222702)
A: A giant squid can grow to be about 43 feet long, with some reports of even larger specimens. (Score: -0.0011998247355222702)
<EMPTY> (Score: -inf)
<EMPTY> (Score: -inf)

====================
Query:
Use the step-by-step method as shown in the examples to answer the question. Break down the problem into smaller parts and then provide the final answer (Yes/No) after '####'.

Example 1:
Q: Karachi was a part of Alexander the Great's success?

A: Karachi is a city in modern day Pakistan.
Krokola was an ancient port located in what is now Karachi.
Alexander the Great stationed his fleet in Krokola on his way to Babylon.
Alexander the Great defeated Darius and conquered Babylon before expanding his 
empire.
#### Yes.

Example 2:
Q: Was P. G. Wodehouse's favorite book The Hunger Games?

A: P. G. Wodehouse died in 1975.
The Hunger Games was published in 2008.
#### No.
IMPORTANT:
- Think step by step.
- The final line must be exactly in the format: #### Yes. or #### No.
- Do not end with anything else after the final answer.
Your Question:
Q: Could a giant squid fit aboard the deck of the titanic?

A: A: The Titanic was approximately 882 feet long and 92 feet wide.
A: A giant squid can grow to be about 43 feet long, with some reports of even larger specimens.
Responses:
A: The deck of the Titanic had a significant amount of open space, especially on the upper decks. (Score: -0.001726953312754631)
A: The deck of the Titanic would have ample space for a giant squid, given its dimensions. (Score: -0.0009926045313477516)
<EMPTY> (Score: -inf)
<EMPTY> (Score: -inf)

====================
Query:
Use the step-by-step method as shown in the examples to answer the question. Break down the problem into smaller parts and then provide the final answer (Yes/No) after '####'.

Example 1:
Q: Karachi was a part of Alexander the Great's success?

A: Karachi is a city in modern day Pakistan.
Krokola was an ancient port located in what is now Karachi.
Alexander the Great stationed his fleet in Krokola on his way to Babylon.
Alexander the Great defeated Darius and conquered Babylon before expanding his 
empire.
#### Yes.

Example 2:
Q: Was P. G. Wodehouse's favorite book The Hunger Games?

A: P. G. Wodehouse died in 1975.
The Hunger Games was published in 2008.
#### No.
IMPORTANT:
- Think step by step.
- The final line must be exactly in the format: #### Yes. or #### No.
- Do not end with anything else after the final answer.
Your Question:
Q: Could a giant squid fit aboard the deck of the titanic?

A: A: The Titanic was approximately 882 feet long and 92 feet wide.
A: A giant squid can grow to be about 43 feet long, with some reports of even larger specimens.
Responses:
A: The deck of the Titanic would have ample space for a giant squid, given its dimensions. (Score: -0.0009474065154790878)
A: The deck of the Titanic would have ample space for a giant squid, given its dimensions. (Score: -0.0009474065154790878)
<EMPTY> (Score: -inf)
<EMPTY> (Score: -inf)

====================
Query:
Use the step-by-step method as shown in the examples to answer the question. Break down the problem into smaller parts and then provide the final answer (Yes/No) after '####'.

Example 1:
Q: Karachi was a part of Alexander the Great's success?

A: Karachi is a city in modern day Pakistan.
Krokola was an ancient port located in what is now Karachi.
Alexander the Great stationed his fleet in Krokola on his way to Babylon.
Alexander the Great defeated Darius and conquered Babylon before expanding his 
empire.
#### Yes.

Example 2:
Q: Was P. G. Wodehouse's favorite book The Hunger Games?

A: P. G. Wodehouse died in 1975.
The Hunger Games was published in 2008.
#### No.
IMPORTANT:
- Think step by step.
- The final line must be exactly in the format: #### Yes. or #### No.
- Do not end with anything else after the final answer.
Your Question:
Q: Could a giant squid fit aboard the deck of the titanic?

A: A: The Titanic was approximately 882 feet long and 92 feet wide.
A: A giant squid can grow to be about 43 feet long, with some reports of even larger specimens.
A: The deck of the Titanic would have ample space for a giant squid, given its dimensions.
Responses:
#### Yes. (Score: -0.0002605309709906578)
#### No. (Score: -9.809806942939758e-05)
<EMPTY> (Score: -inf)
<EMPTY> (Score: -inf)

====================
Query:
Use the step-by-step method as shown in the examples to answer the question. Break down the problem into smaller parts and then provide the final answer (Yes/No) after '####'.

Example 1:
Q: Karachi was a part of Alexander the Great's success?

A: Karachi is a city in modern day Pakistan.
Krokola was an ancient port located in what is now Karachi.
Alexander the Great stationed his fleet in Krokola on his way to Babylon.
Alexander the Great defeated Darius and conquered Babylon before expanding his 
empire.
#### Yes.

Example 2:
Q: Was P. G. Wodehouse's favorite book The Hunger Games?

A: P. G. Wodehouse died in 1975.
The Hunger Games was published in 2008.
#### No.
IMPORTANT:
- Think step by step.
- The final line must be exactly in the format: #### Yes. or #### No.
- Do not end with anything else after the final answer.
Your Question:
Q: Could a giant squid fit aboard the deck of the titanic?

A: A: The Titanic was approximately 882 feet long and 92 feet wide.
A: A giant squid can grow to be about 43 feet long, with some reports of even larger specimens.
A: The deck of the Titanic would have ample space for a giant squid, given its dimensions.
Responses:
#### Yes. (Score: -0.0002605309709906578)
#### No. (Score: -9.809806942939758e-05)
<EMPTY> (Score: -inf)
<EMPTY> (Score: -inf)

====================
Query:
Use the step-by-step method as shown in the examples to answer the question. Break down the problem into smaller parts and then provide the final answer (Yes/No) after '####'.

Example 1:
Q: Karachi was a part of Alexander the Great's success?

A: Karachi is a city in modern day Pakistan.
Krokola was an ancient port located in what is now Karachi.
Alexander the Great stationed his fleet in Krokola on his way to Babylon.
Alexander the Great defeated Darius and conquered Babylon before expanding his 
empire.
#### Yes.

Example 2:
Q: Was P. G. Wodehouse's favorite book The Hunger Games?

A: P. G. Wodehouse died in 1975.
The Hunger Games was published in 2008.
#### No.
IMPORTANT:
- Think step by step.
- The final line must be exactly in the format: #### Yes. or #### No.
- Do not end with anything else after the final answer.
Your Question:
Q: Did Methuselah live at least 800 years as long as Sarah?

A:
Responses:
A: Methuselah is a biblical figure known for his long lifespan, living 969 years according to the Bible. (Score: 0.0022063059732317924)
A: Methuselah is a biblical figure known for his long lifespan, living 969 years according to the Hebrew Bible. (Score: 0.0017650234512984753)
<EMPTY> (Score: -inf)
<EMPTY> (Score: -inf)

====================
Query:
Use the step-by-step method as shown in the examples to answer the question. Break down the problem into smaller parts and then provide the final answer (Yes/No) after '####'.

Example 1:
Q: Karachi was a part of Alexander the Great's success?

A: Karachi is a city in modern day Pakistan.
Krokola was an ancient port located in what is now Karachi.
Alexander the Great stationed his fleet in Krokola on his way to Babylon.
Alexander the Great defeated Darius and conquered Babylon before expanding his 
empire.
#### Yes.

Example 2:
Q: Was P. G. Wodehouse's favorite book The Hunger Games?

A: P. G. Wodehouse died in 1975.
The Hunger Games was published in 2008.
#### No.
IMPORTANT:
- Think step by step.
- The final line must be exactly in the format: #### Yes. or #### No.
- Do not end with anything else after the final answer.
Your Question:
Q: Did Methuselah live at least 800 years as long as Sarah?

A: A: Methuselah is a biblical figure known for his long lifespan, living 969 years according to the Bible.
Responses:
Sarah, the wife of Abraham, is also a biblical figure. (Score: 0.0019612223841249943)
Sarah, another biblical figure, lived for 127 years according to the Bible. (Score: 0.0011629071086645126)
<EMPTY> (Score: -inf)
<EMPTY> (Score: -inf)

====================
Query:
Use the step-by-step method as shown in the examples to answer the question. Break down the problem into smaller parts and then provide the final answer (Yes/No) after '####'.

Example 1:
Q: Karachi was a part of Alexander the Great's success?

A: Karachi is a city in modern day Pakistan.
Krokola was an ancient port located in what is now Karachi.
Alexander the Great stationed his fleet in Krokola on his way to Babylon.
Alexander the Great defeated Darius and conquered Babylon before expanding his 
empire.
#### Yes.

Example 2:
Q: Was P. G. Wodehouse's favorite book The Hunger Games?

A: P. G. Wodehouse died in 1975.
The Hunger Games was published in 2008.
#### No.
IMPORTANT:
- Think step by step.
- The final line must be exactly in the format: #### Yes. or #### No.
- Do not end with anything else after the final answer.
Your Question:
Q: Did Methuselah live at least 800 years as long as Sarah?

A: A: Methuselah is a biblical figure known for his long lifespan, living 969 years according to the Hebrew Bible.
Responses:
Sarah, another biblical figure, lived for 127 years according to the Hebrew Bible. (Score: 0.0005249921232461929)
Sarah, another biblical figure, lived for 127 years according to the Hebrew Bible. (Score: 0.0005249921232461929)
<EMPTY> (Score: -inf)
<EMPTY> (Score: -inf)

====================
Query:
Use the step-by-step method as shown in the examples to answer the question. Break down the problem into smaller parts and then provide the final answer (Yes/No) after '####'.

Example 1:
Q: Karachi was a part of Alexander the Great's success?

A: Karachi is a city in modern day Pakistan.
Krokola was an ancient port located in what is now Karachi.
Alexander the Great stationed his fleet in Krokola on his way to Babylon.
Alexander the Great defeated Darius and conquered Babylon before expanding his 
empire.
#### Yes.

Example 2:
Q: Was P. G. Wodehouse's favorite book The Hunger Games?

A: P. G. Wodehouse died in 1975.
The Hunger Games was published in 2008.
#### No.
IMPORTANT:
- Think step by step.
- The final line must be exactly in the format: #### Yes. or #### No.
- Do not end with anything else after the final answer.
Your Question:
Q: Did Methuselah live at least 800 years as long as Sarah?

A: A: Methuselah is a biblical figure known for his long lifespan, living 969 years according to the Bible.
Sarah, the wife of Abraham, is also a biblical figure.
Responses:
Sarah lived to be 127 years old according to the Bible. (Score: 0.0008382471278309822)
Sarah lived to be 127 years old according to the Bible. (Score: 0.0008382471278309822)
<EMPTY> (Score: -inf)
<EMPTY> (Score: -inf)

====================
Query:
Use the step-by-step method as shown in the examples to answer the question. Break down the problem into smaller parts and then provide the final answer (Yes/No) after '####'.

Example 1:
Q: Karachi was a part of Alexander the Great's success?

A: Karachi is a city in modern day Pakistan.
Krokola was an ancient port located in what is now Karachi.
Alexander the Great stationed his fleet in Krokola on his way to Babylon.
Alexander the Great defeated Darius and conquered Babylon before expanding his 
empire.
#### Yes.

Example 2:
Q: Was P. G. Wodehouse's favorite book The Hunger Games?

A: P. G. Wodehouse died in 1975.
The Hunger Games was published in 2008.
#### No.
IMPORTANT:
- Think step by step.
- The final line must be exactly in the format: #### Yes. or #### No.
- Do not end with anything else after the final answer.
Your Question:
Q: Did Methuselah live at least 800 years as long as Sarah?

A: A: Methuselah is a biblical figure known for his long lifespan, living 969 years according to the Bible.
Sarah, another biblical figure, lived for 127 years according to the Bible.
Responses:
To determine if Methuselah lived at least 800 years as long as Sarah, we need to compare their lifespans. (Score: -0.0003200680948793888)
To determine if Methuselah lived at least 800 years as long as Sarah, we need to compare their lifespans. (Score: -0.0003200680948793888)
<EMPTY> (Score: -inf)
<EMPTY> (Score: -inf)

====================
Query:
Use the step-by-step method as shown in the examples to answer the question. Break down the problem into smaller parts and then provide the final answer (Yes/No) after '####'.

Example 1:
Q: Karachi was a part of Alexander the Great's success?

A: Karachi is a city in modern day Pakistan.
Krokola was an ancient port located in what is now Karachi.
Alexander the Great stationed his fleet in Krokola on his way to Babylon.
Alexander the Great defeated Darius and conquered Babylon before expanding his 
empire.
#### Yes.

Example 2:
Q: Was P. G. Wodehouse's favorite book The Hunger Games?

A: P. G. Wodehouse died in 1975.
The Hunger Games was published in 2008.
#### No.
IMPORTANT:
- Think step by step.
- The final line must be exactly in the format: #### Yes. or #### No.
- Do not end with anything else after the final answer.
Your Question:
Q: Did Methuselah live at least 800 years as long as Sarah?

A: A: Methuselah is a biblical figure known for his long lifespan, living 969 years according to the Bible.
Sarah, the wife of Abraham, is also a biblical figure.
Sarah lived to be 127 years old according to the Bible.
Responses:
#### Yes. (Score: 0.001501206774264574)
#### No. (Score: 0.0017769779078662395)
<EMPTY> (Score: -inf)
<EMPTY> (Score: -inf)

====================
Query:
Use the step-by-step method as shown in the examples to answer the question. Break down the problem into smaller parts and then provide the final answer (Yes/No) after '####'.

Example 1:
Q: Karachi was a part of Alexander the Great's success?

A: Karachi is a city in modern day Pakistan.
Krokola was an ancient port located in what is now Karachi.
Alexander the Great stationed his fleet in Krokola on his way to Babylon.
Alexander the Great defeated Darius and conquered Babylon before expanding his 
empire.
#### Yes.

Example 2:
Q: Was P. G. Wodehouse's favorite book The Hunger Games?

A: P. G. Wodehouse died in 1975.
The Hunger Games was published in 2008.
#### No.
IMPORTANT:
- Think step by step.
- The final line must be exactly in the format: #### Yes. or #### No.
- Do not end with anything else after the final answer.
Your Question:
Q: Did Methuselah live at least 800 years as long as Sarah?

A: A: Methuselah is a biblical figure known for his long lifespan, living 969 years according to the Bible.
Sarah, the wife of Abraham, is also a biblical figure.
Sarah lived to be 127 years old according to the Bible.
Responses:
#### Yes. (Score: 0.001501206774264574)
#### No. (Score: 0.0017769779078662395)
<EMPTY> (Score: -inf)
<EMPTY> (Score: -inf)

====================
Query:
Use the step-by-step method as shown in the examples to answer the question. Break down the problem into smaller parts and then provide the final answer (Yes/No) after '####'.

Example 1:
Q: Karachi was a part of Alexander the Great's success?

A: Karachi is a city in modern day Pakistan.
Krokola was an ancient port located in what is now Karachi.
Alexander the Great stationed his fleet in Krokola on his way to Babylon.
Alexander the Great defeated Darius and conquered Babylon before expanding his 
empire.
#### Yes.

Example 2:
Q: Was P. G. Wodehouse's favorite book The Hunger Games?

A: P. G. Wodehouse died in 1975.
The Hunger Games was published in 2008.
#### No.
IMPORTANT:
- Think step by step.
- The final line must be exactly in the format: #### Yes. or #### No.
- Do not end with anything else after the final answer.
Your Question:
Q: Are ground bell peppers the main ingredient of black pepper?

A:
Responses:
Ground bell peppers are a spice made from dried bell peppers. (Score: 0.00036618392914533615)
Ground bell peppers are a spice made from dried bell peppers. (Score: 0.00036618392914533615)
<EMPTY> (Score: -inf)
<EMPTY> (Score: -inf)

====================
Query:
Use the step-by-step method as shown in the examples to answer the question. Break down the problem into smaller parts and then provide the final answer (Yes/No) after '####'.

Example 1:
Q: Karachi was a part of Alexander the Great's success?

A: Karachi is a city in modern day Pakistan.
Krokola was an ancient port located in what is now Karachi.
Alexander the Great stationed his fleet in Krokola on his way to Babylon.
Alexander the Great defeated Darius and conquered Babylon before expanding his 
empire.
#### Yes.

Example 2:
Q: Was P. G. Wodehouse's favorite book The Hunger Games?

A: P. G. Wodehouse died in 1975.
The Hunger Games was published in 2008.
#### No.
IMPORTANT:
- Think step by step.
- The final line must be exactly in the format: #### Yes. or #### No.
- Do not end with anything else after the final answer.
Your Question:
Q: Are ground bell peppers the main ingredient of black pepper?

A: Ground bell peppers are a spice made from dried bell peppers.
Responses:
Ground bell peppers are not the same as black pepper. (Score: 0.000725490041077137)
Ground black pepper is made from the dried fruit of the Piper nigrum plant. (Score: -6.465008482336998e-05)
<EMPTY> (Score: -inf)
<EMPTY> (Score: -inf)

====================
Query:
Use the step-by-step method as shown in the examples to answer the question. Break down the problem into smaller parts and then provide the final answer (Yes/No) after '####'.

Example 1:
Q: Karachi was a part of Alexander the Great's success?

A: Karachi is a city in modern day Pakistan.
Krokola was an ancient port located in what is now Karachi.
Alexander the Great stationed his fleet in Krokola on his way to Babylon.
Alexander the Great defeated Darius and conquered Babylon before expanding his 
empire.
#### Yes.

Example 2:
Q: Was P. G. Wodehouse's favorite book The Hunger Games?

A: P. G. Wodehouse died in 1975.
The Hunger Games was published in 2008.
#### No.
IMPORTANT:
- Think step by step.
- The final line must be exactly in the format: #### Yes. or #### No.
- Do not end with anything else after the final answer.
Your Question:
Q: Are ground bell peppers the main ingredient of black pepper?

A: Ground bell peppers are a spice made from dried bell peppers.
Responses:
Ground black pepper is made from the dried fruit of the Piper nigrum plant. (Score: -6.465008482336998e-05)
Ground black pepper is made from the dried fruit of the Piper nigrum plant. (Score: -6.465008482336998e-05)
<EMPTY> (Score: -inf)
<EMPTY> (Score: -inf)

====================
Query:
Use the step-by-step method as shown in the examples to answer the question. Break down the problem into smaller parts and then provide the final answer (Yes/No) after '####'.

Example 1:
Q: Karachi was a part of Alexander the Great's success?

A: Karachi is a city in modern day Pakistan.
Krokola was an ancient port located in what is now Karachi.
Alexander the Great stationed his fleet in Krokola on his way to Babylon.
Alexander the Great defeated Darius and conquered Babylon before expanding his 
empire.
#### Yes.

Example 2:
Q: Was P. G. Wodehouse's favorite book The Hunger Games?

A: P. G. Wodehouse died in 1975.
The Hunger Games was published in 2008.
#### No.
IMPORTANT:
- Think step by step.
- The final line must be exactly in the format: #### Yes. or #### No.
- Do not end with anything else after the final answer.
Your Question:
Q: Are ground bell peppers the main ingredient of black pepper?

A: Ground bell peppers are a spice made from dried bell peppers.
Ground bell peppers are not the same as black pepper.
Responses:
Black pepper is made from the dried fruit of the Piper nigrum plant. (Score: -0.00017420481890439987)
Black pepper is made from the dried fruit of the Piper nigrum plant. (Score: -0.00017420481890439987)
<EMPTY> (Score: -inf)
<EMPTY> (Score: -inf)

====================
Query:
Use the step-by-step method as shown in the examples to answer the question. Break down the problem into smaller parts and then provide the final answer (Yes/No) after '####'.

Example 1:
Q: Karachi was a part of Alexander the Great's success?

A: Karachi is a city in modern day Pakistan.
Krokola was an ancient port located in what is now Karachi.
Alexander the Great stationed his fleet in Krokola on his way to Babylon.
Alexander the Great defeated Darius and conquered Babylon before expanding his 
empire.
#### Yes.

Example 2:
Q: Was P. G. Wodehouse's favorite book The Hunger Games?

A: P. G. Wodehouse died in 1975.
The Hunger Games was published in 2008.
#### No.
IMPORTANT:
- Think step by step.
- The final line must be exactly in the format: #### Yes. or #### No.
- Do not end with anything else after the final answer.
Your Question:
Q: Are ground bell peppers the main ingredient of black pepper?

A: Ground bell peppers are a spice made from dried bell peppers.
Ground black pepper is made from the dried fruit of the Piper nigrum plant.
Responses:
Ground bell peppers and ground black pepper come from different plants. (Score: 0.0002763494849205017)
Ground bell peppers and ground black pepper come from different plants. (Score: 0.0002763494849205017)
<EMPTY> (Score: -inf)
<EMPTY> (Score: -inf)

====================
Query:
Use the step-by-step method as shown in the examples to answer the question. Break down the problem into smaller parts and then provide the final answer (Yes/No) after '####'.

Example 1:
Q: Karachi was a part of Alexander the Great's success?

A: Karachi is a city in modern day Pakistan.
Krokola was an ancient port located in what is now Karachi.
Alexander the Great stationed his fleet in Krokola on his way to Babylon.
Alexander the Great defeated Darius and conquered Babylon before expanding his 
empire.
#### Yes.

Example 2:
Q: Was P. G. Wodehouse's favorite book The Hunger Games?

A: P. G. Wodehouse died in 1975.
The Hunger Games was published in 2008.
#### No.
IMPORTANT:
- Think step by step.
- The final line must be exactly in the format: #### Yes. or #### No.
- Do not end with anything else after the final answer.
Your Question:
Q: Are ground bell peppers the main ingredient of black pepper?

A: Ground bell peppers are a spice made from dried bell peppers.
Ground black pepper is made from the dried fruit of the Piper nigrum plant.
Ground bell peppers and ground black pepper come from different plants.
Responses:
#### Yes. (Score: 9.307870641350746e-05)
#### No. (Score: 4.151836037635803e-05)
<EMPTY> (Score: -inf)
<EMPTY> (Score: -inf)

====================
Query:
Use the step-by-step method as shown in the examples to answer the question. Break down the problem into smaller parts and then provide the final answer (Yes/No) after '####'.

Example 1:
Q: Karachi was a part of Alexander the Great's success?

A: Karachi is a city in modern day Pakistan.
Krokola was an ancient port located in what is now Karachi.
Alexander the Great stationed his fleet in Krokola on his way to Babylon.
Alexander the Great defeated Darius and conquered Babylon before expanding his 
empire.
#### Yes.

Example 2:
Q: Was P. G. Wodehouse's favorite book The Hunger Games?

A: P. G. Wodehouse died in 1975.
The Hunger Games was published in 2008.
#### No.
IMPORTANT:
- Think step by step.
- The final line must be exactly in the format: #### Yes. or #### No.
- Do not end with anything else after the final answer.
Your Question:
Q: Are ground bell peppers the main ingredient of black pepper?

A: Ground bell peppers are a spice made from dried bell peppers.
Ground black pepper is made from the dried fruit of the Piper nigrum plant.
Ground bell peppers and ground black pepper come from different plants.
Responses:
#### Yes. (Score: 9.307870641350746e-05)
#### No. (Score: 4.151836037635803e-05)
<EMPTY> (Score: -inf)
<EMPTY> (Score: -inf)

====================
Query:
Use the step-by-step method as shown in the examples to answer the question. Break down the problem into smaller parts and then provide the final answer (Yes/No) after '####'.

Example 1:
Q: Karachi was a part of Alexander the Great's success?

A: Karachi is a city in modern day Pakistan.
Krokola was an ancient port located in what is now Karachi.
Alexander the Great stationed his fleet in Krokola on his way to Babylon.
Alexander the Great defeated Darius and conquered Babylon before expanding his 
empire.
#### Yes.

Example 2:
Q: Was P. G. Wodehouse's favorite book The Hunger Games?

A: P. G. Wodehouse died in 1975.
The Hunger Games was published in 2008.
#### No.
IMPORTANT:
- Think step by step.
- The final line must be exactly in the format: #### Yes. or #### No.
- Do not end with anything else after the final answer.
Your Question:
Q: Are Disney's seven dwarves the original ones?

A:
Responses:
Disney's seven dwarves are characters from the animated film "Snow White and the Seven Dwarfs," released in 1937. (Score: 8.38753767311573e-05)
Disney's seven dwarves are characters from the animated film "Snow White and the Seven Dwarfs," released in 1937. (Score: 8.38753767311573e-05)
<EMPTY> (Score: -inf)
<EMPTY> (Score: -inf)

====================
Query:
Use the step-by-step method as shown in the examples to answer the question. Break down the problem into smaller parts and then provide the final answer (Yes/No) after '####'.

Example 1:
Q: Karachi was a part of Alexander the Great's success?

A: Karachi is a city in modern day Pakistan.
Krokola was an ancient port located in what is now Karachi.
Alexander the Great stationed his fleet in Krokola on his way to Babylon.
Alexander the Great defeated Darius and conquered Babylon before expanding his 
empire.
#### Yes.

Example 2:
Q: Was P. G. Wodehouse's favorite book The Hunger Games?

A: P. G. Wodehouse died in 1975.
The Hunger Games was published in 2008.
#### No.
IMPORTANT:
- Think step by step.
- The final line must be exactly in the format: #### Yes. or #### No.
- Do not end with anything else after the final answer.
Your Question:
Q: Are Disney's seven dwarves the original ones?

A: Disney's seven dwarves are characters from the animated film "Snow White and the Seven Dwarfs," released in 1937.
Responses:
The original story of Snow White, which features the seven dwarfs, is based on a German fairy tale by the Brothers Grimm, published in the early 19th century. (Score: 4.882831126451492e-05)
The original story of Snow White, which features the seven dwarfs, is based on a German fairy tale by the Brothers Grimm, published in the early 19th century. (Score: 4.882831126451492e-05)
<EMPTY> (Score: -inf)
<EMPTY> (Score: -inf)

====================
Query:
Use the step-by-step method as shown in the examples to answer the question. Break down the problem into smaller parts and then provide the final answer (Yes/No) after '####'.

Example 1:
Q: Karachi was a part of Alexander the Great's success?

A: Karachi is a city in modern day Pakistan.
Krokola was an ancient port located in what is now Karachi.
Alexander the Great stationed his fleet in Krokola on his way to Babylon.
Alexander the Great defeated Darius and conquered Babylon before expanding his 
empire.
#### Yes.

Example 2:
Q: Was P. G. Wodehouse's favorite book The Hunger Games?

A: P. G. Wodehouse died in 1975.
The Hunger Games was published in 2008.
#### No.
IMPORTANT:
- Think step by step.
- The final line must be exactly in the format: #### Yes. or #### No.
- Do not end with anything else after the final answer.
Your Question:
Q: Are Disney's seven dwarves the original ones?

A: Disney's seven dwarves are characters from the animated film "Snow White and the Seven Dwarfs," released in 1937.
Responses:
The original story of Snow White, which features the seven dwarfs, is based on a German fairy tale by the Brothers Grimm, published in the early 19th century. (Score: 4.882831126451492e-05)
The original story of Snow White, which features the seven dwarfs, is based on a German fairy tale by the Brothers Grimm, published in the early 19th century. (Score: 4.882831126451492e-05)
<EMPTY> (Score: -inf)
<EMPTY> (Score: -inf)

====================
Query:
Use the step-by-step method as shown in the examples to answer the question. Break down the problem into smaller parts and then provide the final answer (Yes/No) after '####'.

Example 1:
Q: Karachi was a part of Alexander the Great's success?

A: Karachi is a city in modern day Pakistan.
Krokola was an ancient port located in what is now Karachi.
Alexander the Great stationed his fleet in Krokola on his way to Babylon.
Alexander the Great defeated Darius and conquered Babylon before expanding his 
empire.
#### Yes.

Example 2:
Q: Was P. G. Wodehouse's favorite book The Hunger Games?

A: P. G. Wodehouse died in 1975.
The Hunger Games was published in 2008.
#### No.
IMPORTANT:
- Think step by step.
- The final line must be exactly in the format: #### Yes. or #### No.
- Do not end with anything else after the final answer.
Your Question:
Q: Are Disney's seven dwarves the original ones?

A: Disney's seven dwarves are characters from the animated film "Snow White and the Seven Dwarfs," released in 1937.
The original story of Snow White, which features the seven dwarfs, is based on a German fairy tale by the Brothers Grimm, published in the early 19th century.
Responses:
The Brothers Grimm's version of the story includes dwarfs, but their names and characteristics differ from Disney's portrayal. (Score: 0.00043506035581231117)
The Brothers Grimm's version of the story includes dwarfs, but their names and characteristics differ from Disney's portrayal. (Score: 0.00043506035581231117)
<EMPTY> (Score: -inf)
<EMPTY> (Score: -inf)

====================
Query:
Use the step-by-step method as shown in the examples to answer the question. Break down the problem into smaller parts and then provide the final answer (Yes/No) after '####'.

Example 1:
Q: Karachi was a part of Alexander the Great's success?

A: Karachi is a city in modern day Pakistan.
Krokola was an ancient port located in what is now Karachi.
Alexander the Great stationed his fleet in Krokola on his way to Babylon.
Alexander the Great defeated Darius and conquered Babylon before expanding his 
empire.
#### Yes.

Example 2:
Q: Was P. G. Wodehouse's favorite book The Hunger Games?

A: P. G. Wodehouse died in 1975.
The Hunger Games was published in 2008.
#### No.
IMPORTANT:
- Think step by step.
- The final line must be exactly in the format: #### Yes. or #### No.
- Do not end with anything else after the final answer.
Your Question:
Q: Are Disney's seven dwarves the original ones?

A: Disney's seven dwarves are characters from the animated film "Snow White and the Seven Dwarfs," released in 1937.
The original story of Snow White, which features the seven dwarfs, is based on a German fairy tale by the Brothers Grimm, published in the early 19th century.
Responses:
The Brothers Grimm's version of Snow White included dwarfs, but their names and characteristics differ from Disney's portrayal. (Score: 0.0005265269428491592)
The Brothers Grimm's version of Snow White included dwarfs, but their names and characteristics were not the same as Disney's. (Score: 0.00029620807617902756)
<EMPTY> (Score: -inf)
<EMPTY> (Score: -inf)

====================
Query:
Use the step-by-step method as shown in the examples to answer the question. Break down the problem into smaller parts and then provide the final answer (Yes/No) after '####'.

Example 1:
Q: Karachi was a part of Alexander the Great's success?

A: Karachi is a city in modern day Pakistan.
Krokola was an ancient port located in what is now Karachi.
Alexander the Great stationed his fleet in Krokola on his way to Babylon.
Alexander the Great defeated Darius and conquered Babylon before expanding his 
empire.
#### Yes.

Example 2:
Q: Was P. G. Wodehouse's favorite book The Hunger Games?

A: P. G. Wodehouse died in 1975.
The Hunger Games was published in 2008.
#### No.
IMPORTANT:
- Think step by step.
- The final line must be exactly in the format: #### Yes. or #### No.
- Do not end with anything else after the final answer.
Your Question:
Q: Are Disney's seven dwarves the original ones?

A: Disney's seven dwarves are characters from the animated film "Snow White and the Seven Dwarfs," released in 1937.
The original story of Snow White, which features the seven dwarfs, is based on a German fairy tale by the Brothers Grimm, published in the early 19th century.
The Brothers Grimm's version of Snow White included dwarfs, but their names and characteristics differ from Disney's portrayal.
Responses:
#### Yes. (Score: 0.0008822488598525524)
#### No. (Score: 0.0010960395447909832)
<EMPTY> (Score: -inf)
<EMPTY> (Score: -inf)

====================
Query:
Use the step-by-step method as shown in the examples to answer the question. Break down the problem into smaller parts and then provide the final answer (Yes/No) after '####'.

Example 1:
Q: Karachi was a part of Alexander the Great's success?

A: Karachi is a city in modern day Pakistan.
Krokola was an ancient port located in what is now Karachi.
Alexander the Great stationed his fleet in Krokola on his way to Babylon.
Alexander the Great defeated Darius and conquered Babylon before expanding his 
empire.
#### Yes.

Example 2:
Q: Was P. G. Wodehouse's favorite book The Hunger Games?

A: P. G. Wodehouse died in 1975.
The Hunger Games was published in 2008.
#### No.
IMPORTANT:
- Think step by step.
- The final line must be exactly in the format: #### Yes. or #### No.
- Do not end with anything else after the final answer.
Your Question:
Q: Are Disney's seven dwarves the original ones?

A: Disney's seven dwarves are characters from the animated film "Snow White and the Seven Dwarfs," released in 1937.
The original story of Snow White, which features the seven dwarfs, is based on a German fairy tale by the Brothers Grimm, published in the early 19th century.
The Brothers Grimm's version of the story includes dwarfs, but their names and characteristics differ from Disney's portrayal.
Responses:
#### Yes. (Score: 0.0007883794605731964)
#### No. (Score: 0.001013163011521101)
<EMPTY> (Score: -inf)
<EMPTY> (Score: -inf)

====================
Query:
Use the step-by-step method as shown in the examples to answer the question. Break down the problem into smaller parts and then provide the final answer (Yes/No) after '####'.

Example 1:
Q: Karachi was a part of Alexander the Great's success?

A: Karachi is a city in modern day Pakistan.
Krokola was an ancient port located in what is now Karachi.
Alexander the Great stationed his fleet in Krokola on his way to Babylon.
Alexander the Great defeated Darius and conquered Babylon before expanding his 
empire.
#### Yes.

Example 2:
Q: Was P. G. Wodehouse's favorite book The Hunger Games?

A: P. G. Wodehouse died in 1975.
The Hunger Games was published in 2008.
#### No.
IMPORTANT:
- Think step by step.
- The final line must be exactly in the format: #### Yes. or #### No.
- Do not end with anything else after the final answer.
Your Question:
Q: Did Johann Sebastian Bach ever win a Grammy Award?

A:
Responses:
A: Johann Sebastian Bach was a composer who lived from 1685 to 1750. (Score: 0.0005807043053209782)
A: Johann Sebastian Bach was a composer who lived from 1685 to 1750. (Score: 0.0005807043053209782)
<EMPTY> (Score: -inf)
<EMPTY> (Score: -inf)

====================
Query:
Use the step-by-step method as shown in the examples to answer the question. Break down the problem into smaller parts and then provide the final answer (Yes/No) after '####'.

Example 1:
Q: Karachi was a part of Alexander the Great's success?

A: Karachi is a city in modern day Pakistan.
Krokola was an ancient port located in what is now Karachi.
Alexander the Great stationed his fleet in Krokola on his way to Babylon.
Alexander the Great defeated Darius and conquered Babylon before expanding his 
empire.
#### Yes.

Example 2:
Q: Was P. G. Wodehouse's favorite book The Hunger Games?

A: P. G. Wodehouse died in 1975.
The Hunger Games was published in 2008.
#### No.
IMPORTANT:
- Think step by step.
- The final line must be exactly in the format: #### Yes. or #### No.
- Do not end with anything else after the final answer.
Your Question:
Q: Did Johann Sebastian Bach ever win a Grammy Award?

A: A: Johann Sebastian Bach was a composer who lived from 1685 to 1750.
Responses:
Bach's music is highly regarded and influential, but he lived long before the Grammy Awards were established. (Score: 0.0003076368011534214)
Bach's music is highly regarded and influential, but he lived long before the Grammy Awards were established. (Score: 0.0003076368011534214)
<EMPTY> (Score: -inf)
<EMPTY> (Score: -inf)

====================
Query:
Use the step-by-step method as shown in the examples to answer the question. Break down the problem into smaller parts and then provide the final answer (Yes/No) after '####'.

Example 1:
Q: Karachi was a part of Alexander the Great's success?

A: Karachi is a city in modern day Pakistan.
Krokola was an ancient port located in what is now Karachi.
Alexander the Great stationed his fleet in Krokola on his way to Babylon.
Alexander the Great defeated Darius and conquered Babylon before expanding his 
empire.
#### Yes.

Example 2:
Q: Was P. G. Wodehouse's favorite book The Hunger Games?

A: P. G. Wodehouse died in 1975.
The Hunger Games was published in 2008.
#### No.
IMPORTANT:
- Think step by step.
- The final line must be exactly in the format: #### Yes. or #### No.
- Do not end with anything else after the final answer.
Your Question:
Q: Did Johann Sebastian Bach ever win a Grammy Award?

A: A: Johann Sebastian Bach was a composer who lived from 1685 to 1750.
Responses:
Bach's music is highly regarded and influential, but he lived long before the Grammy Awards were established. (Score: 0.0003076368011534214)
Bach's music is highly regarded and influential, but he lived long before the Grammy Awards were established. (Score: 0.0003076368011534214)
<EMPTY> (Score: -inf)
<EMPTY> (Score: -inf)

====================
Query:
Use the step-by-step method as shown in the examples to answer the question. Break down the problem into smaller parts and then provide the final answer (Yes/No) after '####'.

Example 1:
Q: Karachi was a part of Alexander the Great's success?

A: Karachi is a city in modern day Pakistan.
Krokola was an ancient port located in what is now Karachi.
Alexander the Great stationed his fleet in Krokola on his way to Babylon.
Alexander the Great defeated Darius and conquered Babylon before expanding his 
empire.
#### Yes.

Example 2:
Q: Was P. G. Wodehouse's favorite book The Hunger Games?

A: P. G. Wodehouse died in 1975.
The Hunger Games was published in 2008.
#### No.
IMPORTANT:
- Think step by step.
- The final line must be exactly in the format: #### Yes. or #### No.
- Do not end with anything else after the final answer.
Your Question:
Q: Did Johann Sebastian Bach ever win a Grammy Award?

A: A: Johann Sebastian Bach was a composer who lived from 1685 to 1750.
Bach's music is highly regarded and influential, but he lived long before the Grammy Awards were established.
Responses:
The Grammy Awards were first held in 1959, long after Bach's death. (Score: 1.7305836081504822e-05)
The Grammy Awards were first held in 1959. (Score: -0.0002717445604503155)
<EMPTY> (Score: -inf)
<EMPTY> (Score: -inf)

====================
Query:
Use the step-by-step method as shown in the examples to answer the question. Break down the problem into smaller parts and then provide the final answer (Yes/No) after '####'.

Example 1:
Q: Karachi was a part of Alexander the Great's success?

A: Karachi is a city in modern day Pakistan.
Krokola was an ancient port located in what is now Karachi.
Alexander the Great stationed his fleet in Krokola on his way to Babylon.
Alexander the Great defeated Darius and conquered Babylon before expanding his 
empire.
#### Yes.

Example 2:
Q: Was P. G. Wodehouse's favorite book The Hunger Games?

A: P. G. Wodehouse died in 1975.
The Hunger Games was published in 2008.
#### No.
IMPORTANT:
- Think step by step.
- The final line must be exactly in the format: #### Yes. or #### No.
- Do not end with anything else after the final answer.
Your Question:
Q: Did Johann Sebastian Bach ever win a Grammy Award?

A: A: Johann Sebastian Bach was a composer who lived from 1685 to 1750.
Bach's music is highly regarded and influential, but he lived long before the Grammy Awards were established.
Responses:
The Grammy Awards were first held in 1959, long after Bach's death in 1750. Therefore, it is impossible for Bach to have won a Grammy Award. (Score: 0.000631019938737154)
The Grammy Awards were first held in 1959. (Score: -0.00028744572773575783)
<EMPTY> (Score: -inf)
<EMPTY> (Score: -inf)

====================
Query:
Use the step-by-step method as shown in the examples to answer the question. Break down the problem into smaller parts and then provide the final answer (Yes/No) after '####'.

Example 1:
Q: Karachi was a part of Alexander the Great's success?

A: Karachi is a city in modern day Pakistan.
Krokola was an ancient port located in what is now Karachi.
Alexander the Great stationed his fleet in Krokola on his way to Babylon.
Alexander the Great defeated Darius and conquered Babylon before expanding his 
empire.
#### Yes.

Example 2:
Q: Was P. G. Wodehouse's favorite book The Hunger Games?

A: P. G. Wodehouse died in 1975.
The Hunger Games was published in 2008.
#### No.
IMPORTANT:
- Think step by step.
- The final line must be exactly in the format: #### Yes. or #### No.
- Do not end with anything else after the final answer.
Your Question:
Q: Did Johann Sebastian Bach ever win a Grammy Award?

A: A: Johann Sebastian Bach was a composer who lived from 1685 to 1750.
Bach's music is highly regarded and influential, but he lived long before the Grammy Awards were established.
The Grammy Awards were first held in 1959, long after Bach's death in 1750. Therefore, it is impossible for Bach to have won a Grammy Award.
Responses:
#### Yes. (Score: 0.0011213794350624084)
#### No. (Score: 0.0012458199635148048)
<EMPTY> (Score: -inf)
<EMPTY> (Score: -inf)

====================
Query:
Use the step-by-step method as shown in the examples to answer the question. Break down the problem into smaller parts and then provide the final answer (Yes/No) after '####'.

Example 1:
Q: Karachi was a part of Alexander the Great's success?

A: Karachi is a city in modern day Pakistan.
Krokola was an ancient port located in what is now Karachi.
Alexander the Great stationed his fleet in Krokola on his way to Babylon.
Alexander the Great defeated Darius and conquered Babylon before expanding his 
empire.
#### Yes.

Example 2:
Q: Was P. G. Wodehouse's favorite book The Hunger Games?

A: P. G. Wodehouse died in 1975.
The Hunger Games was published in 2008.
#### No.
IMPORTANT:
- Think step by step.
- The final line must be exactly in the format: #### Yes. or #### No.
- Do not end with anything else after the final answer.
Your Question:
Q: Did Johann Sebastian Bach ever win a Grammy Award?

A: A: Johann Sebastian Bach was a composer who lived from 1685 to 1750.
Bach's music is highly regarded and influential, but he lived long before the Grammy Awards were established.
The Grammy Awards were first held in 1959, long after Bach's death.
Responses:
#### Yes. (Score: 0.0005830423906445503)
#### No. (Score: 0.0006133723072707653)
<EMPTY> (Score: -inf)
<EMPTY> (Score: -inf)

====================
Query:
Use the step-by-step method as shown in the examples to answer the question. Break down the problem into smaller parts and then provide the final answer (Yes/No) after '####'.

Example 1:
Q: Karachi was a part of Alexander the Great's success?

A: Karachi is a city in modern day Pakistan.
Krokola was an ancient port located in what is now Karachi.
Alexander the Great stationed his fleet in Krokola on his way to Babylon.
Alexander the Great defeated Darius and conquered Babylon before expanding his 
empire.
#### Yes.

Example 2:
Q: Was P. G. Wodehouse's favorite book The Hunger Games?

A: P. G. Wodehouse died in 1975.
The Hunger Games was published in 2008.
#### No.
IMPORTANT:
- Think step by step.
- The final line must be exactly in the format: #### Yes. or #### No.
- Do not end with anything else after the final answer.
Your Question:
Q: Could you go to New York Public Library and the Six Flags Great Escape in the same day?

A:
Responses:
A: The New York Public Library is located in New York City. (Score: 0.00014481600373983383)
A: The New York Public Library is located in New York City. (Score: 0.00014481600373983383)
<EMPTY> (Score: -inf)
<EMPTY> (Score: -inf)

====================
Query:
Use the step-by-step method as shown in the examples to answer the question. Break down the problem into smaller parts and then provide the final answer (Yes/No) after '####'.

Example 1:
Q: Karachi was a part of Alexander the Great's success?

A: Karachi is a city in modern day Pakistan.
Krokola was an ancient port located in what is now Karachi.
Alexander the Great stationed his fleet in Krokola on his way to Babylon.
Alexander the Great defeated Darius and conquered Babylon before expanding his 
empire.
#### Yes.

Example 2:
Q: Was P. G. Wodehouse's favorite book The Hunger Games?

A: P. G. Wodehouse died in 1975.
The Hunger Games was published in 2008.
#### No.
IMPORTANT:
- Think step by step.
- The final line must be exactly in the format: #### Yes. or #### No.
- Do not end with anything else after the final answer.
Your Question:
Q: Could you go to New York Public Library and the Six Flags Great Escape in the same day?

A: A: The New York Public Library is located in New York City.
Responses:
The New York Public Library is located in New York City. (Score: 0.00026573799550533295)
The New York Public Library is located in New York City. (Score: 0.00026573799550533295)
<EMPTY> (Score: -inf)
<EMPTY> (Score: -inf)

====================
Query:
Use the step-by-step method as shown in the examples to answer the question. Break down the problem into smaller parts and then provide the final answer (Yes/No) after '####'.

Example 1:
Q: Karachi was a part of Alexander the Great's success?

A: Karachi is a city in modern day Pakistan.
Krokola was an ancient port located in what is now Karachi.
Alexander the Great stationed his fleet in Krokola on his way to Babylon.
Alexander the Great defeated Darius and conquered Babylon before expanding his 
empire.
#### Yes.

Example 2:
Q: Was P. G. Wodehouse's favorite book The Hunger Games?

A: P. G. Wodehouse died in 1975.
The Hunger Games was published in 2008.
#### No.
IMPORTANT:
- Think step by step.
- The final line must be exactly in the format: #### Yes. or #### No.
- Do not end with anything else after the final answer.
Your Question:
Q: Could you go to New York Public Library and the Six Flags Great Escape in the same day?

A: A: The New York Public Library is located in New York City.
Responses:
The New York Public Library is located in New York City. (Score: 0.00026573799550533295)
The New York Public Library is located in New York City. (Score: 0.00026573799550533295)
<EMPTY> (Score: -inf)
<EMPTY> (Score: -inf)

====================
Query:
Use the step-by-step method as shown in the examples to answer the question. Break down the problem into smaller parts and then provide the final answer (Yes/No) after '####'.

Example 1:
Q: Karachi was a part of Alexander the Great's success?

A: Karachi is a city in modern day Pakistan.
Krokola was an ancient port located in what is now Karachi.
Alexander the Great stationed his fleet in Krokola on his way to Babylon.
Alexander the Great defeated Darius and conquered Babylon before expanding his 
empire.
#### Yes.

Example 2:
Q: Was P. G. Wodehouse's favorite book The Hunger Games?

A: P. G. Wodehouse died in 1975.
The Hunger Games was published in 2008.
#### No.
IMPORTANT:
- Think step by step.
- The final line must be exactly in the format: #### Yes. or #### No.
- Do not end with anything else after the final answer.
Your Question:
Q: Could you go to New York Public Library and the Six Flags Great Escape in the same day?

A: A: The New York Public Library is located in New York City.
The New York Public Library is located in New York City.
Responses:
The Six Flags Great Escape is located in Queensbury, New York, which is about 200 miles north of New York City. (Score: -0.0006432193331420422)
The Six Flags Great Escape is located in Queensbury, New York, which is about 200 miles north of New York City. (Score: -0.0006432193331420422)
<EMPTY> (Score: -inf)
<EMPTY> (Score: -inf)

====================
Query:
Use the step-by-step method as shown in the examples to answer the question. Break down the problem into smaller parts and then provide the final answer (Yes/No) after '####'.

Example 1:
Q: Karachi was a part of Alexander the Great's success?

A: Karachi is a city in modern day Pakistan.
Krokola was an ancient port located in what is now Karachi.
Alexander the Great stationed his fleet in Krokola on his way to Babylon.
Alexander the Great defeated Darius and conquered Babylon before expanding his 
empire.
#### Yes.

Example 2:
Q: Was P. G. Wodehouse's favorite book The Hunger Games?

A: P. G. Wodehouse died in 1975.
The Hunger Games was published in 2008.
#### No.
IMPORTANT:
- Think step by step.
- The final line must be exactly in the format: #### Yes. or #### No.
- Do not end with anything else after the final answer.
Your Question:
Q: Could you go to New York Public Library and the Six Flags Great Escape in the same day?

A: A: The New York Public Library is located in New York City.
The New York Public Library is located in New York City.
Responses:
The Six Flags Great Escape is located in Queensbury, New York, which is approximately 200 miles north of New York City. (Score: -0.0005802623927593231)
The Six Flags Great Escape is located in Queensbury, New York, which is approximately 200 miles north of New York City. (Score: -0.0005802623927593231)
<EMPTY> (Score: -inf)
<EMPTY> (Score: -inf)

====================
Query:
Use the step-by-step method as shown in the examples to answer the question. Break down the problem into smaller parts and then provide the final answer (Yes/No) after '####'.

Example 1:
Q: Karachi was a part of Alexander the Great's success?

A: Karachi is a city in modern day Pakistan.
Krokola was an ancient port located in what is now Karachi.
Alexander the Great stationed his fleet in Krokola on his way to Babylon.
Alexander the Great defeated Darius and conquered Babylon before expanding his 
empire.
#### Yes.

Example 2:
Q: Was P. G. Wodehouse's favorite book The Hunger Games?

A: P. G. Wodehouse died in 1975.
The Hunger Games was published in 2008.
#### No.
IMPORTANT:
- Think step by step.
- The final line must be exactly in the format: #### Yes. or #### No.
- Do not end with anything else after the final answer.
Your Question:
Q: Could you go to New York Public Library and the Six Flags Great Escape in the same day?

A: A: The New York Public Library is located in New York City.
The New York Public Library is located in New York City.
The Six Flags Great Escape is located in Queensbury, New York, which is approximately 200 miles north of New York City.
Responses:
#### Yes. (Score: 8.101947605609894e-05)
#### No. (Score: -0.00015892041847109795)
<EMPTY> (Score: -inf)
<EMPTY> (Score: -inf)

====================
Query:
Use the step-by-step method as shown in the examples to answer the question. Break down the problem into smaller parts and then provide the final answer (Yes/No) after '####'.

Example 1:
Q: Karachi was a part of Alexander the Great's success?

A: Karachi is a city in modern day Pakistan.
Krokola was an ancient port located in what is now Karachi.
Alexander the Great stationed his fleet in Krokola on his way to Babylon.
Alexander the Great defeated Darius and conquered Babylon before expanding his 
empire.
#### Yes.

Example 2:
Q: Was P. G. Wodehouse's favorite book The Hunger Games?

A: P. G. Wodehouse died in 1975.
The Hunger Games was published in 2008.
#### No.
IMPORTANT:
- Think step by step.
- The final line must be exactly in the format: #### Yes. or #### No.
- Do not end with anything else after the final answer.
Your Question:
Q: Could you go to New York Public Library and the Six Flags Great Escape in the same day?

A: A: The New York Public Library is located in New York City.
The New York Public Library is located in New York City.
The Six Flags Great Escape is located in Queensbury, New York, which is approximately 200 miles north of New York City.
Responses:
#### Yes. (Score: 8.101947605609894e-05)
#### No. (Score: -0.00015892041847109795)
<EMPTY> (Score: -inf)
<EMPTY> (Score: -inf)
Input tokens: 47968/47968, output tokens: 62380/62380, total tokens: 110348
