
====================
epoch 0 | idx 0

====================

pos_len: 191
neg_len: 529

Q: Can a sea turtle play tennis using a tennis racket?

A: to play tennis, a human-like hand is needed to properly hold the tennis racket (Label: 1.0)

--------------------

Q: Can a sea turtle play tennis using a tennis racket?

A: to play tennis, a human-like hand is needed to properly hold the tennis racket
sea turtles have flippers and not human-like hands (Label: 1.0)

--------------------

Q: Can a sea turtle play tennis using a tennis racket?

A: to play tennis, a human-like hand is needed to properly hold the tennis racket
sea turtles have flippers and not human-like hands
#### No. (Label: 1.0)

--------------------

Q: Can a strawberry get worms similar to dogs?

A: Strawberry can suffer from black root rot and nematodes. (Label: 1.0)

--------------------

Q: Can a strawberry get worms similar to dogs?

A: Strawberry can suffer from black root rot and nematodes.
Dogs can suffer from a variety of worms including roundworms that lay eggs on them. (Label: 1.0)

--------------------

Q: Can a strawberry get worms similar to dogs?

A: Strawberry can suffer from black root rot and nematodes.
Dogs can suffer from a variety of worms including roundworms that lay eggs on them.
Nematodes are parasites that are also called roundworms and ascarids. (Label: 1.0)

--------------------

Q: Can a strawberry get worms similar to dogs?

A: Strawberry can suffer from black root rot and nematodes.
Dogs can suffer from a variety of worms including roundworms that lay eggs on them.
Nematodes are parasites that are also called roundworms and ascarids.
Nematodes are parasites that feed off of strawberry plants. (Label: 1.0)

--------------------

Q: Can a strawberry get worms similar to dogs?

A: Strawberry can suffer from black root rot and nematodes.
Dogs can suffer from a variety of worms including roundworms that lay eggs on them.
Nematodes are parasites that are also called roundworms and ascarids.
Nematodes are parasites that feed off of strawberry plants.
#### Yes. (Label: 1.0)

--------------------

Q: Are rainbows devoid of color made by mixing yin and yang colors?

A: Yin and Yang are a philosophical Chinese concept represented by the color black and white. (Label: 1.0)

--------------------

Q: Are rainbows devoid of color made by mixing yin and yang colors?

A: Yin and Yang are a philosophical Chinese concept represented by the color black and white.
Black and white when mixed together create the color gray. (Label: 1.0)

--------------------

Q: Are rainbows devoid of color made by mixing yin and yang colors?

A: Yin and Yang are a philosophical Chinese concept represented by the color black and white.
Black and white when mixed together create the color gray.
The rainbow contains the colors: red, orange, yellow, green, blue, indigo and violet. (Label: 1.0)

--------------------

Q: Are rainbows devoid of color made by mixing yin and yang colors?

A: Yin and Yang are a philosophical Chinese concept represented by the color black and white.
Black and white when mixed together create the color gray.
The rainbow contains the colors: red, orange, yellow, green, blue, indigo and violet.
#### Yes. (Label: 1.0)

--------------------

Q: Would the Cookie Monster decline an offer of free Keebler products?

A: The Cookie Monster has an enormous appetite and craving for cookies. (Label: 1.0)

--------------------

Q: Would the Cookie Monster decline an offer of free Keebler products?

A: The Cookie Monster has an enormous appetite and craving for cookies.
The Keebler Company is an American cookie and cracker manufacturer. (Label: 1.0)

--------------------

Q: Would the Cookie Monster decline an offer of free Keebler products?

A: The Cookie Monster has an enormous appetite and craving for cookies.
The Keebler Company is an American cookie and cracker manufacturer.
#### No. (Label: 1.0)

--------------------

Q: Is Edgar Allan Poe obscure in the world of horror fiction?

A: Edgar Allan Poe's writing has endured for over 150 years.  (Label: 1.0)

--------------------

Q: Is Edgar Allan Poe obscure in the world of horror fiction?

A: Edgar Allan Poe's writing has endured for over 150 years. 
Edgar Allan Poe's horror writing has been included in classroom curriculum for decades.   (Label: 1.0)

--------------------

Q: Is Edgar Allan Poe obscure in the world of horror fiction?

A: Edgar Allan Poe's writing has endured for over 150 years. 
Edgar Allan Poe's horror writing has been included in classroom curriculum for decades.  
#### No. (Label: 1.0)

--------------------

Q: Would the average American family find Adam Sandler's home to be too small?

A: The average American family has about 3 people in it. (Label: 1.0)

--------------------

Q: Would the average American family find Adam Sandler's home to be too small?

A: The average American family has about 3 people in it.
Adam Sandler's home has 14 bedrooms and 7 bathrooms. (Label: 1.0)

--------------------

Q: Would the average American family find Adam Sandler's home to be too small?

A: The average American family has about 3 people in it.
Adam Sandler's home has 14 bedrooms and 7 bathrooms.
#### No. (Label: 1.0)

--------------------

Q: Could the Dominican Order hypothetically defeat Blessed Gerard's order?

A: The Dominican Order is a Catholic group of friars that several priestly vows. (Label: 1.0)

--------------------

Q: Could the Dominican Order hypothetically defeat Blessed Gerard's order?

A: The Dominican Order is a Catholic group of friars that several priestly vows.
Blessed Gerard was the founder of the Order of St John of Jerusalem (Knights Hospitaller). (Label: 1.0)

--------------------

Q: Could the Dominican Order hypothetically defeat Blessed Gerard's order?

A: The Dominican Order is a Catholic group of friars that several priestly vows.
Blessed Gerard was the founder of the Order of St John of Jerusalem (Knights Hospitaller).
 The Order of St John of Jerusalem (Knights Hospitaller) were a well trained Catholic military order that fought in the Crusades. (Label: 1.0)

--------------------

Q: Could the Dominican Order hypothetically defeat Blessed Gerard's order?

A: The Dominican Order is a Catholic group of friars that several priestly vows.
Blessed Gerard was the founder of the Order of St John of Jerusalem (Knights Hospitaller).
 The Order of St John of Jerusalem (Knights Hospitaller) were a well trained Catholic military order that fought in the Crusades.
#### No. (Label: 1.0)

--------------------

Q: Do depressed people travel to the Golden Gate Bridge often?

A: The Golden Gate Bridge is one of the most popular suicide spots in the USA. (Label: 1.0)

--------------------

Q: Do depressed people travel to the Golden Gate Bridge often?

A: The Golden Gate Bridge is one of the most popular suicide spots in the USA.
Suicide is often caused by severe depression. (Label: 1.0)

--------------------

Q: Do depressed people travel to the Golden Gate Bridge often?

A: The Golden Gate Bridge is one of the most popular suicide spots in the USA.
Suicide is often caused by severe depression.
#### Yes. (Label: 1.0)

--------------------

Q: Are all types of pottery safe to cook in?

A: Some types of pottery glaze are unsafe for contact with food meant for human consumption.  (Label: 1.0)

--------------------

Q: Are all types of pottery safe to cook in?

A: Some types of pottery glaze are unsafe for contact with food meant for human consumption. 
Antique pottery pieces may have hazardous levels of lead in them. (Label: 1.0)

--------------------

Q: Are all types of pottery safe to cook in?

A: Some types of pottery glaze are unsafe for contact with food meant for human consumption. 
Antique pottery pieces may have hazardous levels of lead in them.
#### No. (Label: 1.0)

--------------------

Q: Can you watch Rick and Morty in Mariana Trench?

A: Rick and Morty is available in blu-ray format. (Label: 1.0)

--------------------

Q: Can you watch Rick and Morty in Mariana Trench?

A: Rick and Morty is available in blu-ray format.
You can play blu-ray on a laptop computer  (Label: 1.0)

--------------------

Q: Can you watch Rick and Morty in Mariana Trench?

A: Rick and Morty is available in blu-ray format.
You can play blu-ray on a laptop computer 
It is possible to go to Mariana Trench inside a deep-diving submersible vehicle with a laptop. (Label: 1.0)

--------------------

Q: Can you watch Rick and Morty in Mariana Trench?

A: Rick and Morty is available in blu-ray format.
You can play blu-ray on a laptop computer 
It is possible to go to Mariana Trench inside a deep-diving submersible vehicle with a laptop.
#### Yes. (Label: 1.0)

--------------------

Q: Can sunlight travel to the deepest part of the Black Sea?

A: The Black Sea has a maximum depth of 2,212 meters (Label: 1.0)

--------------------

Q: Can sunlight travel to the deepest part of the Black Sea?

A: The Black Sea has a maximum depth of 2,212 meters
Sunlight does not penetrate water below 1000 meters (Label: 1.0)

--------------------

Q: Can sunlight travel to the deepest part of the Black Sea?

A: The Black Sea has a maximum depth of 2,212 meters
Sunlight does not penetrate water below 1000 meters
#### No. (Label: 1.0)

--------------------

Q: Does Alec Baldwin have more children than Clint Eastwood?

A: Alec Baldwin has 5 children as of 2020. (Label: 1.0)

--------------------

Q: Does Alec Baldwin have more children than Clint Eastwood?

A: Alec Baldwin has 5 children as of 2020.
Actor Clint Eastwood has 7 children as of 2020. (Label: 1.0)

--------------------

Q: Does Alec Baldwin have more children than Clint Eastwood?

A: Alec Baldwin has 5 children as of 2020.
Actor Clint Eastwood has 7 children as of 2020.
#### No. (Label: 1.0)

--------------------

Q: Would a packed Wembley stadium be likely to have a descendant of the Mongols inside?

A: Wembley stadium has a capacity of 90,000 people. (Label: 1.0)

--------------------

Q: Would a packed Wembley stadium be likely to have a descendant of the Mongols inside?

A: Wembley stadium has a capacity of 90,000 people.
The Mongols were an ethnic group that dominated the 13th and 14th centuries. (Label: 1.0)

--------------------

Q: Would a packed Wembley stadium be likely to have a descendant of the Mongols inside?

A: Wembley stadium has a capacity of 90,000 people.
The Mongols were an ethnic group that dominated the 13th and 14th centuries.
Genghis Khan was the founder of the Mongol Empire. (Label: 1.0)

--------------------

Q: Would a packed Wembley stadium be likely to have a descendant of the Mongols inside?

A: Wembley stadium has a capacity of 90,000 people.
The Mongols were an ethnic group that dominated the 13th and 14th centuries.
Genghis Khan was the founder of the Mongol Empire.
Geneticists have determined that 1 in every 200 men are descended from Genghis Khan. (Label: 1.0)

--------------------

Q: Would a packed Wembley stadium be likely to have a descendant of the Mongols inside?

A: Wembley stadium has a capacity of 90,000 people.
The Mongols were an ethnic group that dominated the 13th and 14th centuries.
Genghis Khan was the founder of the Mongol Empire.
Geneticists have determined that 1 in every 200 men are descended from Genghis Khan.
#### Yes. (Label: 1.0)

--------------------

Q: Is sunscreen unhelpful for the condition that killed Bob Marley?

A: Bob Marley died of acral lentiginous melanoma  (Label: 1.0)

--------------------

Q: Is sunscreen unhelpful for the condition that killed Bob Marley?

A: Bob Marley died of acral lentiginous melanoma 
Acral lentiginous melanoma occurs on skin that may not have any sun exposure  (Label: 1.0)

--------------------

Q: Is sunscreen unhelpful for the condition that killed Bob Marley?

A: Bob Marley died of acral lentiginous melanoma 
Acral lentiginous melanoma occurs on skin that may not have any sun exposure 
#### Yes. (Label: 1.0)

--------------------

Q: Has Elon Musk's hairline changed?

A: When Elon Musk was much younger, he was clearly balding. (Label: 1.0)

--------------------

Q: Has Elon Musk's hairline changed?

A: When Elon Musk was much younger, he was clearly balding.
Elon Musk does not show any signs of balding as of 2020. (Label: 1.0)

--------------------

Q: Has Elon Musk's hairline changed?

A: When Elon Musk was much younger, he was clearly balding.
Elon Musk does not show any signs of balding as of 2020.
#### Yes. (Label: 1.0)

--------------------

Q: Was P. G. Wodehouse's favorite book The Hunger Games?

A: P. G. Wodehouse died in 1975. (Label: 1.0)

--------------------

Q: Was P. G. Wodehouse's favorite book The Hunger Games?

A: P. G. Wodehouse died in 1975.
The Hunger Games was published in 2008. (Label: 1.0)

--------------------

Q: Was P. G. Wodehouse's favorite book The Hunger Games?

A: P. G. Wodehouse died in 1975.
The Hunger Games was published in 2008.
#### No. (Label: 1.0)

--------------------

Q: Will Tokyo Tower be repainted only once during President Trump's first term?

A: Tokyo Tower is repainted every five years  (Label: 1.0)

--------------------

Q: Will Tokyo Tower be repainted only once during President Trump's first term?

A: Tokyo Tower is repainted every five years 
The last repainting began in 2018 (Label: 1.0)

--------------------

Q: Will Tokyo Tower be repainted only once during President Trump's first term?

A: Tokyo Tower is repainted every five years 
The last repainting began in 2018
Trump's first presidential term is from 2017 to 2021 (Label: 1.0)

--------------------

Q: Will Tokyo Tower be repainted only once during President Trump's first term?

A: Tokyo Tower is repainted every five years 
The last repainting began in 2018
Trump's first presidential term is from 2017 to 2021
#### Yes. (Label: 1.0)

--------------------

Q: Can a woman on average have a baby before wheat seed blooms?

A: The average time it takes for a woman to give birth is 9 months. (Label: 1.0)

--------------------

Q: Can a woman on average have a baby before wheat seed blooms?

A: The average time it takes for a woman to give birth is 9 months.
Wheat takes between 7 to 8 months to harvest. (Label: 1.0)

--------------------

Q: Can a woman on average have a baby before wheat seed blooms?

A: The average time it takes for a woman to give birth is 9 months.
Wheat takes between 7 to 8 months to harvest.
#### No. (Label: 1.0)

--------------------

Q: Would you spend less on your food at Aldi than at Whole Foods?

A: Whole Foods is known for costing 10-20% more than other stores. (Label: 1.0)

--------------------

Q: Would you spend less on your food at Aldi than at Whole Foods?

A: Whole Foods is known for costing 10-20% more than other stores.
Aldi is known for having deeply discounted food and home supplies. (Label: 1.0)

--------------------

Q: Would you spend less on your food at Aldi than at Whole Foods?

A: Whole Foods is known for costing 10-20% more than other stores.
Aldi is known for having deeply discounted food and home supplies.
#### Yes. (Label: 1.0)

--------------------

Q: Was Mother Theresa a follower of atheism?

A: Mother Theresa was a Catholic nun. (Label: 1.0)

--------------------

Q: Was Mother Theresa a follower of atheism?

A: Mother Theresa was a Catholic nun.
Atheism is the absence of belief in a diety. (Label: 1.0)

--------------------

Q: Was Mother Theresa a follower of atheism?

A: Mother Theresa was a Catholic nun.
Atheism is the absence of belief in a diety.
Catholics believe in the Holy Trinity, which is a representation of God. (Label: 1.0)

--------------------

Q: Was Mother Theresa a follower of atheism?

A: Mother Theresa was a Catholic nun.
Atheism is the absence of belief in a diety.
Catholics believe in the Holy Trinity, which is a representation of God.
#### No. (Label: 1.0)

--------------------

Q: Did Francois Mitterrand ever meet Barak Obama while they both held the position of President?

A: Mitterand was President of France from 1981 through 1995. (Label: 1.0)

--------------------

Q: Did Francois Mitterrand ever meet Barak Obama while they both held the position of President?

A: Mitterand was President of France from 1981 through 1995.
Obama was President of the United States from 2009 to 2017 (Label: 1.0)

--------------------

Q: Did Francois Mitterrand ever meet Barak Obama while they both held the position of President?

A: Mitterand was President of France from 1981 through 1995.
Obama was President of the United States from 2009 to 2017
#### No. (Label: 1.0)

--------------------

Q: Does taking ukemi halt kinetic energy?

A: "Taking ukemi" refers to the art of falling or receiving in martial arts (Label: 1.0)

--------------------

Q: Does taking ukemi halt kinetic energy?

A: "Taking ukemi" refers to the art of falling or receiving in martial arts
Taking ukemi usually requires the person doing it to move their body in a way that minimizes injury, and so it uses kinetic energy (Label: 1.0)

--------------------

Q: Does taking ukemi halt kinetic energy?

A: "Taking ukemi" refers to the art of falling or receiving in martial arts
Taking ukemi usually requires the person doing it to move their body in a way that minimizes injury, and so it uses kinetic energy
#### No. (Label: 1.0)

--------------------

Q: Did Easy Rider make a profit at the theater when it was released?

A: Easy Rider had a filming budget of about half a million dollars. (Label: 1.0)

--------------------

Q: Did Easy Rider make a profit at the theater when it was released?

A: Easy Rider had a filming budget of about half a million dollars.
Upon release in 1969, it earned about 60 million dollars. (Label: 1.0)

--------------------

Q: Did Easy Rider make a profit at the theater when it was released?

A: Easy Rider had a filming budget of about half a million dollars.
Upon release in 1969, it earned about 60 million dollars.
#### Yes. (Label: 1.0)

--------------------

Q: Would it be common to find a penguin in Miami?

A: Penguins are native to the deep, very cold parts of the southern hemisphere. (Label: 1.0)

--------------------

Q: Would it be common to find a penguin in Miami?

A: Penguins are native to the deep, very cold parts of the southern hemisphere.
Miami is located in the northern hemisphere and has a very warm climate. (Label: 1.0)

--------------------

Q: Would it be common to find a penguin in Miami?

A: Penguins are native to the deep, very cold parts of the southern hemisphere.
Miami is located in the northern hemisphere and has a very warm climate.
#### No. (Label: 1.0)

--------------------

Q: Does Capricorn astrology symbol have all of the parts of a chimera?

A: The Capricorn astrology symbol is a sea goat which consists of: a goat, and a fish. (Label: 1.0)

--------------------

Q: Does Capricorn astrology symbol have all of the parts of a chimera?

A: The Capricorn astrology symbol is a sea goat which consists of: a goat, and a fish.
A chimera is a legendary beast that is made up of: a lion, a goat, and a snake. (Label: 1.0)

--------------------

Q: Does Capricorn astrology symbol have all of the parts of a chimera?

A: The Capricorn astrology symbol is a sea goat which consists of: a goat, and a fish.
A chimera is a legendary beast that is made up of: a lion, a goat, and a snake.
#### No. (Label: 1.0)

--------------------

Q: Would Felicity Huffman vote for Mike DeWine?

A: Mike DeWine is Governor of Ohio (Label: 1.0)

--------------------

Q: Would Felicity Huffman vote for Mike DeWine?

A: Mike DeWine is Governor of Ohio
Felicity Huffman is a resident of California (Label: 1.0)

--------------------

Q: Would Felicity Huffman vote for Mike DeWine?

A: Mike DeWine is Governor of Ohio
Felicity Huffman is a resident of California
#### No. (Label: 1.0)

--------------------

Q: Has Oscar Wilde's most famous character ever been in an Eva Green project?

A: Oscar Wilde is most famous for his book The Picture of Dorian Gray. (Label: 1.0)

--------------------

Q: Has Oscar Wilde's most famous character ever been in an Eva Green project?

A: Oscar Wilde is most famous for his book The Picture of Dorian Gray.
Dorian Gray is a beautiful socialite that is the main character of The Picture of Dorian Gray. (Label: 1.0)

--------------------

Q: Has Oscar Wilde's most famous character ever been in an Eva Green project?

A: Oscar Wilde is most famous for his book The Picture of Dorian Gray.
Dorian Gray is a beautiful socialite that is the main character of The Picture of Dorian Gray.
Acclaimed actress, Eva Green has starred in numerous films and TV shows including Penny Dreadful. (Label: 1.0)

--------------------

Q: Has Oscar Wilde's most famous character ever been in an Eva Green project?

A: Oscar Wilde is most famous for his book The Picture of Dorian Gray.
Dorian Gray is a beautiful socialite that is the main character of The Picture of Dorian Gray.
Acclaimed actress, Eva Green has starred in numerous films and TV shows including Penny Dreadful.
Dorian Gray flirts with Vanessa Ives in the Penny Dreadful episode, Seance. (Label: 1.0)

--------------------

Q: Has Oscar Wilde's most famous character ever been in an Eva Green project?

A: Oscar Wilde is most famous for his book The Picture of Dorian Gray.
Dorian Gray is a beautiful socialite that is the main character of The Picture of Dorian Gray.
Acclaimed actress, Eva Green has starred in numerous films and TV shows including Penny Dreadful.
Dorian Gray flirts with Vanessa Ives in the Penny Dreadful episode, Seance.
Vanessa Ives is played by Eva Green. (Label: 1.0)

--------------------

Q: Has Oscar Wilde's most famous character ever been in an Eva Green project?

A: Oscar Wilde is most famous for his book The Picture of Dorian Gray.
Dorian Gray is a beautiful socialite that is the main character of The Picture of Dorian Gray.
Acclaimed actress, Eva Green has starred in numerous films and TV shows including Penny Dreadful.
Dorian Gray flirts with Vanessa Ives in the Penny Dreadful episode, Seance.
Vanessa Ives is played by Eva Green.
#### Yes. (Label: 1.0)

--------------------

Q: Karachi was a part of Alexander the Great's success?

A: Karachi is a city in modern day Pakistan. (Label: 1.0)

--------------------

Q: Karachi was a part of Alexander the Great's success?

A: Karachi is a city in modern day Pakistan.
Krokola was an ancient port located in what is now Karachi. (Label: 1.0)

--------------------

Q: Karachi was a part of Alexander the Great's success?

A: Karachi is a city in modern day Pakistan.
Krokola was an ancient port located in what is now Karachi.
Alexander the Great stationed his fleet in Krokola on his way to Babylon. (Label: 1.0)

--------------------

Q: Karachi was a part of Alexander the Great's success?

A: Karachi is a city in modern day Pakistan.
Krokola was an ancient port located in what is now Karachi.
Alexander the Great stationed his fleet in Krokola on his way to Babylon.
Alexander the Great defeated Darius and conquered Babylon before expanding his empire. (Label: 1.0)

--------------------

Q: Karachi was a part of Alexander the Great's success?

A: Karachi is a city in modern day Pakistan.
Krokola was an ancient port located in what is now Karachi.
Alexander the Great stationed his fleet in Krokola on his way to Babylon.
Alexander the Great defeated Darius and conquered Babylon before expanding his empire.
#### Yes. (Label: 1.0)

--------------------

Q: Were paparazzi involved in the death of a member of the royal family?

A: Diana Spencer was being pursued by paparazzi when her vehicle was involved in a fatal accident. (Label: 1.0)

--------------------

Q: Were paparazzi involved in the death of a member of the royal family?

A: Diana Spencer was being pursued by paparazzi when her vehicle was involved in a fatal accident.
Diana Spencer was known as 'Princess Diana' and was the Princess of Wales. (Label: 1.0)

--------------------

Q: Were paparazzi involved in the death of a member of the royal family?

A: Diana Spencer was being pursued by paparazzi when her vehicle was involved in a fatal accident.
Diana Spencer was known as 'Princess Diana' and was the Princess of Wales.
#### Yes. (Label: 1.0)

--------------------

Q: Could someone with fine motor control issues benefit from an altered keyboard layout?

A: Fine motor control involves making small, precise movements like painting or typing.  (Label: 1.0)

--------------------

Q: Could someone with fine motor control issues benefit from an altered keyboard layout?

A: Fine motor control involves making small, precise movements like painting or typing. 
The standard keyboard layout is designed to be used by someone without any motor control issues. (Label: 1.0)

--------------------

Q: Could someone with fine motor control issues benefit from an altered keyboard layout?

A: Fine motor control involves making small, precise movements like painting or typing. 
The standard keyboard layout is designed to be used by someone without any motor control issues.
There are modified keyboards for multiple types of disability. (Label: 1.0)

--------------------

Q: Could someone with fine motor control issues benefit from an altered keyboard layout?

A: Fine motor control involves making small, precise movements like painting or typing. 
The standard keyboard layout is designed to be used by someone without any motor control issues.
There are modified keyboards for multiple types of disability.
#### Yes. (Label: 1.0)

--------------------

Q: Could a markhor give birth three times in a single year?

A: The gestation period of a markhor lasts 135–170 days. (Label: 1.0)

--------------------

Q: Could a markhor give birth three times in a single year?

A: The gestation period of a markhor lasts 135–170 days.
There are 365 days in a year. (Label: 1.0)

--------------------

Q: Could a markhor give birth three times in a single year?

A: The gestation period of a markhor lasts 135–170 days.
There are 365 days in a year.
#### No. (Label: 1.0)

--------------------

Q: Could a cow produce Harvey Milk?

A: Harvey Milk was a human being. (Label: 1.0)

--------------------

Q: Could a cow produce Harvey Milk?

A: Harvey Milk was a human being.
Cows are not human beings. (Label: 1.0)

--------------------

Q: Could a cow produce Harvey Milk?

A: Harvey Milk was a human being.
Cows are not human beings.
Only human beings can produce offspring which are also human beings. (Label: 1.0)

--------------------

Q: Could a cow produce Harvey Milk?

A: Harvey Milk was a human being.
Cows are not human beings.
Only human beings can produce offspring which are also human beings.
#### No. (Label: 1.0)

--------------------

Q: Can a sea turtle play tennis using a tennis racket?

A: A: Sea turtles are marine reptiles that live in the ocean. 
They have flippers, which are adapted for swimming, not for handling objects like a tennis racket. 
Tennis is a sport that requires hand-eye coordination and specific movements that sea turtles are not capable of. 
Additionally, tennis is played on a court with established rules and requires both players to be on land, which is not suitable for sea turtles. 
#### No. (Label: 1.0)

--------------------

Q: Can a sea turtle play tennis using a tennis racket?

A: A: Sea turtles are marine animals primarily found in oceans and are not known for playing sports. They have flippers adapted for swimming, not strong limbs or hands like humans. Tennis requires the ability to hold and swing a racket, which sea turtles cannot do. Therefore, they are physically incapable of playing tennis. 
#### No. (Label: 1.0)

--------------------

Q: Can a sea turtle play tennis using a tennis racket?

A: A: Sea turtles are aquatic reptiles that live primarily in the ocean.
They have flippers adapted for swimming and do not have the physical capability to hold objects like a human. 
Tennis is a land sport that requires the use of a racket and the ability to run and move on solid ground.
Given their biological attributes and habitat, sea turtles cannot play sports like tennis. 
#### No. (Label: 1.0)

--------------------

Q: Can a sea turtle play tennis using a tennis racket?

A: A: Sea turtles are aquatic reptiles that live primarily in the ocean.  
They are not capable of using tools or objects like a tennis racket.  
Playing tennis requires the ability to hold a racket and hit a ball, which is not physiologically possible for a sea turtle.  
Therefore, a sea turtle cannot play tennis.  
#### No. (Label: 1.0)

--------------------

Q: Would the Cookie Monster decline an offer of free Keebler products?

A: The Cookie Monster is a fictional character from the children's television show "Sesame Street."  
The Cookie Monster is known for his love of cookies and often expresses a desire to eat them.  
Keebler is a brand that produces various cookies, which would likely appeal to the Cookie Monster.  
Given his character traits, it is highly unlikely that he would decline an offer of free cookies.  
#### No. (Label: 1.0)

--------------------

Q: Would the Cookie Monster decline an offer of free Keebler products?

A: The Cookie Monster is a well-known character from the children's television show "Sesame Street."  
He is famous for his love of cookies and often expresses an insatiable appetite for them.  
Keebler is a brand that produces various types of cookies.  
Since the Cookie Monster loves cookies, it is highly unlikely that he would decline an offer of free Keebler products.  
Instead, he would probably be excited about the opportunity to receive them.  
#### No. (Label: 1.0)

--------------------

Q: Would the Cookie Monster decline an offer of free Keebler products?

A: The Cookie Monster is a character from the television show "Sesame Street."
He is known for his love of cookies and sweets.
Keebler is a brand that produces cookies and other baked goods.
Given his character's traits, it is unlikely that he would decline an offer of free cookies.
#### No. (Label: 1.0)

--------------------

Q: Would the Cookie Monster decline an offer of free Keebler products?

A: The Cookie Monster is a character from the children's television show "Sesame Street."
He is known for his love of cookies.
Keebler is a brand known for producing a variety of cookies and snacks.
It is likely that the Cookie Monster would be very interested in free cookies, especially those made by Keebler.
Therefore, it is unlikely that he would decline such an offer.
#### No. (Label: 1.0)

--------------------

Q: Is Edgar Allan Poe obscure in the world of horror fiction?

A: A: Edgar Allan Poe is widely considered a foundational figure in horror fiction. 
He is known for his tales of mystery and macabre, such as "The Tell-Tale Heart" and "The Fall of the House of Usher."
Poe's works have had a significant influence on the genre and inspired countless authors. 
He is often referenced in discussions about classic horror literature. 
#### No. (Label: 1.0)

--------------------

Q: Is Edgar Allan Poe obscure in the world of horror fiction?

A: Edgar Allan Poe was an American writer known for his contributions to the horror and mystery genres.  
He is credited with popularizing the short story format and is often considered a pioneer of the detective fiction genre.  
Poe's works, including "The Tell-Tale Heart," "The Fall of the House of Usher," and "The Raven," are widely studied and celebrated.  
His influence can be seen in many modern horror writers and filmmakers, making him a prominent figure in horror fiction.  
Given his lasting impact and recognition, he is not considered obscure.  
#### No. (Label: 1.0)

--------------------

Q: Is Edgar Allan Poe obscure in the world of horror fiction?

A: Edgar Allan Poe is a well-known author in the horror fiction genre.  
He published several classic horror stories and poems, such as "The Tell-Tale Heart," "The Fall of the House of Usher," and "The Raven."  
Poe's works have significantly influenced the genre and are frequently referenced in discussions about horror literature.  
His impact on both literature and popular culture remains strong, and he is often regarded as a master of macabre storytelling.  
This suggests that he is not obscure within the realm of horror fiction.  
#### No. (Label: 1.0)

--------------------

Q: Is Edgar Allan Poe obscure in the world of horror fiction?

A: Edgar Allan Poe is a well-known American writer and poet.  
He is often credited with being a pioneer of the horror fiction genre.  
Poe's works, such as "The Tell-Tale Heart" and "The Murders in the Rue Morgue," are considered classics of horror literature.  
His influence can be seen in many modern horror writers and filmmakers.  
Given his significant contributions and recognition in horror fiction, he cannot be considered obscure.  
#### No. (Label: 1.0)

--------------------

Q: Would the average American family find Adam Sandler's home to be too small?

A: Adam Sandler is a well-known American actor and comedian.  
He owns a large home in Los Angeles, which is known for its size and luxury.  
The average home size in America varies, but many families live in homes that are significantly smaller than Sandler's estate.  
Typically, a larger home would be seen as more spacious compared to the average American family's home.  
#### No. (Label: 1.0)

--------------------

Q: Would the average American family find Adam Sandler's home to be too small?

A: Adam Sandler is a well-known actor and comedian.  
His primary residence is in Los Angeles, California.  
Celebrity homes tend to be larger than average homes due to their wealth.  
The average American family home size is about 2,600 square feet.  
Sandler's home is reported to be significantly larger than this average size.  
It is unlikely that the average American family would consider his home too small.  
#### No. (Label: 1.0)

--------------------

Q: Would the average American family find Adam Sandler's home to be too small?

A: Adam Sandler is a well-known actor and comedian. 
He is known to have a luxurious lifestyle, including owning multiple properties. 
Adam Sandler's home in Los Angeles is estimated to be quite spacious, often with features typical of celebrity homes. 
The average size of an American family home is about 2,500 square feet.
Given that Adam Sandler’s home likely exceeds this average size, it is unlikely that an average American family would find it too small. 
#### No. (Label: 1.0)

--------------------

Q: Are all types of pottery safe to cook in?

A: Not all types of pottery are safe to cook in.
Some pottery is specifically designed for cooking, such as oven-safe ceramics.
However, other types of pottery may contain harmful materials, such as lead or may not be able to withstand high temperatures.
It is essential to check if the pottery is labeled as oven-safe or food-safe before using it for cooking.
#### No. (Label: 1.0)

--------------------

Q: Are all types of pottery safe to cook in?

A: Not all types of pottery are safe for cooking. 
Certain pottery items are made with materials that can leach harmful substances when heated. 
Some glazes may contain lead or other toxic elements that can contaminate food.
There are specific types of pottery, such as some earthenware and stoneware, that are designed to be cookware and are safe to use in ovens or with direct heat. 
However, it’s important to check for safety certifications or labels indicating that they are food-safe. 
#### No. (Label: 1.0)

--------------------

Q: Are all types of pottery safe to cook in?

A: A: Pottery is made from clay and is fired at high temperatures to create ceramic products. 
There are various types of pottery including earthenware, stoneware, and porcelain. 
Not all types of pottery are safe for cooking; for example, earthenware can sometimes contain harmful levels of lead in the glaze. 
Stoneware and porcelain are generally considered safe for cooking as they are more durable and less porous. 
However, it is essential to check that any pottery intended for cooking is labeled as food-safe. 
#### No. (Label: 1.0)

--------------------

Q: Are all types of pottery safe to cook in?

A: A: Pottery can be made from various materials, including clay, and each type has different properties.
Some pottery is specifically labeled as "oven-safe" or "food-safe," indicating it can be used for cooking.
However, other types of pottery may not be intended for cooking and could leach harmful substances when heated.
It is essential to verify whether the specific pottery is designed for cooking before using it in the oven or with food.
#### No. (Label: 1.0)

--------------------

Q: Can sunlight travel to the deepest part of the Black Sea?

A: Sunlight penetrates water to a certain depth, which reduces with increasing depth due to absorption and scattering by water. 
The average depth of the Black Sea is about 1,200 meters, with the maximum depth being over 2,200 meters.
Typically, sunlight can only penetrate a few hundred meters in clear water, and in most cases, it is completely absorbed well before reaching such depths.
Therefore, it is unlikely for sunlight to reach the deepest parts of the Black Sea. 
#### No. (Label: 1.0)

--------------------

Q: Can sunlight travel to the deepest part of the Black Sea?

A: Sunlight travels through water but is absorbed quickly as it penetrates deeper.
The Black Sea has a maximum depth of about 2,212 meters (7,257 feet).
Studies show that sunlight typically penetrates only to a depth of about 200 meters in the ocean.
Thus, sunlight cannot reach the deepest part of the Black Sea.
#### No. (Label: 1.0)

--------------------

Q: Can sunlight travel to the deepest part of the Black Sea?

A: The Black Sea is a body of water that has varying depths, with its deepest point reaching about 2,212 meters (7,257 feet).
Sunlight can penetrate water only to a certain depth; this is influenced by water clarity and other factors.
In the Black Sea, sunlight penetrates only about 200 meters (656 feet) before it becomes too dim to support photosynthesis.
Because the deepest parts of the Black Sea are beyond this penetration depth, sunlight cannot reach them.
#### No. (Label: 1.0)

--------------------

Q: Can sunlight travel to the deepest part of the Black Sea?

A: The Black Sea has a maximum depth of about 2,212 meters (7,257 feet).
Sunlight can penetrate water to a certain depth, but it diminishes quickly as it travels deeper.
Typically, sunlight can reach depths of about 200 meters in clear ocean water, beyond which it becomes too dim for photosynthesis.
The deepest part of the Black Sea is far beyond this threshold where sunlight can penetrate.
#### No. (Label: 1.0)

--------------------

Q: Does Alec Baldwin have more children than Clint Eastwood?

A: Alec Baldwin has six children, which include a mix of biological and adopted children.  
Clint Eastwood has eight children from various relationships, including biological and adopted children.  
Since eight (Clint Eastwood's children) is greater than six (Alec Baldwin's children), Clint Eastwood has more children than Alec Baldwin.  
#### No. (Label: 1.0)

--------------------

Q: Does Alec Baldwin have more children than Clint Eastwood?

A: A: Alec Baldwin has a total of seven children. 
Clint Eastwood has a total of eight children. 
Comparing the numbers, Clint Eastwood has more children than Alec Baldwin. 
#### No. (Label: 1.0)

--------------------

Q: Does Alec Baldwin have more children than Clint Eastwood?

A: Alec Baldwin has six children from his relationships and marriages.  
Clint Eastwood has eight children from his relationships and marriages.  
Therefore, Clint Eastwood has more children than Alec Baldwin.  
#### No. (Label: 1.0)

--------------------

Q: Does Alec Baldwin have more children than Clint Eastwood?

A: Alec Baldwin has a total of 7 children.  
Clint Eastwood has a total of 8 children.  
Comparing the two, Clint Eastwood has more children than Alec Baldwin.  
#### No. (Label: 1.0)

--------------------

Q: Has Elon Musk's hairline changed?

A: Elon Musk is a well-known entrepreneur and public figure. 
Over the years, there have been numerous public appearances and photographs of him. 
In recent years, some photos show differences in his hairline compared to earlier pictures. 
Many observers believe he may have undergone hair restoration treatments. 
The change in appearance is commonly discussed in media and forums. 
Thus, it can be concluded that there has indeed been a noticeable change in his hairline over time. 
#### Yes. (Label: 1.0)

--------------------

Q: Has Elon Musk's hairline changed?

A: Elon Musk is a well-known entrepreneur and CEO of multiple companies, including Tesla and SpaceX.  
Observations of public appearances and photos over the years can indicate changes in a person’s hairline.  
Elon Musk's hairline has been noted to appear fuller in some recent images compared to older ones.  
There are discussions and speculations about hair restoration procedures he may have undergone.  
Therefore, based on public perception and visual evidence, it can be concluded that there has been a change in his hairline.  
#### Yes. (Label: 1.0)

--------------------

Q: Has Elon Musk's hairline changed?

A: Elon Musk is a well-known entrepreneur and CEO of multiple companies. 
Over the years, there have been noticeable changes in his hairline, particularly between early public appearances and more recent ones. 
Some speculate that he may have undergone hair restoration treatments. 
Photos from different points in time indicate a shift from a receding hairline to a fuller appearance. 
Based on these observations, it can be concluded that his hairline has changed. 
#### Yes. (Label: 1.0)

--------------------

Q: Was P. G. Wodehouse's favorite book The Hunger Games?

A: P. G. Wodehouse was a British author known for his comic novels and short stories.  
He passed away in 1975, and The Hunger Games is a dystopian novel published in 2008.  
Given the timeline, it is impossible for Wodehouse to have had The Hunger Games as a favorite book since it was released after his death.  
#### No. (Label: 1.0)

--------------------

Q: Was P. G. Wodehouse's favorite book The Hunger Games?

A: P. G. Wodehouse was a British author known for his comedic novels and short stories.  
He passed away in 1975.  
The Hunger Games is a dystopian novel written by Suzanne Collins and was published in 2008.  
Since The Hunger Games was published after Wodehouse's death, it cannot be his favorite book.  
#### No. (Label: 1.0)

--------------------

Q: Was P. G. Wodehouse's favorite book The Hunger Games?

A: P. G. Wodehouse was a British author known for his humorous novels and stories.  
He died in 1975, meaning he could not have read or appreciated The Hunger Games, which was published in 2008.  
Therefore, it is impossible for The Hunger Games to be P. G. Wodehouse's favorite book.  
#### No. (Label: 1.0)

--------------------

Q: Was P. G. Wodehouse's favorite book The Hunger Games?

A: P. G. Wodehouse was a notable English author known for his humorous writing and stories featuring characters like Bertie Wooster and Jeeves.  
He passed away in 1975.  
The Hunger Games, a dystopian novel by Suzanne Collins, was published in 2008.  
Since P. G. Wodehouse died before The Hunger Games was released, it could not have been his favorite book.  
#### No. (Label: 1.0)

--------------------

Q: Would you spend less on your food at Aldi than at Whole Foods?

A: A: Aldi is known for its low prices and no-frills shopping experience. 
Whole Foods markets typically emphasize organic and high-quality products, often at a higher price point. 
Many consumers report that groceries at Aldi are significantly cheaper compared to those at Whole Foods. 
Therefore, it is reasonable to conclude that one would spend less on food at Aldi than at Whole Foods. 
#### Yes. (Label: 1.0)

--------------------

Q: Would you spend less on your food at Aldi than at Whole Foods?

A: A: Aldi is known for its low-cost grocery items and generally offers lower prices than many other grocery stores. 
Whole Foods is known for its high-quality organic products, which typically come at a premium price. 
Comparative studies and consumer reports consistently show that shopping at Aldi can save money compared to shopping at Whole Foods. 
Therefore, it is reasonable to conclude that one would spend less on food at Aldi than at Whole Foods. 
#### Yes. (Label: 1.0)

--------------------

Q: Would you spend less on your food at Aldi than at Whole Foods?

A: A: Aldi is known for its low-cost grocery options.
Whole Foods is known for its premium pricing and organic products.
Generally, Aldi's prices are significantly lower than those at Whole Foods.
Many people report spending less on groceries when shopping at Aldi compared to Whole Foods.
#### Yes. (Label: 1.0)

--------------------

Q: Would you spend less on your food at Aldi than at Whole Foods?

A: A: Aldi is known for its low prices and budget-friendly shopping options.
Whole Foods is known for its organic and premium food selections, often leading to higher prices.
Typically, grocery bills at Aldi are lower than those at Whole Foods due to the difference in pricing strategies.
#### Yes. (Label: 1.0)

--------------------

Q: Was Mother Theresa a follower of atheism?

A: Mother Teresa was a Roman Catholic nun and missionary.  
She dedicated her life to serving the poor and was known for her deep faith in God.  
Atheism is the lack of belief in gods or deities.  
Given her life’s work and beliefs, she cannot be classified as a follower of atheism.  
#### No. (Label: 1.0)

--------------------

Q: Was Mother Theresa a follower of atheism?

A: Mother Teresa was a prominent Roman Catholic nun and missionary.  
She is best known for her work with the poor in Kolkata, India.  
Mother Teresa dedicated her life to serving others and spreading Christian teachings.  
Atheism is the absence of belief in the existence of deities, which is contrary to her beliefs.  
Therefore, she cannot be considered a follower of atheism.  
#### No. (Label: 1.0)

--------------------

Q: Was Mother Theresa a follower of atheism?

A: Mother Teresa was a Roman Catholic nun and missionary.  
She devoted her life to serving the poor and promoting Christian values.  
Atheism is the lack of belief in deities, while Mother Teresa was known for her deep faith in God.  
Her life's work and beliefs directly contradict the principles of atheism.  
#### No. (Label: 1.0)

--------------------

Q: Was Mother Theresa a follower of atheism?

A: Mother Teresa was a Roman Catholic nun and missionary. 
She dedicated her life to serving the poor and the sick. 
Mother Teresa was known for her deep faith and commitment to Christianity. 
Atheism, by definition, is the lack of belief in gods or deities, which contradicts her professed beliefs. 
#### No. (Label: 1.0)

--------------------

Q: Did Francois Mitterrand ever meet Barak Obama while they both held the position of President?

A: Francois Mitterrand was the President of France from 1981 to 1995. 
Barack Obama became the President of the United States in 2009 and served until 2017. 
Mitterrand passed away in January 1996. 
Since Mitterrand was no longer alive when Obama took office, they could not have met while both were Presidents. 
#### No. (Label: 1.0)

--------------------

Q: Did Francois Mitterrand ever meet Barak Obama while they both held the position of President?

A: Francois Mitterrand was the President of France from 1981 to 1995.  
Barack Obama became the President of the United States in 2009 and served until 2017.  
Since Mitterrand's presidency ended in 1995 and Obama’s started in 2009, their presidential terms did not overlap.  
Therefore, they could not have met while they both held the position of President.  
#### No. (Label: 1.0)

--------------------

Q: Did Francois Mitterrand ever meet Barak Obama while they both held the position of President?

A: Francois Mitterrand was President of France from 1981 to 1995.  
Barack Obama became President of the United States in 2009 and served until 2017.  
Mitterrand had already completed his presidency by the time Obama took office.  
Therefore, they could not have met while both held the position of President.  
#### No. (Label: 1.0)

--------------------

Q: Did Francois Mitterrand ever meet Barak Obama while they both held the position of President?

A: Francois Mitterrand served as the President of France from 1981 to 1995. 
Barack Obama served as the President of the United States from 2009 to 2017. 
Mitterrand passed away in 1996, well before Obama took office. 
Therefore, it is impossible for them to have met while both were in office. 
#### No. (Label: 1.0)

--------------------

Q: Does taking ukemi halt kinetic energy?

A: Taking ukemi is a technique used in martial arts to safely fall or roll to absorb impact.
The purpose of ukemi is to dissipate energy from a fall, reducing potential injury.
While ukemi helps to manage the impact of a fall, it does not completely stop kinetic energy; instead, it transforms the energy through movement and technique. 
Kinetic energy is transferred or absorbed, but not halted entirely. 
#### No. (Label: 1.0)

--------------------

Q: Does taking ukemi halt kinetic energy?

A: Taking ukemi is a practice in martial arts, particularly in judo and Aikido, for safely falling and rolling to avoid injury. 
The act of taking ukemi involves absorbing and redirecting kinetic energy during a fall or throw.
While taking ukemi can change the direction and distribution of kinetic energy, it does not entirely halt it; rather, it manages the energy to prevent injury.
As energy cannot be created or destroyed, it is transformed rather than completely stopped.
#### No. (Label: 1.0)

--------------------

Q: Did Easy Rider make a profit at the theater when it was released?

A: Easy Rider was released in 1969.
It had a production budget of about $400,000.
The film grossed approximately $60 million at the box office.
This means it earned significantly more than its production costs.
#### Yes. (Label: 1.0)

--------------------

Q: Did Easy Rider make a profit at the theater when it was released?

A: Easy Rider was released in 1969.  
The film had a production budget of around $400,000.  
It was a critical success and became a cultural phenomenon.  
Easy Rider grossed approximately $60 million at the box office.  
Comparing the gross income to the budget indicates that the film made a significant profit.  
#### Yes. (Label: 1.0)

--------------------

Q: Did Easy Rider make a profit at the theater when it was released?

A: Easy Rider was released in 1969.  
The film had a production budget of about $360,000.  
Easy Rider grossed over $60 million at the box office worldwide.  
This substantial box office return indicates that the film made a profit.  
#### Yes. (Label: 1.0)

--------------------

Q: Did Easy Rider make a profit at the theater when it was released?

A: Easy Rider was released in 1969.  
The film had a production budget of about $400,000.  
Easy Rider grossed approximately $60 million at the box office.  
This substantial box office revenue indicates that the film made a significant profit over its production costs.  
#### Yes. (Label: 1.0)

--------------------

Q: Would it be common to find a penguin in Miami?

A: Penguins are primarily found in the Southern Hemisphere, with most species native to Antarctica and surrounding regions.
Miami is located in Florida, USA, which is in the Northern Hemisphere.
The climate in Miami is tropical and does not naturally support wild penguin populations.
While some zoos or aquariums in Miami may have penguins, they are not naturally occurring in the area.
#### No. (Label: 1.0)

--------------------

Q: Would it be common to find a penguin in Miami?

A: A: Penguins are primarily native to the Southern Hemisphere, especially in regions like Antarctica, South America, Africa, Australia, and New Zealand.
Miami is located in Florida, which is in the Northern Hemisphere and has a tropical climate.
While some penguin species may occasionally be found in warmer climates, they are not naturally occurring in Miami.
It would be highly unusual to find penguins freely living in the wild in Miami.
#### No. (Label: 1.0)

--------------------

Q: Does Capricorn astrology symbol have all of the parts of a chimera?

A: The Capricorn astrology symbol is represented by a sea-goat, which is a creature combining a goat and a fish.
A chimera in mythology is a creature composed of parts from different animals, typically including a lion, goat, and snake. 
The Capricorn symbol does not include all the parts of a chimera, as it specifically combines only two animals, a goat and a fish.
#### No. (Label: 1.0)

--------------------

Q: Does Capricorn astrology symbol have all of the parts of a chimera?

A: Capricorn is represented by a sea-goat, which has the front half of a goat and the tail of a fish.
A chimera in mythology is a creature that typically has parts from multiple animals, such as a lion, a goat, and a serpent.
The Capricorn symbol does not have all the parts of a chimera; it is specifically a sea-goat and does not include the additional animals typically associated with a chimera.
#### No. (Label: 1.0)

--------------------

Q: Does Capricorn astrology symbol have all of the parts of a chimera?

A: A: Capricorn is represented by the sea-goat, which has the front half of a goat and the tail of a fish.
A chimera, in mythology, is a creature made up of parts from different animals, often depicted as a blend of a lion, goat, and serpent.
The Capricorn symbol does not have all the parts of a chimera, as it exclusively features a goat and a fish.
#### No. (Label: 1.0)

--------------------

Q: Would Felicity Huffman vote for Mike DeWine?

A: A: Felicity Huffman is an American actress and is known for her work in television and film. 
Mike DeWine is the governor of Ohio and a member of the Republican Party.
There is no public information suggesting that Felicity Huffman has a political affiliation or has publicly expressed a preference for voting for Mike DeWine. 
Additionally, Huffman has faced a legal scandal related to college admissions, which may influence her public stance on political matters.
#### No. (Label: 1.0)

--------------------

Q: Would Felicity Huffman vote for Mike DeWine?

A: A: Felicity Huffman is an American actress known for her role in "Desperate Housewives."
Mike DeWine is the Governor of Ohio, who is associated with the Republican Party.
Felicity Huffman has not publicly stated her political affiliations or her voting intentions regarding Mike DeWine.
There is no specific evidence to suggest that she would vote for him.
#### No. (Label: 1.0)

--------------------

Q: Would Felicity Huffman vote for Mike DeWine?

A: A: Felicity Huffman is an American actress known for her roles in television and film. 
Mike DeWine is a politician serving as the Governor of Ohio. 
There is no public record indicating Felicity Huffman's political preferences or endorsements related to Mike DeWine.
Furthermore, Huffman has not publicly stated her intention to vote for him. 
#### No. (Label: 1.0)

--------------------

Q: Would Felicity Huffman vote for Mike DeWine?

A: A: Felicity Huffman is an American actress known for her work in television and film.
Mike DeWine is the governor of Ohio, a Republican politician.
There is no public record of Felicity Huffman endorsing or supporting Mike DeWine.
Felicity Huffman has expressed progressive views in the past.
#### No. (Label: 1.0)

--------------------

Q: Has Oscar Wilde's most famous character ever been in an Eva Green project?

A: Oscar Wilde is known for his literary works, particularly "The Picture of Dorian Gray". 
Dorian Gray is the most famous character from this work.
Eva Green starred in the film adaptation of "The Picture of Dorian Gray" released in 2004.
In this film, Eva Green played the role of Sibyl Vane, a character linked to Dorian Gray.
Thus, Dorian Gray, Oscar Wilde's most famous character, has indeed appeared in an Eva Green project.
#### Yes. (Label: 1.0)

--------------------

Q: Karachi was a part of Alexander the Great's success?

A: Karachi is a city located in present-day Pakistan.  
In ancient times, the area around Karachi was known as Krokola.  
Krokola was an important port city that was used by Alexander the Great during his campaigns.  
Alexander the Great successfully conquered regions through his military campaigns, including parts of present-day Pakistan.  
However, "success" more broadly refers to his conquests and achievements in establishing his empire, rather than focusing solely on Karachi itself.  
While Krokola played a role in his military logistics, it is not often cited as a defining moment of his overall success.  
#### Yes. (Label: 1.0)

--------------------

Q: Karachi was a part of Alexander the Great's success?

A: Karachi is a city located in modern-day Pakistan.  
The ancient port of Krokola, which was part of Karachi, served as a key logistical point for Alexander the Great.  
During his campaigns, Alexander the Great utilized the port to support his fleet en route to his conquests in Babylon.  
This involvement in using Krokola signifies that Karachi played a role in Alexander the Great's military strategies and successes.  
#### Yes. (Label: 1.0)

--------------------

Q: Were paparazzi involved in the death of a member of the royal family?

A: The term 'paparazzi' refers to freelance photographers who take candid photos of celebrities and public figures. 
One of the most notable incidents involving paparazzi and a royal family member was the death of Princess Diana in 1997. 
Princess Diana was pursued by paparazzi in Paris on the night of the car crash that led to her death. 
Investigations into her death revealed that paparazzi were following her car, contributing to the events leading to the crash. 
This situation generated considerable media attention and raised discussions about the ethics of paparazzi behavior. 
#### Yes. (Label: 1.0)

--------------------

Q: Were paparazzi involved in the death of a member of the royal family?

A: A: The term 'paparazzi' refers to photographers who take candid photos of celebrities, often in invasive situations. 
The death of Princess Diana, a member of the British royal family, in 1997 has been linked to paparazzi chasing her vehicle.
An investigation into her death indicated that the pursuit by paparazzi contributed to the events leading up to the tragic accident.
#### Yes. (Label: 1.0)

--------------------

Q: Were paparazzi involved in the death of a member of the royal family?

A: A: The term "paparazzi" refers to freelance photographers who take candid pictures of celebrities and public figures, often in pursuit of exclusive shots. 
Princess Diana, a member of the British royal family, died in a car crash in 1997 in Paris, which was heavily influenced by the presence of paparazzi chasing her vehicle. 
Investigations indicated that the pursuit by paparazzi contributed to the circumstances of the crash, leading to a public outcry regarding the ethics of paparazzi practices.
#### Yes. (Label: 1.0)

--------------------

Q: Could someone with fine motor control issues benefit from an altered keyboard layout?

A: An altered keyboard layout can help accommodate individuals with fine motor control issues. 
Standard keyboard layouts may be challenging for those who struggle with dexterity.
Alternative layouts can be designed to minimize the distance between commonly used keys.
These adjustments can reduce the effort needed to type and improve overall accessibility.
#### Yes. (Label: 1.0)

--------------------

Q: Could someone with fine motor control issues benefit from an altered keyboard layout?

A: A: Fine motor control issues can make it difficult to use standard keyboards.
An altered keyboard layout can be designed to reduce the complexity of key placements.
Dedicating larger keys or arranging keys in a more efficient manner can help those with fine motor skills difficulties.
Studies suggest that customized keyboards can improve typing speed and accuracy for users with motor control challenges.
#### Yes. (Label: 1.0)

--------------------

Q: Could someone with fine motor control issues benefit from an altered keyboard layout?

A: A: Fine motor control issues can make it difficult for individuals to use standard keyboard layouts effectively. 
An altered keyboard layout may provide larger keys or a more ergonomic layout, making it easier for them to type.
Adaptive technologies, including alternative keyboard layouts, are designed to assist individuals with fine motor challenges.
Using a keyboard specifically designed for their needs could improve their typing efficiency and reduce strain.
#### Yes. (Label: 1.0)

--------------------

Q: Could someone with fine motor control issues benefit from an altered keyboard layout?

A: A: Fine motor control issues can affect a person's ability to type effectively on a standard keyboard. 
Certain keyboard layouts can be designed to minimize finger movement and reduce strain. 
An altered keyboard layout could potentially provide larger keys or different arrangements that might be easier for someone with fine motor control issues to use. 
Adaptive technologies exist to help such individuals improve their typing experience and efficiency. 
#### Yes. (Label: 1.0)

--------------------

Q: Could a markhor give birth three times in a single year?

A: A: A markhor is a species of wild goat found in mountainous regions of Central and South Asia.
Markhors typically have a gestation period of about 5 to 6 months.
After giving birth, it is common for a markhor to have at least a year gap before the next birth.
Having multiple births in a single year is biologically challenging for most mammals.
#### No. (Label: 1.0)

--------------------

Q: Could a markhor give birth three times in a single year?

A: Markhor are a type of wild goat found in Central and South Asia.
Typically, female markhor give birth to one kid at a time.
The gestation period for markhor is approximately 150 days.
Under natural circumstances, markhor can give birth once a year.
This means it is biologically impossible for them to give birth three times in a single year.
#### No. (Label: 1.0)

--------------------

Q: Could a markhor give birth three times in a single year?

A: Markhor are wild goats found in the mountainous regions of Central Asia.
The typical gestation period for a markhor is around 150 days.
Generally, markhor give birth to one kid at a time, though twins can occur occasionally.
A markhor typically gives birth once a year due to its reproductive cycle.
Given the gestation period and typical birthing frequency, it is not possible for a markhor to give birth three times in a single year.
#### No. (Label: 1.0)

--------------------

Q: Could a markhor give birth three times in a single year?

A: Markhor is a wild goat species found in Central Asia and is known for its impressive horns.  
The typical gestation period for a markhor is around 150 days (approximately 5 months).  
Generally, markhor give birth to one kid per pregnancy, although twins can occur occasionally.  
Given the gestation period, it is unlikely for a markhor to give birth three times in a single year as that would require an average of less than 4 months between births.  
This does not align with the typical reproductive cycle of most ungulates, including markhor.  
#### No. (Label: 1.0)

--------------------

Q: Could a cow produce Harvey Milk?

A: A: Harvey Milk was a notable LGBTQ+ activist and politician who lived from 1930 to 1978.
Cows produce milk, which is a dairy product.
The name "Harvey Milk" is a play on words and not a type of milk produced by cows.
Cows cannot produce milk that is specifically named "Harvey Milk."
#### No. (Label: 1.0)

--------------------

Q: Could a cow produce Harvey Milk?

A: A: A cow is a mammal known for producing milk.
"Harvey Milk" refers to the late LGBTQ+ rights activist and politician.
Cows can produce milk, but they cannot produce a person, such as Harvey Milk.
Given that the phrase implies producing a specific individual, it is not possible.
#### No. (Label: 1.0)

--------------------

Q: Could a cow produce Harvey Milk?

A: A: Harvey Milk was a prominent gay rights activist and politician who was assassinated in 1978.
Cows are livestock that produce milk, which can be consumed by humans or processed into dairy products.
The term "Harvey Milk" could refer to milk in honor of the activist, but it does not indicate a specific type of milk.
Cows do not produce milk named after individuals; they produce regular cow's milk.
#### No. (Label: 1.0)

--------------------

Q: Could a cow produce Harvey Milk?

A: A: Harvey Milk was a famous civil rights leader and politician.
He was known for his work in advocating for LGBTQ+ rights.
Cows, on the other hand, produce regular milk and not a specific type of "Harvey Milk."
The phrase "Harvey Milk" refers to the individual, not a type of milk that can be produced by a cow.
#### No. (Label: 1.0)

--------------------

Q: Can a sea turtle play tennis using a tennis racket?

A: A: Sea turtles are marine reptiles that live in the ocean.  (Label: -1.0)

--------------------

Q: Can a sea turtle play tennis using a tennis racket?

A: A: Sea turtles are marine reptiles that live in the ocean. 
They have flippers, which are adapted for swimming, not for handling objects like a tennis racket.  (Label: -1.0)

--------------------

Q: Can a sea turtle play tennis using a tennis racket?

A: A: Sea turtles are marine reptiles that live in the ocean. 
They have flippers, which are adapted for swimming, not for handling objects like a tennis racket. 
Tennis is a sport that requires hand-eye coordination and specific movements that sea turtles are not capable of.  (Label: -1.0)

--------------------

Q: Can a sea turtle play tennis using a tennis racket?

A: A: Sea turtles are marine reptiles that live in the ocean. 
They have flippers, which are adapted for swimming, not for handling objects like a tennis racket. 
Tennis is a sport that requires hand-eye coordination and specific movements that sea turtles are not capable of. 
Additionally, tennis is played on a court with established rules and requires both players to be on land, which is not suitable for sea turtles.  (Label: -1.0)

--------------------

Q: Can a sea turtle play tennis using a tennis racket?

A: A: Sea turtles are marine animals primarily found in oceans and are not known for playing sports. They have flippers adapted for swimming, not strong limbs or hands like humans. Tennis requires the ability to hold and swing a racket, which sea turtles cannot do. Therefore, they are physically incapable of playing tennis.  (Label: -1.0)

--------------------

Q: Can a sea turtle play tennis using a tennis racket?

A: A: Sea turtles are aquatic reptiles that live primarily in the ocean. (Label: -1.0)

--------------------

Q: Can a sea turtle play tennis using a tennis racket?

A: A: Sea turtles are aquatic reptiles that live primarily in the ocean.
They have flippers adapted for swimming and do not have the physical capability to hold objects like a human.  (Label: -1.0)

--------------------

Q: Can a sea turtle play tennis using a tennis racket?

A: A: Sea turtles are aquatic reptiles that live primarily in the ocean.
They have flippers adapted for swimming and do not have the physical capability to hold objects like a human. 
Tennis is a land sport that requires the use of a racket and the ability to run and move on solid ground. (Label: -1.0)

--------------------

Q: Can a sea turtle play tennis using a tennis racket?

A: A: Sea turtles are aquatic reptiles that live primarily in the ocean.
They have flippers adapted for swimming and do not have the physical capability to hold objects like a human. 
Tennis is a land sport that requires the use of a racket and the ability to run and move on solid ground.
Given their biological attributes and habitat, sea turtles cannot play sports like tennis.  (Label: -1.0)

--------------------

Q: Can a sea turtle play tennis using a tennis racket?

A: A: Sea turtles are aquatic reptiles that live primarily in the ocean.   (Label: -1.0)

--------------------

Q: Can a sea turtle play tennis using a tennis racket?

A: A: Sea turtles are aquatic reptiles that live primarily in the ocean.  
They are not capable of using tools or objects like a tennis racket.   (Label: -1.0)

--------------------

Q: Can a sea turtle play tennis using a tennis racket?

A: A: Sea turtles are aquatic reptiles that live primarily in the ocean.  
They are not capable of using tools or objects like a tennis racket.  
Playing tennis requires the ability to hold a racket and hit a ball, which is not physiologically possible for a sea turtle.   (Label: -1.0)

--------------------

Q: Can a sea turtle play tennis using a tennis racket?

A: A: Sea turtles are aquatic reptiles that live primarily in the ocean.  
They are not capable of using tools or objects like a tennis racket.  
Playing tennis requires the ability to hold a racket and hit a ball, which is not physiologically possible for a sea turtle.  
Therefore, a sea turtle cannot play tennis.   (Label: -1.0)

--------------------

Q: Can a strawberry get worms similar to dogs?

A: A: Strawberries are fruits and do not have the same biological structure as dogs.  (Label: -1.0)

--------------------

Q: Can a strawberry get worms similar to dogs?

A: A: Strawberries are fruits and do not have the same biological structure as dogs. 
Dogs can get worms as they are mammals and can host various parasites in their intestines.  (Label: -1.0)

--------------------

Q: Can a strawberry get worms similar to dogs?

A: A: Strawberries are fruits and do not have the same biological structure as dogs. 
Dogs can get worms as they are mammals and can host various parasites in their intestines. 
Strawberries can be affected by pests like insects or diseases, but these are not worms similar to those found in dogs.  (Label: -1.0)

--------------------

Q: Can a strawberry get worms similar to dogs?

A: A: Strawberries are fruits and do not have the same biological structure as dogs. 
Dogs can get worms as they are mammals and can host various parasites in their intestines. 
Strawberries can be affected by pests like insects or diseases, but these are not worms similar to those found in dogs. 
The type of parasites that affect strawberries is different from those that affect dogs.  (Label: -1.0)

--------------------

Q: Can a strawberry get worms similar to dogs?

A: A: Strawberries are fruits and do not have the same biological structure as dogs. 
Dogs can get worms as they are mammals and can host various parasites in their intestines. 
Strawberries can be affected by pests like insects or diseases, but these are not worms similar to those found in dogs. 
The type of parasites that affect strawberries is different from those that affect dogs. 
#### No. (Label: -1.0)

--------------------

Q: Can a strawberry get worms similar to dogs?

A: A: Strawberries are fruits that grow on plants.  (Label: -1.0)

--------------------

Q: Can a strawberry get worms similar to dogs?

A: A: Strawberries are fruits that grow on plants. 
Worms are animals that can parasitize various species, including dogs.  (Label: -1.0)

--------------------

Q: Can a strawberry get worms similar to dogs?

A: A: Strawberries are fruits that grow on plants. 
Worms are animals that can parasitize various species, including dogs. 
However, strawberries do not typically harbor worms in the same way that dogs can.  (Label: -1.0)

--------------------

Q: Can a strawberry get worms similar to dogs?

A: A: Strawberries are fruits that grow on plants. 
Worms are animals that can parasitize various species, including dogs. 
However, strawberries do not typically harbor worms in the same way that dogs can. 
Strawberries may have pests, such as larvae from certain insects, but these are not the same as the worms that infect dogs.  (Label: -1.0)

--------------------

Q: Can a strawberry get worms similar to dogs?

A: A: Strawberries are fruits that grow on plants. 
Worms are animals that can parasitize various species, including dogs. 
However, strawberries do not typically harbor worms in the same way that dogs can. 
Strawberries may have pests, such as larvae from certain insects, but these are not the same as the worms that infect dogs. 
Thus, the type of worms that dogs can get does not apply to strawberries.  (Label: -1.0)

--------------------

Q: Can a strawberry get worms similar to dogs?

A: A: Strawberries are fruits that grow on plants. 
Worms are animals that can parasitize various species, including dogs. 
However, strawberries do not typically harbor worms in the same way that dogs can. 
Strawberries may have pests, such as larvae from certain insects, but these are not the same as the worms that infect dogs. 
Thus, the type of worms that dogs can get does not apply to strawberries. 
#### No. (Label: -1.0)

--------------------

Q: Can a strawberry get worms similar to dogs?

A: A: Strawberries are fruits that grow on plants.  (Label: -1.0)

--------------------

Q: Can a strawberry get worms similar to dogs?

A: A: Strawberries are fruits that grow on plants. 
Worms are known to infest various animals, including dogs, but they have different life cycles and biological hosts. (Label: -1.0)

--------------------

Q: Can a strawberry get worms similar to dogs?

A: A: Strawberries are fruits that grow on plants. 
Worms are known to infest various animals, including dogs, but they have different life cycles and biological hosts.
Strawberries can be affected by pests like larvae, but these are not the same as the worms that infest dogs.  (Label: -1.0)

--------------------

Q: Can a strawberry get worms similar to dogs?

A: A: Strawberries are fruits that grow on plants. 
Worms are known to infest various animals, including dogs, but they have different life cycles and biological hosts.
Strawberries can be affected by pests like larvae, but these are not the same as the worms that infest dogs. 
The types of worms in dogs (like tapeworms and roundworms) do not infest strawberries. (Label: -1.0)

--------------------

Q: Can a strawberry get worms similar to dogs?

A: A: Strawberries are fruits that grow on plants. 
Worms are known to infest various animals, including dogs, but they have different life cycles and biological hosts.
Strawberries can be affected by pests like larvae, but these are not the same as the worms that infest dogs. 
The types of worms in dogs (like tapeworms and roundworms) do not infest strawberries.
#### No. (Label: -1.0)

--------------------

Q: Can a strawberry get worms similar to dogs?

A: A: Strawberries are fruits that grow on plants. (Label: -1.0)

--------------------

Q: Can a strawberry get worms similar to dogs?

A: A: Strawberries are fruits that grow on plants.
Worms that affect dogs are typically parasitic worms, such as roundworms, tapeworms, and hookworms. (Label: -1.0)

--------------------

Q: Can a strawberry get worms similar to dogs?

A: A: Strawberries are fruits that grow on plants.
Worms that affect dogs are typically parasitic worms, such as roundworms, tapeworms, and hookworms.
Fruits like strawberries can be home to pests or insects, but these are not the same as the worms that infect dogs. (Label: -1.0)

--------------------

Q: Can a strawberry get worms similar to dogs?

A: A: Strawberries are fruits that grow on plants.
Worms that affect dogs are typically parasitic worms, such as roundworms, tapeworms, and hookworms.
Fruits like strawberries can be home to pests or insects, but these are not the same as the worms that infect dogs.
Strawberries do not get parasitic worms like those found in dogs. (Label: -1.0)

--------------------

Q: Can a strawberry get worms similar to dogs?

A: A: Strawberries are fruits that grow on plants.
Worms that affect dogs are typically parasitic worms, such as roundworms, tapeworms, and hookworms.
Fruits like strawberries can be home to pests or insects, but these are not the same as the worms that infect dogs.
Strawberries do not get parasitic worms like those found in dogs.
#### No. (Label: -1.0)

--------------------

Q: Are rainbows devoid of color made by mixing yin and yang colors?

A: A: Rainbows are optical and meteorological phenomena caused by reflection, refraction, and dispersion of light in water droplets, resulting in a spectrum of light appearing in the sky.  (Label: -1.0)

--------------------

Q: Are rainbows devoid of color made by mixing yin and yang colors?

A: A: Rainbows are optical and meteorological phenomena caused by reflection, refraction, and dispersion of light in water droplets, resulting in a spectrum of light appearing in the sky. 
Rainbows display a variety of colors, typically identified as red, orange, yellow, green, blue, indigo, and violet. (Label: -1.0)

--------------------

Q: Are rainbows devoid of color made by mixing yin and yang colors?

A: A: Rainbows are optical and meteorological phenomena caused by reflection, refraction, and dispersion of light in water droplets, resulting in a spectrum of light appearing in the sky. 
Rainbows display a variety of colors, typically identified as red, orange, yellow, green, blue, indigo, and violet.
The concept of yin and yang is a philosophy originating from ancient Chinese thought, representing duality and balance in nature, but it does not specifically relate to the colors visible in a rainbow. (Label: -1.0)

--------------------

Q: Are rainbows devoid of color made by mixing yin and yang colors?

A: A: Rainbows are optical and meteorological phenomena caused by reflection, refraction, and dispersion of light in water droplets, resulting in a spectrum of light appearing in the sky. 
Rainbows display a variety of colors, typically identified as red, orange, yellow, green, blue, indigo, and violet.
The concept of yin and yang is a philosophy originating from ancient Chinese thought, representing duality and balance in nature, but it does not specifically relate to the colors visible in a rainbow.
Therefore, rainbows have distinct colors and are not devoid of color. (Label: -1.0)

--------------------

Q: Are rainbows devoid of color made by mixing yin and yang colors?

A: A: Rainbows are optical and meteorological phenomena caused by reflection, refraction, and dispersion of light in water droplets, resulting in a spectrum of light appearing in the sky. 
Rainbows display a variety of colors, typically identified as red, orange, yellow, green, blue, indigo, and violet.
The concept of yin and yang is a philosophy originating from ancient Chinese thought, representing duality and balance in nature, but it does not specifically relate to the colors visible in a rainbow.
Therefore, rainbows have distinct colors and are not devoid of color.
#### No. (Label: -1.0)

--------------------

Q: Are rainbows devoid of color made by mixing yin and yang colors?

A: A: Rainbows are optical phenomena caused by the refraction, dispersion, and reflection of light in water droplets.   (Label: -1.0)

--------------------

Q: Are rainbows devoid of color made by mixing yin and yang colors?

A: A: Rainbows are optical phenomena caused by the refraction, dispersion, and reflection of light in water droplets.  
Rainbows display a spectrum of colors visible to the human eye, which are often remembered by the acronym ROYGBIV (Red, Orange, Yellow, Green, Blue, Indigo, Violet).   (Label: -1.0)

--------------------

Q: Are rainbows devoid of color made by mixing yin and yang colors?

A: A: Rainbows are optical phenomena caused by the refraction, dispersion, and reflection of light in water droplets.  
Rainbows display a spectrum of colors visible to the human eye, which are often remembered by the acronym ROYGBIV (Red, Orange, Yellow, Green, Blue, Indigo, Violet).  
Yin and yang are concepts from Chinese philosophy representing dualism and balance, typically not associated with the scientific understanding of color.   (Label: -1.0)

--------------------

Q: Are rainbows devoid of color made by mixing yin and yang colors?

A: A: Rainbows are optical phenomena caused by the refraction, dispersion, and reflection of light in water droplets.  
Rainbows display a spectrum of colors visible to the human eye, which are often remembered by the acronym ROYGBIV (Red, Orange, Yellow, Green, Blue, Indigo, Violet).  
Yin and yang are concepts from Chinese philosophy representing dualism and balance, typically not associated with the scientific understanding of color.  
Therefore, rainbows are not devoid of color and cannot be described as being created by mixing yin and yang colors.   (Label: -1.0)

--------------------

Q: Are rainbows devoid of color made by mixing yin and yang colors?

A: A: Rainbows are optical phenomena caused by the refraction, dispersion, and reflection of light in water droplets.  
Rainbows display a spectrum of colors visible to the human eye, which are often remembered by the acronym ROYGBIV (Red, Orange, Yellow, Green, Blue, Indigo, Violet).  
Yin and yang are concepts from Chinese philosophy representing dualism and balance, typically not associated with the scientific understanding of color.  
Therefore, rainbows are not devoid of color and cannot be described as being created by mixing yin and yang colors.  
#### No. (Label: -1.0)

--------------------

Q: Are rainbows devoid of color made by mixing yin and yang colors?

A: A: Rainbows are optical and meteorological phenomena that result from reflection, refraction, and dispersion of light in water droplets, which creates a spectrum of colors. (Label: -1.0)

--------------------

Q: Are rainbows devoid of color made by mixing yin and yang colors?

A: A: Rainbows are optical and meteorological phenomena that result from reflection, refraction, and dispersion of light in water droplets, which creates a spectrum of colors.
Rainbows typically display a continuum of colors, including red, orange, yellow, green, blue, indigo, and violet. (Label: -1.0)

--------------------

Q: Are rainbows devoid of color made by mixing yin and yang colors?

A: A: Rainbows are optical and meteorological phenomena that result from reflection, refraction, and dispersion of light in water droplets, which creates a spectrum of colors.
Rainbows typically display a continuum of colors, including red, orange, yellow, green, blue, indigo, and violet.
Yin and yang are concepts from Chinese philosophy representing dualism and balance, not physical colors. (Label: -1.0)

--------------------

Q: Are rainbows devoid of color made by mixing yin and yang colors?

A: A: Rainbows are optical and meteorological phenomena that result from reflection, refraction, and dispersion of light in water droplets, which creates a spectrum of colors.
Rainbows typically display a continuum of colors, including red, orange, yellow, green, blue, indigo, and violet.
Yin and yang are concepts from Chinese philosophy representing dualism and balance, not physical colors.
The notion of "yin and yang colors" does not align with the scientific understanding of how rainbows are formed. (Label: -1.0)

--------------------

Q: Are rainbows devoid of color made by mixing yin and yang colors?

A: A: Rainbows are optical and meteorological phenomena that result from reflection, refraction, and dispersion of light in water droplets, which creates a spectrum of colors.
Rainbows typically display a continuum of colors, including red, orange, yellow, green, blue, indigo, and violet.
Yin and yang are concepts from Chinese philosophy representing dualism and balance, not physical colors.
The notion of "yin and yang colors" does not align with the scientific understanding of how rainbows are formed.
Thus, rainbows are not devoid of color as they consist of multiple distinct colors formed through natural light processes. (Label: -1.0)

--------------------

Q: Are rainbows devoid of color made by mixing yin and yang colors?

A: A: Rainbows are optical and meteorological phenomena that result from reflection, refraction, and dispersion of light in water droplets, which creates a spectrum of colors.
Rainbows typically display a continuum of colors, including red, orange, yellow, green, blue, indigo, and violet.
Yin and yang are concepts from Chinese philosophy representing dualism and balance, not physical colors.
The notion of "yin and yang colors" does not align with the scientific understanding of how rainbows are formed.
Thus, rainbows are not devoid of color as they consist of multiple distinct colors formed through natural light processes.
#### No. (Label: -1.0)

--------------------

Q: Are rainbows devoid of color made by mixing yin and yang colors?

A: A: Rainbows are optical and meteorological phenomena caused by reflection, refraction, and dispersion of light in water droplets.   (Label: -1.0)

--------------------

Q: Are rainbows devoid of color made by mixing yin and yang colors?

A: A: Rainbows are optical and meteorological phenomena caused by reflection, refraction, and dispersion of light in water droplets.  
Rainbows display a spectrum of colors: red, orange, yellow, green, blue, indigo, and violet.   (Label: -1.0)

--------------------

Q: Are rainbows devoid of color made by mixing yin and yang colors?

A: A: Rainbows are optical and meteorological phenomena caused by reflection, refraction, and dispersion of light in water droplets.  
Rainbows display a spectrum of colors: red, orange, yellow, green, blue, indigo, and violet.  
The concept of 'yin and yang' refers to dualistic philosophy in Chinese culture, representing opposite forces.   (Label: -1.0)

--------------------

Q: Are rainbows devoid of color made by mixing yin and yang colors?

A: A: Rainbows are optical and meteorological phenomena caused by reflection, refraction, and dispersion of light in water droplets.  
Rainbows display a spectrum of colors: red, orange, yellow, green, blue, indigo, and violet.  
The concept of 'yin and yang' refers to dualistic philosophy in Chinese culture, representing opposite forces.  
Color mixing related to yin and yang does not apply to the science behind how rainbows are formed.   (Label: -1.0)

--------------------

Q: Are rainbows devoid of color made by mixing yin and yang colors?

A: A: Rainbows are optical and meteorological phenomena caused by reflection, refraction, and dispersion of light in water droplets.  
Rainbows display a spectrum of colors: red, orange, yellow, green, blue, indigo, and violet.  
The concept of 'yin and yang' refers to dualistic philosophy in Chinese culture, representing opposite forces.  
Color mixing related to yin and yang does not apply to the science behind how rainbows are formed.  
Rainbows do contain colors, and they are not made by the notion of 'yin and yang colors'.   (Label: -1.0)

--------------------

Q: Are rainbows devoid of color made by mixing yin and yang colors?

A: A: Rainbows are optical and meteorological phenomena caused by reflection, refraction, and dispersion of light in water droplets.  
Rainbows display a spectrum of colors: red, orange, yellow, green, blue, indigo, and violet.  
The concept of 'yin and yang' refers to dualistic philosophy in Chinese culture, representing opposite forces.  
Color mixing related to yin and yang does not apply to the science behind how rainbows are formed.  
Rainbows do contain colors, and they are not made by the notion of 'yin and yang colors'.  
#### No. (Label: -1.0)

--------------------

Q: Would the Cookie Monster decline an offer of free Keebler products?

A: The Cookie Monster is a fictional character from the children's television show "Sesame Street."   (Label: -1.0)

--------------------

Q: Would the Cookie Monster decline an offer of free Keebler products?

A: The Cookie Monster is a fictional character from the children's television show "Sesame Street."  
The Cookie Monster is known for his love of cookies and often expresses a desire to eat them.   (Label: -1.0)

--------------------

Q: Would the Cookie Monster decline an offer of free Keebler products?

A: The Cookie Monster is a fictional character from the children's television show "Sesame Street."  
The Cookie Monster is known for his love of cookies and often expresses a desire to eat them.  
Keebler is a brand that produces various cookies, which would likely appeal to the Cookie Monster.   (Label: -1.0)

--------------------

Q: Would the Cookie Monster decline an offer of free Keebler products?

A: The Cookie Monster is a fictional character from the children's television show "Sesame Street."  
The Cookie Monster is known for his love of cookies and often expresses a desire to eat them.  
Keebler is a brand that produces various cookies, which would likely appeal to the Cookie Monster.  
Given his character traits, it is highly unlikely that he would decline an offer of free cookies.   (Label: -1.0)

--------------------

Q: Would the Cookie Monster decline an offer of free Keebler products?

A: The Cookie Monster is a well-known character from the children's television show "Sesame Street."   (Label: -1.0)

--------------------

Q: Would the Cookie Monster decline an offer of free Keebler products?

A: The Cookie Monster is a well-known character from the children's television show "Sesame Street."  
He is famous for his love of cookies and often expresses an insatiable appetite for them.   (Label: -1.0)

--------------------

Q: Would the Cookie Monster decline an offer of free Keebler products?

A: The Cookie Monster is a well-known character from the children's television show "Sesame Street."  
He is famous for his love of cookies and often expresses an insatiable appetite for them.  
Keebler is a brand that produces various types of cookies.   (Label: -1.0)

--------------------

Q: Would the Cookie Monster decline an offer of free Keebler products?

A: The Cookie Monster is a well-known character from the children's television show "Sesame Street."  
He is famous for his love of cookies and often expresses an insatiable appetite for them.  
Keebler is a brand that produces various types of cookies.  
Since the Cookie Monster loves cookies, it is highly unlikely that he would decline an offer of free Keebler products.   (Label: -1.0)

--------------------

Q: Would the Cookie Monster decline an offer of free Keebler products?

A: The Cookie Monster is a well-known character from the children's television show "Sesame Street."  
He is famous for his love of cookies and often expresses an insatiable appetite for them.  
Keebler is a brand that produces various types of cookies.  
Since the Cookie Monster loves cookies, it is highly unlikely that he would decline an offer of free Keebler products.  
Instead, he would probably be excited about the opportunity to receive them.   (Label: -1.0)

--------------------

Q: Would the Cookie Monster decline an offer of free Keebler products?

A: The Cookie Monster is a character from the television show "Sesame Street." (Label: -1.0)

--------------------

Q: Would the Cookie Monster decline an offer of free Keebler products?

A: The Cookie Monster is a character from the television show "Sesame Street."
He is known for his love of cookies and sweets. (Label: -1.0)

--------------------

Q: Would the Cookie Monster decline an offer of free Keebler products?

A: The Cookie Monster is a character from the television show "Sesame Street."
He is known for his love of cookies and sweets.
Keebler is a brand that produces cookies and other baked goods. (Label: -1.0)

--------------------

Q: Would the Cookie Monster decline an offer of free Keebler products?

A: The Cookie Monster is a character from the television show "Sesame Street."
He is known for his love of cookies and sweets.
Keebler is a brand that produces cookies and other baked goods.
Given his character's traits, it is unlikely that he would decline an offer of free cookies. (Label: -1.0)

--------------------

Q: Would the Cookie Monster decline an offer of free Keebler products?

A: The Cookie Monster is a character from the children's television show "Sesame Street." (Label: -1.0)

--------------------

Q: Would the Cookie Monster decline an offer of free Keebler products?

A: The Cookie Monster is a character from the children's television show "Sesame Street."
He is known for his love of cookies. (Label: -1.0)

--------------------

Q: Would the Cookie Monster decline an offer of free Keebler products?

A: The Cookie Monster is a character from the children's television show "Sesame Street."
He is known for his love of cookies.
Keebler is a brand known for producing a variety of cookies and snacks. (Label: -1.0)

--------------------

Q: Would the Cookie Monster decline an offer of free Keebler products?

A: The Cookie Monster is a character from the children's television show "Sesame Street."
He is known for his love of cookies.
Keebler is a brand known for producing a variety of cookies and snacks.
It is likely that the Cookie Monster would be very interested in free cookies, especially those made by Keebler. (Label: -1.0)

--------------------

Q: Would the Cookie Monster decline an offer of free Keebler products?

A: The Cookie Monster is a character from the children's television show "Sesame Street."
He is known for his love of cookies.
Keebler is a brand known for producing a variety of cookies and snacks.
It is likely that the Cookie Monster would be very interested in free cookies, especially those made by Keebler.
Therefore, it is unlikely that he would decline such an offer. (Label: -1.0)

--------------------

Q: Is Edgar Allan Poe obscure in the world of horror fiction?

A: A: Edgar Allan Poe is widely considered a foundational figure in horror fiction.  (Label: -1.0)

--------------------

Q: Is Edgar Allan Poe obscure in the world of horror fiction?

A: A: Edgar Allan Poe is widely considered a foundational figure in horror fiction. 
He is known for his tales of mystery and macabre, such as "The Tell-Tale Heart" and "The Fall of the House of Usher." (Label: -1.0)

--------------------

Q: Is Edgar Allan Poe obscure in the world of horror fiction?

A: A: Edgar Allan Poe is widely considered a foundational figure in horror fiction. 
He is known for his tales of mystery and macabre, such as "The Tell-Tale Heart" and "The Fall of the House of Usher."
Poe's works have had a significant influence on the genre and inspired countless authors.  (Label: -1.0)

--------------------

Q: Is Edgar Allan Poe obscure in the world of horror fiction?

A: A: Edgar Allan Poe is widely considered a foundational figure in horror fiction. 
He is known for his tales of mystery and macabre, such as "The Tell-Tale Heart" and "The Fall of the House of Usher."
Poe's works have had a significant influence on the genre and inspired countless authors. 
He is often referenced in discussions about classic horror literature.  (Label: -1.0)

--------------------

Q: Is Edgar Allan Poe obscure in the world of horror fiction?

A: Edgar Allan Poe was an American writer known for his contributions to the horror and mystery genres.   (Label: -1.0)

--------------------

Q: Is Edgar Allan Poe obscure in the world of horror fiction?

A: Edgar Allan Poe was an American writer known for his contributions to the horror and mystery genres.  
He is credited with popularizing the short story format and is often considered a pioneer of the detective fiction genre.   (Label: -1.0)

--------------------

Q: Is Edgar Allan Poe obscure in the world of horror fiction?

A: Edgar Allan Poe was an American writer known for his contributions to the horror and mystery genres.  
He is credited with popularizing the short story format and is often considered a pioneer of the detective fiction genre.  
Poe's works, including "The Tell-Tale Heart," "The Fall of the House of Usher," and "The Raven," are widely studied and celebrated.   (Label: -1.0)

--------------------

Q: Is Edgar Allan Poe obscure in the world of horror fiction?

A: Edgar Allan Poe was an American writer known for his contributions to the horror and mystery genres.  
He is credited with popularizing the short story format and is often considered a pioneer of the detective fiction genre.  
Poe's works, including "The Tell-Tale Heart," "The Fall of the House of Usher," and "The Raven," are widely studied and celebrated.  
His influence can be seen in many modern horror writers and filmmakers, making him a prominent figure in horror fiction.   (Label: -1.0)

--------------------

Q: Is Edgar Allan Poe obscure in the world of horror fiction?

A: Edgar Allan Poe was an American writer known for his contributions to the horror and mystery genres.  
He is credited with popularizing the short story format and is often considered a pioneer of the detective fiction genre.  
Poe's works, including "The Tell-Tale Heart," "The Fall of the House of Usher," and "The Raven," are widely studied and celebrated.  
His influence can be seen in many modern horror writers and filmmakers, making him a prominent figure in horror fiction.  
Given his lasting impact and recognition, he is not considered obscure.   (Label: -1.0)

--------------------

Q: Is Edgar Allan Poe obscure in the world of horror fiction?

A: Edgar Allan Poe is a well-known author in the horror fiction genre.   (Label: -1.0)

--------------------

Q: Is Edgar Allan Poe obscure in the world of horror fiction?

A: Edgar Allan Poe is a well-known author in the horror fiction genre.  
He published several classic horror stories and poems, such as "The Tell-Tale Heart," "The Fall of the House of Usher," and "The Raven."   (Label: -1.0)

--------------------

Q: Is Edgar Allan Poe obscure in the world of horror fiction?

A: Edgar Allan Poe is a well-known author in the horror fiction genre.  
He published several classic horror stories and poems, such as "The Tell-Tale Heart," "The Fall of the House of Usher," and "The Raven."  
Poe's works have significantly influenced the genre and are frequently referenced in discussions about horror literature.   (Label: -1.0)

--------------------

Q: Is Edgar Allan Poe obscure in the world of horror fiction?

A: Edgar Allan Poe is a well-known author in the horror fiction genre.  
He published several classic horror stories and poems, such as "The Tell-Tale Heart," "The Fall of the House of Usher," and "The Raven."  
Poe's works have significantly influenced the genre and are frequently referenced in discussions about horror literature.  
His impact on both literature and popular culture remains strong, and he is often regarded as a master of macabre storytelling.   (Label: -1.0)

--------------------

Q: Is Edgar Allan Poe obscure in the world of horror fiction?

A: Edgar Allan Poe is a well-known author in the horror fiction genre.  
He published several classic horror stories and poems, such as "The Tell-Tale Heart," "The Fall of the House of Usher," and "The Raven."  
Poe's works have significantly influenced the genre and are frequently referenced in discussions about horror literature.  
His impact on both literature and popular culture remains strong, and he is often regarded as a master of macabre storytelling.  
This suggests that he is not obscure within the realm of horror fiction.   (Label: -1.0)

--------------------

Q: Is Edgar Allan Poe obscure in the world of horror fiction?

A: Edgar Allan Poe is a well-known American writer and poet.   (Label: -1.0)

--------------------

Q: Is Edgar Allan Poe obscure in the world of horror fiction?

A: Edgar Allan Poe is a well-known American writer and poet.  
He is often credited with being a pioneer of the horror fiction genre.   (Label: -1.0)

--------------------

Q: Is Edgar Allan Poe obscure in the world of horror fiction?

A: Edgar Allan Poe is a well-known American writer and poet.  
He is often credited with being a pioneer of the horror fiction genre.  
Poe's works, such as "The Tell-Tale Heart" and "The Murders in the Rue Morgue," are considered classics of horror literature.   (Label: -1.0)

--------------------

Q: Is Edgar Allan Poe obscure in the world of horror fiction?

A: Edgar Allan Poe is a well-known American writer and poet.  
He is often credited with being a pioneer of the horror fiction genre.  
Poe's works, such as "The Tell-Tale Heart" and "The Murders in the Rue Morgue," are considered classics of horror literature.  
His influence can be seen in many modern horror writers and filmmakers.   (Label: -1.0)

--------------------

Q: Is Edgar Allan Poe obscure in the world of horror fiction?

A: Edgar Allan Poe is a well-known American writer and poet.  
He is often credited with being a pioneer of the horror fiction genre.  
Poe's works, such as "The Tell-Tale Heart" and "The Murders in the Rue Morgue," are considered classics of horror literature.  
His influence can be seen in many modern horror writers and filmmakers.  
Given his significant contributions and recognition in horror fiction, he cannot be considered obscure.   (Label: -1.0)

--------------------

Q: Would the average American family find Adam Sandler's home to be too small?

A: To answer this question, we need to gather information about Adam Sandler's home and what constitutes an average American family home size. (Label: -1.0)

--------------------

Q: Would the average American family find Adam Sandler's home to be too small?

A: Adam Sandler is a well-known American actor and comedian.   (Label: -1.0)

--------------------

Q: Would the average American family find Adam Sandler's home to be too small?

A: Adam Sandler is a well-known American actor and comedian.  
He owns a large home in Los Angeles, which is known for its size and luxury.   (Label: -1.0)

--------------------

Q: Would the average American family find Adam Sandler's home to be too small?

A: Adam Sandler is a well-known American actor and comedian.  
He owns a large home in Los Angeles, which is known for its size and luxury.  
The average home size in America varies, but many families live in homes that are significantly smaller than Sandler's estate.   (Label: -1.0)

--------------------

Q: Would the average American family find Adam Sandler's home to be too small?

A: Adam Sandler is a well-known American actor and comedian.  
He owns a large home in Los Angeles, which is known for its size and luxury.  
The average home size in America varies, but many families live in homes that are significantly smaller than Sandler's estate.  
Typically, a larger home would be seen as more spacious compared to the average American family's home.   (Label: -1.0)

--------------------

Q: Would the average American family find Adam Sandler's home to be too small?

A: Adam Sandler is a well-known actor and comedian.   (Label: -1.0)

--------------------

Q: Would the average American family find Adam Sandler's home to be too small?

A: Adam Sandler is a well-known actor and comedian.  
His primary residence is in Los Angeles, California.   (Label: -1.0)

--------------------

Q: Would the average American family find Adam Sandler's home to be too small?

A: Adam Sandler is a well-known actor and comedian.  
His primary residence is in Los Angeles, California.  
Celebrity homes tend to be larger than average homes due to their wealth.   (Label: -1.0)

--------------------

Q: Would the average American family find Adam Sandler's home to be too small?

A: Adam Sandler is a well-known actor and comedian.  
His primary residence is in Los Angeles, California.  
Celebrity homes tend to be larger than average homes due to their wealth.  
The average American family home size is about 2,600 square feet.   (Label: -1.0)

--------------------

Q: Would the average American family find Adam Sandler's home to be too small?

A: Adam Sandler is a well-known actor and comedian.  
His primary residence is in Los Angeles, California.  
Celebrity homes tend to be larger than average homes due to their wealth.  
The average American family home size is about 2,600 square feet.  
Sandler's home is reported to be significantly larger than this average size.   (Label: -1.0)

--------------------

Q: Would the average American family find Adam Sandler's home to be too small?

A: Adam Sandler is a well-known actor and comedian.  
His primary residence is in Los Angeles, California.  
Celebrity homes tend to be larger than average homes due to their wealth.  
The average American family home size is about 2,600 square feet.  
Sandler's home is reported to be significantly larger than this average size.  
It is unlikely that the average American family would consider his home too small.   (Label: -1.0)

--------------------

Q: Would the average American family find Adam Sandler's home to be too small?

A: Adam Sandler is a well-known actor and comedian.  (Label: -1.0)

--------------------

Q: Would the average American family find Adam Sandler's home to be too small?

A: Adam Sandler is a well-known actor and comedian. 
He is known to have a luxurious lifestyle, including owning multiple properties.  (Label: -1.0)

--------------------

Q: Would the average American family find Adam Sandler's home to be too small?

A: Adam Sandler is a well-known actor and comedian. 
He is known to have a luxurious lifestyle, including owning multiple properties. 
Adam Sandler's home in Los Angeles is estimated to be quite spacious, often with features typical of celebrity homes.  (Label: -1.0)

--------------------

Q: Would the average American family find Adam Sandler's home to be too small?

A: Adam Sandler is a well-known actor and comedian. 
He is known to have a luxurious lifestyle, including owning multiple properties. 
Adam Sandler's home in Los Angeles is estimated to be quite spacious, often with features typical of celebrity homes. 
The average size of an American family home is about 2,500 square feet. (Label: -1.0)

--------------------

Q: Would the average American family find Adam Sandler's home to be too small?

A: Adam Sandler is a well-known actor and comedian. 
He is known to have a luxurious lifestyle, including owning multiple properties. 
Adam Sandler's home in Los Angeles is estimated to be quite spacious, often with features typical of celebrity homes. 
The average size of an American family home is about 2,500 square feet.
Given that Adam Sandler’s home likely exceeds this average size, it is unlikely that an average American family would find it too small.  (Label: -1.0)

--------------------

Q: Could the Dominican Order hypothetically defeat Blessed Gerard's order?

A: The Dominican Order is a religious order founded in the early 13th century by Saint Dominic. (Label: -1.0)

--------------------

Q: Could the Dominican Order hypothetically defeat Blessed Gerard's order?

A: The Dominican Order is a religious order founded in the early 13th century by Saint Dominic.
Blessed Gerard's order refers to the Knights Hospitaller, a religious military order established in the late 11th century by Blessed Gerard. (Label: -1.0)

--------------------

Q: Could the Dominican Order hypothetically defeat Blessed Gerard's order?

A: The Dominican Order is a religious order founded in the early 13th century by Saint Dominic.
Blessed Gerard's order refers to the Knights Hospitaller, a religious military order established in the late 11th century by Blessed Gerard.
The two orders have different missions: the Dominicans focus on preaching, teaching, and saving souls, while the Knights Hospitaller primarily focus on providing care for the sick and aiding in military defense. (Label: -1.0)

--------------------

Q: Could the Dominican Order hypothetically defeat Blessed Gerard's order?

A: The Dominican Order is a religious order founded in the early 13th century by Saint Dominic.
Blessed Gerard's order refers to the Knights Hospitaller, a religious military order established in the late 11th century by Blessed Gerard.
The two orders have different missions: the Dominicans focus on preaching, teaching, and saving souls, while the Knights Hospitaller primarily focus on providing care for the sick and aiding in military defense.
In hypothetical terms, any confrontation would depend on the context, such as the motivation behind the conflict or the circumstances surrounding it. (Label: -1.0)

--------------------

Q: Could the Dominican Order hypothetically defeat Blessed Gerard's order?

A: The Dominican Order is a religious order founded in the early 13th century by Saint Dominic.
Blessed Gerard's order refers to the Knights Hospitaller, a religious military order established in the late 11th century by Blessed Gerard.
The two orders have different missions: the Dominicans focus on preaching, teaching, and saving souls, while the Knights Hospitaller primarily focus on providing care for the sick and aiding in military defense.
In hypothetical terms, any confrontation would depend on the context, such as the motivation behind the conflict or the circumstances surrounding it.
However, as they serve very different purposes and historically did not engage in direct conflict with one another, it would be inaccurate to state that the Dominican Order could “defeat” the Knights Hospitaller in a definitive way. (Label: -1.0)

--------------------

Q: Could the Dominican Order hypothetically defeat Blessed Gerard's order?

A: The Dominican Order is a Roman Catholic religious order founded in the early 13th century, primarily focused on preaching and teaching. (Label: -1.0)

--------------------

Q: Could the Dominican Order hypothetically defeat Blessed Gerard's order?

A: The Dominican Order is a religious order founded in the early 13th century by Saint Dominic, focused on preaching and teaching. (Label: -1.0)

--------------------

Q: Could the Dominican Order hypothetically defeat Blessed Gerard's order?

A: The Dominican Order is a religious order founded in the early 13th century by Saint Dominic, focused on preaching and teaching.
Blessed Gerard's order is referring to the Order of St. John, also known as the Knights Hospitaller, which was founded in the same era with a focus on providing care for sick and injured pilgrims. (Label: -1.0)

--------------------

Q: Could the Dominican Order hypothetically defeat Blessed Gerard's order?

A: The Dominican Order is a religious order founded in the early 13th century by Saint Dominic, focused on preaching and teaching.
Blessed Gerard's order is referring to the Order of St. John, also known as the Knights Hospitaller, which was founded in the same era with a focus on providing care for sick and injured pilgrims.
Both orders were established for different purposes: the Dominicans for preaching and evangelization, and the Knights Hospitaller for providing medical care and military support. (Label: -1.0)

--------------------

Q: Could the Dominican Order hypothetically defeat Blessed Gerard's order?

A: The Dominican Order is a religious order founded in the early 13th century by Saint Dominic, focused on preaching and teaching.
Blessed Gerard's order is referring to the Order of St. John, also known as the Knights Hospitaller, which was founded in the same era with a focus on providing care for sick and injured pilgrims.
Both orders were established for different purposes: the Dominicans for preaching and evangelization, and the Knights Hospitaller for providing medical care and military support.
The idea of one order "defeating" another is not about a literal battle, as both serve different missions within the church. (Label: -1.0)

--------------------

Q: Could the Dominican Order hypothetically defeat Blessed Gerard's order?

A: The Dominican Order is a religious order founded in the early 13th century by Saint Dominic, focused on preaching and teaching.
Blessed Gerard's order is referring to the Order of St. John, also known as the Knights Hospitaller, which was founded in the same era with a focus on providing care for sick and injured pilgrims.
Both orders were established for different purposes: the Dominicans for preaching and evangelization, and the Knights Hospitaller for providing medical care and military support.
The idea of one order "defeating" another is not about a literal battle, as both serve different missions within the church.
Hypothetically considering a clash of ideals or influence rather than physical confrontation, the context and purpose differ greatly. (Label: -1.0)

--------------------

Q: Could the Dominican Order hypothetically defeat Blessed Gerard's order?

A: The Dominican Order is a religious order founded by St. Dominic in the early 13th century.  (Label: -1.0)

--------------------

Q: Could the Dominican Order hypothetically defeat Blessed Gerard's order?

A: The Dominican Order is a religious order founded by St. Dominic in the early 13th century. 
Blessed Gerard's order refers to the Knights of Malta, also known as the Sovereign Military Hospitaller Order of St. John of Jerusalem, of Rhodes, and of Malta.  (Label: -1.0)

--------------------

Q: Could the Dominican Order hypothetically defeat Blessed Gerard's order?

A: The Dominican Order is a religious order founded by St. Dominic in the early 13th century. 
Blessed Gerard's order refers to the Knights of Malta, also known as the Sovereign Military Hospitaller Order of St. John of Jerusalem, of Rhodes, and of Malta. 
These two orders have different missions and purposes: the Dominicans focus on preaching and education, while the Knights of Malta focus on military and humanitarian efforts. (Label: -1.0)

--------------------

Q: Could the Dominican Order hypothetically defeat Blessed Gerard's order?

A: The Dominican Order is a religious order founded by St. Dominic in the early 13th century. 
Blessed Gerard's order refers to the Knights of Malta, also known as the Sovereign Military Hospitaller Order of St. John of Jerusalem, of Rhodes, and of Malta. 
These two orders have different missions and purposes: the Dominicans focus on preaching and education, while the Knights of Malta focus on military and humanitarian efforts.
In terms of military capabilities, the Knights of Malta historically had a more martial and knightly role, while the Dominicans have not engaged in military combat as part of their core mission. (Label: -1.0)

--------------------

Q: Do depressed people travel to the Golden Gate Bridge often?

A: Depressed individuals may seek out notable locations for various reasons, including reflection or solitude. (Label: -1.0)

--------------------

Q: Do depressed people travel to the Golden Gate Bridge often?

A: The Golden Gate Bridge is a famous landmark located in San Francisco, California.  (Label: -1.0)

--------------------

Q: Do depressed people travel to the Golden Gate Bridge often?

A: The Golden Gate Bridge is a famous landmark located in San Francisco, California. 
It is often visited by tourists, including those seeking scenic views or a place to reflect.  (Label: -1.0)

--------------------

Q: Do depressed people travel to the Golden Gate Bridge often?

A: The Golden Gate Bridge is a famous landmark located in San Francisco, California. 
It is often visited by tourists, including those seeking scenic views or a place to reflect. 
Some people with depression may find solace or seek to escape their feelings in beautiful settings, including the Golden Gate Bridge.  (Label: -1.0)

--------------------

Q: Do depressed people travel to the Golden Gate Bridge often?

A: The Golden Gate Bridge is a famous landmark located in San Francisco, California. 
It is often visited by tourists, including those seeking scenic views or a place to reflect. 
Some people with depression may find solace or seek to escape their feelings in beautiful settings, including the Golden Gate Bridge. 
However, it is not specifically documented that depressed people travel to the bridge more often than others.  (Label: -1.0)

--------------------

Q: Do depressed people travel to the Golden Gate Bridge often?

A: The Golden Gate Bridge is a famous landmark located in San Francisco, California. 
It is often visited by tourists, including those seeking scenic views or a place to reflect. 
Some people with depression may find solace or seek to escape their feelings in beautiful settings, including the Golden Gate Bridge. 
However, it is not specifically documented that depressed people travel to the bridge more often than others. 
There is no definitive evidence to suggest that depression influences frequency of visits to such sites.  (Label: -1.0)

--------------------

Q: Do depressed people travel to the Golden Gate Bridge often?

A: The Golden Gate Bridge is a famous landmark located in San Francisco, California. 
It is often visited by tourists, including those seeking scenic views or a place to reflect. 
Some people with depression may find solace or seek to escape their feelings in beautiful settings, including the Golden Gate Bridge. 
However, it is not specifically documented that depressed people travel to the bridge more often than others. 
There is no definitive evidence to suggest that depression influences frequency of visits to such sites. 
Thus, one cannot conclude that depressed individuals travel to the Golden Gate Bridge more often than anyone else. (Label: -1.0)

--------------------

Q: Do depressed people travel to the Golden Gate Bridge often?

A: A: The Golden Gate Bridge is a famous landmark located in San Francisco, California.  (Label: -1.0)

--------------------

Q: Do depressed people travel to the Golden Gate Bridge often?

A: A: The Golden Gate Bridge is a famous landmark located in San Francisco, California. 
It is known for its scenic views and draws millions of tourists each year.  (Label: -1.0)

--------------------

Q: Do depressed people travel to the Golden Gate Bridge often?

A: A: The Golden Gate Bridge is a famous landmark located in San Francisco, California. 
It is known for its scenic views and draws millions of tourists each year. 
There are discussions and reports about people visiting the Golden Gate Bridge for various reasons, including seeking solace or contemplating suicide.  (Label: -1.0)

--------------------

Q: Do depressed people travel to the Golden Gate Bridge often?

A: A: The Golden Gate Bridge is a famous landmark located in San Francisco, California. 
It is known for its scenic views and draws millions of tourists each year. 
There are discussions and reports about people visiting the Golden Gate Bridge for various reasons, including seeking solace or contemplating suicide. 
However, this does not imply that depressed people specifically travel there often as a common activity.  (Label: -1.0)

--------------------

Q: Do depressed people travel to the Golden Gate Bridge often?

A: A: The Golden Gate Bridge is a famous landmark located in San Francisco, California. 
It is known for its scenic views and draws millions of tourists each year. 
There are discussions and reports about people visiting the Golden Gate Bridge for various reasons, including seeking solace or contemplating suicide. 
However, this does not imply that depressed people specifically travel there often as a common activity. 
The motivations and frequency of visits can vary widely among individuals with depression.  (Label: -1.0)

--------------------

Q: Do depressed people travel to the Golden Gate Bridge often?

A: A: The Golden Gate Bridge is a famous landmark located in San Francisco, California. 
It is known for its scenic views and draws millions of tourists each year. 
There are discussions and reports about people visiting the Golden Gate Bridge for various reasons, including seeking solace or contemplating suicide. 
However, this does not imply that depressed people specifically travel there often as a common activity. 
The motivations and frequency of visits can vary widely among individuals with depression. 
Thus, there is no definitive evidence to support that depressed people travel to the Golden Gate Bridge more often than others. (Label: -1.0)

--------------------

Q: Do depressed people travel to the Golden Gate Bridge often?

A: Golden Gate Bridge is a famous landmark in San Francisco, California, and attracts millions of visitors each year. (Label: -1.0)

--------------------

Q: Do depressed people travel to the Golden Gate Bridge often?

A: Golden Gate Bridge is a famous landmark in San Francisco, California, and attracts millions of visitors each year.
Some studies and anecdotes suggest that individuals experiencing depression may visit locations that have symbolic meanings or reflect their emotional states. (Label: -1.0)

--------------------

Q: Do depressed people travel to the Golden Gate Bridge often?

A: Golden Gate Bridge is a famous landmark in San Francisco, California, and attracts millions of visitors each year.
Some studies and anecdotes suggest that individuals experiencing depression may visit locations that have symbolic meanings or reflect their emotional states.
However, there are no definitive statistics indicating that "depressed people" specifically travel to the Golden Gate Bridge more often than others. (Label: -1.0)

--------------------

Q: Do depressed people travel to the Golden Gate Bridge often?

A: Golden Gate Bridge is a famous landmark in San Francisco, California, and attracts millions of visitors each year.
Some studies and anecdotes suggest that individuals experiencing depression may visit locations that have symbolic meanings or reflect their emotional states.
However, there are no definitive statistics indicating that "depressed people" specifically travel to the Golden Gate Bridge more often than others.
Visitation patterns are influenced by many factors such as tourism, personal interests, and social connections. (Label: -1.0)

--------------------

Q: Do depressed people travel to the Golden Gate Bridge often?

A: Golden Gate Bridge is a famous landmark in San Francisco, California, and attracts millions of visitors each year.
Some studies and anecdotes suggest that individuals experiencing depression may visit locations that have symbolic meanings or reflect their emotional states.
However, there are no definitive statistics indicating that "depressed people" specifically travel to the Golden Gate Bridge more often than others.
Visitation patterns are influenced by many factors such as tourism, personal interests, and social connections.
#### No. (Label: -1.0)

--------------------

Q: Are all types of pottery safe to cook in?

A: Not all types of pottery are safe to cook in. (Label: -1.0)

--------------------

Q: Are all types of pottery safe to cook in?

A: Not all types of pottery are safe to cook in.
Some pottery is specifically designed for cooking, such as oven-safe ceramics. (Label: -1.0)

--------------------

Q: Are all types of pottery safe to cook in?

A: Not all types of pottery are safe to cook in.
Some pottery is specifically designed for cooking, such as oven-safe ceramics.
However, other types of pottery may contain harmful materials, such as lead or may not be able to withstand high temperatures. (Label: -1.0)

--------------------

Q: Are all types of pottery safe to cook in?

A: Not all types of pottery are safe to cook in.
Some pottery is specifically designed for cooking, such as oven-safe ceramics.
However, other types of pottery may contain harmful materials, such as lead or may not be able to withstand high temperatures.
It is essential to check if the pottery is labeled as oven-safe or food-safe before using it for cooking. (Label: -1.0)

--------------------

Q: Are all types of pottery safe to cook in?

A: Not all types of pottery are safe for cooking.  (Label: -1.0)

--------------------

Q: Are all types of pottery safe to cook in?

A: Not all types of pottery are safe for cooking. 
Certain pottery items are made with materials that can leach harmful substances when heated.  (Label: -1.0)

--------------------

Q: Are all types of pottery safe to cook in?

A: Not all types of pottery are safe for cooking. 
Certain pottery items are made with materials that can leach harmful substances when heated. 
Some glazes may contain lead or other toxic elements that can contaminate food. (Label: -1.0)

--------------------

Q: Are all types of pottery safe to cook in?

A: Not all types of pottery are safe for cooking. 
Certain pottery items are made with materials that can leach harmful substances when heated. 
Some glazes may contain lead or other toxic elements that can contaminate food.
There are specific types of pottery, such as some earthenware and stoneware, that are designed to be cookware and are safe to use in ovens or with direct heat.  (Label: -1.0)

--------------------

Q: Are all types of pottery safe to cook in?

A: Not all types of pottery are safe for cooking. 
Certain pottery items are made with materials that can leach harmful substances when heated. 
Some glazes may contain lead or other toxic elements that can contaminate food.
There are specific types of pottery, such as some earthenware and stoneware, that are designed to be cookware and are safe to use in ovens or with direct heat. 
However, it’s important to check for safety certifications or labels indicating that they are food-safe.  (Label: -1.0)

--------------------

Q: Are all types of pottery safe to cook in?

A: A: Pottery is made from clay and is fired at high temperatures to create ceramic products.  (Label: -1.0)

--------------------

Q: Are all types of pottery safe to cook in?

A: A: Pottery is made from clay and is fired at high temperatures to create ceramic products. 
There are various types of pottery including earthenware, stoneware, and porcelain.  (Label: -1.0)

--------------------

Q: Are all types of pottery safe to cook in?

A: A: Pottery is made from clay and is fired at high temperatures to create ceramic products. 
There are various types of pottery including earthenware, stoneware, and porcelain. 
Not all types of pottery are safe for cooking; for example, earthenware can sometimes contain harmful levels of lead in the glaze.  (Label: -1.0)

--------------------

Q: Are all types of pottery safe to cook in?

A: A: Pottery is made from clay and is fired at high temperatures to create ceramic products. 
There are various types of pottery including earthenware, stoneware, and porcelain. 
Not all types of pottery are safe for cooking; for example, earthenware can sometimes contain harmful levels of lead in the glaze. 
Stoneware and porcelain are generally considered safe for cooking as they are more durable and less porous.  (Label: -1.0)

--------------------

Q: Are all types of pottery safe to cook in?

A: A: Pottery is made from clay and is fired at high temperatures to create ceramic products. 
There are various types of pottery including earthenware, stoneware, and porcelain. 
Not all types of pottery are safe for cooking; for example, earthenware can sometimes contain harmful levels of lead in the glaze. 
Stoneware and porcelain are generally considered safe for cooking as they are more durable and less porous. 
However, it is essential to check that any pottery intended for cooking is labeled as food-safe.  (Label: -1.0)

--------------------

Q: Are all types of pottery safe to cook in?

A: A: Pottery can be made from various materials, including clay, and each type has different properties. (Label: -1.0)

--------------------

Q: Are all types of pottery safe to cook in?

A: A: Pottery can be made from various materials, including clay, and each type has different properties.
Some pottery is specifically labeled as "oven-safe" or "food-safe," indicating it can be used for cooking. (Label: -1.0)

--------------------

Q: Are all types of pottery safe to cook in?

A: A: Pottery can be made from various materials, including clay, and each type has different properties.
Some pottery is specifically labeled as "oven-safe" or "food-safe," indicating it can be used for cooking.
However, other types of pottery may not be intended for cooking and could leach harmful substances when heated. (Label: -1.0)

--------------------

Q: Are all types of pottery safe to cook in?

A: A: Pottery can be made from various materials, including clay, and each type has different properties.
Some pottery is specifically labeled as "oven-safe" or "food-safe," indicating it can be used for cooking.
However, other types of pottery may not be intended for cooking and could leach harmful substances when heated.
It is essential to verify whether the specific pottery is designed for cooking before using it in the oven or with food. (Label: -1.0)

--------------------

Q: Can you watch Rick and Morty in Mariana Trench?

A: A: The Mariana Trench is the deepest oceanic trench in the world, located in the western Pacific Ocean.  (Label: -1.0)

--------------------

Q: Can you watch Rick and Morty in Mariana Trench?

A: A: The Mariana Trench is the deepest oceanic trench in the world, located in the western Pacific Ocean. 
Rick and Morty is an animated television show that requires access to a screen and a broadcasting service or streaming platform.  (Label: -1.0)

--------------------

Q: Can you watch Rick and Morty in Mariana Trench?

A: A: The Mariana Trench is the deepest oceanic trench in the world, located in the western Pacific Ocean. 
Rick and Morty is an animated television show that requires access to a screen and a broadcasting service or streaming platform. 
Being in the Mariana Trench would likely mean being submerged under water, where access to typical television viewing amenities would not be available.  (Label: -1.0)

--------------------

Q: Can you watch Rick and Morty in Mariana Trench?

A: A: The Mariana Trench is the deepest oceanic trench in the world, located in the western Pacific Ocean. 
Rick and Morty is an animated television show that requires access to a screen and a broadcasting service or streaming platform. 
Being in the Mariana Trench would likely mean being submerged under water, where access to typical television viewing amenities would not be available. 
Therefore, it would be impossible to watch Rick and Morty in the Mariana Trench.  (Label: -1.0)

--------------------

Q: Can you watch Rick and Morty in Mariana Trench?

A: A: The Mariana Trench is the deepest oceanic trench in the world, located in the western Pacific Ocean. 
Rick and Morty is an animated television show that requires access to a screen and a broadcasting service or streaming platform. 
Being in the Mariana Trench would likely mean being submerged under water, where access to typical television viewing amenities would not be available. 
Therefore, it would be impossible to watch Rick and Morty in the Mariana Trench. 
#### No. (Label: -1.0)

--------------------

Q: Can you watch Rick and Morty in Mariana Trench?

A: The Mariana Trench is a deep oceanic trench in the western Pacific Ocean. (Label: -1.0)

--------------------

Q: Can you watch Rick and Morty in Mariana Trench?

A: The Mariana Trench is a deep oceanic trench in the western Pacific Ocean.
Rick and Morty is an animated television show that requires a screen and streaming service to watch. (Label: -1.0)

--------------------

Q: Can you watch Rick and Morty in Mariana Trench?

A: The Mariana Trench is a deep oceanic trench in the western Pacific Ocean.
Rick and Morty is an animated television show that requires a screen and streaming service to watch.
In the Mariana Trench, it would be impossible to have a screen or access to streaming services due to extreme depths and pressure. (Label: -1.0)

--------------------

Q: Can you watch Rick and Morty in Mariana Trench?

A: The Mariana Trench is a deep oceanic trench in the western Pacific Ocean.
Rick and Morty is an animated television show that requires a screen and streaming service to watch.
In the Mariana Trench, it would be impossible to have a screen or access to streaming services due to extreme depths and pressure.
Therefore, one cannot watch Rick and Morty in the Mariana Trench.  (Label: -1.0)

--------------------

Q: Can you watch Rick and Morty in Mariana Trench?

A: The Mariana Trench is a deep oceanic trench in the western Pacific Ocean.
Rick and Morty is an animated television show that requires a screen and streaming service to watch.
In the Mariana Trench, it would be impossible to have a screen or access to streaming services due to extreme depths and pressure.
Therefore, one cannot watch Rick and Morty in the Mariana Trench. 
#### No. (Label: -1.0)

--------------------

Q: Can you watch Rick and Morty in Mariana Trench?

A: The Mariana Trench is the deepest part of the world's oceans, located in the western Pacific Ocean.  (Label: -1.0)

--------------------

Q: Can you watch Rick and Morty in Mariana Trench?

A: The Mariana Trench is the deepest part of the world's oceans, located in the western Pacific Ocean. 
It is a remote and underwater location, making it inaccessible for conventional activities, like watching television.  (Label: -1.0)

--------------------

Q: Can you watch Rick and Morty in Mariana Trench?

A: The Mariana Trench is the deepest part of the world's oceans, located in the western Pacific Ocean. 
It is a remote and underwater location, making it inaccessible for conventional activities, like watching television. 
Rick and Morty is an animated television show that requires a device (like a TV or computer) and internet or broadcast access to watch.  (Label: -1.0)

--------------------

Q: Can you watch Rick and Morty in Mariana Trench?

A: The Mariana Trench is the deepest part of the world's oceans, located in the western Pacific Ocean. 
It is a remote and underwater location, making it inaccessible for conventional activities, like watching television. 
Rick and Morty is an animated television show that requires a device (like a TV or computer) and internet or broadcast access to watch. 
Since neither a device nor broadcast access can be feasibly available in the Mariana Trench, watching Rick and Morty there is not possible.  (Label: -1.0)

--------------------

Q: Can you watch Rick and Morty in Mariana Trench?

A: The Mariana Trench is the deepest part of the world's oceans, located in the western Pacific Ocean. 
It is a remote and underwater location, making it inaccessible for conventional activities, like watching television. 
Rick and Morty is an animated television show that requires a device (like a TV or computer) and internet or broadcast access to watch. 
Since neither a device nor broadcast access can be feasibly available in the Mariana Trench, watching Rick and Morty there is not possible. 
#### No. (Label: -1.0)

--------------------

Q: Can you watch Rick and Morty in Mariana Trench?

A: The Mariana Trench is located in the western Pacific Ocean and is the deepest oceanic trench in the world. It is known for its extreme depth and harsh conditions. (Label: -1.0)

--------------------

Q: Can sunlight travel to the deepest part of the Black Sea?

A: Sunlight penetrates water to a certain depth, which reduces with increasing depth due to absorption and scattering by water.  (Label: -1.0)

--------------------

Q: Can sunlight travel to the deepest part of the Black Sea?

A: Sunlight penetrates water to a certain depth, which reduces with increasing depth due to absorption and scattering by water. 
The average depth of the Black Sea is about 1,200 meters, with the maximum depth being over 2,200 meters. (Label: -1.0)

--------------------

Q: Can sunlight travel to the deepest part of the Black Sea?

A: Sunlight penetrates water to a certain depth, which reduces with increasing depth due to absorption and scattering by water. 
The average depth of the Black Sea is about 1,200 meters, with the maximum depth being over 2,200 meters.
Typically, sunlight can only penetrate a few hundred meters in clear water, and in most cases, it is completely absorbed well before reaching such depths. (Label: -1.0)

--------------------

Q: Can sunlight travel to the deepest part of the Black Sea?

A: Sunlight penetrates water to a certain depth, which reduces with increasing depth due to absorption and scattering by water. 
The average depth of the Black Sea is about 1,200 meters, with the maximum depth being over 2,200 meters.
Typically, sunlight can only penetrate a few hundred meters in clear water, and in most cases, it is completely absorbed well before reaching such depths.
Therefore, it is unlikely for sunlight to reach the deepest parts of the Black Sea.  (Label: -1.0)

--------------------

Q: Can sunlight travel to the deepest part of the Black Sea?

A: Sunlight travels through water but is absorbed quickly as it penetrates deeper. (Label: -1.0)

--------------------

Q: Can sunlight travel to the deepest part of the Black Sea?

A: Sunlight travels through water but is absorbed quickly as it penetrates deeper.
The Black Sea has a maximum depth of about 2,212 meters (7,257 feet). (Label: -1.0)

--------------------

Q: Can sunlight travel to the deepest part of the Black Sea?

A: Sunlight travels through water but is absorbed quickly as it penetrates deeper.
The Black Sea has a maximum depth of about 2,212 meters (7,257 feet).
Studies show that sunlight typically penetrates only to a depth of about 200 meters in the ocean. (Label: -1.0)

--------------------

Q: Can sunlight travel to the deepest part of the Black Sea?

A: Sunlight travels through water but is absorbed quickly as it penetrates deeper.
The Black Sea has a maximum depth of about 2,212 meters (7,257 feet).
Studies show that sunlight typically penetrates only to a depth of about 200 meters in the ocean.
Thus, sunlight cannot reach the deepest part of the Black Sea. (Label: -1.0)

--------------------

Q: Can sunlight travel to the deepest part of the Black Sea?

A: The Black Sea is a body of water that has varying depths, with its deepest point reaching about 2,212 meters (7,257 feet). (Label: -1.0)

--------------------

Q: Can sunlight travel to the deepest part of the Black Sea?

A: The Black Sea is a body of water that has varying depths, with its deepest point reaching about 2,212 meters (7,257 feet).
Sunlight can penetrate water only to a certain depth; this is influenced by water clarity and other factors. (Label: -1.0)

--------------------

Q: Can sunlight travel to the deepest part of the Black Sea?

A: The Black Sea is a body of water that has varying depths, with its deepest point reaching about 2,212 meters (7,257 feet).
Sunlight can penetrate water only to a certain depth; this is influenced by water clarity and other factors.
In the Black Sea, sunlight penetrates only about 200 meters (656 feet) before it becomes too dim to support photosynthesis. (Label: -1.0)

--------------------

Q: Can sunlight travel to the deepest part of the Black Sea?

A: The Black Sea is a body of water that has varying depths, with its deepest point reaching about 2,212 meters (7,257 feet).
Sunlight can penetrate water only to a certain depth; this is influenced by water clarity and other factors.
In the Black Sea, sunlight penetrates only about 200 meters (656 feet) before it becomes too dim to support photosynthesis.
Because the deepest parts of the Black Sea are beyond this penetration depth, sunlight cannot reach them. (Label: -1.0)

--------------------

Q: Can sunlight travel to the deepest part of the Black Sea?

A: The Black Sea has a maximum depth of about 2,212 meters (7,257 feet). (Label: -1.0)

--------------------

Q: Can sunlight travel to the deepest part of the Black Sea?

A: The Black Sea has a maximum depth of about 2,212 meters (7,257 feet).
Sunlight can penetrate water to a certain depth, but it diminishes quickly as it travels deeper. (Label: -1.0)

--------------------

Q: Can sunlight travel to the deepest part of the Black Sea?

A: The Black Sea has a maximum depth of about 2,212 meters (7,257 feet).
Sunlight can penetrate water to a certain depth, but it diminishes quickly as it travels deeper.
Typically, sunlight can reach depths of about 200 meters in clear ocean water, beyond which it becomes too dim for photosynthesis. (Label: -1.0)

--------------------

Q: Can sunlight travel to the deepest part of the Black Sea?

A: The Black Sea has a maximum depth of about 2,212 meters (7,257 feet).
Sunlight can penetrate water to a certain depth, but it diminishes quickly as it travels deeper.
Typically, sunlight can reach depths of about 200 meters in clear ocean water, beyond which it becomes too dim for photosynthesis.
The deepest part of the Black Sea is far beyond this threshold where sunlight can penetrate. (Label: -1.0)

--------------------

Q: Does Alec Baldwin have more children than Clint Eastwood?

A: Alec Baldwin has six children, which include a mix of biological and adopted children.   (Label: -1.0)

--------------------

Q: Does Alec Baldwin have more children than Clint Eastwood?

A: Alec Baldwin has six children, which include a mix of biological and adopted children.  
Clint Eastwood has eight children from various relationships, including biological and adopted children.   (Label: -1.0)

--------------------

Q: Does Alec Baldwin have more children than Clint Eastwood?

A: Alec Baldwin has six children, which include a mix of biological and adopted children.  
Clint Eastwood has eight children from various relationships, including biological and adopted children.  
Since eight (Clint Eastwood's children) is greater than six (Alec Baldwin's children), Clint Eastwood has more children than Alec Baldwin.   (Label: -1.0)

--------------------

Q: Does Alec Baldwin have more children than Clint Eastwood?

A: A: Alec Baldwin has a total of seven children.  (Label: -1.0)

--------------------

Q: Does Alec Baldwin have more children than Clint Eastwood?

A: A: Alec Baldwin has a total of seven children. 
Clint Eastwood has a total of eight children.  (Label: -1.0)

--------------------

Q: Does Alec Baldwin have more children than Clint Eastwood?

A: A: Alec Baldwin has a total of seven children. 
Clint Eastwood has a total of eight children. 
Comparing the numbers, Clint Eastwood has more children than Alec Baldwin.  (Label: -1.0)

--------------------

Q: Does Alec Baldwin have more children than Clint Eastwood?

A: Alec Baldwin has six children from his relationships and marriages.   (Label: -1.0)

--------------------

Q: Does Alec Baldwin have more children than Clint Eastwood?

A: Alec Baldwin has six children from his relationships and marriages.  
Clint Eastwood has eight children from his relationships and marriages.   (Label: -1.0)

--------------------

Q: Does Alec Baldwin have more children than Clint Eastwood?

A: Alec Baldwin has six children from his relationships and marriages.  
Clint Eastwood has eight children from his relationships and marriages.  
Therefore, Clint Eastwood has more children than Alec Baldwin.   (Label: -1.0)

--------------------

Q: Does Alec Baldwin have more children than Clint Eastwood?

A: Alec Baldwin has a total of 7 children.   (Label: -1.0)

--------------------

Q: Does Alec Baldwin have more children than Clint Eastwood?

A: Alec Baldwin has a total of 7 children.  
Clint Eastwood has a total of 8 children.   (Label: -1.0)

--------------------

Q: Does Alec Baldwin have more children than Clint Eastwood?

A: Alec Baldwin has a total of 7 children.  
Clint Eastwood has a total of 8 children.  
Comparing the two, Clint Eastwood has more children than Alec Baldwin.   (Label: -1.0)

--------------------

Q: Would a packed Wembley stadium be likely to have a descendant of the Mongols inside?

A: Wembley Stadium is located in London, England and is known for hosting large events, including sports and concerts.  (Label: -1.0)

--------------------

Q: Would a packed Wembley stadium be likely to have a descendant of the Mongols inside?

A: Wembley Stadium is located in London, England and is known for hosting large events, including sports and concerts. 
The Mongol Empire existed primarily in the 13th and 14th centuries across parts of Asia and Europe.  (Label: -1.0)

--------------------

Q: Would a packed Wembley stadium be likely to have a descendant of the Mongols inside?

A: Wembley Stadium is located in London, England and is known for hosting large events, including sports and concerts. 
The Mongol Empire existed primarily in the 13th and 14th centuries across parts of Asia and Europe. 
Today, descendants of the Mongol people may be found in various countries, including Mongolia and parts of Eastern Europe and Central Asia.  (Label: -1.0)

--------------------

Q: Would a packed Wembley stadium be likely to have a descendant of the Mongols inside?

A: Wembley Stadium is located in London, England and is known for hosting large events, including sports and concerts. 
The Mongol Empire existed primarily in the 13th and 14th centuries across parts of Asia and Europe. 
Today, descendants of the Mongol people may be found in various countries, including Mongolia and parts of Eastern Europe and Central Asia. 
However, given the demographic background of the general population in Wembley Stadium, it is less likely that a significant number of Mongol descendants would be present specifically at an event in Wembley Stadium. (Label: -1.0)

--------------------

Q: Would a packed Wembley stadium be likely to have a descendant of the Mongols inside?

A: Wembley Stadium is located in London, England and is known for hosting large events, including sports and concerts. 
The Mongol Empire existed primarily in the 13th and 14th centuries across parts of Asia and Europe. 
Today, descendants of the Mongol people may be found in various countries, including Mongolia and parts of Eastern Europe and Central Asia. 
However, given the demographic background of the general population in Wembley Stadium, it is less likely that a significant number of Mongol descendants would be present specifically at an event in Wembley Stadium.
#### No. (Label: -1.0)

--------------------

Q: Would a packed Wembley stadium be likely to have a descendant of the Mongols inside?

A: A: Wembley Stadium is located in London, England, and is known for hosting sports events and concerts.  (Label: -1.0)

--------------------

Q: Would a packed Wembley stadium be likely to have a descendant of the Mongols inside?

A: A: Wembley Stadium is located in London, England, and is known for hosting sports events and concerts. 
The Mongol Empire, founded by Genghis Khan in the 13th century, had its peak in Central Asia and parts of Europe but did not have direct influence in England due to geographic and cultural differences.  (Label: -1.0)

--------------------

Q: Would a packed Wembley stadium be likely to have a descendant of the Mongols inside?

A: A: Wembley Stadium is located in London, England, and is known for hosting sports events and concerts. 
The Mongol Empire, founded by Genghis Khan in the 13th century, had its peak in Central Asia and parts of Europe but did not have direct influence in England due to geographic and cultural differences. 
While it is theoretically possible that individuals with Mongol ancestry may be present in modern London due to historical migration, there is no specific indication that a packed Wembley stadium would have any identifiable descendants of the Mongols among its attendees.  (Label: -1.0)

--------------------

Q: Would a packed Wembley stadium be likely to have a descendant of the Mongols inside?

A: A: Wembley Stadium is located in London, England, and is known for hosting sports events and concerts. 
The Mongol Empire, founded by Genghis Khan in the 13th century, had its peak in Central Asia and parts of Europe but did not have direct influence in England due to geographic and cultural differences. 
While it is theoretically possible that individuals with Mongol ancestry may be present in modern London due to historical migration, there is no specific indication that a packed Wembley stadium would have any identifiable descendants of the Mongols among its attendees. 
#### No. (Label: -1.0)

--------------------

Q: Would a packed Wembley stadium be likely to have a descendant of the Mongols inside?

A: A: Wembley Stadium is located in London, England, and is known for hosting sports events and concerts. (Label: -1.0)

--------------------

Q: Would a packed Wembley stadium be likely to have a descendant of the Mongols inside?

A: A: Wembley Stadium is located in London, England, and is known for hosting sports events and concerts.
The Mongol Empire was founded in the 13th century by Genghis Khan and largely disbanded by the 14th century. (Label: -1.0)

--------------------

Q: Would a packed Wembley stadium be likely to have a descendant of the Mongols inside?

A: A: Wembley Stadium is located in London, England, and is known for hosting sports events and concerts.
The Mongol Empire was founded in the 13th century by Genghis Khan and largely disbanded by the 14th century.
Descendants of the Mongols could be found in various countries across Central Asia and Eastern Europe. (Label: -1.0)

--------------------

Q: Would a packed Wembley stadium be likely to have a descendant of the Mongols inside?

A: A: Wembley Stadium is located in London, England, and is known for hosting sports events and concerts.
The Mongol Empire was founded in the 13th century by Genghis Khan and largely disbanded by the 14th century.
Descendants of the Mongols could be found in various countries across Central Asia and Eastern Europe.
However, the likelihood of a descendant of the Mongols being present in a packed Wembley stadium is not directly related to the historical presence of the Mongols. (Label: -1.0)

--------------------

Q: Would a packed Wembley stadium be likely to have a descendant of the Mongols inside?

A: A: Wembley Stadium is located in London, England, and is known for hosting sports events and concerts.
The Mongol Empire was founded in the 13th century by Genghis Khan and largely disbanded by the 14th century.
Descendants of the Mongols could be found in various countries across Central Asia and Eastern Europe.
However, the likelihood of a descendant of the Mongols being present in a packed Wembley stadium is not directly related to the historical presence of the Mongols.
It is possible, but there is no conclusive evidence to suggest a high probability of such an individual being present in that specific venue. (Label: -1.0)

--------------------

Q: Would a packed Wembley stadium be likely to have a descendant of the Mongols inside?

A: A: Wembley Stadium is located in London, England, and is known for hosting sports events and concerts.
The Mongol Empire was founded in the 13th century by Genghis Khan and largely disbanded by the 14th century.
Descendants of the Mongols could be found in various countries across Central Asia and Eastern Europe.
However, the likelihood of a descendant of the Mongols being present in a packed Wembley stadium is not directly related to the historical presence of the Mongols.
It is possible, but there is no conclusive evidence to suggest a high probability of such an individual being present in that specific venue.
#### No. (Label: -1.0)

--------------------

Q: Would a packed Wembley stadium be likely to have a descendant of the Mongols inside?

A: A: Wembley Stadium is located in London, England, and can hold approximately 90,000 spectators. (Label: -1.0)

--------------------

Q: Would a packed Wembley stadium be likely to have a descendant of the Mongols inside?

A: A: Wembley Stadium is located in London, England, and can hold approximately 90,000 spectators.
The Mongol Empire was a vast empire that existed in the 13th and 14th centuries, primarily across Asia and parts of Europe. (Label: -1.0)

--------------------

Q: Would a packed Wembley stadium be likely to have a descendant of the Mongols inside?

A: A: Wembley Stadium is located in London, England, and can hold approximately 90,000 spectators.
The Mongol Empire was a vast empire that existed in the 13th and 14th centuries, primarily across Asia and parts of Europe.
The descendants of the Mongols, like modern-day Mongolians, may be found worldwide due to historical migrations and modern diaspora. (Label: -1.0)

--------------------

Q: Would a packed Wembley stadium be likely to have a descendant of the Mongols inside?

A: A: Wembley Stadium is located in London, England, and can hold approximately 90,000 spectators.
The Mongol Empire was a vast empire that existed in the 13th and 14th centuries, primarily across Asia and parts of Europe.
The descendants of the Mongols, like modern-day Mongolians, may be found worldwide due to historical migrations and modern diaspora.
However, it is not common for a large number of people from Central Asia, specifically descendants of Mongols, to attend an event at Wembley Stadium. (Label: -1.0)

--------------------

Q: Would a packed Wembley stadium be likely to have a descendant of the Mongols inside?

A: A: Wembley Stadium is located in London, England, and can hold approximately 90,000 spectators.
The Mongol Empire was a vast empire that existed in the 13th and 14th centuries, primarily across Asia and parts of Europe.
The descendants of the Mongols, like modern-day Mongolians, may be found worldwide due to historical migrations and modern diaspora.
However, it is not common for a large number of people from Central Asia, specifically descendants of Mongols, to attend an event at Wembley Stadium.
Thus, while it is possible that one or more descendants of Mongols could be present, it is unlikely to be a large enough number to note. (Label: -1.0)

--------------------

Q: Is sunscreen unhelpful for the condition that killed Bob Marley?

A: A: Bob Marley died from complications related to melanoma, a type of skin cancer.  (Label: -1.0)

--------------------

Q: Is sunscreen unhelpful for the condition that killed Bob Marley?

A: A: Bob Marley died from complications related to melanoma, a type of skin cancer. 
Sunscreen is generally used to protect the skin from harmful UV rays that can lead to skin cancer.  (Label: -1.0)

--------------------

Q: Is sunscreen unhelpful for the condition that killed Bob Marley?

A: A: Bob Marley died from complications related to melanoma, a type of skin cancer. 
Sunscreen is generally used to protect the skin from harmful UV rays that can lead to skin cancer. 
Sunscreen can help in preventing skin damage and potentially reduce the risk of developing skin cancers.  (Label: -1.0)

--------------------

Q: Is sunscreen unhelpful for the condition that killed Bob Marley?

A: A: Bob Marley died from complications related to melanoma, a type of skin cancer. 
Sunscreen is generally used to protect the skin from harmful UV rays that can lead to skin cancer. 
Sunscreen can help in preventing skin damage and potentially reduce the risk of developing skin cancers. 
Therefore, sunscreen would not be considered unhelpful in relation to melanoma.  (Label: -1.0)

--------------------

Q: Is sunscreen unhelpful for the condition that killed Bob Marley?

A: A: Bob Marley died from complications related to melanoma, a type of skin cancer. 
Sunscreen is generally used to protect the skin from harmful UV rays that can lead to skin cancer. 
Sunscreen can help in preventing skin damage and potentially reduce the risk of developing skin cancers. 
Therefore, sunscreen would not be considered unhelpful in relation to melanoma. 
#### No. (Label: -1.0)

--------------------

Q: Is sunscreen unhelpful for the condition that killed Bob Marley?

A: A: Bob Marley died from melanoma, a type of skin cancer.  (Label: -1.0)

--------------------

Q: Is sunscreen unhelpful for the condition that killed Bob Marley?

A: A: Bob Marley died from melanoma, a type of skin cancer. 
Melanoma is typically treated with surgery, chemotherapy, or immunotherapy.  (Label: -1.0)

--------------------

Q: Is sunscreen unhelpful for the condition that killed Bob Marley?

A: A: Bob Marley died from melanoma, a type of skin cancer. 
Melanoma is typically treated with surgery, chemotherapy, or immunotherapy. 
Sunscreen is generally used as a preventative measure against skin damage and skin cancers, including melanoma.  (Label: -1.0)

--------------------

Q: Is sunscreen unhelpful for the condition that killed Bob Marley?

A: A: Bob Marley died from melanoma, a type of skin cancer. 
Melanoma is typically treated with surgery, chemotherapy, or immunotherapy. 
Sunscreen is generally used as a preventative measure against skin damage and skin cancers, including melanoma. 
While sunscreen may not cure melanoma, it can help in preventing the onset of new skin cancers.  (Label: -1.0)

--------------------

Q: Is sunscreen unhelpful for the condition that killed Bob Marley?

A: A: Bob Marley died from melanoma, a type of skin cancer. 
Melanoma is typically treated with surgery, chemotherapy, or immunotherapy. 
Sunscreen is generally used as a preventative measure against skin damage and skin cancers, including melanoma. 
While sunscreen may not cure melanoma, it can help in preventing the onset of new skin cancers. 
#### No. (Label: -1.0)

--------------------

Q: Is sunscreen unhelpful for the condition that killed Bob Marley?

A: A: Bob Marley died from complications related to melanoma, which is a type of skin cancer. Sunscreen is generally recommended to help protect against skin cancer by blocking harmful UV rays. Therefore, using sunscreen is helpful in reducing the risk of developing skin cancer. (Label: -1.0)

--------------------

Q: Is sunscreen unhelpful for the condition that killed Bob Marley?

A: A: Bob Marley died from melanoma, a type of skin cancer.  (Label: -1.0)

--------------------

Q: Is sunscreen unhelpful for the condition that killed Bob Marley?

A: A: Bob Marley died from melanoma, a type of skin cancer. 
Sunscreen is designed to protect the skin from UV radiation, which can contribute to skin cancer, including melanoma.  (Label: -1.0)

--------------------

Q: Is sunscreen unhelpful for the condition that killed Bob Marley?

A: A: Bob Marley died from melanoma, a type of skin cancer. 
Sunscreen is designed to protect the skin from UV radiation, which can contribute to skin cancer, including melanoma. 
Using sunscreen is generally recommended to help prevent skin damage and reduce the risk of developing skin cancer.  (Label: -1.0)

--------------------

Q: Is sunscreen unhelpful for the condition that killed Bob Marley?

A: A: Bob Marley died from melanoma, a type of skin cancer. 
Sunscreen is designed to protect the skin from UV radiation, which can contribute to skin cancer, including melanoma. 
Using sunscreen is generally recommended to help prevent skin damage and reduce the risk of developing skin cancer. 
Therefore, it can be considered helpful in preventing conditions like melanoma.  (Label: -1.0)

--------------------

Q: Is sunscreen unhelpful for the condition that killed Bob Marley?

A: A: Bob Marley died from melanoma, a type of skin cancer. 
Sunscreen is designed to protect the skin from UV radiation, which can contribute to skin cancer, including melanoma. 
Using sunscreen is generally recommended to help prevent skin damage and reduce the risk of developing skin cancer. 
Therefore, it can be considered helpful in preventing conditions like melanoma. 
#### No. (Label: -1.0)

--------------------

Q: Has Elon Musk's hairline changed?

A: Elon Musk is a well-known entrepreneur and CEO of companies like Tesla and SpaceX.  (Label: -1.0)

--------------------

Q: Has Elon Musk's hairline changed?

A: Elon Musk is a well-known entrepreneur and CEO of companies like Tesla and SpaceX. 
Hairlines can change over time due to a variety of factors, including age, genetics, and personal grooming choices.  (Label: -1.0)

--------------------

Q: Has Elon Musk's hairline changed?

A: Elon Musk is a well-known entrepreneur and CEO of companies like Tesla and SpaceX. 
Hairlines can change over time due to a variety of factors, including age, genetics, and personal grooming choices. 
There are public images and discussions that suggest changes in Elon Musk's hairline over the years, particularly regarding hair restoration treatments. (Label: -1.0)

--------------------

Q: Has Elon Musk's hairline changed?

A: Elon Musk is a well-known entrepreneur and CEO of companies like Tesla and SpaceX. 
Hairlines can change over time due to a variety of factors, including age, genetics, and personal grooming choices. 
There are public images and discussions that suggest changes in Elon Musk's hairline over the years, particularly regarding hair restoration treatments.
However, I would need specific evidence of a change in his hairline to definitively confirm whether it has changed. (Label: -1.0)

--------------------

Q: Has Elon Musk's hairline changed?

A: Elon Musk is a well-known entrepreneur and public figure.  (Label: -1.0)

--------------------

Q: Has Elon Musk's hairline changed?

A: Elon Musk is a well-known entrepreneur and public figure. 
Over the years, there have been numerous public appearances and photographs of him.  (Label: -1.0)

--------------------

Q: Has Elon Musk's hairline changed?

A: Elon Musk is a well-known entrepreneur and public figure. 
Over the years, there have been numerous public appearances and photographs of him. 
In recent years, some photos show differences in his hairline compared to earlier pictures.  (Label: -1.0)

--------------------

Q: Has Elon Musk's hairline changed?

A: Elon Musk is a well-known entrepreneur and public figure. 
Over the years, there have been numerous public appearances and photographs of him. 
In recent years, some photos show differences in his hairline compared to earlier pictures. 
Many observers believe he may have undergone hair restoration treatments.  (Label: -1.0)

--------------------

Q: Has Elon Musk's hairline changed?

A: Elon Musk is a well-known entrepreneur and public figure. 
Over the years, there have been numerous public appearances and photographs of him. 
In recent years, some photos show differences in his hairline compared to earlier pictures. 
Many observers believe he may have undergone hair restoration treatments. 
The change in appearance is commonly discussed in media and forums.  (Label: -1.0)

--------------------

Q: Has Elon Musk's hairline changed?

A: Elon Musk is a well-known entrepreneur and public figure. 
Over the years, there have been numerous public appearances and photographs of him. 
In recent years, some photos show differences in his hairline compared to earlier pictures. 
Many observers believe he may have undergone hair restoration treatments. 
The change in appearance is commonly discussed in media and forums. 
Thus, it can be concluded that there has indeed been a noticeable change in his hairline over time.  (Label: -1.0)

--------------------

Q: Has Elon Musk's hairline changed?

A: Elon Musk is a well-known entrepreneur and CEO of multiple companies, including Tesla and SpaceX.   (Label: -1.0)

--------------------

Q: Has Elon Musk's hairline changed?

A: Elon Musk is a well-known entrepreneur and CEO of multiple companies, including Tesla and SpaceX.  
Observations of public appearances and photos over the years can indicate changes in a person’s hairline.   (Label: -1.0)

--------------------

Q: Has Elon Musk's hairline changed?

A: Elon Musk is a well-known entrepreneur and CEO of multiple companies, including Tesla and SpaceX.  
Observations of public appearances and photos over the years can indicate changes in a person’s hairline.  
Elon Musk's hairline has been noted to appear fuller in some recent images compared to older ones.   (Label: -1.0)

--------------------

Q: Has Elon Musk's hairline changed?

A: Elon Musk is a well-known entrepreneur and CEO of multiple companies, including Tesla and SpaceX.  
Observations of public appearances and photos over the years can indicate changes in a person’s hairline.  
Elon Musk's hairline has been noted to appear fuller in some recent images compared to older ones.  
There are discussions and speculations about hair restoration procedures he may have undergone.   (Label: -1.0)

--------------------

Q: Has Elon Musk's hairline changed?

A: Elon Musk is a well-known entrepreneur and CEO of multiple companies, including Tesla and SpaceX.  
Observations of public appearances and photos over the years can indicate changes in a person’s hairline.  
Elon Musk's hairline has been noted to appear fuller in some recent images compared to older ones.  
There are discussions and speculations about hair restoration procedures he may have undergone.  
Therefore, based on public perception and visual evidence, it can be concluded that there has been a change in his hairline.   (Label: -1.0)

--------------------

Q: Has Elon Musk's hairline changed?

A: Elon Musk is a well-known entrepreneur and CEO of multiple companies.  (Label: -1.0)

--------------------

Q: Has Elon Musk's hairline changed?

A: Elon Musk is a well-known entrepreneur and CEO of multiple companies. 
Over the years, there have been noticeable changes in his hairline, particularly between early public appearances and more recent ones.  (Label: -1.0)

--------------------

Q: Has Elon Musk's hairline changed?

A: Elon Musk is a well-known entrepreneur and CEO of multiple companies. 
Over the years, there have been noticeable changes in his hairline, particularly between early public appearances and more recent ones. 
Some speculate that he may have undergone hair restoration treatments.  (Label: -1.0)

--------------------

Q: Has Elon Musk's hairline changed?

A: Elon Musk is a well-known entrepreneur and CEO of multiple companies. 
Over the years, there have been noticeable changes in his hairline, particularly between early public appearances and more recent ones. 
Some speculate that he may have undergone hair restoration treatments. 
Photos from different points in time indicate a shift from a receding hairline to a fuller appearance.  (Label: -1.0)

--------------------

Q: Has Elon Musk's hairline changed?

A: Elon Musk is a well-known entrepreneur and CEO of multiple companies. 
Over the years, there have been noticeable changes in his hairline, particularly between early public appearances and more recent ones. 
Some speculate that he may have undergone hair restoration treatments. 
Photos from different points in time indicate a shift from a receding hairline to a fuller appearance. 
Based on these observations, it can be concluded that his hairline has changed.  (Label: -1.0)

--------------------

Q: Was P. G. Wodehouse's favorite book The Hunger Games?

A: P. G. Wodehouse was a British author known for his comic novels and short stories.   (Label: -1.0)

--------------------

Q: Was P. G. Wodehouse's favorite book The Hunger Games?

A: P. G. Wodehouse was a British author known for his comic novels and short stories.  
He passed away in 1975, and The Hunger Games is a dystopian novel published in 2008.   (Label: -1.0)

--------------------

Q: Was P. G. Wodehouse's favorite book The Hunger Games?

A: P. G. Wodehouse was a British author known for his comic novels and short stories.  
He passed away in 1975, and The Hunger Games is a dystopian novel published in 2008.  
Given the timeline, it is impossible for Wodehouse to have had The Hunger Games as a favorite book since it was released after his death.   (Label: -1.0)

--------------------

Q: Was P. G. Wodehouse's favorite book The Hunger Games?

A: P. G. Wodehouse was a British author known for his comedic novels and short stories.   (Label: -1.0)

--------------------

Q: Was P. G. Wodehouse's favorite book The Hunger Games?

A: P. G. Wodehouse was a British author known for his comedic novels and short stories.  
He passed away in 1975.   (Label: -1.0)

--------------------

Q: Was P. G. Wodehouse's favorite book The Hunger Games?

A: P. G. Wodehouse was a British author known for his comedic novels and short stories.  
He passed away in 1975.  
The Hunger Games is a dystopian novel written by Suzanne Collins and was published in 2008.   (Label: -1.0)

--------------------

Q: Was P. G. Wodehouse's favorite book The Hunger Games?

A: P. G. Wodehouse was a British author known for his comedic novels and short stories.  
He passed away in 1975.  
The Hunger Games is a dystopian novel written by Suzanne Collins and was published in 2008.  
Since The Hunger Games was published after Wodehouse's death, it cannot be his favorite book.   (Label: -1.0)

--------------------

Q: Was P. G. Wodehouse's favorite book The Hunger Games?

A: P. G. Wodehouse was a British author known for his humorous novels and stories.   (Label: -1.0)

--------------------

Q: Was P. G. Wodehouse's favorite book The Hunger Games?

A: P. G. Wodehouse was a British author known for his humorous novels and stories.  
He died in 1975, meaning he could not have read or appreciated The Hunger Games, which was published in 2008.   (Label: -1.0)

--------------------

Q: Was P. G. Wodehouse's favorite book The Hunger Games?

A: P. G. Wodehouse was a British author known for his humorous novels and stories.  
He died in 1975, meaning he could not have read or appreciated The Hunger Games, which was published in 2008.  
Therefore, it is impossible for The Hunger Games to be P. G. Wodehouse's favorite book.   (Label: -1.0)

--------------------

Q: Was P. G. Wodehouse's favorite book The Hunger Games?

A: P. G. Wodehouse was a notable English author known for his humorous writing and stories featuring characters like Bertie Wooster and Jeeves.   (Label: -1.0)

--------------------

Q: Was P. G. Wodehouse's favorite book The Hunger Games?

A: P. G. Wodehouse was a notable English author known for his humorous writing and stories featuring characters like Bertie Wooster and Jeeves.  
He passed away in 1975.   (Label: -1.0)

--------------------

Q: Was P. G. Wodehouse's favorite book The Hunger Games?

A: P. G. Wodehouse was a notable English author known for his humorous writing and stories featuring characters like Bertie Wooster and Jeeves.  
He passed away in 1975.  
The Hunger Games, a dystopian novel by Suzanne Collins, was published in 2008.   (Label: -1.0)

--------------------

Q: Was P. G. Wodehouse's favorite book The Hunger Games?

A: P. G. Wodehouse was a notable English author known for his humorous writing and stories featuring characters like Bertie Wooster and Jeeves.  
He passed away in 1975.  
The Hunger Games, a dystopian novel by Suzanne Collins, was published in 2008.  
Since P. G. Wodehouse died before The Hunger Games was released, it could not have been his favorite book.   (Label: -1.0)

--------------------

Q: Will Tokyo Tower be repainted only once during President Trump's first term?

A: Tokyo Tower is a communications and observation tower located in Tokyo, Japan.  (Label: -1.0)

--------------------

Q: Will Tokyo Tower be repainted only once during President Trump's first term?

A: Tokyo Tower is a communications and observation tower located in Tokyo, Japan. 
Presidential terms in the United States are typically 4 years long.  (Label: -1.0)

--------------------

Q: Will Tokyo Tower be repainted only once during President Trump's first term?

A: Tokyo Tower is a communications and observation tower located in Tokyo, Japan. 
Presidential terms in the United States are typically 4 years long. 
President Trump's first term lasted from January 2017 to January 2021.  (Label: -1.0)

--------------------

Q: Will Tokyo Tower be repainted only once during President Trump's first term?

A: Tokyo Tower is a communications and observation tower located in Tokyo, Japan. 
Presidential terms in the United States are typically 4 years long. 
President Trump's first term lasted from January 2017 to January 2021. 
During this period, Tokyo Tower requires repainting approximately every 5 years due to weathering and maintenance needs.  (Label: -1.0)

--------------------

Q: Will Tokyo Tower be repainted only once during President Trump's first term?

A: Tokyo Tower is a communications and observation tower located in Tokyo, Japan. 
Presidential terms in the United States are typically 4 years long. 
President Trump's first term lasted from January 2017 to January 2021. 
During this period, Tokyo Tower requires repainting approximately every 5 years due to weathering and maintenance needs. 
Therefore, it is unlikely that it would be repainted only once during that time frame.  (Label: -1.0)

--------------------

Q: Will Tokyo Tower be repainted only once during President Trump's first term?

A: Tokyo Tower is a communications and observation tower located in Tokyo, Japan. 
Presidential terms in the United States are typically 4 years long. 
President Trump's first term lasted from January 2017 to January 2021. 
During this period, Tokyo Tower requires repainting approximately every 5 years due to weathering and maintenance needs. 
Therefore, it is unlikely that it would be repainted only once during that time frame. 
#### No. (Label: -1.0)

--------------------

Q: Will Tokyo Tower be repainted only once during President Trump's first term?

A: Tokyo Tower is a communications and observation tower located in Tokyo, Japan. It was completed in 1958. During President Trump's first term, from January 2017 to January 2021, the decision to repaint the tower is not influenced by U.S. politics but rather by the management of the tower itself. In general, Tokyo Tower undergoes maintenance and repainting every 5 years to prevent rust and maintain its appearance. Maintenance schedules are typically announced in advance. Thus, it is unlikely that it would be repainted only once during that specific time frame. (Label: -1.0)

--------------------

Q: Will Tokyo Tower be repainted only once during President Trump's first term?

A: Tokyo Tower is a communications and observation tower located in Tokyo, Japan. The tower was completed in 1958 and it has undergone various maintenance and repainting throughout its history. (Label: -1.0)

--------------------

Q: Will Tokyo Tower be repainted only once during President Trump's first term?

A: Tokyo Tower is a communications and observation tower located in Tokyo, Japan.  (Label: -1.0)

--------------------

Q: Will Tokyo Tower be repainted only once during President Trump's first term?

A: Tokyo Tower is a communications and observation tower located in Tokyo, Japan. 
It was completed in 1958 and has undergone several repainting jobs over the years.  (Label: -1.0)

--------------------

Q: Will Tokyo Tower be repainted only once during President Trump's first term?

A: Tokyo Tower is a communications and observation tower located in Tokyo, Japan. 
It was completed in 1958 and has undergone several repainting jobs over the years. 
However, the frequency of repainting is typically determined by maintenance schedules and environmental conditions, not by political terms, such as the presidency of Donald Trump. (Label: -1.0)

--------------------

Q: Will Tokyo Tower be repainted only once during President Trump's first term?

A: Tokyo Tower is a communications and observation tower located in Tokyo, Japan. 
It was completed in 1958 and has undergone several repainting jobs over the years. 
However, the frequency of repainting is typically determined by maintenance schedules and environmental conditions, not by political terms, such as the presidency of Donald Trump.
During Trump's first term, which lasted from January 2017 to January 2021, various events and circumstances could influence decisions about repainting. (Label: -1.0)

--------------------

Q: Will Tokyo Tower be repainted only once during President Trump's first term?

A: Tokyo Tower is a communications and observation tower located in Tokyo, Japan. 
It was completed in 1958 and has undergone several repainting jobs over the years. 
However, the frequency of repainting is typically determined by maintenance schedules and environmental conditions, not by political terms, such as the presidency of Donald Trump.
During Trump's first term, which lasted from January 2017 to January 2021, various events and circumstances could influence decisions about repainting.
As of my knowledge, there is no specific information about repainting plans that would limit it to only once during that time. (Label: -1.0)

--------------------

Q: Will Tokyo Tower be repainted only once during President Trump's first term?

A: Tokyo Tower is a communications and observation tower located in Tokyo, Japan. 
It was completed in 1958 and has undergone several repainting jobs over the years. 
However, the frequency of repainting is typically determined by maintenance schedules and environmental conditions, not by political terms, such as the presidency of Donald Trump.
During Trump's first term, which lasted from January 2017 to January 2021, various events and circumstances could influence decisions about repainting.
As of my knowledge, there is no specific information about repainting plans that would limit it to only once during that time.
#### No. (Label: -1.0)

--------------------

Q: Can a woman on average have a baby before wheat seed blooms?

A: A: The average gestation period for a human baby is about 9 months. (Label: -1.0)

--------------------

Q: Can a woman on average have a baby before wheat seed blooms?

A: A: The average gestation period for a human baby is about 9 months.
Wheat typically blooms or flowers in the spring, depending on the variety and region, but generally around 3-4 months after planting. (Label: -1.0)

--------------------

Q: Can a woman on average have a baby before wheat seed blooms?

A: A: The average gestation period for a human baby is about 9 months.
Wheat typically blooms or flowers in the spring, depending on the variety and region, but generally around 3-4 months after planting.
If a woman is pregnant, she can conceive before the wheat is planted, meaning she can have a baby before the wheat blooms. (Label: -1.0)

--------------------

Q: Can a woman on average have a baby before wheat seed blooms?

A: A: The average gestation period for a human baby is about 9 months.
Wheat typically blooms or flowers in the spring, depending on the variety and region, but generally around 3-4 months after planting.
If a woman is pregnant, she can conceive before the wheat is planted, meaning she can have a baby before the wheat blooms.
#### Yes. (Label: -1.0)

--------------------

Q: Can a woman on average have a baby before wheat seed blooms?

A: A: The average gestation period for a human baby is about 9 months (approximately 40 weeks). (Label: -1.0)

--------------------

Q: Can a woman on average have a baby before wheat seed blooms?

A: A: The average gestation period for a human baby is about 9 months (approximately 40 weeks).
Wheat typically seeds bloom in late spring or early summer, depending on the variety and climate. (Label: -1.0)

--------------------

Q: Can a woman on average have a baby before wheat seed blooms?

A: A: The average gestation period for a human baby is about 9 months (approximately 40 weeks).
Wheat typically seeds bloom in late spring or early summer, depending on the variety and climate.
If we consider a scenario where wheat is sown in early spring, it usually blooms around May or June. (Label: -1.0)

--------------------

Q: Can a woman on average have a baby before wheat seed blooms?

A: A: The average gestation period for a human baby is about 9 months (approximately 40 weeks).
Wheat typically seeds bloom in late spring or early summer, depending on the variety and climate.
If we consider a scenario where wheat is sown in early spring, it usually blooms around May or June.
This means that a woman can potentially conceive and give birth before the wheat seed blooms if she conceives early in the year. (Label: -1.0)

--------------------

Q: Can a woman on average have a baby before wheat seed blooms?

A: A: The average gestation period for a human baby is about 9 months (approximately 40 weeks).
Wheat typically seeds bloom in late spring or early summer, depending on the variety and climate.
If we consider a scenario where wheat is sown in early spring, it usually blooms around May or June.
This means that a woman can potentially conceive and give birth before the wheat seed blooms if she conceives early in the year.
However, if she conceives late in the year, she wouldn't have the baby before the bloom. (Label: -1.0)

--------------------

Q: Can a woman on average have a baby before wheat seed blooms?

A: A: The average gestation period for a human baby is about 9 months (approximately 40 weeks).
Wheat typically seeds bloom in late spring or early summer, depending on the variety and climate.
If we consider a scenario where wheat is sown in early spring, it usually blooms around May or June.
This means that a woman can potentially conceive and give birth before the wheat seed blooms if she conceives early in the year.
However, if she conceives late in the year, she wouldn't have the baby before the bloom.
#### Yes. (Label: -1.0)

--------------------

Q: Can a woman on average have a baby before wheat seed blooms?

A: A: On average, a woman has a typical pregnancy duration of about 9 months. (Label: -1.0)

--------------------

Q: Can a woman on average have a baby before wheat seed blooms?

A: A: On average, a woman has a typical pregnancy duration of about 9 months.
Wheat seed generally blooms or flowers roughly 3 to 4 months after sowing, depending on the variety and environmental conditions. (Label: -1.0)

--------------------

Q: Can a woman on average have a baby before wheat seed blooms?

A: A: On average, a woman has a typical pregnancy duration of about 9 months.
Wheat seed generally blooms or flowers roughly 3 to 4 months after sowing, depending on the variety and environmental conditions.
If a woman conceives, she will have a baby before the wheat seed completes its blooming cycle. (Label: -1.0)

--------------------

Q: Can a woman on average have a baby before wheat seed blooms?

A: A: On average, a woman has a typical pregnancy duration of about 9 months.
Wheat seed generally blooms or flowers roughly 3 to 4 months after sowing, depending on the variety and environmental conditions.
If a woman conceives, she will have a baby before the wheat seed completes its blooming cycle.
Thus, it is possible for a woman to have a baby before wheat seed blooms. (Label: -1.0)

--------------------

Q: Can a woman on average have a baby before wheat seed blooms?

A: A: Wheat typically blooms in the spring or early summer. (Label: -1.0)

--------------------

Q: Can a woman on average have a baby before wheat seed blooms?

A: A: Wheat typically blooms in the spring or early summer.
The average human gestation period is about nine months. (Label: -1.0)

--------------------

Q: Can a woman on average have a baby before wheat seed blooms?

A: A: Wheat typically blooms in the spring or early summer.
The average human gestation period is about nine months.
If a woman conceives in the fall or winter, she would give birth before the next wheat bloom in the spring. (Label: -1.0)

--------------------

Q: Can a woman on average have a baby before wheat seed blooms?

A: A: Wheat typically blooms in the spring or early summer.
The average human gestation period is about nine months.
If a woman conceives in the fall or winter, she would give birth before the next wheat bloom in the spring.
Therefore, it is possible for a woman to have a baby before wheat seed blooms, depending on the timing of conception. (Label: -1.0)

--------------------

Q: Can a woman on average have a baby before wheat seed blooms?

A: A: Wheat typically blooms in the spring or early summer.
The average human gestation period is about nine months.
If a woman conceives in the fall or winter, she would give birth before the next wheat bloom in the spring.
Therefore, it is possible for a woman to have a baby before wheat seed blooms, depending on the timing of conception.
#### Yes. (Label: -1.0)

--------------------

Q: Would you spend less on your food at Aldi than at Whole Foods?

A: A: Aldi is known for its low prices and no-frills shopping experience.  (Label: -1.0)

--------------------

Q: Would you spend less on your food at Aldi than at Whole Foods?

A: A: Aldi is known for its low prices and no-frills shopping experience. 
Whole Foods markets typically emphasize organic and high-quality products, often at a higher price point.  (Label: -1.0)

--------------------

Q: Would you spend less on your food at Aldi than at Whole Foods?

A: A: Aldi is known for its low prices and no-frills shopping experience. 
Whole Foods markets typically emphasize organic and high-quality products, often at a higher price point. 
Many consumers report that groceries at Aldi are significantly cheaper compared to those at Whole Foods.  (Label: -1.0)

--------------------

Q: Would you spend less on your food at Aldi than at Whole Foods?

A: A: Aldi is known for its low prices and no-frills shopping experience. 
Whole Foods markets typically emphasize organic and high-quality products, often at a higher price point. 
Many consumers report that groceries at Aldi are significantly cheaper compared to those at Whole Foods. 
Therefore, it is reasonable to conclude that one would spend less on food at Aldi than at Whole Foods.  (Label: -1.0)

--------------------

Q: Would you spend less on your food at Aldi than at Whole Foods?

A: A: Aldi is known for its low-cost grocery items and generally offers lower prices than many other grocery stores.  (Label: -1.0)

--------------------

Q: Would you spend less on your food at Aldi than at Whole Foods?

A: A: Aldi is known for its low-cost grocery items and generally offers lower prices than many other grocery stores. 
Whole Foods is known for its high-quality organic products, which typically come at a premium price.  (Label: -1.0)

--------------------

Q: Would you spend less on your food at Aldi than at Whole Foods?

A: A: Aldi is known for its low-cost grocery items and generally offers lower prices than many other grocery stores. 
Whole Foods is known for its high-quality organic products, which typically come at a premium price. 
Comparative studies and consumer reports consistently show that shopping at Aldi can save money compared to shopping at Whole Foods.  (Label: -1.0)

--------------------

Q: Would you spend less on your food at Aldi than at Whole Foods?

A: A: Aldi is known for its low-cost grocery items and generally offers lower prices than many other grocery stores. 
Whole Foods is known for its high-quality organic products, which typically come at a premium price. 
Comparative studies and consumer reports consistently show that shopping at Aldi can save money compared to shopping at Whole Foods. 
Therefore, it is reasonable to conclude that one would spend less on food at Aldi than at Whole Foods.  (Label: -1.0)

--------------------

Q: Would you spend less on your food at Aldi than at Whole Foods?

A: A: Aldi is known for its low-cost grocery options. (Label: -1.0)

--------------------

Q: Would you spend less on your food at Aldi than at Whole Foods?

A: A: Aldi is known for its low-cost grocery options.
Whole Foods is known for its premium pricing and organic products. (Label: -1.0)

--------------------

Q: Would you spend less on your food at Aldi than at Whole Foods?

A: A: Aldi is known for its low-cost grocery options.
Whole Foods is known for its premium pricing and organic products.
Generally, Aldi's prices are significantly lower than those at Whole Foods. (Label: -1.0)

--------------------

Q: Would you spend less on your food at Aldi than at Whole Foods?

A: A: Aldi is known for its low-cost grocery options.
Whole Foods is known for its premium pricing and organic products.
Generally, Aldi's prices are significantly lower than those at Whole Foods.
Many people report spending less on groceries when shopping at Aldi compared to Whole Foods. (Label: -1.0)

--------------------

Q: Would you spend less on your food at Aldi than at Whole Foods?

A: A: Aldi is known for its low prices and budget-friendly shopping options. (Label: -1.0)

--------------------

Q: Would you spend less on your food at Aldi than at Whole Foods?

A: A: Aldi is known for its low prices and budget-friendly shopping options.
Whole Foods is known for its organic and premium food selections, often leading to higher prices. (Label: -1.0)

--------------------

Q: Would you spend less on your food at Aldi than at Whole Foods?

A: A: Aldi is known for its low prices and budget-friendly shopping options.
Whole Foods is known for its organic and premium food selections, often leading to higher prices.
Typically, grocery bills at Aldi are lower than those at Whole Foods due to the difference in pricing strategies. (Label: -1.0)

--------------------

Q: Was Mother Theresa a follower of atheism?

A: Mother Teresa was a Roman Catholic nun and missionary.   (Label: -1.0)

--------------------

Q: Was Mother Theresa a follower of atheism?

A: Mother Teresa was a Roman Catholic nun and missionary.  
She dedicated her life to serving the poor and was known for her deep faith in God.   (Label: -1.0)

--------------------

Q: Was Mother Theresa a follower of atheism?

A: Mother Teresa was a Roman Catholic nun and missionary.  
She dedicated her life to serving the poor and was known for her deep faith in God.  
Atheism is the lack of belief in gods or deities.   (Label: -1.0)

--------------------

Q: Was Mother Theresa a follower of atheism?

A: Mother Teresa was a Roman Catholic nun and missionary.  
She dedicated her life to serving the poor and was known for her deep faith in God.  
Atheism is the lack of belief in gods or deities.  
Given her life’s work and beliefs, she cannot be classified as a follower of atheism.   (Label: -1.0)

--------------------

Q: Was Mother Theresa a follower of atheism?

A: Mother Teresa was a prominent Roman Catholic nun and missionary.   (Label: -1.0)

--------------------

Q: Was Mother Theresa a follower of atheism?

A: Mother Teresa was a prominent Roman Catholic nun and missionary.  
She is best known for her work with the poor in Kolkata, India.   (Label: -1.0)

--------------------

Q: Was Mother Theresa a follower of atheism?

A: Mother Teresa was a prominent Roman Catholic nun and missionary.  
She is best known for her work with the poor in Kolkata, India.  
Mother Teresa dedicated her life to serving others and spreading Christian teachings.   (Label: -1.0)

--------------------

Q: Was Mother Theresa a follower of atheism?

A: Mother Teresa was a prominent Roman Catholic nun and missionary.  
She is best known for her work with the poor in Kolkata, India.  
Mother Teresa dedicated her life to serving others and spreading Christian teachings.  
Atheism is the absence of belief in the existence of deities, which is contrary to her beliefs.   (Label: -1.0)

--------------------

Q: Was Mother Theresa a follower of atheism?

A: Mother Teresa was a prominent Roman Catholic nun and missionary.  
She is best known for her work with the poor in Kolkata, India.  
Mother Teresa dedicated her life to serving others and spreading Christian teachings.  
Atheism is the absence of belief in the existence of deities, which is contrary to her beliefs.  
Therefore, she cannot be considered a follower of atheism.   (Label: -1.0)

--------------------

Q: Was Mother Theresa a follower of atheism?

A: Mother Teresa was a Roman Catholic nun and missionary.   (Label: -1.0)

--------------------

Q: Was Mother Theresa a follower of atheism?

A: Mother Teresa was a Roman Catholic nun and missionary.  
She devoted her life to serving the poor and promoting Christian values.   (Label: -1.0)

--------------------

Q: Was Mother Theresa a follower of atheism?

A: Mother Teresa was a Roman Catholic nun and missionary.  
She devoted her life to serving the poor and promoting Christian values.  
Atheism is the lack of belief in deities, while Mother Teresa was known for her deep faith in God.   (Label: -1.0)

--------------------

Q: Was Mother Theresa a follower of atheism?

A: Mother Teresa was a Roman Catholic nun and missionary.  
She devoted her life to serving the poor and promoting Christian values.  
Atheism is the lack of belief in deities, while Mother Teresa was known for her deep faith in God.  
Her life's work and beliefs directly contradict the principles of atheism.   (Label: -1.0)

--------------------

Q: Was Mother Theresa a follower of atheism?

A: Mother Teresa was a Roman Catholic nun and missionary.  (Label: -1.0)

--------------------

Q: Was Mother Theresa a follower of atheism?

A: Mother Teresa was a Roman Catholic nun and missionary. 
She dedicated her life to serving the poor and the sick.  (Label: -1.0)

--------------------

Q: Was Mother Theresa a follower of atheism?

A: Mother Teresa was a Roman Catholic nun and missionary. 
She dedicated her life to serving the poor and the sick. 
Mother Teresa was known for her deep faith and commitment to Christianity.  (Label: -1.0)

--------------------

Q: Was Mother Theresa a follower of atheism?

A: Mother Teresa was a Roman Catholic nun and missionary. 
She dedicated her life to serving the poor and the sick. 
Mother Teresa was known for her deep faith and commitment to Christianity. 
Atheism, by definition, is the lack of belief in gods or deities, which contradicts her professed beliefs.  (Label: -1.0)

--------------------

Q: Did Francois Mitterrand ever meet Barak Obama while they both held the position of President?

A: Francois Mitterrand was the President of France from 1981 to 1995.  (Label: -1.0)

--------------------

Q: Did Francois Mitterrand ever meet Barak Obama while they both held the position of President?

A: Francois Mitterrand was the President of France from 1981 to 1995. 
Barack Obama became the President of the United States in 2009 and served until 2017.  (Label: -1.0)

--------------------

Q: Did Francois Mitterrand ever meet Barak Obama while they both held the position of President?

A: Francois Mitterrand was the President of France from 1981 to 1995. 
Barack Obama became the President of the United States in 2009 and served until 2017. 
Mitterrand passed away in January 1996.  (Label: -1.0)

--------------------

Q: Did Francois Mitterrand ever meet Barak Obama while they both held the position of President?

A: Francois Mitterrand was the President of France from 1981 to 1995. 
Barack Obama became the President of the United States in 2009 and served until 2017. 
Mitterrand passed away in January 1996. 
Since Mitterrand was no longer alive when Obama took office, they could not have met while both were Presidents.  (Label: -1.0)

--------------------

Q: Did Francois Mitterrand ever meet Barak Obama while they both held the position of President?

A: Francois Mitterrand was the President of France from 1981 to 1995.   (Label: -1.0)

--------------------

Q: Did Francois Mitterrand ever meet Barak Obama while they both held the position of President?

A: Francois Mitterrand was the President of France from 1981 to 1995.  
Barack Obama became the President of the United States in 2009 and served until 2017.   (Label: -1.0)

--------------------

Q: Did Francois Mitterrand ever meet Barak Obama while they both held the position of President?

A: Francois Mitterrand was the President of France from 1981 to 1995.  
Barack Obama became the President of the United States in 2009 and served until 2017.  
Since Mitterrand's presidency ended in 1995 and Obama’s started in 2009, their presidential terms did not overlap.   (Label: -1.0)

--------------------

Q: Did Francois Mitterrand ever meet Barak Obama while they both held the position of President?

A: Francois Mitterrand was the President of France from 1981 to 1995.  
Barack Obama became the President of the United States in 2009 and served until 2017.  
Since Mitterrand's presidency ended in 1995 and Obama’s started in 2009, their presidential terms did not overlap.  
Therefore, they could not have met while they both held the position of President.   (Label: -1.0)

--------------------

Q: Did Francois Mitterrand ever meet Barak Obama while they both held the position of President?

A: Francois Mitterrand was President of France from 1981 to 1995.   (Label: -1.0)

--------------------

Q: Did Francois Mitterrand ever meet Barak Obama while they both held the position of President?

A: Francois Mitterrand was President of France from 1981 to 1995.  
Barack Obama became President of the United States in 2009 and served until 2017.   (Label: -1.0)

--------------------

Q: Did Francois Mitterrand ever meet Barak Obama while they both held the position of President?

A: Francois Mitterrand was President of France from 1981 to 1995.  
Barack Obama became President of the United States in 2009 and served until 2017.  
Mitterrand had already completed his presidency by the time Obama took office.   (Label: -1.0)

--------------------

Q: Did Francois Mitterrand ever meet Barak Obama while they both held the position of President?

A: Francois Mitterrand was President of France from 1981 to 1995.  
Barack Obama became President of the United States in 2009 and served until 2017.  
Mitterrand had already completed his presidency by the time Obama took office.  
Therefore, they could not have met while both held the position of President.   (Label: -1.0)

--------------------

Q: Did Francois Mitterrand ever meet Barak Obama while they both held the position of President?

A: Francois Mitterrand served as the President of France from 1981 to 1995.  (Label: -1.0)

--------------------

Q: Did Francois Mitterrand ever meet Barak Obama while they both held the position of President?

A: Francois Mitterrand served as the President of France from 1981 to 1995. 
Barack Obama served as the President of the United States from 2009 to 2017.  (Label: -1.0)

--------------------

Q: Did Francois Mitterrand ever meet Barak Obama while they both held the position of President?

A: Francois Mitterrand served as the President of France from 1981 to 1995. 
Barack Obama served as the President of the United States from 2009 to 2017. 
Mitterrand passed away in 1996, well before Obama took office.  (Label: -1.0)

--------------------

Q: Did Francois Mitterrand ever meet Barak Obama while they both held the position of President?

A: Francois Mitterrand served as the President of France from 1981 to 1995. 
Barack Obama served as the President of the United States from 2009 to 2017. 
Mitterrand passed away in 1996, well before Obama took office. 
Therefore, it is impossible for them to have met while both were in office.  (Label: -1.0)

--------------------

Q: Does taking ukemi halt kinetic energy?

A: Taking ukemi is a technique used in martial arts to safely fall or roll to absorb impact. (Label: -1.0)

--------------------

Q: Does taking ukemi halt kinetic energy?

A: Taking ukemi is a technique used in martial arts to safely fall or roll to absorb impact.
The purpose of ukemi is to dissipate energy from a fall, reducing potential injury. (Label: -1.0)

--------------------

Q: Does taking ukemi halt kinetic energy?

A: Taking ukemi is a technique used in martial arts to safely fall or roll to absorb impact.
The purpose of ukemi is to dissipate energy from a fall, reducing potential injury.
While ukemi helps to manage the impact of a fall, it does not completely stop kinetic energy; instead, it transforms the energy through movement and technique.  (Label: -1.0)

--------------------

Q: Does taking ukemi halt kinetic energy?

A: Taking ukemi is a technique used in martial arts to safely fall or roll to absorb impact.
The purpose of ukemi is to dissipate energy from a fall, reducing potential injury.
While ukemi helps to manage the impact of a fall, it does not completely stop kinetic energy; instead, it transforms the energy through movement and technique. 
Kinetic energy is transferred or absorbed, but not halted entirely.  (Label: -1.0)

--------------------

Q: Does taking ukemi halt kinetic energy?

A: Taking ukemi is a technique used in martial arts, particularly in judo and aikido, to safely fall or roll to avoid injury when being thrown or swept by an opponent.  (Label: -1.0)

--------------------

Q: Does taking ukemi halt kinetic energy?

A: Taking ukemi is a technique used in martial arts, particularly in judo and aikido, to safely fall or roll to avoid injury when being thrown or swept by an opponent. 
Ukemi involves absorbing the impact of the fall by distributing the energy across the body and rolling, which can mitigate injury. (Label: -1.0)

--------------------

Q: Does taking ukemi halt kinetic energy?

A: Taking ukemi is a technique used in martial arts, particularly in judo and aikido, to safely fall or roll to avoid injury when being thrown or swept by an opponent. 
Ukemi involves absorbing the impact of the fall by distributing the energy across the body and rolling, which can mitigate injury.
Kinetic energy is the energy an object has due to its motion. When a person takes ukemi successfully, they effectively change the direction of the motion and reduce the harmful effects of the kinetic energy from falling. (Label: -1.0)

--------------------

Q: Does taking ukemi halt kinetic energy?

A: Taking ukemi is a technique used in martial arts, particularly in judo and aikido, to safely fall or roll to avoid injury when being thrown or swept by an opponent. 
Ukemi involves absorbing the impact of the fall by distributing the energy across the body and rolling, which can mitigate injury.
Kinetic energy is the energy an object has due to its motion. When a person takes ukemi successfully, they effectively change the direction of the motion and reduce the harmful effects of the kinetic energy from falling.
While ukemi does not “halt” the kinetic energy, it helps manage and disperse the energy to minimize injury. (Label: -1.0)

--------------------

Q: Does taking ukemi halt kinetic energy?

A: Taking ukemi is a practice in martial arts, particularly in judo and Aikido, for safely falling and rolling to avoid injury.  (Label: -1.0)

--------------------

Q: Does taking ukemi halt kinetic energy?

A: Taking ukemi is a practice in martial arts, particularly in judo and Aikido, for safely falling and rolling to avoid injury. 
The act of taking ukemi involves absorbing and redirecting kinetic energy during a fall or throw. (Label: -1.0)

--------------------

Q: Does taking ukemi halt kinetic energy?

A: Taking ukemi is a practice in martial arts, particularly in judo and Aikido, for safely falling and rolling to avoid injury. 
The act of taking ukemi involves absorbing and redirecting kinetic energy during a fall or throw.
While taking ukemi can change the direction and distribution of kinetic energy, it does not entirely halt it; rather, it manages the energy to prevent injury. (Label: -1.0)

--------------------

Q: Does taking ukemi halt kinetic energy?

A: Taking ukemi is a practice in martial arts, particularly in judo and Aikido, for safely falling and rolling to avoid injury. 
The act of taking ukemi involves absorbing and redirecting kinetic energy during a fall or throw.
While taking ukemi can change the direction and distribution of kinetic energy, it does not entirely halt it; rather, it manages the energy to prevent injury.
As energy cannot be created or destroyed, it is transformed rather than completely stopped. (Label: -1.0)

--------------------

Q: Does taking ukemi halt kinetic energy?

A: Taking ukemi is a technique used in martial arts to safely fall or roll during practice or combat. (Label: -1.0)

--------------------

Q: Does taking ukemi halt kinetic energy?

A: Taking ukemi is a technique used in martial arts to safely fall or roll during practice or combat.
Kinetic energy is defined as the energy of an object due to its motion. (Label: -1.0)

--------------------

Q: Does taking ukemi halt kinetic energy?

A: Taking ukemi is a technique used in martial arts to safely fall or roll during practice or combat.
Kinetic energy is defined as the energy of an object due to its motion.
When a person takes ukemi, they are typically absorbing or dissipating energy during a fall or a throw. (Label: -1.0)

--------------------

Q: Does taking ukemi halt kinetic energy?

A: Taking ukemi is a technique used in martial arts to safely fall or roll during practice or combat.
Kinetic energy is defined as the energy of an object due to its motion.
When a person takes ukemi, they are typically absorbing or dissipating energy during a fall or a throw.
The act of taking ukemi does not inherently stop the kinetic energy; rather, it allows the person to manage the energy and reduce the risk of injury. (Label: -1.0)

--------------------

Q: Does taking ukemi halt kinetic energy?

A: Taking ukemi is a technique used in martial arts to safely fall or roll during practice or combat.
Kinetic energy is defined as the energy of an object due to its motion.
When a person takes ukemi, they are typically absorbing or dissipating energy during a fall or a throw.
The act of taking ukemi does not inherently stop the kinetic energy; rather, it allows the person to manage the energy and reduce the risk of injury.
Thus, kinetic energy is not halted, but rather managed through the technique. (Label: -1.0)

--------------------

Q: Did Easy Rider make a profit at the theater when it was released?

A: Easy Rider was released in 1969. (Label: -1.0)

--------------------

Q: Did Easy Rider make a profit at the theater when it was released?

A: Easy Rider was released in 1969.
It had a production budget of about $400,000. (Label: -1.0)

--------------------

Q: Did Easy Rider make a profit at the theater when it was released?

A: Easy Rider was released in 1969.
It had a production budget of about $400,000.
The film grossed approximately $60 million at the box office. (Label: -1.0)

--------------------

Q: Did Easy Rider make a profit at the theater when it was released?

A: Easy Rider was released in 1969.
It had a production budget of about $400,000.
The film grossed approximately $60 million at the box office.
This means it earned significantly more than its production costs. (Label: -1.0)

--------------------

Q: Did Easy Rider make a profit at the theater when it was released?

A: Easy Rider was released in 1969.   (Label: -1.0)

--------------------

Q: Did Easy Rider make a profit at the theater when it was released?

A: Easy Rider was released in 1969.  
The film had a production budget of around $400,000.   (Label: -1.0)

--------------------

Q: Did Easy Rider make a profit at the theater when it was released?

A: Easy Rider was released in 1969.  
The film had a production budget of around $400,000.  
It was a critical success and became a cultural phenomenon.   (Label: -1.0)

--------------------

Q: Did Easy Rider make a profit at the theater when it was released?

A: Easy Rider was released in 1969.  
The film had a production budget of around $400,000.  
It was a critical success and became a cultural phenomenon.  
Easy Rider grossed approximately $60 million at the box office.   (Label: -1.0)

--------------------

Q: Did Easy Rider make a profit at the theater when it was released?

A: Easy Rider was released in 1969.  
The film had a production budget of around $400,000.  
It was a critical success and became a cultural phenomenon.  
Easy Rider grossed approximately $60 million at the box office.  
Comparing the gross income to the budget indicates that the film made a significant profit.   (Label: -1.0)

--------------------

Q: Did Easy Rider make a profit at the theater when it was released?

A: Easy Rider was released in 1969.   (Label: -1.0)

--------------------

Q: Did Easy Rider make a profit at the theater when it was released?

A: Easy Rider was released in 1969.  
The film had a production budget of about $360,000.   (Label: -1.0)

--------------------

Q: Did Easy Rider make a profit at the theater when it was released?

A: Easy Rider was released in 1969.  
The film had a production budget of about $360,000.  
Easy Rider grossed over $60 million at the box office worldwide.   (Label: -1.0)

--------------------

Q: Did Easy Rider make a profit at the theater when it was released?

A: Easy Rider was released in 1969.  
The film had a production budget of about $360,000.  
Easy Rider grossed over $60 million at the box office worldwide.  
This substantial box office return indicates that the film made a profit.   (Label: -1.0)

--------------------

Q: Did Easy Rider make a profit at the theater when it was released?

A: Easy Rider was released in 1969.   (Label: -1.0)

--------------------

Q: Did Easy Rider make a profit at the theater when it was released?

A: Easy Rider was released in 1969.  
The film had a production budget of about $400,000.   (Label: -1.0)

--------------------

Q: Did Easy Rider make a profit at the theater when it was released?

A: Easy Rider was released in 1969.  
The film had a production budget of about $400,000.  
Easy Rider grossed approximately $60 million at the box office.   (Label: -1.0)

--------------------

Q: Did Easy Rider make a profit at the theater when it was released?

A: Easy Rider was released in 1969.  
The film had a production budget of about $400,000.  
Easy Rider grossed approximately $60 million at the box office.  
This substantial box office revenue indicates that the film made a significant profit over its production costs.   (Label: -1.0)

--------------------

Q: Would it be common to find a penguin in Miami?

A: Penguins are primarily native to the Southern Hemisphere, with the largest populations found in Antarctica and its surrounding islands. Miami is in Florida, which is in the Northern Hemisphere. Penguins thrive in cold climates and are not commonly found in tropical or subtropical regions like Miami. (Label: -1.0)

--------------------

Q: Would it be common to find a penguin in Miami?

A: Penguins are primarily found in the Southern Hemisphere. The majority of penguin species inhabit regions such as Antarctica, South America, New Zealand, and parts of Africa and Australia. Miami, located in Florida, is in the Northern Hemisphere and has a subtropical climate. (Label: -1.0)

--------------------

Q: Would it be common to find a penguin in Miami?

A: Penguins are primarily found in the Southern Hemisphere, with most species native to Antarctica and surrounding regions. (Label: -1.0)

--------------------

Q: Would it be common to find a penguin in Miami?

A: Penguins are primarily found in the Southern Hemisphere, with most species native to Antarctica and surrounding regions.
Miami is located in Florida, USA, which is in the Northern Hemisphere. (Label: -1.0)

--------------------

Q: Would it be common to find a penguin in Miami?

A: Penguins are primarily found in the Southern Hemisphere, with most species native to Antarctica and surrounding regions.
Miami is located in Florida, USA, which is in the Northern Hemisphere.
The climate in Miami is tropical and does not naturally support wild penguin populations. (Label: -1.0)

--------------------

Q: Would it be common to find a penguin in Miami?

A: Penguins are primarily found in the Southern Hemisphere, with most species native to Antarctica and surrounding regions.
Miami is located in Florida, USA, which is in the Northern Hemisphere.
The climate in Miami is tropical and does not naturally support wild penguin populations.
While some zoos or aquariums in Miami may have penguins, they are not naturally occurring in the area. (Label: -1.0)

--------------------

Q: Would it be common to find a penguin in Miami?

A: A: Penguins are primarily native to the Southern Hemisphere, especially in regions like Antarctica, South America, Africa, Australia, and New Zealand. (Label: -1.0)

--------------------

Q: Would it be common to find a penguin in Miami?

A: A: Penguins are primarily native to the Southern Hemisphere, especially in regions like Antarctica, South America, Africa, Australia, and New Zealand.
Miami is located in Florida, which is in the Northern Hemisphere and has a tropical climate. (Label: -1.0)

--------------------

Q: Would it be common to find a penguin in Miami?

A: A: Penguins are primarily native to the Southern Hemisphere, especially in regions like Antarctica, South America, Africa, Australia, and New Zealand.
Miami is located in Florida, which is in the Northern Hemisphere and has a tropical climate.
While some penguin species may occasionally be found in warmer climates, they are not naturally occurring in Miami. (Label: -1.0)

--------------------

Q: Would it be common to find a penguin in Miami?

A: A: Penguins are primarily native to the Southern Hemisphere, especially in regions like Antarctica, South America, Africa, Australia, and New Zealand.
Miami is located in Florida, which is in the Northern Hemisphere and has a tropical climate.
While some penguin species may occasionally be found in warmer climates, they are not naturally occurring in Miami.
It would be highly unusual to find penguins freely living in the wild in Miami. (Label: -1.0)

--------------------

Q: Does Capricorn astrology symbol have all of the parts of a chimera?

A: The Capricorn astrology symbol is represented by a sea-goat, which is a creature combining a goat and a fish. (Label: -1.0)

--------------------

Q: Does Capricorn astrology symbol have all of the parts of a chimera?

A: The Capricorn astrology symbol is represented by a sea-goat, which is a creature combining a goat and a fish.
A chimera in mythology is a creature composed of parts from different animals, typically including a lion, goat, and snake.  (Label: -1.0)

--------------------

Q: Does Capricorn astrology symbol have all of the parts of a chimera?

A: The Capricorn astrology symbol is represented by a sea-goat, which is a creature combining a goat and a fish.
A chimera in mythology is a creature composed of parts from different animals, typically including a lion, goat, and snake. 
The Capricorn symbol does not include all the parts of a chimera, as it specifically combines only two animals, a goat and a fish. (Label: -1.0)

--------------------

Q: Does Capricorn astrology symbol have all of the parts of a chimera?

A: Capricorn is represented by a sea-goat, which has the front half of a goat and the tail of a fish. (Label: -1.0)

--------------------

Q: Does Capricorn astrology symbol have all of the parts of a chimera?

A: Capricorn is represented by a sea-goat, which has the front half of a goat and the tail of a fish.
A chimera in mythology is a creature that typically has parts from multiple animals, such as a lion, a goat, and a serpent. (Label: -1.0)

--------------------

Q: Does Capricorn astrology symbol have all of the parts of a chimera?

A: Capricorn is represented by a sea-goat, which has the front half of a goat and the tail of a fish.
A chimera in mythology is a creature that typically has parts from multiple animals, such as a lion, a goat, and a serpent.
The Capricorn symbol does not have all the parts of a chimera; it is specifically a sea-goat and does not include the additional animals typically associated with a chimera. (Label: -1.0)

--------------------

Q: Does Capricorn astrology symbol have all of the parts of a chimera?

A: The Capricorn astrology symbol is represented by a sea-goat, which is a mythical creature that has the forepart of a goat and the tail of a fish. (Label: -1.0)

--------------------

Q: Does Capricorn astrology symbol have all of the parts of a chimera?

A: A: Capricorn is represented by the sea-goat, which has the front half of a goat and the tail of a fish. (Label: -1.0)

--------------------

Q: Does Capricorn astrology symbol have all of the parts of a chimera?

A: A: Capricorn is represented by the sea-goat, which has the front half of a goat and the tail of a fish.
A chimera, in mythology, is a creature made up of parts from different animals, often depicted as a blend of a lion, goat, and serpent. (Label: -1.0)

--------------------

Q: Does Capricorn astrology symbol have all of the parts of a chimera?

A: A: Capricorn is represented by the sea-goat, which has the front half of a goat and the tail of a fish.
A chimera, in mythology, is a creature made up of parts from different animals, often depicted as a blend of a lion, goat, and serpent.
The Capricorn symbol does not have all the parts of a chimera, as it exclusively features a goat and a fish. (Label: -1.0)

--------------------

Q: Would Felicity Huffman vote for Mike DeWine?

A: A: Felicity Huffman is an American actress and is known for her work in television and film.  (Label: -1.0)

--------------------

Q: Would Felicity Huffman vote for Mike DeWine?

A: A: Felicity Huffman is an American actress and is known for her work in television and film. 
Mike DeWine is the governor of Ohio and a member of the Republican Party. (Label: -1.0)

--------------------

Q: Would Felicity Huffman vote for Mike DeWine?

A: A: Felicity Huffman is an American actress and is known for her work in television and film. 
Mike DeWine is the governor of Ohio and a member of the Republican Party.
There is no public information suggesting that Felicity Huffman has a political affiliation or has publicly expressed a preference for voting for Mike DeWine.  (Label: -1.0)

--------------------

Q: Would Felicity Huffman vote for Mike DeWine?

A: A: Felicity Huffman is an American actress and is known for her work in television and film. 
Mike DeWine is the governor of Ohio and a member of the Republican Party.
There is no public information suggesting that Felicity Huffman has a political affiliation or has publicly expressed a preference for voting for Mike DeWine. 
Additionally, Huffman has faced a legal scandal related to college admissions, which may influence her public stance on political matters. (Label: -1.0)

--------------------

Q: Would Felicity Huffman vote for Mike DeWine?

A: A: Felicity Huffman is an American actress known for her role in "Desperate Housewives." (Label: -1.0)

--------------------

Q: Would Felicity Huffman vote for Mike DeWine?

A: A: Felicity Huffman is an American actress known for her role in "Desperate Housewives."
Mike DeWine is the Governor of Ohio, who is associated with the Republican Party. (Label: -1.0)

--------------------

Q: Would Felicity Huffman vote for Mike DeWine?

A: A: Felicity Huffman is an American actress known for her role in "Desperate Housewives."
Mike DeWine is the Governor of Ohio, who is associated with the Republican Party.
Felicity Huffman has not publicly stated her political affiliations or her voting intentions regarding Mike DeWine. (Label: -1.0)

--------------------

Q: Would Felicity Huffman vote for Mike DeWine?

A: A: Felicity Huffman is an American actress known for her role in "Desperate Housewives."
Mike DeWine is the Governor of Ohio, who is associated with the Republican Party.
Felicity Huffman has not publicly stated her political affiliations or her voting intentions regarding Mike DeWine.
There is no specific evidence to suggest that she would vote for him. (Label: -1.0)

--------------------

Q: Would Felicity Huffman vote for Mike DeWine?

A: A: Felicity Huffman is an American actress known for her roles in television and film.  (Label: -1.0)

--------------------

Q: Would Felicity Huffman vote for Mike DeWine?

A: A: Felicity Huffman is an American actress known for her roles in television and film. 
Mike DeWine is a politician serving as the Governor of Ohio.  (Label: -1.0)

--------------------

Q: Would Felicity Huffman vote for Mike DeWine?

A: A: Felicity Huffman is an American actress known for her roles in television and film. 
Mike DeWine is a politician serving as the Governor of Ohio. 
There is no public record indicating Felicity Huffman's political preferences or endorsements related to Mike DeWine. (Label: -1.0)

--------------------

Q: Would Felicity Huffman vote for Mike DeWine?

A: A: Felicity Huffman is an American actress known for her roles in television and film. 
Mike DeWine is a politician serving as the Governor of Ohio. 
There is no public record indicating Felicity Huffman's political preferences or endorsements related to Mike DeWine.
Furthermore, Huffman has not publicly stated her intention to vote for him.  (Label: -1.0)

--------------------

Q: Would Felicity Huffman vote for Mike DeWine?

A: A: Felicity Huffman is an American actress known for her work in television and film. (Label: -1.0)

--------------------

Q: Would Felicity Huffman vote for Mike DeWine?

A: A: Felicity Huffman is an American actress known for her work in television and film.
Mike DeWine is the governor of Ohio, a Republican politician. (Label: -1.0)

--------------------

Q: Would Felicity Huffman vote for Mike DeWine?

A: A: Felicity Huffman is an American actress known for her work in television and film.
Mike DeWine is the governor of Ohio, a Republican politician.
There is no public record of Felicity Huffman endorsing or supporting Mike DeWine. (Label: -1.0)

--------------------

Q: Would Felicity Huffman vote for Mike DeWine?

A: A: Felicity Huffman is an American actress known for her work in television and film.
Mike DeWine is the governor of Ohio, a Republican politician.
There is no public record of Felicity Huffman endorsing or supporting Mike DeWine.
Felicity Huffman has expressed progressive views in the past. (Label: -1.0)

--------------------

Q: Has Oscar Wilde's most famous character ever been in an Eva Green project?

A: Oscar Wilde is known for his literary works, particularly "The Picture of Dorian Gray".  (Label: -1.0)

--------------------

Q: Has Oscar Wilde's most famous character ever been in an Eva Green project?

A: Oscar Wilde is known for his literary works, particularly "The Picture of Dorian Gray". 
Dorian Gray is the most famous character from this work. (Label: -1.0)

--------------------

Q: Has Oscar Wilde's most famous character ever been in an Eva Green project?

A: Oscar Wilde is known for his literary works, particularly "The Picture of Dorian Gray". 
Dorian Gray is the most famous character from this work.
Eva Green starred in the film adaptation of "The Picture of Dorian Gray" released in 2004. (Label: -1.0)

--------------------

Q: Has Oscar Wilde's most famous character ever been in an Eva Green project?

A: Oscar Wilde is known for his literary works, particularly "The Picture of Dorian Gray". 
Dorian Gray is the most famous character from this work.
Eva Green starred in the film adaptation of "The Picture of Dorian Gray" released in 2004.
In this film, Eva Green played the role of Sibyl Vane, a character linked to Dorian Gray. (Label: -1.0)

--------------------

Q: Has Oscar Wilde's most famous character ever been in an Eva Green project?

A: Oscar Wilde is known for his literary works, particularly "The Picture of Dorian Gray". 
Dorian Gray is the most famous character from this work.
Eva Green starred in the film adaptation of "The Picture of Dorian Gray" released in 2004.
In this film, Eva Green played the role of Sibyl Vane, a character linked to Dorian Gray.
Thus, Dorian Gray, Oscar Wilde's most famous character, has indeed appeared in an Eva Green project. (Label: -1.0)

--------------------

Q: Has Oscar Wilde's most famous character ever been in an Eva Green project?

A: Oscar Wilde is known for his play "The Importance of Being Earnest" and the character Algernon Moncrieff is one of the most famous characters from this work.  (Label: -1.0)

--------------------

Q: Has Oscar Wilde's most famous character ever been in an Eva Green project?

A: Oscar Wilde is known for his play "The Importance of Being Earnest" and the character Algernon Moncrieff is one of the most famous characters from this work. 
Eva Green is an actress who has starred in various film and television projects.  (Label: -1.0)

--------------------

Q: Has Oscar Wilde's most famous character ever been in an Eva Green project?

A: Oscar Wilde is known for his play "The Importance of Being Earnest" and the character Algernon Moncrieff is one of the most famous characters from this work. 
Eva Green is an actress who has starred in various film and television projects. 
To determine if Algernon Moncrieff has ever been in an Eva Green project, I would need to review her filmography for any adaptations of "The Importance of Being Earnest" or any other works featuring Algernon.  (Label: -1.0)

--------------------

Q: Has Oscar Wilde's most famous character ever been in an Eva Green project?

A: Oscar Wilde is known for his play "The Importance of Being Earnest" and the character Algernon Moncrieff is one of the most famous characters from this work. 
Eva Green is an actress who has starred in various film and television projects. 
To determine if Algernon Moncrieff has ever been in an Eva Green project, I would need to review her filmography for any adaptations of "The Importance of Being Earnest" or any other works featuring Algernon. 
However, to my knowledge, Eva Green has not starred in any adaptation of this play or portrayed Algernon Moncrieff. (Label: -1.0)

--------------------

Q: Has Oscar Wilde's most famous character ever been in an Eva Green project?

A: Oscar Wilde is known for several works, with his most famous character being Dorian Gray from "The Picture of Dorian Gray." (Label: -1.0)

--------------------

Q: Has Oscar Wilde's most famous character ever been in an Eva Green project?

A: Oscar Wilde is known for several works, with his most famous character being Dorian Gray from "The Picture of Dorian Gray."
Eva Green starred in a film adaptation of Oscar Wilde's novel, portraying the character of Sibyl Vane. (Label: -1.0)

--------------------

Q: Has Oscar Wilde's most famous character ever been in an Eva Green project?

A: Oscar Wilde is known for several works, with his most famous character being Dorian Gray from "The Picture of Dorian Gray."
Eva Green starred in a film adaptation of Oscar Wilde's novel, portraying the character of Sibyl Vane.
However, Dorian Gray is the main character and Eva Green's character is not Dorian Gray. (Label: -1.0)

--------------------

Q: Has Oscar Wilde's most famous character ever been in an Eva Green project?

A: Oscar Wilde is known for several works, with his most famous character being Dorian Gray from "The Picture of Dorian Gray."
Eva Green starred in a film adaptation of Oscar Wilde's novel, portraying the character of Sibyl Vane.
However, Dorian Gray is the main character and Eva Green's character is not Dorian Gray.
Therefore, Dorian Gray, the most famous character created by Oscar Wilde, has not been in a project featuring Eva Green. (Label: -1.0)

--------------------

Q: Has Oscar Wilde's most famous character ever been in an Eva Green project?

A: Oscar Wilde created the character Dorian Gray, who is the protagonist of his novel "The Picture of Dorian Gray." (Label: -1.0)

--------------------

Q: Has Oscar Wilde's most famous character ever been in an Eva Green project?

A: Oscar Wilde created the character Dorian Gray, who is the protagonist of his novel "The Picture of Dorian Gray."
Eva Green is an actress known for her roles in various films. (Label: -1.0)

--------------------

Q: Has Oscar Wilde's most famous character ever been in an Eva Green project?

A: Oscar Wilde created the character Dorian Gray, who is the protagonist of his novel "The Picture of Dorian Gray."
Eva Green is an actress known for her roles in various films.
Eva Green starred in the film "The Picture of Dorian Gray" released in 2004, where she played the role of Sibyl Vane, a character associated with Dorian Gray. (Label: -1.0)

--------------------

Q: Has Oscar Wilde's most famous character ever been in an Eva Green project?

A: Oscar Wilde created the character Dorian Gray, who is the protagonist of his novel "The Picture of Dorian Gray."
Eva Green is an actress known for her roles in various films.
Eva Green starred in the film "The Picture of Dorian Gray" released in 2004, where she played the role of Sibyl Vane, a character associated with Dorian Gray.
Since Dorian Gray is the most famous character created by Oscar Wilde and he appears in the film featuring Eva Green, it can be concluded that his character has been in an Eva Green project. (Label: -1.0)

--------------------

Q: Karachi was a part of Alexander the Great's success?

A: Karachi is a city in modern-day Pakistan.  (Label: -1.0)

--------------------

Q: Karachi was a part of Alexander the Great's success?

A: Karachi is a city in modern-day Pakistan. 
Krokola was an ancient port located in what is now Karachi.  (Label: -1.0)

--------------------

Q: Karachi was a part of Alexander the Great's success?

A: Karachi is a city in modern-day Pakistan. 
Krokola was an ancient port located in what is now Karachi. 
Alexander the Great used Krokola as a strategic location during his campaign.  (Label: -1.0)

--------------------

Q: Karachi was a part of Alexander the Great's success?

A: Karachi is a city in modern-day Pakistan. 
Krokola was an ancient port located in what is now Karachi. 
Alexander the Great used Krokola as a strategic location during his campaign. 
While Karachi (Krokola) played a role in his military logistics, it was not the primary focus of his successes which were more centered on major battles and conquests.  (Label: -1.0)

--------------------

Q: Karachi was a part of Alexander the Great's success?

A: Karachi is a city in modern-day Pakistan. 
Krokola was an ancient port located in what is now Karachi. 
Alexander the Great used Krokola as a strategic location during his campaign. 
While Karachi (Krokola) played a role in his military logistics, it was not the primary focus of his successes which were more centered on major battles and conquests. 
Thus, while Karachi was involved, it was not a critical part of Alexander's overall success.  (Label: -1.0)

--------------------

Q: Karachi was a part of Alexander the Great's success?

A: Karachi is a city in modern-day Pakistan. 
Krokola was an ancient port located in what is now Karachi. 
Alexander the Great used Krokola as a strategic location during his campaign. 
While Karachi (Krokola) played a role in his military logistics, it was not the primary focus of his successes which were more centered on major battles and conquests. 
Thus, while Karachi was involved, it was not a critical part of Alexander's overall success. 
#### No. (Label: -1.0)

--------------------

Q: Karachi was a part of Alexander the Great's success?

A: Karachi is a city located in present-day Pakistan.   (Label: -1.0)

--------------------

Q: Karachi was a part of Alexander the Great's success?

A: Karachi is a city located in present-day Pakistan.  
In ancient times, the area around Karachi was known as Krokola.   (Label: -1.0)

--------------------

Q: Karachi was a part of Alexander the Great's success?

A: Karachi is a city located in present-day Pakistan.  
In ancient times, the area around Karachi was known as Krokola.  
Krokola was an important port city that was used by Alexander the Great during his campaigns.   (Label: -1.0)

--------------------

Q: Karachi was a part of Alexander the Great's success?

A: Karachi is a city located in present-day Pakistan.  
In ancient times, the area around Karachi was known as Krokola.  
Krokola was an important port city that was used by Alexander the Great during his campaigns.  
Alexander the Great successfully conquered regions through his military campaigns, including parts of present-day Pakistan.   (Label: -1.0)

--------------------

Q: Karachi was a part of Alexander the Great's success?

A: Karachi is a city located in present-day Pakistan.  
In ancient times, the area around Karachi was known as Krokola.  
Krokola was an important port city that was used by Alexander the Great during his campaigns.  
Alexander the Great successfully conquered regions through his military campaigns, including parts of present-day Pakistan.  
However, "success" more broadly refers to his conquests and achievements in establishing his empire, rather than focusing solely on Karachi itself.   (Label: -1.0)

--------------------

Q: Karachi was a part of Alexander the Great's success?

A: Karachi is a city located in present-day Pakistan.  
In ancient times, the area around Karachi was known as Krokola.  
Krokola was an important port city that was used by Alexander the Great during his campaigns.  
Alexander the Great successfully conquered regions through his military campaigns, including parts of present-day Pakistan.  
However, "success" more broadly refers to his conquests and achievements in establishing his empire, rather than focusing solely on Karachi itself.  
While Krokola played a role in his military logistics, it is not often cited as a defining moment of his overall success.   (Label: -1.0)

--------------------

Q: Karachi was a part of Alexander the Great's success?

A: Karachi is a city located in modern-day Pakistan.   (Label: -1.0)

--------------------

Q: Karachi was a part of Alexander the Great's success?

A: Karachi is a city located in modern-day Pakistan.  
The ancient port of Krokola, which was part of Karachi, served as a key logistical point for Alexander the Great.   (Label: -1.0)

--------------------

Q: Karachi was a part of Alexander the Great's success?

A: Karachi is a city located in modern-day Pakistan.  
The ancient port of Krokola, which was part of Karachi, served as a key logistical point for Alexander the Great.  
During his campaigns, Alexander the Great utilized the port to support his fleet en route to his conquests in Babylon.   (Label: -1.0)

--------------------

Q: Karachi was a part of Alexander the Great's success?

A: Karachi is a city located in modern-day Pakistan.  
The ancient port of Krokola, which was part of Karachi, served as a key logistical point for Alexander the Great.  
During his campaigns, Alexander the Great utilized the port to support his fleet en route to his conquests in Babylon.  
This involvement in using Krokola signifies that Karachi played a role in Alexander the Great's military strategies and successes.   (Label: -1.0)

--------------------

Q: Karachi was a part of Alexander the Great's success?

A: Karachi is a city in modern day Pakistan.  (Label: -1.0)

--------------------

Q: Karachi was a part of Alexander the Great's success?

A: Karachi is a city in modern day Pakistan. 
Historically, it was known as Krokola, which was an important port during Alexander the Great's time.  (Label: -1.0)

--------------------

Q: Karachi was a part of Alexander the Great's success?

A: Karachi is a city in modern day Pakistan. 
Historically, it was known as Krokola, which was an important port during Alexander the Great's time. 
Alexander the Great's campaign included various regions and victories that contributed to his success.  (Label: -1.0)

--------------------

Q: Karachi was a part of Alexander the Great's success?

A: Karachi is a city in modern day Pakistan. 
Historically, it was known as Krokola, which was an important port during Alexander the Great's time. 
Alexander the Great's campaign included various regions and victories that contributed to his success. 
Though Krokola (now Karachi) was significant, it was just one of many places involved in his military campaigns.  (Label: -1.0)

--------------------

Q: Karachi was a part of Alexander the Great's success?

A: Karachi is a city in modern day Pakistan. 
Historically, it was known as Krokola, which was an important port during Alexander the Great's time. 
Alexander the Great's campaign included various regions and victories that contributed to his success. 
Though Krokola (now Karachi) was significant, it was just one of many places involved in his military campaigns. 
Overall, while Karachi (Krokola) played a role, it was not solely responsible for Alexander's overall success. (Label: -1.0)

--------------------

Q: Were paparazzi involved in the death of a member of the royal family?

A: The term "paparazzi" refers to freelance photographers who take candid photographs of celebrities, often leading to intrusive or dangerous situations.  (Label: -1.0)

--------------------

Q: Were paparazzi involved in the death of a member of the royal family?

A: The term "paparazzi" refers to freelance photographers who take candid photographs of celebrities, often leading to intrusive or dangerous situations. 
One notable incident involving paparazzi is the death of Princess Diana in 1997, where it was reported that paparazzi were pursuing her vehicle just before the car crash occurred in Paris.  (Label: -1.0)

--------------------

Q: Were paparazzi involved in the death of a member of the royal family?

A: The term "paparazzi" refers to freelance photographers who take candid photographs of celebrities, often leading to intrusive or dangerous situations. 
One notable incident involving paparazzi is the death of Princess Diana in 1997, where it was reported that paparazzi were pursuing her vehicle just before the car crash occurred in Paris. 
The relentless nature of the paparazzi's pursuit has been widely discussed and has raised questions about their role in her tragic death.  (Label: -1.0)

--------------------

Q: Were paparazzi involved in the death of a member of the royal family?

A: The term "paparazzi" refers to freelance photographers who take candid photographs of celebrities, often leading to intrusive or dangerous situations. 
One notable incident involving paparazzi is the death of Princess Diana in 1997, where it was reported that paparazzi were pursuing her vehicle just before the car crash occurred in Paris. 
The relentless nature of the paparazzi's pursuit has been widely discussed and has raised questions about their role in her tragic death. 
Given the context of Princess Diana, it can be concluded that paparazzi were indeed implicated in the circumstances surrounding her death. (Label: -1.0)

--------------------

Q: Were paparazzi involved in the death of a member of the royal family?

A: The term 'paparazzi' refers to freelance photographers who take candid photos of celebrities and public figures.  (Label: -1.0)

--------------------

Q: Were paparazzi involved in the death of a member of the royal family?

A: The term 'paparazzi' refers to freelance photographers who take candid photos of celebrities and public figures. 
One of the most notable incidents involving paparazzi and a royal family member was the death of Princess Diana in 1997.  (Label: -1.0)

--------------------

Q: Were paparazzi involved in the death of a member of the royal family?

A: The term 'paparazzi' refers to freelance photographers who take candid photos of celebrities and public figures. 
One of the most notable incidents involving paparazzi and a royal family member was the death of Princess Diana in 1997. 
Princess Diana was pursued by paparazzi in Paris on the night of the car crash that led to her death.  (Label: -1.0)

--------------------

Q: Were paparazzi involved in the death of a member of the royal family?

A: The term 'paparazzi' refers to freelance photographers who take candid photos of celebrities and public figures. 
One of the most notable incidents involving paparazzi and a royal family member was the death of Princess Diana in 1997. 
Princess Diana was pursued by paparazzi in Paris on the night of the car crash that led to her death. 
Investigations into her death revealed that paparazzi were following her car, contributing to the events leading to the crash.  (Label: -1.0)

--------------------

Q: Were paparazzi involved in the death of a member of the royal family?

A: The term 'paparazzi' refers to freelance photographers who take candid photos of celebrities and public figures. 
One of the most notable incidents involving paparazzi and a royal family member was the death of Princess Diana in 1997. 
Princess Diana was pursued by paparazzi in Paris on the night of the car crash that led to her death. 
Investigations into her death revealed that paparazzi were following her car, contributing to the events leading to the crash. 
This situation generated considerable media attention and raised discussions about the ethics of paparazzi behavior.  (Label: -1.0)

--------------------

Q: Were paparazzi involved in the death of a member of the royal family?

A: A: The term 'paparazzi' refers to photographers who take candid photos of celebrities, often in invasive situations.  (Label: -1.0)

--------------------

Q: Were paparazzi involved in the death of a member of the royal family?

A: A: The term 'paparazzi' refers to photographers who take candid photos of celebrities, often in invasive situations. 
The death of Princess Diana, a member of the British royal family, in 1997 has been linked to paparazzi chasing her vehicle. (Label: -1.0)

--------------------

Q: Were paparazzi involved in the death of a member of the royal family?

A: A: The term 'paparazzi' refers to photographers who take candid photos of celebrities, often in invasive situations. 
The death of Princess Diana, a member of the British royal family, in 1997 has been linked to paparazzi chasing her vehicle.
An investigation into her death indicated that the pursuit by paparazzi contributed to the events leading up to the tragic accident. (Label: -1.0)

--------------------

Q: Were paparazzi involved in the death of a member of the royal family?

A: A: The term "paparazzi" refers to freelance photographers who take candid pictures of celebrities and public figures, often in pursuit of exclusive shots.  (Label: -1.0)

--------------------

Q: Were paparazzi involved in the death of a member of the royal family?

A: A: The term "paparazzi" refers to freelance photographers who take candid pictures of celebrities and public figures, often in pursuit of exclusive shots. 
Princess Diana, a member of the British royal family, died in a car crash in 1997 in Paris, which was heavily influenced by the presence of paparazzi chasing her vehicle.  (Label: -1.0)

--------------------

Q: Were paparazzi involved in the death of a member of the royal family?

A: A: The term "paparazzi" refers to freelance photographers who take candid pictures of celebrities and public figures, often in pursuit of exclusive shots. 
Princess Diana, a member of the British royal family, died in a car crash in 1997 in Paris, which was heavily influenced by the presence of paparazzi chasing her vehicle. 
Investigations indicated that the pursuit by paparazzi contributed to the circumstances of the crash, leading to a public outcry regarding the ethics of paparazzi practices. (Label: -1.0)

--------------------

Q: Could someone with fine motor control issues benefit from an altered keyboard layout?

A: An altered keyboard layout can help accommodate individuals with fine motor control issues.  (Label: -1.0)

--------------------

Q: Could someone with fine motor control issues benefit from an altered keyboard layout?

A: An altered keyboard layout can help accommodate individuals with fine motor control issues. 
Standard keyboard layouts may be challenging for those who struggle with dexterity. (Label: -1.0)

--------------------

Q: Could someone with fine motor control issues benefit from an altered keyboard layout?

A: An altered keyboard layout can help accommodate individuals with fine motor control issues. 
Standard keyboard layouts may be challenging for those who struggle with dexterity.
Alternative layouts can be designed to minimize the distance between commonly used keys. (Label: -1.0)

--------------------

Q: Could someone with fine motor control issues benefit from an altered keyboard layout?

A: An altered keyboard layout can help accommodate individuals with fine motor control issues. 
Standard keyboard layouts may be challenging for those who struggle with dexterity.
Alternative layouts can be designed to minimize the distance between commonly used keys.
These adjustments can reduce the effort needed to type and improve overall accessibility. (Label: -1.0)

--------------------

Q: Could someone with fine motor control issues benefit from an altered keyboard layout?

A: A: Fine motor control issues can make it difficult to use standard keyboards. (Label: -1.0)

--------------------

Q: Could someone with fine motor control issues benefit from an altered keyboard layout?

A: A: Fine motor control issues can make it difficult to use standard keyboards.
An altered keyboard layout can be designed to reduce the complexity of key placements. (Label: -1.0)

--------------------

Q: Could someone with fine motor control issues benefit from an altered keyboard layout?

A: A: Fine motor control issues can make it difficult to use standard keyboards.
An altered keyboard layout can be designed to reduce the complexity of key placements.
Dedicating larger keys or arranging keys in a more efficient manner can help those with fine motor skills difficulties. (Label: -1.0)

--------------------

Q: Could someone with fine motor control issues benefit from an altered keyboard layout?

A: A: Fine motor control issues can make it difficult to use standard keyboards.
An altered keyboard layout can be designed to reduce the complexity of key placements.
Dedicating larger keys or arranging keys in a more efficient manner can help those with fine motor skills difficulties.
Studies suggest that customized keyboards can improve typing speed and accuracy for users with motor control challenges. (Label: -1.0)

--------------------

Q: Could someone with fine motor control issues benefit from an altered keyboard layout?

A: A: Fine motor control issues can make it difficult for individuals to use standard keyboard layouts effectively.  (Label: -1.0)

--------------------

Q: Could someone with fine motor control issues benefit from an altered keyboard layout?

A: A: Fine motor control issues can make it difficult for individuals to use standard keyboard layouts effectively. 
An altered keyboard layout may provide larger keys or a more ergonomic layout, making it easier for them to type. (Label: -1.0)

--------------------

Q: Could someone with fine motor control issues benefit from an altered keyboard layout?

A: A: Fine motor control issues can make it difficult for individuals to use standard keyboard layouts effectively. 
An altered keyboard layout may provide larger keys or a more ergonomic layout, making it easier for them to type.
Adaptive technologies, including alternative keyboard layouts, are designed to assist individuals with fine motor challenges. (Label: -1.0)

--------------------

Q: Could someone with fine motor control issues benefit from an altered keyboard layout?

A: A: Fine motor control issues can make it difficult for individuals to use standard keyboard layouts effectively. 
An altered keyboard layout may provide larger keys or a more ergonomic layout, making it easier for them to type.
Adaptive technologies, including alternative keyboard layouts, are designed to assist individuals with fine motor challenges.
Using a keyboard specifically designed for their needs could improve their typing efficiency and reduce strain. (Label: -1.0)

--------------------

Q: Could someone with fine motor control issues benefit from an altered keyboard layout?

A: A: Fine motor control issues can affect a person's ability to type effectively on a standard keyboard.  (Label: -1.0)

--------------------

Q: Could someone with fine motor control issues benefit from an altered keyboard layout?

A: A: Fine motor control issues can affect a person's ability to type effectively on a standard keyboard. 
Certain keyboard layouts can be designed to minimize finger movement and reduce strain.  (Label: -1.0)

--------------------

Q: Could someone with fine motor control issues benefit from an altered keyboard layout?

A: A: Fine motor control issues can affect a person's ability to type effectively on a standard keyboard. 
Certain keyboard layouts can be designed to minimize finger movement and reduce strain. 
An altered keyboard layout could potentially provide larger keys or different arrangements that might be easier for someone with fine motor control issues to use.  (Label: -1.0)

--------------------

Q: Could someone with fine motor control issues benefit from an altered keyboard layout?

A: A: Fine motor control issues can affect a person's ability to type effectively on a standard keyboard. 
Certain keyboard layouts can be designed to minimize finger movement and reduce strain. 
An altered keyboard layout could potentially provide larger keys or different arrangements that might be easier for someone with fine motor control issues to use. 
Adaptive technologies exist to help such individuals improve their typing experience and efficiency.  (Label: -1.0)

--------------------

Q: Could a markhor give birth three times in a single year?

A: A: A markhor is a species of wild goat found in mountainous regions of Central and South Asia. (Label: -1.0)

--------------------

Q: Could a markhor give birth three times in a single year?

A: A: A markhor is a species of wild goat found in mountainous regions of Central and South Asia.
Markhors typically have a gestation period of about 5 to 6 months. (Label: -1.0)

--------------------

Q: Could a markhor give birth three times in a single year?

A: A: A markhor is a species of wild goat found in mountainous regions of Central and South Asia.
Markhors typically have a gestation period of about 5 to 6 months.
After giving birth, it is common for a markhor to have at least a year gap before the next birth. (Label: -1.0)

--------------------

Q: Could a markhor give birth three times in a single year?

A: A: A markhor is a species of wild goat found in mountainous regions of Central and South Asia.
Markhors typically have a gestation period of about 5 to 6 months.
After giving birth, it is common for a markhor to have at least a year gap before the next birth.
Having multiple births in a single year is biologically challenging for most mammals. (Label: -1.0)

--------------------

Q: Could a markhor give birth three times in a single year?

A: Markhor are a type of wild goat found in Central and South Asia. (Label: -1.0)

--------------------

Q: Could a markhor give birth three times in a single year?

A: Markhor are a type of wild goat found in Central and South Asia.
Typically, female markhor give birth to one kid at a time. (Label: -1.0)

--------------------

Q: Could a markhor give birth three times in a single year?

A: Markhor are a type of wild goat found in Central and South Asia.
Typically, female markhor give birth to one kid at a time.
The gestation period for markhor is approximately 150 days. (Label: -1.0)

--------------------

Q: Could a markhor give birth three times in a single year?

A: Markhor are a type of wild goat found in Central and South Asia.
Typically, female markhor give birth to one kid at a time.
The gestation period for markhor is approximately 150 days.
Under natural circumstances, markhor can give birth once a year. (Label: -1.0)

--------------------

Q: Could a markhor give birth three times in a single year?

A: Markhor are a type of wild goat found in Central and South Asia.
Typically, female markhor give birth to one kid at a time.
The gestation period for markhor is approximately 150 days.
Under natural circumstances, markhor can give birth once a year.
This means it is biologically impossible for them to give birth three times in a single year. (Label: -1.0)

--------------------

Q: Could a markhor give birth three times in a single year?

A: Markhor are wild goats found in the mountainous regions of Central Asia. (Label: -1.0)

--------------------

Q: Could a markhor give birth three times in a single year?

A: Markhor are wild goats found in the mountainous regions of Central Asia.
The typical gestation period for a markhor is around 150 days. (Label: -1.0)

--------------------

Q: Could a markhor give birth three times in a single year?

A: Markhor are wild goats found in the mountainous regions of Central Asia.
The typical gestation period for a markhor is around 150 days.
Generally, markhor give birth to one kid at a time, though twins can occur occasionally. (Label: -1.0)

--------------------

Q: Could a markhor give birth three times in a single year?

A: Markhor are wild goats found in the mountainous regions of Central Asia.
The typical gestation period for a markhor is around 150 days.
Generally, markhor give birth to one kid at a time, though twins can occur occasionally.
A markhor typically gives birth once a year due to its reproductive cycle. (Label: -1.0)

--------------------

Q: Could a markhor give birth three times in a single year?

A: Markhor are wild goats found in the mountainous regions of Central Asia.
The typical gestation period for a markhor is around 150 days.
Generally, markhor give birth to one kid at a time, though twins can occur occasionally.
A markhor typically gives birth once a year due to its reproductive cycle.
Given the gestation period and typical birthing frequency, it is not possible for a markhor to give birth three times in a single year. (Label: -1.0)

--------------------

Q: Could a markhor give birth three times in a single year?

A: Markhor is a wild goat species found in Central Asia and is known for its impressive horns.   (Label: -1.0)

--------------------

Q: Could a markhor give birth three times in a single year?

A: Markhor is a wild goat species found in Central Asia and is known for its impressive horns.  
The typical gestation period for a markhor is around 150 days (approximately 5 months).   (Label: -1.0)

--------------------

Q: Could a markhor give birth three times in a single year?

A: Markhor is a wild goat species found in Central Asia and is known for its impressive horns.  
The typical gestation period for a markhor is around 150 days (approximately 5 months).  
Generally, markhor give birth to one kid per pregnancy, although twins can occur occasionally.   (Label: -1.0)

--------------------

Q: Could a markhor give birth three times in a single year?

A: Markhor is a wild goat species found in Central Asia and is known for its impressive horns.  
The typical gestation period for a markhor is around 150 days (approximately 5 months).  
Generally, markhor give birth to one kid per pregnancy, although twins can occur occasionally.  
Given the gestation period, it is unlikely for a markhor to give birth three times in a single year as that would require an average of less than 4 months between births.   (Label: -1.0)

--------------------

Q: Could a markhor give birth three times in a single year?

A: Markhor is a wild goat species found in Central Asia and is known for its impressive horns.  
The typical gestation period for a markhor is around 150 days (approximately 5 months).  
Generally, markhor give birth to one kid per pregnancy, although twins can occur occasionally.  
Given the gestation period, it is unlikely for a markhor to give birth three times in a single year as that would require an average of less than 4 months between births.  
This does not align with the typical reproductive cycle of most ungulates, including markhor.   (Label: -1.0)

--------------------

Q: Could a cow produce Harvey Milk?

A: A: Harvey Milk was a notable LGBTQ+ activist and politician who lived from 1930 to 1978. (Label: -1.0)

--------------------

Q: Could a cow produce Harvey Milk?

A: A: Harvey Milk was a notable LGBTQ+ activist and politician who lived from 1930 to 1978.
Cows produce milk, which is a dairy product. (Label: -1.0)

--------------------

Q: Could a cow produce Harvey Milk?

A: A: Harvey Milk was a notable LGBTQ+ activist and politician who lived from 1930 to 1978.
Cows produce milk, which is a dairy product.
The name "Harvey Milk" is a play on words and not a type of milk produced by cows. (Label: -1.0)

--------------------

Q: Could a cow produce Harvey Milk?

A: A: Harvey Milk was a notable LGBTQ+ activist and politician who lived from 1930 to 1978.
Cows produce milk, which is a dairy product.
The name "Harvey Milk" is a play on words and not a type of milk produced by cows.
Cows cannot produce milk that is specifically named "Harvey Milk." (Label: -1.0)

--------------------

Q: Could a cow produce Harvey Milk?

A: A: A cow is a mammal known for producing milk. (Label: -1.0)

--------------------

Q: Could a cow produce Harvey Milk?

A: A: A cow is a mammal known for producing milk.
"Harvey Milk" refers to the late LGBTQ+ rights activist and politician. (Label: -1.0)

--------------------

Q: Could a cow produce Harvey Milk?

A: A: A cow is a mammal known for producing milk.
"Harvey Milk" refers to the late LGBTQ+ rights activist and politician.
Cows can produce milk, but they cannot produce a person, such as Harvey Milk. (Label: -1.0)

--------------------

Q: Could a cow produce Harvey Milk?

A: A: A cow is a mammal known for producing milk.
"Harvey Milk" refers to the late LGBTQ+ rights activist and politician.
Cows can produce milk, but they cannot produce a person, such as Harvey Milk.
Given that the phrase implies producing a specific individual, it is not possible. (Label: -1.0)

--------------------

Q: Could a cow produce Harvey Milk?

A: A: Harvey Milk was a prominent gay rights activist and politician who was assassinated in 1978. (Label: -1.0)

--------------------

Q: Could a cow produce Harvey Milk?

A: A: Harvey Milk was a prominent gay rights activist and politician who was assassinated in 1978.
Cows are livestock that produce milk, which can be consumed by humans or processed into dairy products. (Label: -1.0)

--------------------

Q: Could a cow produce Harvey Milk?

A: A: Harvey Milk was a prominent gay rights activist and politician who was assassinated in 1978.
Cows are livestock that produce milk, which can be consumed by humans or processed into dairy products.
The term "Harvey Milk" could refer to milk in honor of the activist, but it does not indicate a specific type of milk. (Label: -1.0)

--------------------

Q: Could a cow produce Harvey Milk?

A: A: Harvey Milk was a prominent gay rights activist and politician who was assassinated in 1978.
Cows are livestock that produce milk, which can be consumed by humans or processed into dairy products.
The term "Harvey Milk" could refer to milk in honor of the activist, but it does not indicate a specific type of milk.
Cows do not produce milk named after individuals; they produce regular cow's milk. (Label: -1.0)

--------------------

Q: Could a cow produce Harvey Milk?

A: A: Harvey Milk was a famous civil rights leader and politician. (Label: -1.0)

--------------------

Q: Could a cow produce Harvey Milk?

A: A: Harvey Milk was a famous civil rights leader and politician.
He was known for his work in advocating for LGBTQ+ rights. (Label: -1.0)

--------------------

Q: Could a cow produce Harvey Milk?

A: A: Harvey Milk was a famous civil rights leader and politician.
He was known for his work in advocating for LGBTQ+ rights.
Cows, on the other hand, produce regular milk and not a specific type of "Harvey Milk." (Label: -1.0)

--------------------

Q: Could a cow produce Harvey Milk?

A: A: Harvey Milk was a famous civil rights leader and politician.
He was known for his work in advocating for LGBTQ+ rights.
Cows, on the other hand, produce regular milk and not a specific type of "Harvey Milk."
The phrase "Harvey Milk" refers to the individual, not a type of milk that can be produced by a cow. (Label: -1.0)


