
====================
Q: Does taking ukemi halt kinetic energy?

A:
Taking ukemi is a technique used in martial arts, particularly in judo and aikido, to safely fall and roll when thrown or taken down. (Score: -0.0010684267617762089)

Q: Does taking ukemi halt kinetic energy?

A:
Ukemi is a Japanese term that refers to the practice of falling safely in martial arts. (Score: -0.0005211527459323406)

Q: Does taking ukemi halt kinetic energy?

A:
<EMPTY> (Score: -inf)

Q: Does taking ukemi halt kinetic energy?

A:
<EMPTY> (Score: -inf)

====================
Q: Does taking ukemi halt kinetic energy?

A: Ukemi is a Japanese term that refers to the practice of falling safely in martial arts.
Ukemi involves techniques that allow a practitioner to absorb and dissipate the energy from a fall. (Score: -0.00021522212773561478)

Q: Does taking ukemi halt kinetic energy?

A: Ukemi is a Japanese term that refers to the practice of falling safely in martial arts.
Ukemi involves techniques that allow a practitioner to absorb and dissipate the energy from a fall. (Score: -0.00021522212773561478)

Q: Does taking ukemi halt kinetic energy?

A: Ukemi is a Japanese term that refers to the practice of falling safely in martial arts.
<EMPTY> (Score: -inf)

Q: Does taking ukemi halt kinetic energy?

A: Ukemi is a Japanese term that refers to the practice of falling safely in martial arts.
<EMPTY> (Score: -inf)

====================
Q: Does taking ukemi halt kinetic energy?

A: Taking ukemi is a technique used in martial arts, particularly in judo and aikido, to safely fall and roll when thrown or taken down.
Taking ukemi helps to dissipate the energy from a fall, allowing the practitioner to land safely and reduce the risk of injury. (Score: -0.0008125989697873592)

Q: Does taking ukemi halt kinetic energy?

A: Taking ukemi is a technique used in martial arts, particularly in judo and aikido, to safely fall and roll when thrown or taken down.
Taking ukemi helps to dissipate the energy from a fall, allowing the practitioner to land safely and reduce the risk of injury. (Score: -0.0008125989697873592)

Q: Does taking ukemi halt kinetic energy?

A: Taking ukemi is a technique used in martial arts, particularly in judo and aikido, to safely fall and roll when thrown or taken down.
<EMPTY> (Score: -inf)

Q: Does taking ukemi halt kinetic energy?

A: Taking ukemi is a technique used in martial arts, particularly in judo and aikido, to safely fall and roll when thrown or taken down.
<EMPTY> (Score: -inf)

====================
Q: Does taking ukemi halt kinetic energy?

A: Ukemi is a Japanese term that refers to the practice of falling safely in martial arts.
Ukemi involves techniques that allow a practitioner to absorb and dissipate the energy from a fall.
When a practitioner performs ukemi, they use specific movements to roll or break their fall, which helps to reduce the impact and transfer of kinetic energy. (Score: -0.0008867084980010986)

Q: Does taking ukemi halt kinetic energy?

A: Ukemi is a Japanese term that refers to the practice of falling safely in martial arts.
Ukemi involves techniques that allow a practitioner to absorb and dissipate the energy from a fall.
When a practitioner takes ukemi, they roll or fall in a way that spreads out the impact over a larger area and time, which helps to reduce the force experienced by the body. (Score: -0.0010404177010059357)

Q: Does taking ukemi halt kinetic energy?

A: Ukemi is a Japanese term that refers to the practice of falling safely in martial arts.
Ukemi involves techniques that allow a practitioner to absorb and dissipate the energy from a fall.
<EMPTY> (Score: -inf)

Q: Does taking ukemi halt kinetic energy?

A: Ukemi is a Japanese term that refers to the practice of falling safely in martial arts.
Ukemi involves techniques that allow a practitioner to absorb and dissipate the energy from a fall.
<EMPTY> (Score: -inf)

====================
Q: Does taking ukemi halt kinetic energy?

A: Ukemi is a Japanese term that refers to the practice of falling safely in martial arts.
Ukemi involves techniques that allow a practitioner to absorb and dissipate the energy from a fall.
When a practitioner performs ukemi, they roll or fall in a way that spreads the impact over a larger area and time, which helps to reduce the force experienced by the body. (Score: -0.0009551728144288063)

Q: Does taking ukemi halt kinetic energy?

A: Ukemi is a Japanese term that refers to the practice of falling safely in martial arts.
Ukemi involves techniques that allow a practitioner to absorb and dissipate the energy from a fall.
When a practitioner performs ukemi, they roll or fall in a way that spreads the impact over a larger area and time, which helps to reduce the force experienced by the body. (Score: -0.0009551728144288063)

Q: Does taking ukemi halt kinetic energy?

A: Ukemi is a Japanese term that refers to the practice of falling safely in martial arts.
Ukemi involves techniques that allow a practitioner to absorb and dissipate the energy from a fall.
<EMPTY> (Score: -inf)

Q: Does taking ukemi halt kinetic energy?

A: Ukemi is a Japanese term that refers to the practice of falling safely in martial arts.
Ukemi involves techniques that allow a practitioner to absorb and dissipate the energy from a fall.
<EMPTY> (Score: -inf)

====================
Q: Does taking ukemi halt kinetic energy?

A: Ukemi is a Japanese term that refers to the practice of falling safely in martial arts.
Ukemi involves techniques that allow a practitioner to absorb and dissipate the energy from a fall.
When a practitioner performs ukemi, they use specific movements to roll or break their fall, which helps to reduce the impact and transfer of kinetic energy.
#### Yes. (Score: -0.00020646024495363235)

Q: Does taking ukemi halt kinetic energy?

A: Ukemi is a Japanese term that refers to the practice of falling safely in martial arts.
Ukemi involves techniques that allow a practitioner to absorb and dissipate the energy from a fall.
When a practitioner performs ukemi, they use specific movements to roll or break their fall, which helps to reduce the impact and transfer of kinetic energy.
#### No. (Score: -0.0002168850041925907)

Q: Does taking ukemi halt kinetic energy?

A: Ukemi is a Japanese term that refers to the practice of falling safely in martial arts.
Ukemi involves techniques that allow a practitioner to absorb and dissipate the energy from a fall.
When a practitioner performs ukemi, they use specific movements to roll or break their fall, which helps to reduce the impact and transfer of kinetic energy.
<EMPTY> (Score: -inf)

Q: Does taking ukemi halt kinetic energy?

A: Ukemi is a Japanese term that refers to the practice of falling safely in martial arts.
Ukemi involves techniques that allow a practitioner to absorb and dissipate the energy from a fall.
When a practitioner performs ukemi, they use specific movements to roll or break their fall, which helps to reduce the impact and transfer of kinetic energy.
<EMPTY> (Score: -inf)

====================
Q: Does taking ukemi halt kinetic energy?

A: Ukemi is a Japanese term that refers to the practice of falling safely in martial arts.
Ukemi involves techniques that allow a practitioner to absorb and dissipate the energy from a fall.
When a practitioner performs ukemi, they roll or fall in a way that spreads the impact over a larger area and time, which helps to reduce the force experienced by the body.
#### Yes. (Score: -0.00035111233592033386)

Q: Does taking ukemi halt kinetic energy?

A: Ukemi is a Japanese term that refers to the practice of falling safely in martial arts.
Ukemi involves techniques that allow a practitioner to absorb and dissipate the energy from a fall.
When a practitioner performs ukemi, they roll or fall in a way that spreads the impact over a larger area and time, which helps to reduce the force experienced by the body.
#### No. (Score: -0.00036496296525001526)

Q: Does taking ukemi halt kinetic energy?

A: Ukemi is a Japanese term that refers to the practice of falling safely in martial arts.
Ukemi involves techniques that allow a practitioner to absorb and dissipate the energy from a fall.
When a practitioner performs ukemi, they roll or fall in a way that spreads the impact over a larger area and time, which helps to reduce the force experienced by the body.
<EMPTY> (Score: -inf)

Q: Does taking ukemi halt kinetic energy?

A: Ukemi is a Japanese term that refers to the practice of falling safely in martial arts.
Ukemi involves techniques that allow a practitioner to absorb and dissipate the energy from a fall.
When a practitioner performs ukemi, they roll or fall in a way that spreads the impact over a larger area and time, which helps to reduce the force experienced by the body.
<EMPTY> (Score: -inf)

====================
Q: Would the Cookie Monster decline an offer of free Keebler products?

A:
The Cookie Monster is a character from the children's television show "Sesame Street."  . (Score: 0.00033668195828795433)

Q: Would the Cookie Monster decline an offer of free Keebler products?

A:
The Cookie Monster is a character from the children's television show "Sesame Street."  . (Score: 0.00033668195828795433)

Q: Would the Cookie Monster decline an offer of free Keebler products?

A:
<EMPTY> (Score: -inf)

Q: Would the Cookie Monster decline an offer of free Keebler products?

A:
<EMPTY> (Score: -inf)

====================
Q: Would the Cookie Monster decline an offer of free Keebler products?

A: The Cookie Monster is a character from the children's television show "Sesame Street."  .
The Cookie Monster is known for his love of cookies and treats. (Score: 0.0007086521945893764)

Q: Would the Cookie Monster decline an offer of free Keebler products?

A: The Cookie Monster is a character from the children's television show "Sesame Street."  .
The Cookie Monster is known for his love of cookies and treats. (Score: 0.0007086521945893764)

Q: Would the Cookie Monster decline an offer of free Keebler products?

A: The Cookie Monster is a character from the children's television show "Sesame Street."  .
<EMPTY> (Score: -inf)

Q: Would the Cookie Monster decline an offer of free Keebler products?

A: The Cookie Monster is a character from the children's television show "Sesame Street."  .
<EMPTY> (Score: -inf)

====================
Q: Would the Cookie Monster decline an offer of free Keebler products?

A: The Cookie Monster is a character from the children's television show "Sesame Street."  .
The Cookie Monster is known for his love of cookies and treats. (Score: 0.0007086521945893764)

Q: Would the Cookie Monster decline an offer of free Keebler products?

A: The Cookie Monster is a character from the children's television show "Sesame Street."  .
The Cookie Monster is known for his love of cookies and treats. (Score: 0.0007086521945893764)

Q: Would the Cookie Monster decline an offer of free Keebler products?

A: The Cookie Monster is a character from the children's television show "Sesame Street."  .
<EMPTY> (Score: -inf)

Q: Would the Cookie Monster decline an offer of free Keebler products?

A: The Cookie Monster is a character from the children's television show "Sesame Street."  .
<EMPTY> (Score: -inf)

====================
Q: Would the Cookie Monster decline an offer of free Keebler products?

A: The Cookie Monster is a character from the children's television show "Sesame Street."  .
The Cookie Monster is known for his love of cookies and treats.
He is often depicted as being very enthusiastic about eating cookies. (Score: 3.851298242807388e-05)

Q: Would the Cookie Monster decline an offer of free Keebler products?

A: The Cookie Monster is a character from the children's television show "Sesame Street."  .
The Cookie Monster is known for his love of cookies and treats.
He is often depicted as being very enthusiastic about eating cookies. (Score: 3.851298242807388e-05)

Q: Would the Cookie Monster decline an offer of free Keebler products?

A: The Cookie Monster is a character from the children's television show "Sesame Street."  .
The Cookie Monster is known for his love of cookies and treats.
<EMPTY> (Score: -inf)

Q: Would the Cookie Monster decline an offer of free Keebler products?

A: The Cookie Monster is a character from the children's television show "Sesame Street."  .
The Cookie Monster is known for his love of cookies and treats.
<EMPTY> (Score: -inf)

====================
Q: Would the Cookie Monster decline an offer of free Keebler products?

A: The Cookie Monster is a character from the children's television show "Sesame Street."  .
The Cookie Monster is known for his love of cookies and treats.
He is often depicted as being very enthusiastic about eating cookies. (Score: 3.851298242807388e-05)

Q: Would the Cookie Monster decline an offer of free Keebler products?

A: The Cookie Monster is a character from the children's television show "Sesame Street."  .
The Cookie Monster is known for his love of cookies and treats.
He is often depicted as being very enthusiastic about eating cookies. (Score: 3.851298242807388e-05)

Q: Would the Cookie Monster decline an offer of free Keebler products?

A: The Cookie Monster is a character from the children's television show "Sesame Street."  .
The Cookie Monster is known for his love of cookies and treats.
<EMPTY> (Score: -inf)

Q: Would the Cookie Monster decline an offer of free Keebler products?

A: The Cookie Monster is a character from the children's television show "Sesame Street."  .
The Cookie Monster is known for his love of cookies and treats.
<EMPTY> (Score: -inf)

====================
Q: Would the Cookie Monster decline an offer of free Keebler products?

A: The Cookie Monster is a character from the children's television show "Sesame Street."  .
The Cookie Monster is known for his love of cookies and treats.
He is often depicted as being very enthusiastic about eating cookies.
#### Yes. (Score: 0.0007878076285123825)

Q: Would the Cookie Monster decline an offer of free Keebler products?

A: The Cookie Monster is a character from the children's television show "Sesame Street."  .
The Cookie Monster is known for his love of cookies and treats.
He is often depicted as being very enthusiastic about eating cookies.
#### No. (Score: 0.0007104575634002686)

Q: Would the Cookie Monster decline an offer of free Keebler products?

A: The Cookie Monster is a character from the children's television show "Sesame Street."  .
The Cookie Monster is known for his love of cookies and treats.
He is often depicted as being very enthusiastic about eating cookies.
<EMPTY> (Score: -inf)

Q: Would the Cookie Monster decline an offer of free Keebler products?

A: The Cookie Monster is a character from the children's television show "Sesame Street."  .
The Cookie Monster is known for his love of cookies and treats.
He is often depicted as being very enthusiastic about eating cookies.
<EMPTY> (Score: -inf)

====================
Q: Would the Cookie Monster decline an offer of free Keebler products?

A: The Cookie Monster is a character from the children's television show "Sesame Street."  .
The Cookie Monster is known for his love of cookies and treats.
He is often depicted as being very enthusiastic about eating cookies.
#### Yes. (Score: 0.0007878076285123825)

Q: Would the Cookie Monster decline an offer of free Keebler products?

A: The Cookie Monster is a character from the children's television show "Sesame Street."  .
The Cookie Monster is known for his love of cookies and treats.
He is often depicted as being very enthusiastic about eating cookies.
#### No. (Score: 0.0007104575634002686)

Q: Would the Cookie Monster decline an offer of free Keebler products?

A: The Cookie Monster is a character from the children's television show "Sesame Street."  .
The Cookie Monster is known for his love of cookies and treats.
He is often depicted as being very enthusiastic about eating cookies.
<EMPTY> (Score: -inf)

Q: Would the Cookie Monster decline an offer of free Keebler products?

A: The Cookie Monster is a character from the children's television show "Sesame Street."  .
The Cookie Monster is known for his love of cookies and treats.
He is often depicted as being very enthusiastic about eating cookies.
<EMPTY> (Score: -inf)

====================
Q: Were paparazzi involved in the death of a member of the royal family?

A:
A: The term "paparazzi" refers to photographers who take candid pictures of celebrities and public figures, often in intrusive ways. (Score: -0.0014960519038140774)

Q: Were paparazzi involved in the death of a member of the royal family?

A:
A: The term "paparazzi" refers to photographers who take candid pictures of celebrities and public figures, often in intrusive ways. (Score: -0.0014960519038140774)

Q: Were paparazzi involved in the death of a member of the royal family?

A:
<EMPTY> (Score: -inf)

Q: Were paparazzi involved in the death of a member of the royal family?

A:
<EMPTY> (Score: -inf)

====================
Q: Were paparazzi involved in the death of a member of the royal family?

A: A: The term "paparazzi" refers to photographers who take candid pictures of celebrities and public figures, often in intrusive ways.
Paparazzi have been known to follow and photograph members of the royal family, sometimes leading to dangerous situations. (Score: -0.0012921416200697422)

Q: Were paparazzi involved in the death of a member of the royal family?

A: A: The term "paparazzi" refers to photographers who take candid pictures of celebrities and public figures, often in intrusive ways.
Paparazzi have been known to follow and photograph members of the royal family, sometimes leading to dangerous situations. (Score: -0.0012921416200697422)

Q: Were paparazzi involved in the death of a member of the royal family?

A: A: The term "paparazzi" refers to photographers who take candid pictures of celebrities and public figures, often in intrusive ways.
<EMPTY> (Score: -inf)

Q: Were paparazzi involved in the death of a member of the royal family?

A: A: The term "paparazzi" refers to photographers who take candid pictures of celebrities and public figures, often in intrusive ways.
<EMPTY> (Score: -inf)

====================
Q: Were paparazzi involved in the death of a member of the royal family?

A: A: The term "paparazzi" refers to photographers who take candid pictures of celebrities and public figures, often in intrusive ways.
Paparazzi have been known to follow and photograph members of the royal family, sometimes leading to dangerous situations. (Score: -0.0012921416200697422)

Q: Were paparazzi involved in the death of a member of the royal family?

A: A: The term "paparazzi" refers to photographers who take candid pictures of celebrities and public figures, often in intrusive ways.
Paparazzi have been known to follow and photograph members of the royal family, sometimes leading to dangerous situations. (Score: -0.0012921416200697422)

Q: Were paparazzi involved in the death of a member of the royal family?

A: A: The term "paparazzi" refers to photographers who take candid pictures of celebrities and public figures, often in intrusive ways.
<EMPTY> (Score: -inf)

Q: Were paparazzi involved in the death of a member of the royal family?

A: A: The term "paparazzi" refers to photographers who take candid pictures of celebrities and public figures, often in intrusive ways.
<EMPTY> (Score: -inf)

====================
Q: Were paparazzi involved in the death of a member of the royal family?

A: A: The term "paparazzi" refers to photographers who take candid pictures of celebrities and public figures, often in intrusive ways.
Paparazzi have been known to follow and photograph members of the royal family, sometimes leading to dangerous situations.
In 1997, Princess Diana, a member of the British royal family, died in a car crash in Paris. (Score: -0.0008178986608982086)

Q: Were paparazzi involved in the death of a member of the royal family?

A: A: The term "paparazzi" refers to photographers who take candid pictures of celebrities and public figures, often in intrusive ways.
Paparazzi have been known to follow and photograph members of the royal family, sometimes leading to dangerous situations.
In 1997, Princess Diana, a member of the British royal family, died in a car crash in Paris. (Score: -0.0008178986608982086)

Q: Were paparazzi involved in the death of a member of the royal family?

A: A: The term "paparazzi" refers to photographers who take candid pictures of celebrities and public figures, often in intrusive ways.
Paparazzi have been known to follow and photograph members of the royal family, sometimes leading to dangerous situations.
<EMPTY> (Score: -inf)

Q: Were paparazzi involved in the death of a member of the royal family?

A: A: The term "paparazzi" refers to photographers who take candid pictures of celebrities and public figures, often in intrusive ways.
Paparazzi have been known to follow and photograph members of the royal family, sometimes leading to dangerous situations.
<EMPTY> (Score: -inf)

====================
Q: Were paparazzi involved in the death of a member of the royal family?

A: A: The term "paparazzi" refers to photographers who take candid pictures of celebrities and public figures, often in intrusive ways.
Paparazzi have been known to follow and photograph members of the royal family, sometimes leading to dangerous situations.
In 1997, Princess Diana, a member of the British royal family, died in a car crash in Paris. (Score: -0.0008178986608982086)

Q: Were paparazzi involved in the death of a member of the royal family?

A: A: The term "paparazzi" refers to photographers who take candid pictures of celebrities and public figures, often in intrusive ways.
Paparazzi have been known to follow and photograph members of the royal family, sometimes leading to dangerous situations.
In 1997, Princess Diana, a member of the British royal family, died in a car crash in Paris. (Score: -0.0008178986608982086)

Q: Were paparazzi involved in the death of a member of the royal family?

A: A: The term "paparazzi" refers to photographers who take candid pictures of celebrities and public figures, often in intrusive ways.
Paparazzi have been known to follow and photograph members of the royal family, sometimes leading to dangerous situations.
<EMPTY> (Score: -inf)

Q: Were paparazzi involved in the death of a member of the royal family?

A: A: The term "paparazzi" refers to photographers who take candid pictures of celebrities and public figures, often in intrusive ways.
Paparazzi have been known to follow and photograph members of the royal family, sometimes leading to dangerous situations.
<EMPTY> (Score: -inf)

====================
Q: Were paparazzi involved in the death of a member of the royal family?

A: A: The term "paparazzi" refers to photographers who take candid pictures of celebrities and public figures, often in intrusive ways.
Paparazzi have been known to follow and photograph members of the royal family, sometimes leading to dangerous situations.
In 1997, Princess Diana, a member of the British royal family, died in a car crash in Paris.
#### Yes. (Score: 2.2226478904485703e-05)

Q: Were paparazzi involved in the death of a member of the royal family?

A: A: The term "paparazzi" refers to photographers who take candid pictures of celebrities and public figures, often in intrusive ways.
Paparazzi have been known to follow and photograph members of the royal family, sometimes leading to dangerous situations.
In 1997, Princess Diana, a member of the British royal family, died in a car crash in Paris.
#### No. (Score: 0.00014512008056044579)

Q: Were paparazzi involved in the death of a member of the royal family?

A: A: The term "paparazzi" refers to photographers who take candid pictures of celebrities and public figures, often in intrusive ways.
Paparazzi have been known to follow and photograph members of the royal family, sometimes leading to dangerous situations.
In 1997, Princess Diana, a member of the British royal family, died in a car crash in Paris.
<EMPTY> (Score: -inf)

Q: Were paparazzi involved in the death of a member of the royal family?

A: A: The term "paparazzi" refers to photographers who take candid pictures of celebrities and public figures, often in intrusive ways.
Paparazzi have been known to follow and photograph members of the royal family, sometimes leading to dangerous situations.
In 1997, Princess Diana, a member of the British royal family, died in a car crash in Paris.
<EMPTY> (Score: -inf)

====================
Q: Were paparazzi involved in the death of a member of the royal family?

A: A: The term "paparazzi" refers to photographers who take candid pictures of celebrities and public figures, often in intrusive ways.
Paparazzi have been known to follow and photograph members of the royal family, sometimes leading to dangerous situations.
In 1997, Princess Diana, a member of the British royal family, died in a car crash in Paris.
#### Yes. (Score: 2.2226478904485703e-05)

Q: Were paparazzi involved in the death of a member of the royal family?

A: A: The term "paparazzi" refers to photographers who take candid pictures of celebrities and public figures, often in intrusive ways.
Paparazzi have been known to follow and photograph members of the royal family, sometimes leading to dangerous situations.
In 1997, Princess Diana, a member of the British royal family, died in a car crash in Paris.
#### No. (Score: 0.00014512008056044579)

Q: Were paparazzi involved in the death of a member of the royal family?

A: A: The term "paparazzi" refers to photographers who take candid pictures of celebrities and public figures, often in intrusive ways.
Paparazzi have been known to follow and photograph members of the royal family, sometimes leading to dangerous situations.
In 1997, Princess Diana, a member of the British royal family, died in a car crash in Paris.
<EMPTY> (Score: -inf)

Q: Were paparazzi involved in the death of a member of the royal family?

A: A: The term "paparazzi" refers to photographers who take candid pictures of celebrities and public figures, often in intrusive ways.
Paparazzi have been known to follow and photograph members of the royal family, sometimes leading to dangerous situations.
In 1997, Princess Diana, a member of the British royal family, died in a car crash in Paris.
<EMPTY> (Score: -inf)

====================
Q: Karachi was a part of Alexander the Great's success?

A:
Karachi is a city in modern-day Pakistan. (Score: -0.0004502139054238796)

Q: Karachi was a part of Alexander the Great's success?

A:
Karachi is a city in modern-day Pakistan. (Score: -0.0004502139054238796)

Q: Karachi was a part of Alexander the Great's success?

A:
<EMPTY> (Score: -inf)

Q: Karachi was a part of Alexander the Great's success?

A:
<EMPTY> (Score: -inf)

====================
Q: Karachi was a part of Alexander the Great's success?

A: Karachi is a city in modern-day Pakistan.
Krokola was an ancient port located in what is now Karachi. (Score: -0.000739093404263258)

Q: Karachi was a part of Alexander the Great's success?

A: Karachi is a city in modern-day Pakistan.
Krokola was an ancient port located in what is now Karachi. (Score: -0.000739093404263258)

Q: Karachi was a part of Alexander the Great's success?

A: Karachi is a city in modern-day Pakistan.
<EMPTY> (Score: -inf)

Q: Karachi was a part of Alexander the Great's success?

A: Karachi is a city in modern-day Pakistan.
<EMPTY> (Score: -inf)

====================
Q: Karachi was a part of Alexander the Great's success?

A: Karachi is a city in modern-day Pakistan.
Krokola was an ancient port located in what is now Karachi. (Score: -0.000739093404263258)

Q: Karachi was a part of Alexander the Great's success?

A: Karachi is a city in modern-day Pakistan.
Krokola was an ancient port located in what is now Karachi. (Score: -0.000739093404263258)

Q: Karachi was a part of Alexander the Great's success?

A: Karachi is a city in modern-day Pakistan.
<EMPTY> (Score: -inf)

Q: Karachi was a part of Alexander the Great's success?

A: Karachi is a city in modern-day Pakistan.
<EMPTY> (Score: -inf)

====================
Q: Karachi was a part of Alexander the Great's success?

A: Karachi is a city in modern-day Pakistan.
Krokola was an ancient port located in what is now Karachi.
Alexander the Great stationed his fleet in Krokola on his way to Babylon. (Score: -0.0005597961135208607)

Q: Karachi was a part of Alexander the Great's success?

A: Karachi is a city in modern-day Pakistan.
Krokola was an ancient port located in what is now Karachi.
Alexander the Great stationed his fleet in Krokola on his way to Babylon. (Score: -0.0005597961135208607)

Q: Karachi was a part of Alexander the Great's success?

A: Karachi is a city in modern-day Pakistan.
Krokola was an ancient port located in what is now Karachi.
<EMPTY> (Score: -inf)

Q: Karachi was a part of Alexander the Great's success?

A: Karachi is a city in modern-day Pakistan.
Krokola was an ancient port located in what is now Karachi.
<EMPTY> (Score: -inf)

====================
Q: Karachi was a part of Alexander the Great's success?

A: Karachi is a city in modern-day Pakistan.
Krokola was an ancient port located in what is now Karachi.
Alexander the Great stationed his fleet in Krokola on his way to Babylon. (Score: -0.0005597961135208607)

Q: Karachi was a part of Alexander the Great's success?

A: Karachi is a city in modern-day Pakistan.
Krokola was an ancient port located in what is now Karachi.
Alexander the Great stationed his fleet in Krokola on his way to Babylon. (Score: -0.0005597961135208607)

Q: Karachi was a part of Alexander the Great's success?

A: Karachi is a city in modern-day Pakistan.
Krokola was an ancient port located in what is now Karachi.
<EMPTY> (Score: -inf)

Q: Karachi was a part of Alexander the Great's success?

A: Karachi is a city in modern-day Pakistan.
Krokola was an ancient port located in what is now Karachi.
<EMPTY> (Score: -inf)

====================
Q: Karachi was a part of Alexander the Great's success?

A: Karachi is a city in modern-day Pakistan.
Krokola was an ancient port located in what is now Karachi.
Alexander the Great stationed his fleet in Krokola on his way to Babylon.
#### Yes. (Score: 0.00039064185693860054)

Q: Karachi was a part of Alexander the Great's success?

A: Karachi is a city in modern-day Pakistan.
Krokola was an ancient port located in what is now Karachi.
Alexander the Great stationed his fleet in Krokola on his way to Babylon.
#### No. (Score: 0.00040944525972008705)

Q: Karachi was a part of Alexander the Great's success?

A: Karachi is a city in modern-day Pakistan.
Krokola was an ancient port located in what is now Karachi.
Alexander the Great stationed his fleet in Krokola on his way to Babylon.
<EMPTY> (Score: -inf)

Q: Karachi was a part of Alexander the Great's success?

A: Karachi is a city in modern-day Pakistan.
Krokola was an ancient port located in what is now Karachi.
Alexander the Great stationed his fleet in Krokola on his way to Babylon.
<EMPTY> (Score: -inf)

====================
Q: Karachi was a part of Alexander the Great's success?

A: Karachi is a city in modern-day Pakistan.
Krokola was an ancient port located in what is now Karachi.
Alexander the Great stationed his fleet in Krokola on his way to Babylon.
#### Yes. (Score: 0.00039064185693860054)

Q: Karachi was a part of Alexander the Great's success?

A: Karachi is a city in modern-day Pakistan.
Krokola was an ancient port located in what is now Karachi.
Alexander the Great stationed his fleet in Krokola on his way to Babylon.
#### No. (Score: 0.00040944525972008705)

Q: Karachi was a part of Alexander the Great's success?

A: Karachi is a city in modern-day Pakistan.
Krokola was an ancient port located in what is now Karachi.
Alexander the Great stationed his fleet in Krokola on his way to Babylon.
<EMPTY> (Score: -inf)

Q: Karachi was a part of Alexander the Great's success?

A: Karachi is a city in modern-day Pakistan.
Krokola was an ancient port located in what is now Karachi.
Alexander the Great stationed his fleet in Krokola on his way to Babylon.
<EMPTY> (Score: -inf)

====================
Q: Could the Dominican Order hypothetically defeat Blessed Gerard's order?

A:
The Dominican Order is a religious order founded in the early 13th century, known for its emphasis on preaching and teaching. (Score: -0.0011136331595480442)

Q: Could the Dominican Order hypothetically defeat Blessed Gerard's order?

A:
The Dominican Order is a Catholic religious order founded in the early 13th century, known for its emphasis on preaching and teaching. (Score: -0.0012563415803015232)

Q: Could the Dominican Order hypothetically defeat Blessed Gerard's order?

A:
<EMPTY> (Score: -inf)

Q: Could the Dominican Order hypothetically defeat Blessed Gerard's order?

A:
<EMPTY> (Score: -inf)

====================
Q: Could the Dominican Order hypothetically defeat Blessed Gerard's order?

A: The Dominican Order is a religious order founded in the early 13th century, known for its emphasis on preaching and teaching.
The Order of Blessed Gerard, also known as the Knights of Malta, was established in the 11th century and is known for its focus on hospitality and care for the sick. (Score: -0.0002701408229768276)

Q: Could the Dominican Order hypothetically defeat Blessed Gerard's order?

A: The Dominican Order is a religious order founded in the early 13th century, known for its emphasis on preaching and teaching.
The Order of Blessed Gerard, also known as the Knights of Malta or the Order of St. John, was established in the 11th century and is known for its focus on providing care for the sick and wounded, as well as military defense during the Crusades. (Score: -0.0006873644888401031)

Q: Could the Dominican Order hypothetically defeat Blessed Gerard's order?

A: The Dominican Order is a religious order founded in the early 13th century, known for its emphasis on preaching and teaching.
<EMPTY> (Score: -inf)

Q: Could the Dominican Order hypothetically defeat Blessed Gerard's order?

A: The Dominican Order is a religious order founded in the early 13th century, known for its emphasis on preaching and teaching.
<EMPTY> (Score: -inf)

====================
Q: Could the Dominican Order hypothetically defeat Blessed Gerard's order?

A: The Dominican Order is a Catholic religious order founded in the early 13th century, known for its emphasis on preaching and teaching.
The Order of Blessed Gerard, also known as the Knights of Malta, was established in the 11th century and is known for its focus on providing care for the sick and wounded, as well as military defense during the Crusades. (Score: -0.0007929326966404915)

Q: Could the Dominican Order hypothetically defeat Blessed Gerard's order?

A: The Dominican Order is a Catholic religious order founded in the early 13th century, known for its emphasis on preaching and teaching.
The Order of Blessed Gerard, also known as the Knights Hospitaller, was established in the 11th century to provide care for sick and injured pilgrims in the Holy Land. (Score: 0.00011538760736584663)

Q: Could the Dominican Order hypothetically defeat Blessed Gerard's order?

A: The Dominican Order is a Catholic religious order founded in the early 13th century, known for its emphasis on preaching and teaching.
<EMPTY> (Score: -inf)

Q: Could the Dominican Order hypothetically defeat Blessed Gerard's order?

A: The Dominican Order is a Catholic religious order founded in the early 13th century, known for its emphasis on preaching and teaching.
<EMPTY> (Score: -inf)

====================
Q: Could the Dominican Order hypothetically defeat Blessed Gerard's order?

A: The Dominican Order is a Catholic religious order founded in the early 13th century, known for its emphasis on preaching and teaching.
The Order of Blessed Gerard, also known as the Knights Hospitaller, was established in the 11th century to provide care for sick and injured pilgrims in the Holy Land.
The Dominican Order and the Knights Hospitaller have different missions and historical contexts. (Score: 0.00013189297169446945)

Q: Could the Dominican Order hypothetically defeat Blessed Gerard's order?

A: The Dominican Order is a Catholic religious order founded in the early 13th century, known for its emphasis on preaching and teaching.
The Order of Blessed Gerard, also known as the Knights Hospitaller, was established in the 11th century to provide care for sick and injured pilgrims in the Holy Land.
The Dominican Order focuses on education and preaching, while the Knights Hospitaller were primarily a military and charitable organization. (Score: -0.00020478805527091026)

Q: Could the Dominican Order hypothetically defeat Blessed Gerard's order?

A: The Dominican Order is a Catholic religious order founded in the early 13th century, known for its emphasis on preaching and teaching.
The Order of Blessed Gerard, also known as the Knights Hospitaller, was established in the 11th century to provide care for sick and injured pilgrims in the Holy Land.
<EMPTY> (Score: -inf)

Q: Could the Dominican Order hypothetically defeat Blessed Gerard's order?

A: The Dominican Order is a Catholic religious order founded in the early 13th century, known for its emphasis on preaching and teaching.
The Order of Blessed Gerard, also known as the Knights Hospitaller, was established in the 11th century to provide care for sick and injured pilgrims in the Holy Land.
<EMPTY> (Score: -inf)

====================
Q: Could the Dominican Order hypothetically defeat Blessed Gerard's order?

A: The Dominican Order is a religious order founded in the early 13th century, known for its emphasis on preaching and teaching.
The Order of Blessed Gerard, also known as the Knights of Malta, was established in the 11th century and is known for its focus on hospitality and care for the sick.
The Dominican Order and the Order of Blessed Gerard have different missions and historical contexts. (Score: -0.0004229019396007061)

Q: Could the Dominican Order hypothetically defeat Blessed Gerard's order?

A: The Dominican Order is a religious order founded in the early 13th century, known for its emphasis on preaching and teaching.
The Order of Blessed Gerard, also known as the Knights of Malta, was established in the 11th century and is known for its focus on hospitality and care for the sick.
The Dominican Order and the Order of Blessed Gerard have different missions and historical contexts. (Score: -0.0004229019396007061)

Q: Could the Dominican Order hypothetically defeat Blessed Gerard's order?

A: The Dominican Order is a religious order founded in the early 13th century, known for its emphasis on preaching and teaching.
The Order of Blessed Gerard, also known as the Knights of Malta, was established in the 11th century and is known for its focus on hospitality and care for the sick.
<EMPTY> (Score: -inf)

Q: Could the Dominican Order hypothetically defeat Blessed Gerard's order?

A: The Dominican Order is a religious order founded in the early 13th century, known for its emphasis on preaching and teaching.
The Order of Blessed Gerard, also known as the Knights of Malta, was established in the 11th century and is known for its focus on hospitality and care for the sick.
<EMPTY> (Score: -inf)

====================
Q: Could the Dominican Order hypothetically defeat Blessed Gerard's order?

A: The Dominican Order is a Catholic religious order founded in the early 13th century, known for its emphasis on preaching and teaching.
The Order of Blessed Gerard, also known as the Knights Hospitaller, was established in the 11th century to provide care for sick and injured pilgrims in the Holy Land.
The Dominican Order and the Knights Hospitaller have different missions and historical contexts.
#### Yes. (Score: 0.0007190769538283348)

Q: Could the Dominican Order hypothetically defeat Blessed Gerard's order?

A: The Dominican Order is a Catholic religious order founded in the early 13th century, known for its emphasis on preaching and teaching.
The Order of Blessed Gerard, also known as the Knights Hospitaller, was established in the 11th century to provide care for sick and injured pilgrims in the Holy Land.
The Dominican Order and the Knights Hospitaller have different missions and historical contexts.
#### No. (Score: 0.000820668414235115)

Q: Could the Dominican Order hypothetically defeat Blessed Gerard's order?

A: The Dominican Order is a Catholic religious order founded in the early 13th century, known for its emphasis on preaching and teaching.
The Order of Blessed Gerard, also known as the Knights Hospitaller, was established in the 11th century to provide care for sick and injured pilgrims in the Holy Land.
The Dominican Order and the Knights Hospitaller have different missions and historical contexts.
<EMPTY> (Score: -inf)

Q: Could the Dominican Order hypothetically defeat Blessed Gerard's order?

A: The Dominican Order is a Catholic religious order founded in the early 13th century, known for its emphasis on preaching and teaching.
The Order of Blessed Gerard, also known as the Knights Hospitaller, was established in the 11th century to provide care for sick and injured pilgrims in the Holy Land.
The Dominican Order and the Knights Hospitaller have different missions and historical contexts.
<EMPTY> (Score: -inf)

====================
Q: Could the Dominican Order hypothetically defeat Blessed Gerard's order?

A: The Dominican Order is a Catholic religious order founded in the early 13th century, known for its emphasis on preaching and teaching.
The Order of Blessed Gerard, also known as the Knights Hospitaller, was established in the 11th century to provide care for sick and injured pilgrims in the Holy Land.
The Dominican Order focuses on education and preaching, while the Knights Hospitaller were primarily a military and charitable organization.
#### Yes. (Score: 0.00043505430221557617)

Q: Could the Dominican Order hypothetically defeat Blessed Gerard's order?

A: The Dominican Order is a Catholic religious order founded in the early 13th century, known for its emphasis on preaching and teaching.
The Order of Blessed Gerard, also known as the Knights Hospitaller, was established in the 11th century to provide care for sick and injured pilgrims in the Holy Land.
The Dominican Order focuses on education and preaching, while the Knights Hospitaller were primarily a military and charitable organization.
#### No. (Score: 0.0005319248884916306)

Q: Could the Dominican Order hypothetically defeat Blessed Gerard's order?

A: The Dominican Order is a Catholic religious order founded in the early 13th century, known for its emphasis on preaching and teaching.
The Order of Blessed Gerard, also known as the Knights Hospitaller, was established in the 11th century to provide care for sick and injured pilgrims in the Holy Land.
The Dominican Order focuses on education and preaching, while the Knights Hospitaller were primarily a military and charitable organization.
<EMPTY> (Score: -inf)

Q: Could the Dominican Order hypothetically defeat Blessed Gerard's order?

A: The Dominican Order is a Catholic religious order founded in the early 13th century, known for its emphasis on preaching and teaching.
The Order of Blessed Gerard, also known as the Knights Hospitaller, was established in the 11th century to provide care for sick and injured pilgrims in the Holy Land.
The Dominican Order focuses on education and preaching, while the Knights Hospitaller were primarily a military and charitable organization.
<EMPTY> (Score: -inf)

====================
Q: Could someone with fine motor control issues benefit from an altered keyboard layout?

A:
A: Fine motor control issues can make it difficult for individuals to use standard keyboard layouts effectively. (Score: -0.0002488875761628151)

Q: Could someone with fine motor control issues benefit from an altered keyboard layout?

A:
A: Fine motor control issues can make it difficult for individuals to use standard keyboard layouts effectively. (Score: -0.0002488875761628151)

Q: Could someone with fine motor control issues benefit from an altered keyboard layout?

A:
<EMPTY> (Score: -inf)

Q: Could someone with fine motor control issues benefit from an altered keyboard layout?

A:
<EMPTY> (Score: -inf)

====================
Q: Could someone with fine motor control issues benefit from an altered keyboard layout?

A: A: Fine motor control issues can make it difficult for individuals to use standard keyboard layouts effectively.
A: Altered keyboard layouts can be designed to accommodate individuals with fine motor control issues by providing larger keys or a more intuitive arrangement. (Score: -0.00094203045591712)

Q: Could someone with fine motor control issues benefit from an altered keyboard layout?

A: A: Fine motor control issues can make it difficult for individuals to use standard keyboard layouts effectively.
A: Altered keyboard layouts can be designed to accommodate individuals with fine motor control issues by providing larger keys or a more intuitive arrangement. (Score: -0.00094203045591712)

Q: Could someone with fine motor control issues benefit from an altered keyboard layout?

A: A: Fine motor control issues can make it difficult for individuals to use standard keyboard layouts effectively.
<EMPTY> (Score: -inf)

Q: Could someone with fine motor control issues benefit from an altered keyboard layout?

A: A: Fine motor control issues can make it difficult for individuals to use standard keyboard layouts effectively.
<EMPTY> (Score: -inf)

====================
Q: Could someone with fine motor control issues benefit from an altered keyboard layout?

A: A: Fine motor control issues can make it difficult for individuals to use standard keyboard layouts effectively.
An altered keyboard layout can be designed to accommodate individuals with fine motor control issues by providing larger keys or a more intuitive arrangement. (Score: -0.000969836488366127)

Q: Could someone with fine motor control issues benefit from an altered keyboard layout?

A: A: Fine motor control issues can make it difficult for individuals to use standard keyboard layouts effectively.
An altered keyboard layout can be designed to accommodate individuals with fine motor control issues by providing larger keys or a more ergonomic arrangement. (Score: -0.0007860586047172546)

Q: Could someone with fine motor control issues benefit from an altered keyboard layout?

A: A: Fine motor control issues can make it difficult for individuals to use standard keyboard layouts effectively.
<EMPTY> (Score: -inf)

Q: Could someone with fine motor control issues benefit from an altered keyboard layout?

A: A: Fine motor control issues can make it difficult for individuals to use standard keyboard layouts effectively.
<EMPTY> (Score: -inf)

====================
Q: Could someone with fine motor control issues benefit from an altered keyboard layout?

A: A: Fine motor control issues can make it difficult for individuals to use standard keyboard layouts effectively.
An altered keyboard layout can be designed to accommodate individuals with fine motor control issues by providing larger keys or a more ergonomic arrangement.
This can help reduce the strain and improve accessibility for those individuals. (Score: -0.0009639821946620941)

Q: Could someone with fine motor control issues benefit from an altered keyboard layout?

A: A: Fine motor control issues can make it difficult for individuals to use standard keyboard layouts effectively.
An altered keyboard layout can be designed to accommodate individuals with fine motor control issues by providing larger keys or a more ergonomic arrangement.
This can help reduce the strain and improve accessibility for those individuals. (Score: -0.0009639821946620941)

Q: Could someone with fine motor control issues benefit from an altered keyboard layout?

A: A: Fine motor control issues can make it difficult for individuals to use standard keyboard layouts effectively.
An altered keyboard layout can be designed to accommodate individuals with fine motor control issues by providing larger keys or a more ergonomic arrangement.
<EMPTY> (Score: -inf)

Q: Could someone with fine motor control issues benefit from an altered keyboard layout?

A: A: Fine motor control issues can make it difficult for individuals to use standard keyboard layouts effectively.
An altered keyboard layout can be designed to accommodate individuals with fine motor control issues by providing larger keys or a more ergonomic arrangement.
<EMPTY> (Score: -inf)

====================
Q: Could someone with fine motor control issues benefit from an altered keyboard layout?

A: A: Fine motor control issues can make it difficult for individuals to use standard keyboard layouts effectively.
A: Altered keyboard layouts can be designed to accommodate individuals with fine motor control issues by providing larger keys or a more intuitive arrangement.
A: Research has shown that customized keyboard layouts can improve typing efficiency and comfort for those with fine motor control issues. (Score: -0.0014530611224472523)

Q: Could someone with fine motor control issues benefit from an altered keyboard layout?

A: A: Fine motor control issues can make it difficult for individuals to use standard keyboard layouts effectively.
A: Altered keyboard layouts can be designed to accommodate individuals with fine motor control issues by providing larger keys or a more intuitive arrangement.
A: Research has shown that customized keyboard layouts can improve typing efficiency and comfort for those with fine motor control issues. (Score: -0.0014530611224472523)

Q: Could someone with fine motor control issues benefit from an altered keyboard layout?

A: A: Fine motor control issues can make it difficult for individuals to use standard keyboard layouts effectively.
A: Altered keyboard layouts can be designed to accommodate individuals with fine motor control issues by providing larger keys or a more intuitive arrangement.
<EMPTY> (Score: -inf)

Q: Could someone with fine motor control issues benefit from an altered keyboard layout?

A: A: Fine motor control issues can make it difficult for individuals to use standard keyboard layouts effectively.
A: Altered keyboard layouts can be designed to accommodate individuals with fine motor control issues by providing larger keys or a more intuitive arrangement.
<EMPTY> (Score: -inf)

====================
Q: Could someone with fine motor control issues benefit from an altered keyboard layout?

A: A: Fine motor control issues can make it difficult for individuals to use standard keyboard layouts effectively.
An altered keyboard layout can be designed to accommodate individuals with fine motor control issues by providing larger keys or a more ergonomic arrangement.
This can help reduce the strain and improve accessibility for those individuals.
#### Yes. (Score: -0.0012373202480375767)

Q: Could someone with fine motor control issues benefit from an altered keyboard layout?

A: A: Fine motor control issues can make it difficult for individuals to use standard keyboard layouts effectively.
An altered keyboard layout can be designed to accommodate individuals with fine motor control issues by providing larger keys or a more ergonomic arrangement.
This can help reduce the strain and improve accessibility for those individuals.
#### No. (Score: -0.0011348659172654152)

Q: Could someone with fine motor control issues benefit from an altered keyboard layout?

A: A: Fine motor control issues can make it difficult for individuals to use standard keyboard layouts effectively.
An altered keyboard layout can be designed to accommodate individuals with fine motor control issues by providing larger keys or a more ergonomic arrangement.
This can help reduce the strain and improve accessibility for those individuals.
<EMPTY> (Score: -inf)

Q: Could someone with fine motor control issues benefit from an altered keyboard layout?

A: A: Fine motor control issues can make it difficult for individuals to use standard keyboard layouts effectively.
An altered keyboard layout can be designed to accommodate individuals with fine motor control issues by providing larger keys or a more ergonomic arrangement.
This can help reduce the strain and improve accessibility for those individuals.
<EMPTY> (Score: -inf)

====================
Q: Could someone with fine motor control issues benefit from an altered keyboard layout?

A: A: Fine motor control issues can make it difficult for individuals to use standard keyboard layouts effectively.
An altered keyboard layout can be designed to accommodate individuals with fine motor control issues by providing larger keys or a more ergonomic arrangement.
This can help reduce the strain and improve accessibility for those individuals.
#### Yes. (Score: -0.0012373202480375767)

Q: Could someone with fine motor control issues benefit from an altered keyboard layout?

A: A: Fine motor control issues can make it difficult for individuals to use standard keyboard layouts effectively.
An altered keyboard layout can be designed to accommodate individuals with fine motor control issues by providing larger keys or a more ergonomic arrangement.
This can help reduce the strain and improve accessibility for those individuals.
#### No. (Score: -0.0011348659172654152)

Q: Could someone with fine motor control issues benefit from an altered keyboard layout?

A: A: Fine motor control issues can make it difficult for individuals to use standard keyboard layouts effectively.
An altered keyboard layout can be designed to accommodate individuals with fine motor control issues by providing larger keys or a more ergonomic arrangement.
This can help reduce the strain and improve accessibility for those individuals.
<EMPTY> (Score: -inf)

Q: Could someone with fine motor control issues benefit from an altered keyboard layout?

A: A: Fine motor control issues can make it difficult for individuals to use standard keyboard layouts effectively.
An altered keyboard layout can be designed to accommodate individuals with fine motor control issues by providing larger keys or a more ergonomic arrangement.
This can help reduce the strain and improve accessibility for those individuals.
<EMPTY> (Score: -inf)

====================
Q: Was Mother Theresa a follower of atheism?

A:
Mother Teresa was a Roman Catholic nun and missionary. (Score: 0.0009803790599107742)

Q: Was Mother Theresa a follower of atheism?

A:
Mother Teresa was a Roman Catholic nun and missionary. (Score: 0.0009803790599107742)

Q: Was Mother Theresa a follower of atheism?

A:
<EMPTY> (Score: -inf)

Q: Was Mother Theresa a follower of atheism?

A:
<EMPTY> (Score: -inf)

====================
Q: Was Mother Theresa a follower of atheism?

A: Mother Teresa was a Roman Catholic nun and missionary.
She dedicated her life to serving the poor and sick, following the teachings of Christianity. (Score: -0.0007134703919291496)

Q: Was Mother Theresa a follower of atheism?

A: Mother Teresa was a Roman Catholic nun and missionary.
She dedicated her life to serving the poor and sick, following the teachings of Christianity. (Score: -0.0007134703919291496)

Q: Was Mother Theresa a follower of atheism?

A: Mother Teresa was a Roman Catholic nun and missionary.
<EMPTY> (Score: -inf)

Q: Was Mother Theresa a follower of atheism?

A: Mother Teresa was a Roman Catholic nun and missionary.
<EMPTY> (Score: -inf)

====================
Q: Was Mother Theresa a follower of atheism?

A: Mother Teresa was a Roman Catholic nun and missionary.
She dedicated her life to serving the poor and sick, following the teachings of Christianity. (Score: -0.0007050945423543453)

Q: Was Mother Theresa a follower of atheism?

A: Mother Teresa was a Roman Catholic nun and missionary.
She dedicated her life to serving the poor and sick, following the teachings of Jesus Christ. (Score: -0.0012272247113287449)

Q: Was Mother Theresa a follower of atheism?

A: Mother Teresa was a Roman Catholic nun and missionary.
<EMPTY> (Score: -inf)

Q: Was Mother Theresa a follower of atheism?

A: Mother Teresa was a Roman Catholic nun and missionary.
<EMPTY> (Score: -inf)

====================
Q: Was Mother Theresa a follower of atheism?

A: Mother Teresa was a Roman Catholic nun and missionary.
She dedicated her life to serving the poor and sick, following the teachings of Christianity.
She was known for her deep faith and commitment to God. (Score: -0.00020533287897706032)

Q: Was Mother Theresa a follower of atheism?

A: Mother Teresa was a Roman Catholic nun and missionary.
She dedicated her life to serving the poor and sick, following the teachings of Christianity.
She was known for her strong faith and belief in God. (Score: -8.137896656990051e-05)

Q: Was Mother Theresa a follower of atheism?

A: Mother Teresa was a Roman Catholic nun and missionary.
She dedicated her life to serving the poor and sick, following the teachings of Christianity.
<EMPTY> (Score: -inf)

Q: Was Mother Theresa a follower of atheism?

A: Mother Teresa was a Roman Catholic nun and missionary.
She dedicated her life to serving the poor and sick, following the teachings of Christianity.
<EMPTY> (Score: -inf)

====================
Q: Was Mother Theresa a follower of atheism?

A: Mother Teresa was a Roman Catholic nun and missionary.
She dedicated her life to serving the poor and sick, following the teachings of Christianity.
She was known for her deep faith and commitment to God. (Score: -0.00020533287897706032)

Q: Was Mother Theresa a follower of atheism?

A: Mother Teresa was a Roman Catholic nun and missionary.
She dedicated her life to serving the poor and sick, following the teachings of Christianity.
She was known for her deep faith and commitment to God. (Score: -0.00020533287897706032)

Q: Was Mother Theresa a follower of atheism?

A: Mother Teresa was a Roman Catholic nun and missionary.
She dedicated her life to serving the poor and sick, following the teachings of Christianity.
<EMPTY> (Score: -inf)

Q: Was Mother Theresa a follower of atheism?

A: Mother Teresa was a Roman Catholic nun and missionary.
She dedicated her life to serving the poor and sick, following the teachings of Christianity.
<EMPTY> (Score: -inf)

====================
Q: Was Mother Theresa a follower of atheism?

A: Mother Teresa was a Roman Catholic nun and missionary.
She dedicated her life to serving the poor and sick, following the teachings of Christianity.
She was known for her strong faith and belief in God.
#### Yes. (Score: 0.0007617808878421783)

Q: Was Mother Theresa a follower of atheism?

A: Mother Teresa was a Roman Catholic nun and missionary.
She dedicated her life to serving the poor and sick, following the teachings of Christianity.
She was known for her strong faith and belief in God.
#### No. (Score: 0.0009188107214868069)

Q: Was Mother Theresa a follower of atheism?

A: Mother Teresa was a Roman Catholic nun and missionary.
She dedicated her life to serving the poor and sick, following the teachings of Christianity.
She was known for her strong faith and belief in God.
<EMPTY> (Score: -inf)

Q: Was Mother Theresa a follower of atheism?

A: Mother Teresa was a Roman Catholic nun and missionary.
She dedicated her life to serving the poor and sick, following the teachings of Christianity.
She was known for her strong faith and belief in God.
<EMPTY> (Score: -inf)

====================
Q: Was Mother Theresa a follower of atheism?

A: Mother Teresa was a Roman Catholic nun and missionary.
She dedicated her life to serving the poor and sick, following the teachings of Christianity.
She was known for her deep faith and commitment to God.
#### Yes. (Score: 0.0006053564138710499)

Q: Was Mother Theresa a follower of atheism?

A: Mother Teresa was a Roman Catholic nun and missionary.
She dedicated her life to serving the poor and sick, following the teachings of Christianity.
She was known for her deep faith and commitment to God.
#### No. (Score: 0.0007750471122562885)

Q: Was Mother Theresa a follower of atheism?

A: Mother Teresa was a Roman Catholic nun and missionary.
She dedicated her life to serving the poor and sick, following the teachings of Christianity.
She was known for her deep faith and commitment to God.
<EMPTY> (Score: -inf)

Q: Was Mother Theresa a follower of atheism?

A: Mother Teresa was a Roman Catholic nun and missionary.
She dedicated her life to serving the poor and sick, following the teachings of Christianity.
She was known for her deep faith and commitment to God.
<EMPTY> (Score: -inf)

====================
Q: Are all types of pottery safe to cook in?

A:
A: Pottery can be made from various materials, including earthenware, stoneware, and porcelain. (Score: -0.001077981200069189)

Q: Are all types of pottery safe to cook in?

A:
A: Pottery can be made from various materials, including earthenware, stoneware, and porcelain. (Score: -0.001077981200069189)

Q: Are all types of pottery safe to cook in?

A:
<EMPTY> (Score: -inf)

Q: Are all types of pottery safe to cook in?

A:
<EMPTY> (Score: -inf)

====================
Q: Are all types of pottery safe to cook in?

A: A: Pottery can be made from various materials, including earthenware, stoneware, and porcelain.
Different types of pottery have different properties and safety standards. (Score: -0.00021888874471187592)

Q: Are all types of pottery safe to cook in?

A: A: Pottery can be made from various materials, including earthenware, stoneware, and porcelain.
Different types of pottery have different properties and safety standards. (Score: -0.00021888874471187592)

Q: Are all types of pottery safe to cook in?

A: A: Pottery can be made from various materials, including earthenware, stoneware, and porcelain.
<EMPTY> (Score: -inf)

Q: Are all types of pottery safe to cook in?

A: A: Pottery can be made from various materials, including earthenware, stoneware, and porcelain.
<EMPTY> (Score: -inf)

====================
Q: Are all types of pottery safe to cook in?

A: A: Pottery can be made from various materials, including earthenware, stoneware, and porcelain.
Different types of pottery have different properties and safety standards. (Score: -0.00021888874471187592)

Q: Are all types of pottery safe to cook in?

A: A: Pottery can be made from various materials, including earthenware, stoneware, and porcelain.
Different types of pottery have different properties and safety standards. (Score: -0.00021888874471187592)

Q: Are all types of pottery safe to cook in?

A: A: Pottery can be made from various materials, including earthenware, stoneware, and porcelain.
<EMPTY> (Score: -inf)

Q: Are all types of pottery safe to cook in?

A: A: Pottery can be made from various materials, including earthenware, stoneware, and porcelain.
<EMPTY> (Score: -inf)

====================
Q: Are all types of pottery safe to cook in?

A: A: Pottery can be made from various materials, including earthenware, stoneware, and porcelain.
Different types of pottery have different properties and safety standards.
Some pottery is specifically designed for cooking and is labeled as oven-safe or microwave-safe. (Score: -0.0005042511038482189)

Q: Are all types of pottery safe to cook in?

A: A: Pottery can be made from various materials, including earthenware, stoneware, and porcelain.
Different types of pottery have different properties and safety standards.
Some pottery is specifically designed for cooking and is safe to use in ovens and microwaves, while others may contain harmful materials or glazes that can leach into food when heated. (Score: -0.00035678455606102943)

Q: Are all types of pottery safe to cook in?

A: A: Pottery can be made from various materials, including earthenware, stoneware, and porcelain.
Different types of pottery have different properties and safety standards.
<EMPTY> (Score: -inf)

Q: Are all types of pottery safe to cook in?

A: A: Pottery can be made from various materials, including earthenware, stoneware, and porcelain.
Different types of pottery have different properties and safety standards.
<EMPTY> (Score: -inf)

====================
Q: Are all types of pottery safe to cook in?

A: A: Pottery can be made from various materials, including earthenware, stoneware, and porcelain.
Different types of pottery have different properties and safety standards.
Some pottery is specifically designed for cooking and is labeled as oven-safe or microwave-safe. (Score: -0.0005048136226832867)

Q: Are all types of pottery safe to cook in?

A: A: Pottery can be made from various materials, including earthenware, stoneware, and porcelain.
Different types of pottery have different properties and safety standards.
Some pottery is specifically designed for cooking, while others may not be safe due to the materials used or the glazing process. (Score: -0.001359245739877224)

Q: Are all types of pottery safe to cook in?

A: A: Pottery can be made from various materials, including earthenware, stoneware, and porcelain.
Different types of pottery have different properties and safety standards.
<EMPTY> (Score: -inf)

Q: Are all types of pottery safe to cook in?

A: A: Pottery can be made from various materials, including earthenware, stoneware, and porcelain.
Different types of pottery have different properties and safety standards.
<EMPTY> (Score: -inf)

====================
Q: Are all types of pottery safe to cook in?

A: A: Pottery can be made from various materials, including earthenware, stoneware, and porcelain.
Different types of pottery have different properties and safety standards.
Some pottery is specifically designed for cooking and is safe to use in ovens and microwaves, while others may contain harmful materials or glazes that can leach into food when heated.
#### Yes. (Score: 0.00025778496637940407)

Q: Are all types of pottery safe to cook in?

A: A: Pottery can be made from various materials, including earthenware, stoneware, and porcelain.
Different types of pottery have different properties and safety standards.
Some pottery is specifically designed for cooking and is safe to use in ovens and microwaves, while others may contain harmful materials or glazes that can leach into food when heated.
#### No. (Score: 0.00036990735679864883)

Q: Are all types of pottery safe to cook in?

A: A: Pottery can be made from various materials, including earthenware, stoneware, and porcelain.
Different types of pottery have different properties and safety standards.
Some pottery is specifically designed for cooking and is safe to use in ovens and microwaves, while others may contain harmful materials or glazes that can leach into food when heated.
<EMPTY> (Score: -inf)

Q: Are all types of pottery safe to cook in?

A: A: Pottery can be made from various materials, including earthenware, stoneware, and porcelain.
Different types of pottery have different properties and safety standards.
Some pottery is specifically designed for cooking and is safe to use in ovens and microwaves, while others may contain harmful materials or glazes that can leach into food when heated.
<EMPTY> (Score: -inf)

====================
Q: Are all types of pottery safe to cook in?

A: A: Pottery can be made from various materials, including earthenware, stoneware, and porcelain.
Different types of pottery have different properties and safety standards.
Some pottery is specifically designed for cooking and is labeled as oven-safe or microwave-safe.
#### Yes. (Score: -0.0009410297498106956)

Q: Are all types of pottery safe to cook in?

A: A: Pottery can be made from various materials, including earthenware, stoneware, and porcelain.
Different types of pottery have different properties and safety standards.
Some pottery is specifically designed for cooking and is labeled as oven-safe or microwave-safe.
#### No. (Score: -0.0008875047788023949)

Q: Are all types of pottery safe to cook in?

A: A: Pottery can be made from various materials, including earthenware, stoneware, and porcelain.
Different types of pottery have different properties and safety standards.
Some pottery is specifically designed for cooking and is labeled as oven-safe or microwave-safe.
<EMPTY> (Score: -inf)

Q: Are all types of pottery safe to cook in?

A: A: Pottery can be made from various materials, including earthenware, stoneware, and porcelain.
Different types of pottery have different properties and safety standards.
Some pottery is specifically designed for cooking and is labeled as oven-safe or microwave-safe.
<EMPTY> (Score: -inf)

====================
Q: Is Edgar Allan Poe obscure in the world of horror fiction?

A:
Edgar Allan Poe is a well-known American writer and poet. (Score: 0.0001409389078617096)

Q: Is Edgar Allan Poe obscure in the world of horror fiction?

A:
Edgar Allan Poe is a well-known American writer and poet. (Score: 0.0001409389078617096)

Q: Is Edgar Allan Poe obscure in the world of horror fiction?

A:
<EMPTY> (Score: -inf)

Q: Is Edgar Allan Poe obscure in the world of horror fiction?

A:
<EMPTY> (Score: -inf)

====================
Q: Is Edgar Allan Poe obscure in the world of horror fiction?

A: Edgar Allan Poe is a well-known American writer and poet.
He is often regarded as a pioneer of the horror genre. (Score: 0.0001325095072388649)

Q: Is Edgar Allan Poe obscure in the world of horror fiction?

A: Edgar Allan Poe is a well-known American writer and poet.
He is often regarded as a pioneer of the horror genre. (Score: 0.0001325095072388649)

Q: Is Edgar Allan Poe obscure in the world of horror fiction?

A: Edgar Allan Poe is a well-known American writer and poet.
<EMPTY> (Score: -inf)

Q: Is Edgar Allan Poe obscure in the world of horror fiction?

A: Edgar Allan Poe is a well-known American writer and poet.
<EMPTY> (Score: -inf)

====================
Q: Is Edgar Allan Poe obscure in the world of horror fiction?

A: Edgar Allan Poe is a well-known American writer and poet.
He is often regarded as a pioneer of the horror genre. (Score: 0.0001325095072388649)

Q: Is Edgar Allan Poe obscure in the world of horror fiction?

A: Edgar Allan Poe is a well-known American writer and poet.
He is often regarded as a pioneer of the horror genre. (Score: 0.0001325095072388649)

Q: Is Edgar Allan Poe obscure in the world of horror fiction?

A: Edgar Allan Poe is a well-known American writer and poet.
<EMPTY> (Score: -inf)

Q: Is Edgar Allan Poe obscure in the world of horror fiction?

A: Edgar Allan Poe is a well-known American writer and poet.
<EMPTY> (Score: -inf)

====================
Q: Is Edgar Allan Poe obscure in the world of horror fiction?

A: Edgar Allan Poe is a well-known American writer and poet.
He is often regarded as a pioneer of the horror genre.
He is famous for his macabre and gothic tales, such as "The Tell-Tale Heart" and "The Fall of the House of Usher.". (Score: -0.0028980905190110207)

Q: Is Edgar Allan Poe obscure in the world of horror fiction?

A: Edgar Allan Poe is a well-known American writer and poet.
He is often regarded as a pioneer of the horror genre.
He is famous for works such as "The Tell-Tale Heart" and "The Raven.". (Score: -0.00156425591558218)

Q: Is Edgar Allan Poe obscure in the world of horror fiction?

A: Edgar Allan Poe is a well-known American writer and poet.
He is often regarded as a pioneer of the horror genre.
<EMPTY> (Score: -inf)

Q: Is Edgar Allan Poe obscure in the world of horror fiction?

A: Edgar Allan Poe is a well-known American writer and poet.
He is often regarded as a pioneer of the horror genre.
<EMPTY> (Score: -inf)

====================
Q: Is Edgar Allan Poe obscure in the world of horror fiction?

A: Edgar Allan Poe is a well-known American writer and poet.
He is often regarded as a pioneer of the horror genre.
He is famous for his macabre and gothic tales, such as "The Tell-Tale Heart" and "The Fall of the House of Usher.". (Score: -0.0028980905190110207)

Q: Is Edgar Allan Poe obscure in the world of horror fiction?

A: Edgar Allan Poe is a well-known American writer and poet.
He is often regarded as a pioneer of the horror genre.
He is famous for his macabre and gothic tales, such as "The Tell-Tale Heart" and "The Fall of the House of Usher.". (Score: -0.0028980905190110207)

Q: Is Edgar Allan Poe obscure in the world of horror fiction?

A: Edgar Allan Poe is a well-known American writer and poet.
He is often regarded as a pioneer of the horror genre.
<EMPTY> (Score: -inf)

Q: Is Edgar Allan Poe obscure in the world of horror fiction?

A: Edgar Allan Poe is a well-known American writer and poet.
He is often regarded as a pioneer of the horror genre.
<EMPTY> (Score: -inf)

====================
Q: Is Edgar Allan Poe obscure in the world of horror fiction?

A: Edgar Allan Poe is a well-known American writer and poet.
He is often regarded as a pioneer of the horror genre.
He is famous for works such as "The Tell-Tale Heart" and "The Raven.".
#### Yes. (Score: -7.95312225818634e-05)

Q: Is Edgar Allan Poe obscure in the world of horror fiction?

A: Edgar Allan Poe is a well-known American writer and poet.
He is often regarded as a pioneer of the horror genre.
He is famous for works such as "The Tell-Tale Heart" and "The Raven.".
#### No. (Score: -0.0001653609797358513)

Q: Is Edgar Allan Poe obscure in the world of horror fiction?

A: Edgar Allan Poe is a well-known American writer and poet.
He is often regarded as a pioneer of the horror genre.
He is famous for works such as "The Tell-Tale Heart" and "The Raven.".
<EMPTY> (Score: -inf)

Q: Is Edgar Allan Poe obscure in the world of horror fiction?

A: Edgar Allan Poe is a well-known American writer and poet.
He is often regarded as a pioneer of the horror genre.
He is famous for works such as "The Tell-Tale Heart" and "The Raven.".
<EMPTY> (Score: -inf)

====================
Q: Is Edgar Allan Poe obscure in the world of horror fiction?

A: Edgar Allan Poe is a well-known American writer and poet.
He is often regarded as a pioneer of the horror genre.
He is famous for his macabre and gothic tales, such as "The Tell-Tale Heart" and "The Fall of the House of Usher.".
#### Yes. (Score: -0.0013766521587967873)

Q: Is Edgar Allan Poe obscure in the world of horror fiction?

A: Edgar Allan Poe is a well-known American writer and poet.
He is often regarded as a pioneer of the horror genre.
He is famous for his macabre and gothic tales, such as "The Tell-Tale Heart" and "The Fall of the House of Usher.".
#### No. (Score: -0.0015282407402992249)

Q: Is Edgar Allan Poe obscure in the world of horror fiction?

A: Edgar Allan Poe is a well-known American writer and poet.
He is often regarded as a pioneer of the horror genre.
He is famous for his macabre and gothic tales, such as "The Tell-Tale Heart" and "The Fall of the House of Usher.".
<EMPTY> (Score: -inf)

Q: Is Edgar Allan Poe obscure in the world of horror fiction?

A: Edgar Allan Poe is a well-known American writer and poet.
He is often regarded as a pioneer of the horror genre.
He is famous for his macabre and gothic tales, such as "The Tell-Tale Heart" and "The Fall of the House of Usher.".
<EMPTY> (Score: -inf)

====================
Q: Are rainbows devoid of color made by mixing yin and yang colors?

A:
A: Rainbows are optical and meteorological phenomena that result from the refraction, dispersion, and reflection of light in water droplets, creating a spectrum of colors in the sky. (Score: -0.001978391781449318)

Q: Are rainbows devoid of color made by mixing yin and yang colors?

A:
A: Rainbows are optical and meteorological phenomena that result from the refraction, dispersion, and reflection of light in water droplets, creating a spectrum of colors in the sky. (Score: -0.001978391781449318)

Q: Are rainbows devoid of color made by mixing yin and yang colors?

A:
<EMPTY> (Score: -inf)

Q: Are rainbows devoid of color made by mixing yin and yang colors?

A:
<EMPTY> (Score: -inf)

====================
Q: Are rainbows devoid of color made by mixing yin and yang colors?

A: A: Rainbows are optical and meteorological phenomena that result from the refraction, dispersion, and reflection of light in water droplets, creating a spectrum of colors in the sky.
Rainbows are typically composed of a spectrum of colors, including red, orange, yellow, green, blue, indigo, and violet. (Score: -0.0016914596781134605)

Q: Are rainbows devoid of color made by mixing yin and yang colors?

A: A: Rainbows are optical and meteorological phenomena that result from the refraction, dispersion, and reflection of light in water droplets, creating a spectrum of colors in the sky.
Rainbows are typically composed of a spectrum of colors, including red, orange, yellow, green, blue, indigo, and violet. (Score: -0.0016914596781134605)

Q: Are rainbows devoid of color made by mixing yin and yang colors?

A: A: Rainbows are optical and meteorological phenomena that result from the refraction, dispersion, and reflection of light in water droplets, creating a spectrum of colors in the sky.
<EMPTY> (Score: -inf)

Q: Are rainbows devoid of color made by mixing yin and yang colors?

A: A: Rainbows are optical and meteorological phenomena that result from the refraction, dispersion, and reflection of light in water droplets, creating a spectrum of colors in the sky.
<EMPTY> (Score: -inf)

====================
Q: Are rainbows devoid of color made by mixing yin and yang colors?

A: A: Rainbows are optical and meteorological phenomena that result from the refraction, dispersion, and reflection of light in water droplets, creating a spectrum of colors in the sky.
Rainbows are typically composed of a spectrum of colors, including red, orange, yellow, green, blue, indigo, and violet. (Score: -0.0016914596781134605)

Q: Are rainbows devoid of color made by mixing yin and yang colors?

A: A: Rainbows are optical and meteorological phenomena that result from the refraction, dispersion, and reflection of light in water droplets, creating a spectrum of colors in the sky.
Rainbows are typically composed of a spectrum of colors, including red, orange, yellow, green, blue, indigo, and violet. (Score: -0.0016914596781134605)

Q: Are rainbows devoid of color made by mixing yin and yang colors?

A: A: Rainbows are optical and meteorological phenomena that result from the refraction, dispersion, and reflection of light in water droplets, creating a spectrum of colors in the sky.
<EMPTY> (Score: -inf)

Q: Are rainbows devoid of color made by mixing yin and yang colors?

A: A: Rainbows are optical and meteorological phenomena that result from the refraction, dispersion, and reflection of light in water droplets, creating a spectrum of colors in the sky.
<EMPTY> (Score: -inf)

====================
Q: Are rainbows devoid of color made by mixing yin and yang colors?

A: A: Rainbows are optical and meteorological phenomena that result from the refraction, dispersion, and reflection of light in water droplets, creating a spectrum of colors in the sky.
Rainbows are typically composed of a spectrum of colors, including red, orange, yellow, green, blue, indigo, and violet.
The concept of yin and yang originates from Chinese philosophy and represents dualism, where opposite forces are interconnected and interdependent. (Score: -0.0015103472396731377)

Q: Are rainbows devoid of color made by mixing yin and yang colors?

A: A: Rainbows are optical and meteorological phenomena that result from the refraction, dispersion, and reflection of light in water droplets, creating a spectrum of colors in the sky.
Rainbows are typically composed of a spectrum of colors, including red, orange, yellow, green, blue, indigo, and violet.
The concept of yin and yang originates from Chinese philosophy and represents dualism, where opposite forces are interconnected and interdependent. (Score: -0.0015103472396731377)

Q: Are rainbows devoid of color made by mixing yin and yang colors?

A: A: Rainbows are optical and meteorological phenomena that result from the refraction, dispersion, and reflection of light in water droplets, creating a spectrum of colors in the sky.
Rainbows are typically composed of a spectrum of colors, including red, orange, yellow, green, blue, indigo, and violet.
<EMPTY> (Score: -inf)

Q: Are rainbows devoid of color made by mixing yin and yang colors?

A: A: Rainbows are optical and meteorological phenomena that result from the refraction, dispersion, and reflection of light in water droplets, creating a spectrum of colors in the sky.
Rainbows are typically composed of a spectrum of colors, including red, orange, yellow, green, blue, indigo, and violet.
<EMPTY> (Score: -inf)

====================
Q: Are rainbows devoid of color made by mixing yin and yang colors?

A: A: Rainbows are optical and meteorological phenomena that result from the refraction, dispersion, and reflection of light in water droplets, creating a spectrum of colors in the sky.
Rainbows are typically composed of a spectrum of colors, including red, orange, yellow, green, blue, indigo, and violet.
The concept of yin and yang originates from Chinese philosophy and represents dualism, where opposite forces are interconnected and interdependent. (Score: -0.0015103472396731377)

Q: Are rainbows devoid of color made by mixing yin and yang colors?

A: A: Rainbows are optical and meteorological phenomena that result from the refraction, dispersion, and reflection of light in water droplets, creating a spectrum of colors in the sky.
Rainbows are typically composed of a spectrum of colors, including red, orange, yellow, green, blue, indigo, and violet.
The concept of yin and yang originates from Chinese philosophy and represents dualism, where opposite forces are interconnected and interdependent. (Score: -0.0015103472396731377)

Q: Are rainbows devoid of color made by mixing yin and yang colors?

A: A: Rainbows are optical and meteorological phenomena that result from the refraction, dispersion, and reflection of light in water droplets, creating a spectrum of colors in the sky.
Rainbows are typically composed of a spectrum of colors, including red, orange, yellow, green, blue, indigo, and violet.
<EMPTY> (Score: -inf)

Q: Are rainbows devoid of color made by mixing yin and yang colors?

A: A: Rainbows are optical and meteorological phenomena that result from the refraction, dispersion, and reflection of light in water droplets, creating a spectrum of colors in the sky.
Rainbows are typically composed of a spectrum of colors, including red, orange, yellow, green, blue, indigo, and violet.
<EMPTY> (Score: -inf)

====================
Q: Are rainbows devoid of color made by mixing yin and yang colors?

A: A: Rainbows are optical and meteorological phenomena that result from the refraction, dispersion, and reflection of light in water droplets, creating a spectrum of colors in the sky.
Rainbows are typically composed of a spectrum of colors, including red, orange, yellow, green, blue, indigo, and violet.
The concept of yin and yang originates from Chinese philosophy and represents dualism, where opposite forces are interconnected and interdependent.
#### Yes. (Score: -0.0007103197276592255)

Q: Are rainbows devoid of color made by mixing yin and yang colors?

A: A: Rainbows are optical and meteorological phenomena that result from the refraction, dispersion, and reflection of light in water droplets, creating a spectrum of colors in the sky.
Rainbows are typically composed of a spectrum of colors, including red, orange, yellow, green, blue, indigo, and violet.
The concept of yin and yang originates from Chinese philosophy and represents dualism, where opposite forces are interconnected and interdependent.
#### No. (Score: -0.0006717238575220108)

Q: Are rainbows devoid of color made by mixing yin and yang colors?

A: A: Rainbows are optical and meteorological phenomena that result from the refraction, dispersion, and reflection of light in water droplets, creating a spectrum of colors in the sky.
Rainbows are typically composed of a spectrum of colors, including red, orange, yellow, green, blue, indigo, and violet.
The concept of yin and yang originates from Chinese philosophy and represents dualism, where opposite forces are interconnected and interdependent.
<EMPTY> (Score: -inf)

Q: Are rainbows devoid of color made by mixing yin and yang colors?

A: A: Rainbows are optical and meteorological phenomena that result from the refraction, dispersion, and reflection of light in water droplets, creating a spectrum of colors in the sky.
Rainbows are typically composed of a spectrum of colors, including red, orange, yellow, green, blue, indigo, and violet.
The concept of yin and yang originates from Chinese philosophy and represents dualism, where opposite forces are interconnected and interdependent.
<EMPTY> (Score: -inf)

====================
Q: Are rainbows devoid of color made by mixing yin and yang colors?

A: A: Rainbows are optical and meteorological phenomena that result from the refraction, dispersion, and reflection of light in water droplets, creating a spectrum of colors in the sky.
Rainbows are typically composed of a spectrum of colors, including red, orange, yellow, green, blue, indigo, and violet.
The concept of yin and yang originates from Chinese philosophy and represents dualism, where opposite forces are interconnected and interdependent.
#### Yes. (Score: -0.0007103197276592255)

Q: Are rainbows devoid of color made by mixing yin and yang colors?

A: A: Rainbows are optical and meteorological phenomena that result from the refraction, dispersion, and reflection of light in water droplets, creating a spectrum of colors in the sky.
Rainbows are typically composed of a spectrum of colors, including red, orange, yellow, green, blue, indigo, and violet.
The concept of yin and yang originates from Chinese philosophy and represents dualism, where opposite forces are interconnected and interdependent.
#### No. (Score: -0.0006717238575220108)

Q: Are rainbows devoid of color made by mixing yin and yang colors?

A: A: Rainbows are optical and meteorological phenomena that result from the refraction, dispersion, and reflection of light in water droplets, creating a spectrum of colors in the sky.
Rainbows are typically composed of a spectrum of colors, including red, orange, yellow, green, blue, indigo, and violet.
The concept of yin and yang originates from Chinese philosophy and represents dualism, where opposite forces are interconnected and interdependent.
<EMPTY> (Score: -inf)

Q: Are rainbows devoid of color made by mixing yin and yang colors?

A: A: Rainbows are optical and meteorological phenomena that result from the refraction, dispersion, and reflection of light in water droplets, creating a spectrum of colors in the sky.
Rainbows are typically composed of a spectrum of colors, including red, orange, yellow, green, blue, indigo, and violet.
The concept of yin and yang originates from Chinese philosophy and represents dualism, where opposite forces are interconnected and interdependent.
<EMPTY> (Score: -inf)

====================
Q: Could a cow produce Harvey Milk?

A:
A: Harvey Milk was a prominent gay rights activist and politician who served on the San Francisco Board of Supervisors. (Score: -0.00037150364369153976)

Q: Could a cow produce Harvey Milk?

A:
A: Harvey Milk was a prominent gay rights activist and politician who served on the San Francisco Board of Supervisors. (Score: -0.00037150364369153976)

Q: Could a cow produce Harvey Milk?

A:
<EMPTY> (Score: -inf)

Q: Could a cow produce Harvey Milk?

A:
<EMPTY> (Score: -inf)

====================
Q: Could a cow produce Harvey Milk?

A: A: Harvey Milk was a prominent gay rights activist and politician who served on the San Francisco Board of Supervisors.
A: Harvey Milk was a prominent gay rights activist and politician who served on the San Francisco Board of Supervisors. (Score: -0.0006883521564304829)

Q: Could a cow produce Harvey Milk?

A: A: Harvey Milk was a prominent gay rights activist and politician who served on the San Francisco Board of Supervisors.
A: Harvey Milk is not a product that can be produced; he was a human being. (Score: 0.00019316840916872025)

Q: Could a cow produce Harvey Milk?

A: A: Harvey Milk was a prominent gay rights activist and politician who served on the San Francisco Board of Supervisors.
<EMPTY> (Score: -inf)

Q: Could a cow produce Harvey Milk?

A: A: Harvey Milk was a prominent gay rights activist and politician who served on the San Francisco Board of Supervisors.
<EMPTY> (Score: -inf)

====================
Q: Could a cow produce Harvey Milk?

A: A: Harvey Milk was a prominent gay rights activist and politician who served on the San Francisco Board of Supervisors.
A: Harvey Milk is not a product that can be produced; he was a human being. (Score: 0.00017668912187218666)

Q: Could a cow produce Harvey Milk?

A: A: Harvey Milk was a prominent gay rights activist and politician who served on the San Francisco Board of Supervisors.
A: Harvey Milk is not a product that can be produced; he was a human being. (Score: 0.00017668912187218666)

Q: Could a cow produce Harvey Milk?

A: A: Harvey Milk was a prominent gay rights activist and politician who served on the San Francisco Board of Supervisors.
<EMPTY> (Score: -inf)

Q: Could a cow produce Harvey Milk?

A: A: Harvey Milk was a prominent gay rights activist and politician who served on the San Francisco Board of Supervisors.
<EMPTY> (Score: -inf)

====================
Q: Could a cow produce Harvey Milk?

A: A: Harvey Milk was a prominent gay rights activist and politician who served on the San Francisco Board of Supervisors.
A: Harvey Milk is not a product that can be produced; he was a human being.
A: Cows are animals that produce milk, which is a dairy product. (Score: -0.00025390880182385445)

Q: Could a cow produce Harvey Milk?

A: A: Harvey Milk was a prominent gay rights activist and politician who served on the San Francisco Board of Supervisors.
A: Harvey Milk is not a product that can be produced; he was a human being.
A: Cows are animals that produce milk, which is a dairy product. (Score: -0.00025390880182385445)

Q: Could a cow produce Harvey Milk?

A: A: Harvey Milk was a prominent gay rights activist and politician who served on the San Francisco Board of Supervisors.
A: Harvey Milk is not a product that can be produced; he was a human being.
<EMPTY> (Score: -inf)

Q: Could a cow produce Harvey Milk?

A: A: Harvey Milk was a prominent gay rights activist and politician who served on the San Francisco Board of Supervisors.
A: Harvey Milk is not a product that can be produced; he was a human being.
<EMPTY> (Score: -inf)

====================
Q: Could a cow produce Harvey Milk?

A: A: Harvey Milk was a prominent gay rights activist and politician who served on the San Francisco Board of Supervisors.
A: Harvey Milk is not a product that can be produced; he was a human being.
A: Cows are animals that produce milk, which is a dairy product. (Score: -0.00025390880182385445)

Q: Could a cow produce Harvey Milk?

A: A: Harvey Milk was a prominent gay rights activist and politician who served on the San Francisco Board of Supervisors.
A: Harvey Milk is not a product that can be produced; he was a human being.
A: Cows are animals that produce milk, which is a dairy product. (Score: -0.00025390880182385445)

Q: Could a cow produce Harvey Milk?

A: A: Harvey Milk was a prominent gay rights activist and politician who served on the San Francisco Board of Supervisors.
A: Harvey Milk is not a product that can be produced; he was a human being.
<EMPTY> (Score: -inf)

Q: Could a cow produce Harvey Milk?

A: A: Harvey Milk was a prominent gay rights activist and politician who served on the San Francisco Board of Supervisors.
A: Harvey Milk is not a product that can be produced; he was a human being.
<EMPTY> (Score: -inf)

====================
Q: Could a cow produce Harvey Milk?

A: A: Harvey Milk was a prominent gay rights activist and politician who served on the San Francisco Board of Supervisors.
A: Harvey Milk is not a product that can be produced; he was a human being.
A: Cows are animals that produce milk, which is a dairy product.
#### Yes. (Score: 0.0003861440345644951)

Q: Could a cow produce Harvey Milk?

A: A: Harvey Milk was a prominent gay rights activist and politician who served on the San Francisco Board of Supervisors.
A: Harvey Milk is not a product that can be produced; he was a human being.
A: Cows are animals that produce milk, which is a dairy product.
#### No. (Score: 0.0005235299468040466)

Q: Could a cow produce Harvey Milk?

A: A: Harvey Milk was a prominent gay rights activist and politician who served on the San Francisco Board of Supervisors.
A: Harvey Milk is not a product that can be produced; he was a human being.
A: Cows are animals that produce milk, which is a dairy product.
<EMPTY> (Score: -inf)

Q: Could a cow produce Harvey Milk?

A: A: Harvey Milk was a prominent gay rights activist and politician who served on the San Francisco Board of Supervisors.
A: Harvey Milk is not a product that can be produced; he was a human being.
A: Cows are animals that produce milk, which is a dairy product.
<EMPTY> (Score: -inf)

====================
Q: Could a cow produce Harvey Milk?

A: A: Harvey Milk was a prominent gay rights activist and politician who served on the San Francisco Board of Supervisors.
A: Harvey Milk is not a product that can be produced; he was a human being.
A: Cows are animals that produce milk, which is a dairy product.
#### Yes. (Score: 0.0003861440345644951)

Q: Could a cow produce Harvey Milk?

A: A: Harvey Milk was a prominent gay rights activist and politician who served on the San Francisco Board of Supervisors.
A: Harvey Milk is not a product that can be produced; he was a human being.
A: Cows are animals that produce milk, which is a dairy product.
#### No. (Score: 0.0005235299468040466)

Q: Could a cow produce Harvey Milk?

A: A: Harvey Milk was a prominent gay rights activist and politician who served on the San Francisco Board of Supervisors.
A: Harvey Milk is not a product that can be produced; he was a human being.
A: Cows are animals that produce milk, which is a dairy product.
<EMPTY> (Score: -inf)

Q: Could a cow produce Harvey Milk?

A: A: Harvey Milk was a prominent gay rights activist and politician who served on the San Francisco Board of Supervisors.
A: Harvey Milk is not a product that can be produced; he was a human being.
A: Cows are animals that produce milk, which is a dairy product.
<EMPTY> (Score: -inf)

====================
Q: Can a woman on average have a baby before wheat seed blooms?

A:
A: The average human gestation period for a woman is about 9 months (approximately 40 weeks). (Score: 0.00036381417885422707)

Q: Can a woman on average have a baby before wheat seed blooms?

A:
A: The average human gestation period for a woman is about 9 months (approximately 40 weeks). (Score: 0.00036381417885422707)

Q: Can a woman on average have a baby before wheat seed blooms?

A:
<EMPTY> (Score: -inf)

Q: Can a woman on average have a baby before wheat seed blooms?

A:
<EMPTY> (Score: -inf)

====================
Q: Can a woman on average have a baby before wheat seed blooms?

A: A: The average human gestation period for a woman is about 9 months (approximately 40 weeks).
Wheat typically takes about 4 to 6 months to grow from seed to harvest, depending on the variety and growing conditions. (Score: -0.0007975567132234573)

Q: Can a woman on average have a baby before wheat seed blooms?

A: A: The average human gestation period for a woman is about 9 months (approximately 40 weeks).
Wheat typically takes about 4 to 6 months to grow from seed to harvest, depending on the variety and growing conditions. (Score: -0.0007975567132234573)

Q: Can a woman on average have a baby before wheat seed blooms?

A: A: The average human gestation period for a woman is about 9 months (approximately 40 weeks).
<EMPTY> (Score: -inf)

Q: Can a woman on average have a baby before wheat seed blooms?

A: A: The average human gestation period for a woman is about 9 months (approximately 40 weeks).
<EMPTY> (Score: -inf)

====================
Q: Can a woman on average have a baby before wheat seed blooms?

A: A: The average human gestation period for a woman is about 9 months (approximately 40 weeks).
Wheat typically takes about 4 to 6 months to grow from seed to harvest, depending on the variety and growing conditions. (Score: -0.0007975567132234573)

Q: Can a woman on average have a baby before wheat seed blooms?

A: A: The average human gestation period for a woman is about 9 months (approximately 40 weeks).
Wheat typically takes about 4 to 6 months to grow from seed to harvest, depending on the variety and growing conditions. (Score: -0.0007975567132234573)

Q: Can a woman on average have a baby before wheat seed blooms?

A: A: The average human gestation period for a woman is about 9 months (approximately 40 weeks).
<EMPTY> (Score: -inf)

Q: Can a woman on average have a baby before wheat seed blooms?

A: A: The average human gestation period for a woman is about 9 months (approximately 40 weeks).
<EMPTY> (Score: -inf)

====================
Q: Can a woman on average have a baby before wheat seed blooms?

A: A: The average human gestation period for a woman is about 9 months (approximately 40 weeks).
Wheat typically takes about 4 to 6 months to grow from seed to harvest, depending on the variety and growing conditions.
To determine if a woman can have a baby before wheat seed blooms, we need to compare the average gestation period of a woman with the growth period of wheat. (Score: -0.0013866680674254894)

Q: Can a woman on average have a baby before wheat seed blooms?

A: A: The average human gestation period for a woman is about 9 months (approximately 40 weeks).
Wheat typically takes about 4 to 6 months to grow from seed to harvest, depending on the variety and growing conditions.
To determine if a woman can have a baby before wheat seed blooms, we need to compare the average gestation period of a woman with the growth period of wheat. (Score: -0.0013866680674254894)

Q: Can a woman on average have a baby before wheat seed blooms?

A: A: The average human gestation period for a woman is about 9 months (approximately 40 weeks).
Wheat typically takes about 4 to 6 months to grow from seed to harvest, depending on the variety and growing conditions.
<EMPTY> (Score: -inf)

Q: Can a woman on average have a baby before wheat seed blooms?

A: A: The average human gestation period for a woman is about 9 months (approximately 40 weeks).
Wheat typically takes about 4 to 6 months to grow from seed to harvest, depending on the variety and growing conditions.
<EMPTY> (Score: -inf)

====================
Q: Can a woman on average have a baby before wheat seed blooms?

A: A: The average human gestation period for a woman is about 9 months (approximately 40 weeks).
Wheat typically takes about 4 to 6 months to grow from seed to harvest, depending on the variety and growing conditions.
To determine if a woman can have a baby before wheat seed blooms, we need to compare the average gestation period of a woman with the growth period of wheat. (Score: -0.0013866680674254894)

Q: Can a woman on average have a baby before wheat seed blooms?

A: A: The average human gestation period for a woman is about 9 months (approximately 40 weeks).
Wheat typically takes about 4 to 6 months to grow from seed to harvest, depending on the variety and growing conditions.
To determine if a woman can have a baby before wheat seed blooms, we need to compare the average gestation period of a woman with the growth period of wheat. (Score: -0.0013866680674254894)

Q: Can a woman on average have a baby before wheat seed blooms?

A: A: The average human gestation period for a woman is about 9 months (approximately 40 weeks).
Wheat typically takes about 4 to 6 months to grow from seed to harvest, depending on the variety and growing conditions.
<EMPTY> (Score: -inf)

Q: Can a woman on average have a baby before wheat seed blooms?

A: A: The average human gestation period for a woman is about 9 months (approximately 40 weeks).
Wheat typically takes about 4 to 6 months to grow from seed to harvest, depending on the variety and growing conditions.
<EMPTY> (Score: -inf)

====================
Q: Can a woman on average have a baby before wheat seed blooms?

A: A: The average human gestation period for a woman is about 9 months (approximately 40 weeks).
Wheat typically takes about 4 to 6 months to grow from seed to harvest, depending on the variety and growing conditions.
To determine if a woman can have a baby before wheat seed blooms, we need to compare the average gestation period of a woman with the growth period of wheat.
#### Yes. (Score: -0.0005530542694032192)

Q: Can a woman on average have a baby before wheat seed blooms?

A: A: The average human gestation period for a woman is about 9 months (approximately 40 weeks).
Wheat typically takes about 4 to 6 months to grow from seed to harvest, depending on the variety and growing conditions.
To determine if a woman can have a baby before wheat seed blooms, we need to compare the average gestation period of a woman with the growth period of wheat.
#### No. (Score: -0.00048692384734749794)

Q: Can a woman on average have a baby before wheat seed blooms?

A: A: The average human gestation period for a woman is about 9 months (approximately 40 weeks).
Wheat typically takes about 4 to 6 months to grow from seed to harvest, depending on the variety and growing conditions.
To determine if a woman can have a baby before wheat seed blooms, we need to compare the average gestation period of a woman with the growth period of wheat.
<EMPTY> (Score: -inf)

Q: Can a woman on average have a baby before wheat seed blooms?

A: A: The average human gestation period for a woman is about 9 months (approximately 40 weeks).
Wheat typically takes about 4 to 6 months to grow from seed to harvest, depending on the variety and growing conditions.
To determine if a woman can have a baby before wheat seed blooms, we need to compare the average gestation period of a woman with the growth period of wheat.
<EMPTY> (Score: -inf)

====================
Q: Can a woman on average have a baby before wheat seed blooms?

A: A: The average human gestation period for a woman is about 9 months (approximately 40 weeks).
Wheat typically takes about 4 to 6 months to grow from seed to harvest, depending on the variety and growing conditions.
To determine if a woman can have a baby before wheat seed blooms, we need to compare the average gestation period of a woman with the growth period of wheat.
#### Yes. (Score: -0.0005530542694032192)

Q: Can a woman on average have a baby before wheat seed blooms?

A: A: The average human gestation period for a woman is about 9 months (approximately 40 weeks).
Wheat typically takes about 4 to 6 months to grow from seed to harvest, depending on the variety and growing conditions.
To determine if a woman can have a baby before wheat seed blooms, we need to compare the average gestation period of a woman with the growth period of wheat.
#### No. (Score: -0.00048692384734749794)

Q: Can a woman on average have a baby before wheat seed blooms?

A: A: The average human gestation period for a woman is about 9 months (approximately 40 weeks).
Wheat typically takes about 4 to 6 months to grow from seed to harvest, depending on the variety and growing conditions.
To determine if a woman can have a baby before wheat seed blooms, we need to compare the average gestation period of a woman with the growth period of wheat.
<EMPTY> (Score: -inf)

Q: Can a woman on average have a baby before wheat seed blooms?

A: A: The average human gestation period for a woman is about 9 months (approximately 40 weeks).
Wheat typically takes about 4 to 6 months to grow from seed to harvest, depending on the variety and growing conditions.
To determine if a woman can have a baby before wheat seed blooms, we need to compare the average gestation period of a woman with the growth period of wheat.
<EMPTY> (Score: -inf)

====================
Q: Would Felicity Huffman vote for Mike DeWine?

A:
Felicity Huffman is an American actress known for her role in "Desperate Housewives." . (Score: -0.00030448706820607185)

Q: Would Felicity Huffman vote for Mike DeWine?

A:
Felicity Huffman is an American actress known for her work in television and film. (Score: 0.0002626911737024784)

Q: Would Felicity Huffman vote for Mike DeWine?

A:
<EMPTY> (Score: -inf)

Q: Would Felicity Huffman vote for Mike DeWine?

A:
<EMPTY> (Score: -inf)

====================
Q: Would Felicity Huffman vote for Mike DeWine?

A: Felicity Huffman is an American actress known for her work in television and film.
Felicity Huffman is known for her political views, but there is no public record of her endorsing or voting for specific candidates like Mike DeWine. (Score: -0.0005640434101223946)

Q: Would Felicity Huffman vote for Mike DeWine?

A: Felicity Huffman is an American actress known for her work in television and film.
Felicity Huffman is known for her political views, but there is no public record of her endorsing or voting for specific candidates like Mike DeWine. (Score: -0.0005640434101223946)

Q: Would Felicity Huffman vote for Mike DeWine?

A: Felicity Huffman is an American actress known for her work in television and film.
<EMPTY> (Score: -inf)

Q: Would Felicity Huffman vote for Mike DeWine?

A: Felicity Huffman is an American actress known for her work in television and film.
<EMPTY> (Score: -inf)

====================
Q: Would Felicity Huffman vote for Mike DeWine?

A: Felicity Huffman is an American actress known for her role in "Desperate Housewives." .
Felicity Huffman is known for her involvement in various social and political issues. (Score: -0.0007628831081092358)

Q: Would Felicity Huffman vote for Mike DeWine?

A: Felicity Huffman is an American actress known for her role in "Desperate Housewives." .
Felicity Huffman is known for her involvement in various social and political issues. (Score: -0.0007628831081092358)

Q: Would Felicity Huffman vote for Mike DeWine?

A: Felicity Huffman is an American actress known for her role in "Desperate Housewives." .
<EMPTY> (Score: -inf)

Q: Would Felicity Huffman vote for Mike DeWine?

A: Felicity Huffman is an American actress known for her role in "Desperate Housewives." .
<EMPTY> (Score: -inf)

====================
Q: Would Felicity Huffman vote for Mike DeWine?

A: Felicity Huffman is an American actress known for her work in television and film.
Felicity Huffman is known for her political views, but there is no public record of her endorsing or voting for specific candidates like Mike DeWine.
Mike DeWine is a Republican politician and the current governor of Ohio. (Score: -0.0006022690795361996)

Q: Would Felicity Huffman vote for Mike DeWine?

A: Felicity Huffman is an American actress known for her work in television and film.
Felicity Huffman is known for her political views, but there is no public record of her endorsing or voting for specific candidates like Mike DeWine.
Mike DeWine is a Republican politician and the current governor of Ohio. (Score: -0.0006022690795361996)

Q: Would Felicity Huffman vote for Mike DeWine?

A: Felicity Huffman is an American actress known for her work in television and film.
Felicity Huffman is known for her political views, but there is no public record of her endorsing or voting for specific candidates like Mike DeWine.
<EMPTY> (Score: -inf)

Q: Would Felicity Huffman vote for Mike DeWine?

A: Felicity Huffman is an American actress known for her work in television and film.
Felicity Huffman is known for her political views, but there is no public record of her endorsing or voting for specific candidates like Mike DeWine.
<EMPTY> (Score: -inf)

====================
Q: Would Felicity Huffman vote for Mike DeWine?

A: Felicity Huffman is an American actress known for her work in television and film.
Felicity Huffman is known for her political views, but there is no public record of her endorsing or voting for specific candidates like Mike DeWine.
Mike DeWine is a Republican politician and the current governor of Ohio. (Score: -0.0006022690795361996)

Q: Would Felicity Huffman vote for Mike DeWine?

A: Felicity Huffman is an American actress known for her work in television and film.
Felicity Huffman is known for her political views, but there is no public record of her endorsing or voting for specific candidates like Mike DeWine.
Mike DeWine is a Republican politician and the current governor of Ohio. (Score: -0.0006022690795361996)

Q: Would Felicity Huffman vote for Mike DeWine?

A: Felicity Huffman is an American actress known for her work in television and film.
Felicity Huffman is known for her political views, but there is no public record of her endorsing or voting for specific candidates like Mike DeWine.
<EMPTY> (Score: -inf)

Q: Would Felicity Huffman vote for Mike DeWine?

A: Felicity Huffman is an American actress known for her work in television and film.
Felicity Huffman is known for her political views, but there is no public record of her endorsing or voting for specific candidates like Mike DeWine.
<EMPTY> (Score: -inf)

====================
Q: Would Felicity Huffman vote for Mike DeWine?

A: Felicity Huffman is an American actress known for her work in television and film.
Felicity Huffman is known for her political views, but there is no public record of her endorsing or voting for specific candidates like Mike DeWine.
Mike DeWine is a Republican politician and the current governor of Ohio.
#### Yes. (Score: 8.594896644353867e-05)

Q: Would Felicity Huffman vote for Mike DeWine?

A: Felicity Huffman is an American actress known for her work in television and film.
Felicity Huffman is known for her political views, but there is no public record of her endorsing or voting for specific candidates like Mike DeWine.
Mike DeWine is a Republican politician and the current governor of Ohio.
#### No. (Score: 0.00023233704268932343)

Q: Would Felicity Huffman vote for Mike DeWine?

A: Felicity Huffman is an American actress known for her work in television and film.
Felicity Huffman is known for her political views, but there is no public record of her endorsing or voting for specific candidates like Mike DeWine.
Mike DeWine is a Republican politician and the current governor of Ohio.
<EMPTY> (Score: -inf)

Q: Would Felicity Huffman vote for Mike DeWine?

A: Felicity Huffman is an American actress known for her work in television and film.
Felicity Huffman is known for her political views, but there is no public record of her endorsing or voting for specific candidates like Mike DeWine.
Mike DeWine is a Republican politician and the current governor of Ohio.
<EMPTY> (Score: -inf)

====================
Q: Would Felicity Huffman vote for Mike DeWine?

A: Felicity Huffman is an American actress known for her work in television and film.
Felicity Huffman is known for her political views, but there is no public record of her endorsing or voting for specific candidates like Mike DeWine.
Mike DeWine is a Republican politician and the current governor of Ohio.
#### Yes. (Score: 8.594896644353867e-05)

Q: Would Felicity Huffman vote for Mike DeWine?

A: Felicity Huffman is an American actress known for her work in television and film.
Felicity Huffman is known for her political views, but there is no public record of her endorsing or voting for specific candidates like Mike DeWine.
Mike DeWine is a Republican politician and the current governor of Ohio.
#### No. (Score: 0.00023233704268932343)

Q: Would Felicity Huffman vote for Mike DeWine?

A: Felicity Huffman is an American actress known for her work in television and film.
Felicity Huffman is known for her political views, but there is no public record of her endorsing or voting for specific candidates like Mike DeWine.
Mike DeWine is a Republican politician and the current governor of Ohio.
<EMPTY> (Score: -inf)

Q: Would Felicity Huffman vote for Mike DeWine?

A: Felicity Huffman is an American actress known for her work in television and film.
Felicity Huffman is known for her political views, but there is no public record of her endorsing or voting for specific candidates like Mike DeWine.
Mike DeWine is a Republican politician and the current governor of Ohio.
<EMPTY> (Score: -inf)

====================
Q: Would it be common to find a penguin in Miami?

A:
A: Penguins are primarily found in the Southern Hemisphere, especially in Antarctica and surrounding islands. (Score: -0.0018983418121933937)

Q: Would it be common to find a penguin in Miami?

A:
A: Penguins are primarily found in the Southern Hemisphere, especially in Antarctica and surrounding islands. (Score: -0.0018983418121933937)

Q: Would it be common to find a penguin in Miami?

A:
<EMPTY> (Score: -inf)

Q: Would it be common to find a penguin in Miami?

A:
<EMPTY> (Score: -inf)

====================
Q: Would it be common to find a penguin in Miami?

A: A: Penguins are primarily found in the Southern Hemisphere, especially in Antarctica and surrounding islands.
Most species of penguins are adapted to cold climates and are not native to tropical regions. (Score: -0.0013110148720443249)

Q: Would it be common to find a penguin in Miami?

A: A: Penguins are primarily found in the Southern Hemisphere, especially in Antarctica and surrounding islands.
Most species of penguins are adapted to cold climates and are not native to tropical regions. (Score: -0.0013110148720443249)

Q: Would it be common to find a penguin in Miami?

A: A: Penguins are primarily found in the Southern Hemisphere, especially in Antarctica and surrounding islands.
<EMPTY> (Score: -inf)

Q: Would it be common to find a penguin in Miami?

A: A: Penguins are primarily found in the Southern Hemisphere, especially in Antarctica and surrounding islands.
<EMPTY> (Score: -inf)

====================
Q: Would it be common to find a penguin in Miami?

A: A: Penguins are primarily found in the Southern Hemisphere, especially in Antarctica and surrounding islands.
Most species of penguins are adapted to cold climates and are not native to tropical regions. (Score: -0.0013110148720443249)

Q: Would it be common to find a penguin in Miami?

A: A: Penguins are primarily found in the Southern Hemisphere, especially in Antarctica and surrounding islands.
Most species of penguins are adapted to cold climates and are not native to tropical regions. (Score: -0.0013110148720443249)

Q: Would it be common to find a penguin in Miami?

A: A: Penguins are primarily found in the Southern Hemisphere, especially in Antarctica and surrounding islands.
<EMPTY> (Score: -inf)

Q: Would it be common to find a penguin in Miami?

A: A: Penguins are primarily found in the Southern Hemisphere, especially in Antarctica and surrounding islands.
<EMPTY> (Score: -inf)

====================
Q: Would it be common to find a penguin in Miami?

A: A: Penguins are primarily found in the Southern Hemisphere, especially in Antarctica and surrounding islands.
Most species of penguins are adapted to cold climates and are not native to tropical regions.
In Miami, the climate is tropical and warm, which is not suitable for penguins. (Score: -0.001528819091618061)

Q: Would it be common to find a penguin in Miami?

A: A: Penguins are primarily found in the Southern Hemisphere, especially in Antarctica and surrounding islands.
Most species of penguins are adapted to cold climates and are not native to tropical regions.
In Miami, the climate is tropical and warm, which is not suitable for penguins. (Score: -0.001528819091618061)

Q: Would it be common to find a penguin in Miami?

A: A: Penguins are primarily found in the Southern Hemisphere, especially in Antarctica and surrounding islands.
Most species of penguins are adapted to cold climates and are not native to tropical regions.
<EMPTY> (Score: -inf)

Q: Would it be common to find a penguin in Miami?

A: A: Penguins are primarily found in the Southern Hemisphere, especially in Antarctica and surrounding islands.
Most species of penguins are adapted to cold climates and are not native to tropical regions.
<EMPTY> (Score: -inf)

====================
Q: Would it be common to find a penguin in Miami?

A: A: Penguins are primarily found in the Southern Hemisphere, especially in Antarctica and surrounding islands.
Most species of penguins are adapted to cold climates and are not native to tropical regions.
In Miami, the climate is tropical and warm, which is not suitable for penguins. (Score: -0.001528819091618061)

Q: Would it be common to find a penguin in Miami?

A: A: Penguins are primarily found in the Southern Hemisphere, especially in Antarctica and surrounding islands.
Most species of penguins are adapted to cold climates and are not native to tropical regions.
In Miami, the climate is tropical and warm, which is not suitable for penguins. (Score: -0.001528819091618061)

Q: Would it be common to find a penguin in Miami?

A: A: Penguins are primarily found in the Southern Hemisphere, especially in Antarctica and surrounding islands.
Most species of penguins are adapted to cold climates and are not native to tropical regions.
<EMPTY> (Score: -inf)

Q: Would it be common to find a penguin in Miami?

A: A: Penguins are primarily found in the Southern Hemisphere, especially in Antarctica and surrounding islands.
Most species of penguins are adapted to cold climates and are not native to tropical regions.
<EMPTY> (Score: -inf)

====================
Q: Would it be common to find a penguin in Miami?

A: A: Penguins are primarily found in the Southern Hemisphere, especially in Antarctica and surrounding islands.
Most species of penguins are adapted to cold climates and are not native to tropical regions.
In Miami, the climate is tropical and warm, which is not suitable for penguins.
#### Yes. (Score: -0.0006668590940535069)

Q: Would it be common to find a penguin in Miami?

A: A: Penguins are primarily found in the Southern Hemisphere, especially in Antarctica and surrounding islands.
Most species of penguins are adapted to cold climates and are not native to tropical regions.
In Miami, the climate is tropical and warm, which is not suitable for penguins.
#### No. (Score: -0.0005621421150863171)

Q: Would it be common to find a penguin in Miami?

A: A: Penguins are primarily found in the Southern Hemisphere, especially in Antarctica and surrounding islands.
Most species of penguins are adapted to cold climates and are not native to tropical regions.
In Miami, the climate is tropical and warm, which is not suitable for penguins.
<EMPTY> (Score: -inf)

Q: Would it be common to find a penguin in Miami?

A: A: Penguins are primarily found in the Southern Hemisphere, especially in Antarctica and surrounding islands.
Most species of penguins are adapted to cold climates and are not native to tropical regions.
In Miami, the climate is tropical and warm, which is not suitable for penguins.
<EMPTY> (Score: -inf)

====================
Q: Would it be common to find a penguin in Miami?

A: A: Penguins are primarily found in the Southern Hemisphere, especially in Antarctica and surrounding islands.
Most species of penguins are adapted to cold climates and are not native to tropical regions.
In Miami, the climate is tropical and warm, which is not suitable for penguins.
#### Yes. (Score: -0.0006668590940535069)

Q: Would it be common to find a penguin in Miami?

A: A: Penguins are primarily found in the Southern Hemisphere, especially in Antarctica and surrounding islands.
Most species of penguins are adapted to cold climates and are not native to tropical regions.
In Miami, the climate is tropical and warm, which is not suitable for penguins.
#### No. (Score: -0.0005621421150863171)

Q: Would it be common to find a penguin in Miami?

A: A: Penguins are primarily found in the Southern Hemisphere, especially in Antarctica and surrounding islands.
Most species of penguins are adapted to cold climates and are not native to tropical regions.
In Miami, the climate is tropical and warm, which is not suitable for penguins.
<EMPTY> (Score: -inf)

Q: Would it be common to find a penguin in Miami?

A: A: Penguins are primarily found in the Southern Hemisphere, especially in Antarctica and surrounding islands.
Most species of penguins are adapted to cold climates and are not native to tropical regions.
In Miami, the climate is tropical and warm, which is not suitable for penguins.
<EMPTY> (Score: -inf)

====================
Q: Is sunscreen unhelpful for the condition that killed Bob Marley?

A:
A: Bob Marley died from complications related to melanoma, a type of skin cancer. (Score: -0.0017884811386466026)

Q: Is sunscreen unhelpful for the condition that killed Bob Marley?

A:
A: Bob Marley died from complications related to melanoma, a type of skin cancer. (Score: -0.0017884811386466026)

Q: Is sunscreen unhelpful for the condition that killed Bob Marley?

A:
<EMPTY> (Score: -inf)

Q: Is sunscreen unhelpful for the condition that killed Bob Marley?

A:
<EMPTY> (Score: -inf)

====================
Q: Is sunscreen unhelpful for the condition that killed Bob Marley?

A: A: Bob Marley died from complications related to melanoma, a type of skin cancer.
Melanoma is a serious form of skin cancer that can be influenced by sun exposure. (Score: -0.001036045141518116)

Q: Is sunscreen unhelpful for the condition that killed Bob Marley?

A: A: Bob Marley died from complications related to melanoma, a type of skin cancer.
Melanoma is a serious form of skin cancer that can be influenced by sun exposure. (Score: -0.001036045141518116)

Q: Is sunscreen unhelpful for the condition that killed Bob Marley?

A: A: Bob Marley died from complications related to melanoma, a type of skin cancer.
<EMPTY> (Score: -inf)

Q: Is sunscreen unhelpful for the condition that killed Bob Marley?

A: A: Bob Marley died from complications related to melanoma, a type of skin cancer.
<EMPTY> (Score: -inf)

====================
Q: Is sunscreen unhelpful for the condition that killed Bob Marley?

A: A: Bob Marley died from complications related to melanoma, a type of skin cancer.
Melanoma is a serious form of skin cancer that can be influenced by sun exposure. (Score: -0.001036045141518116)

Q: Is sunscreen unhelpful for the condition that killed Bob Marley?

A: A: Bob Marley died from complications related to melanoma, a type of skin cancer.
Melanoma is a serious form of skin cancer that can be influenced by sun exposure. (Score: -0.001036045141518116)

Q: Is sunscreen unhelpful for the condition that killed Bob Marley?

A: A: Bob Marley died from complications related to melanoma, a type of skin cancer.
<EMPTY> (Score: -inf)

Q: Is sunscreen unhelpful for the condition that killed Bob Marley?

A: A: Bob Marley died from complications related to melanoma, a type of skin cancer.
<EMPTY> (Score: -inf)

====================
Q: Is sunscreen unhelpful for the condition that killed Bob Marley?

A: A: Bob Marley died from complications related to melanoma, a type of skin cancer.
Melanoma is a serious form of skin cancer that can be influenced by sun exposure.
Sunscreen is designed to protect the skin from harmful UV rays, which can contribute to the development of skin cancer, including melanoma. (Score: -0.00235194293782115)

Q: Is sunscreen unhelpful for the condition that killed Bob Marley?

A: A: Bob Marley died from complications related to melanoma, a type of skin cancer.
Melanoma is a serious form of skin cancer that can be influenced by sun exposure.
Sunscreen is designed to protect the skin from harmful UV rays, which can contribute to the development of skin cancer, including melanoma. (Score: -0.00235194293782115)

Q: Is sunscreen unhelpful for the condition that killed Bob Marley?

A: A: Bob Marley died from complications related to melanoma, a type of skin cancer.
Melanoma is a serious form of skin cancer that can be influenced by sun exposure.
<EMPTY> (Score: -inf)

Q: Is sunscreen unhelpful for the condition that killed Bob Marley?

A: A: Bob Marley died from complications related to melanoma, a type of skin cancer.
Melanoma is a serious form of skin cancer that can be influenced by sun exposure.
<EMPTY> (Score: -inf)

====================
Q: Is sunscreen unhelpful for the condition that killed Bob Marley?

A: A: Bob Marley died from complications related to melanoma, a type of skin cancer.
Melanoma is a serious form of skin cancer that can be influenced by sun exposure.
Sunscreen is designed to protect the skin from harmful UV rays, which can contribute to the development of skin cancer, including melanoma. (Score: -0.00235194293782115)

Q: Is sunscreen unhelpful for the condition that killed Bob Marley?

A: A: Bob Marley died from complications related to melanoma, a type of skin cancer.
Melanoma is a serious form of skin cancer that can be influenced by sun exposure.
Sunscreen is designed to protect the skin from harmful UV rays, which can contribute to the development of skin cancer, including melanoma. (Score: -0.00235194293782115)

Q: Is sunscreen unhelpful for the condition that killed Bob Marley?

A: A: Bob Marley died from complications related to melanoma, a type of skin cancer.
Melanoma is a serious form of skin cancer that can be influenced by sun exposure.
<EMPTY> (Score: -inf)

Q: Is sunscreen unhelpful for the condition that killed Bob Marley?

A: A: Bob Marley died from complications related to melanoma, a type of skin cancer.
Melanoma is a serious form of skin cancer that can be influenced by sun exposure.
<EMPTY> (Score: -inf)

====================
Q: Is sunscreen unhelpful for the condition that killed Bob Marley?

A: A: Bob Marley died from complications related to melanoma, a type of skin cancer.
Melanoma is a serious form of skin cancer that can be influenced by sun exposure.
Sunscreen is designed to protect the skin from harmful UV rays, which can contribute to the development of skin cancer, including melanoma.
#### Yes. (Score: -0.001602425705641508)

Q: Is sunscreen unhelpful for the condition that killed Bob Marley?

A: A: Bob Marley died from complications related to melanoma, a type of skin cancer.
Melanoma is a serious form of skin cancer that can be influenced by sun exposure.
Sunscreen is designed to protect the skin from harmful UV rays, which can contribute to the development of skin cancer, including melanoma.
#### No. (Score: -0.0014853659085929394)

Q: Is sunscreen unhelpful for the condition that killed Bob Marley?

A: A: Bob Marley died from complications related to melanoma, a type of skin cancer.
Melanoma is a serious form of skin cancer that can be influenced by sun exposure.
Sunscreen is designed to protect the skin from harmful UV rays, which can contribute to the development of skin cancer, including melanoma.
<EMPTY> (Score: -inf)

Q: Is sunscreen unhelpful for the condition that killed Bob Marley?

A: A: Bob Marley died from complications related to melanoma, a type of skin cancer.
Melanoma is a serious form of skin cancer that can be influenced by sun exposure.
Sunscreen is designed to protect the skin from harmful UV rays, which can contribute to the development of skin cancer, including melanoma.
<EMPTY> (Score: -inf)

====================
Q: Is sunscreen unhelpful for the condition that killed Bob Marley?

A: A: Bob Marley died from complications related to melanoma, a type of skin cancer.
Melanoma is a serious form of skin cancer that can be influenced by sun exposure.
Sunscreen is designed to protect the skin from harmful UV rays, which can contribute to the development of skin cancer, including melanoma.
#### Yes. (Score: -0.001602425705641508)

Q: Is sunscreen unhelpful for the condition that killed Bob Marley?

A: A: Bob Marley died from complications related to melanoma, a type of skin cancer.
Melanoma is a serious form of skin cancer that can be influenced by sun exposure.
Sunscreen is designed to protect the skin from harmful UV rays, which can contribute to the development of skin cancer, including melanoma.
#### No. (Score: -0.0014853659085929394)

Q: Is sunscreen unhelpful for the condition that killed Bob Marley?

A: A: Bob Marley died from complications related to melanoma, a type of skin cancer.
Melanoma is a serious form of skin cancer that can be influenced by sun exposure.
Sunscreen is designed to protect the skin from harmful UV rays, which can contribute to the development of skin cancer, including melanoma.
<EMPTY> (Score: -inf)

Q: Is sunscreen unhelpful for the condition that killed Bob Marley?

A: A: Bob Marley died from complications related to melanoma, a type of skin cancer.
Melanoma is a serious form of skin cancer that can be influenced by sun exposure.
Sunscreen is designed to protect the skin from harmful UV rays, which can contribute to the development of skin cancer, including melanoma.
<EMPTY> (Score: -inf)

====================
Q: Was P. G. Wodehouse's favorite book The Hunger Games?

A:
P. (Score: -0.0011256891302764416)

Q: Was P. G. Wodehouse's favorite book The Hunger Games?

A:
P. (Score: -0.0011256891302764416)

Q: Was P. G. Wodehouse's favorite book The Hunger Games?

A:
<EMPTY> (Score: -inf)

Q: Was P. G. Wodehouse's favorite book The Hunger Games?

A:
<EMPTY> (Score: -inf)

====================
Q: Was P. G. Wodehouse's favorite book The Hunger Games?

A: P.
G. (Score: 0.0019107875414192677)

Q: Was P. G. Wodehouse's favorite book The Hunger Games?

A: P.
G. (Score: 0.0019107875414192677)

Q: Was P. G. Wodehouse's favorite book The Hunger Games?

A: P.
<EMPTY> (Score: -inf)

Q: Was P. G. Wodehouse's favorite book The Hunger Games?

A: P.
<EMPTY> (Score: -inf)

====================
Q: Was P. G. Wodehouse's favorite book The Hunger Games?

A: P.
G. (Score: 0.0019107875414192677)

Q: Was P. G. Wodehouse's favorite book The Hunger Games?

A: P.
G. (Score: 0.0019107875414192677)

Q: Was P. G. Wodehouse's favorite book The Hunger Games?

A: P.
<EMPTY> (Score: -inf)

Q: Was P. G. Wodehouse's favorite book The Hunger Games?

A: P.
<EMPTY> (Score: -inf)

====================
Q: Was P. G. Wodehouse's favorite book The Hunger Games?

A: P.
G.
Wodehouse was a British author known for his humorous novels and stories. (Score: 0.0006076912395656109)

Q: Was P. G. Wodehouse's favorite book The Hunger Games?

A: P.
G.
Wodehouse was a British author known for his humorous novels and stories. (Score: 0.0006076912395656109)

Q: Was P. G. Wodehouse's favorite book The Hunger Games?

A: P.
G.
<EMPTY> (Score: -inf)

Q: Was P. G. Wodehouse's favorite book The Hunger Games?

A: P.
G.
<EMPTY> (Score: -inf)

====================
Q: Was P. G. Wodehouse's favorite book The Hunger Games?

A: P.
G.
Wodehouse was a British author known for his humorous novels and stories. (Score: 0.0006076912395656109)

Q: Was P. G. Wodehouse's favorite book The Hunger Games?

A: P.
G.
Wodehouse was a British author known for his humorous novels and stories. (Score: 0.0006076912395656109)

Q: Was P. G. Wodehouse's favorite book The Hunger Games?

A: P.
G.
<EMPTY> (Score: -inf)

Q: Was P. G. Wodehouse's favorite book The Hunger Games?

A: P.
G.
<EMPTY> (Score: -inf)

====================
Q: Was P. G. Wodehouse's favorite book The Hunger Games?

A: P.
G.
Wodehouse was a British author known for his humorous novels and stories.
#### Yes. (Score: 0.0003226175904273987)

Q: Was P. G. Wodehouse's favorite book The Hunger Games?

A: P.
G.
Wodehouse was a British author known for his humorous novels and stories.
#### No. (Score: 0.00034824106842279434)

Q: Was P. G. Wodehouse's favorite book The Hunger Games?

A: P.
G.
Wodehouse was a British author known for his humorous novels and stories.
<EMPTY> (Score: -inf)

Q: Was P. G. Wodehouse's favorite book The Hunger Games?

A: P.
G.
Wodehouse was a British author known for his humorous novels and stories.
<EMPTY> (Score: -inf)

====================
Q: Was P. G. Wodehouse's favorite book The Hunger Games?

A: P.
G.
Wodehouse was a British author known for his humorous novels and stories.
#### Yes. (Score: 0.0003226175904273987)

Q: Was P. G. Wodehouse's favorite book The Hunger Games?

A: P.
G.
Wodehouse was a British author known for his humorous novels and stories.
#### No. (Score: 0.00034824106842279434)

Q: Was P. G. Wodehouse's favorite book The Hunger Games?

A: P.
G.
Wodehouse was a British author known for his humorous novels and stories.
<EMPTY> (Score: -inf)

Q: Was P. G. Wodehouse's favorite book The Hunger Games?

A: P.
G.
Wodehouse was a British author known for his humorous novels and stories.
<EMPTY> (Score: -inf)

====================
Q: Does Alec Baldwin have more children than Clint Eastwood?

A:
Alec Baldwin has a total of 7 children. (Score: 0.0010572830215096474)

Q: Does Alec Baldwin have more children than Clint Eastwood?

A:
Alec Baldwin has a total of 6 children. (Score: 0.0011297604069113731)

Q: Does Alec Baldwin have more children than Clint Eastwood?

A:
<EMPTY> (Score: -inf)

Q: Does Alec Baldwin have more children than Clint Eastwood?

A:
<EMPTY> (Score: -inf)

====================
Q: Does Alec Baldwin have more children than Clint Eastwood?

A: Alec Baldwin has a total of 6 children.
Clint Eastwood has a total of 8 children. (Score: -0.0001852228306233883)

Q: Does Alec Baldwin have more children than Clint Eastwood?

A: Alec Baldwin has a total of 6 children.
Clint Eastwood has a total of 8 children. (Score: -0.0001852228306233883)

Q: Does Alec Baldwin have more children than Clint Eastwood?

A: Alec Baldwin has a total of 6 children.
<EMPTY> (Score: -inf)

Q: Does Alec Baldwin have more children than Clint Eastwood?

A: Alec Baldwin has a total of 6 children.
<EMPTY> (Score: -inf)

====================
Q: Does Alec Baldwin have more children than Clint Eastwood?

A: Alec Baldwin has a total of 7 children.
Clint Eastwood has a total of 8 children. (Score: -0.00016600126400589943)

Q: Does Alec Baldwin have more children than Clint Eastwood?

A: Alec Baldwin has a total of 7 children.
Clint Eastwood has a total of 8 children. (Score: -0.00016600126400589943)

Q: Does Alec Baldwin have more children than Clint Eastwood?

A: Alec Baldwin has a total of 7 children.
<EMPTY> (Score: -inf)

Q: Does Alec Baldwin have more children than Clint Eastwood?

A: Alec Baldwin has a total of 7 children.
<EMPTY> (Score: -inf)

====================
Q: Does Alec Baldwin have more children than Clint Eastwood?

A: Alec Baldwin has a total of 7 children.
Clint Eastwood has a total of 8 children.
A: To compare the number of children, we note that Alec Baldwin has 7 children. (Score: 0.0007184231653809547)

Q: Does Alec Baldwin have more children than Clint Eastwood?

A: Alec Baldwin has a total of 7 children.
Clint Eastwood has a total of 8 children.
A: To compare the number of children, we note that Alec Baldwin has 7 children. (Score: 0.0007184231653809547)

Q: Does Alec Baldwin have more children than Clint Eastwood?

A: Alec Baldwin has a total of 7 children.
Clint Eastwood has a total of 8 children.
<EMPTY> (Score: -inf)

Q: Does Alec Baldwin have more children than Clint Eastwood?

A: Alec Baldwin has a total of 7 children.
Clint Eastwood has a total of 8 children.
<EMPTY> (Score: -inf)

====================
Q: Does Alec Baldwin have more children than Clint Eastwood?

A: Alec Baldwin has a total of 7 children.
Clint Eastwood has a total of 8 children.
A: To compare the number of children, we note that Alec Baldwin has 7 children. (Score: 0.0007184231653809547)

Q: Does Alec Baldwin have more children than Clint Eastwood?

A: Alec Baldwin has a total of 7 children.
Clint Eastwood has a total of 8 children.
A: To compare the number of children, we note that Alec Baldwin has 7 children. (Score: 0.0007184231653809547)

Q: Does Alec Baldwin have more children than Clint Eastwood?

A: Alec Baldwin has a total of 7 children.
Clint Eastwood has a total of 8 children.
<EMPTY> (Score: -inf)

Q: Does Alec Baldwin have more children than Clint Eastwood?

A: Alec Baldwin has a total of 7 children.
Clint Eastwood has a total of 8 children.
<EMPTY> (Score: -inf)

====================
Q: Does Alec Baldwin have more children than Clint Eastwood?

A: Alec Baldwin has a total of 7 children.
Clint Eastwood has a total of 8 children.
A: To compare the number of children, we note that Alec Baldwin has 7 children.
#### Yes. (Score: 0.0013999585062265396)

Q: Does Alec Baldwin have more children than Clint Eastwood?

A: Alec Baldwin has a total of 7 children.
Clint Eastwood has a total of 8 children.
A: To compare the number of children, we note that Alec Baldwin has 7 children.
#### No. (Score: 0.0013756989501416683)

Q: Does Alec Baldwin have more children than Clint Eastwood?

A: Alec Baldwin has a total of 7 children.
Clint Eastwood has a total of 8 children.
A: To compare the number of children, we note that Alec Baldwin has 7 children.
<EMPTY> (Score: -inf)

Q: Does Alec Baldwin have more children than Clint Eastwood?

A: Alec Baldwin has a total of 7 children.
Clint Eastwood has a total of 8 children.
A: To compare the number of children, we note that Alec Baldwin has 7 children.
<EMPTY> (Score: -inf)

====================
Q: Does Alec Baldwin have more children than Clint Eastwood?

A: Alec Baldwin has a total of 7 children.
Clint Eastwood has a total of 8 children.
A: To compare the number of children, we note that Alec Baldwin has 7 children.
#### Yes. (Score: 0.0013999585062265396)

Q: Does Alec Baldwin have more children than Clint Eastwood?

A: Alec Baldwin has a total of 7 children.
Clint Eastwood has a total of 8 children.
A: To compare the number of children, we note that Alec Baldwin has 7 children.
#### No. (Score: 0.0013756989501416683)

Q: Does Alec Baldwin have more children than Clint Eastwood?

A: Alec Baldwin has a total of 7 children.
Clint Eastwood has a total of 8 children.
A: To compare the number of children, we note that Alec Baldwin has 7 children.
<EMPTY> (Score: -inf)

Q: Does Alec Baldwin have more children than Clint Eastwood?

A: Alec Baldwin has a total of 7 children.
Clint Eastwood has a total of 8 children.
A: To compare the number of children, we note that Alec Baldwin has 7 children.
<EMPTY> (Score: -inf)

====================
Q: Does Capricorn astrology symbol have all of the parts of a chimera?

A:
Capricorn is represented by a sea-goat, which is a creature with the front half of a goat and the tail of a fish. (Score: 0.00016857637092471123)

Q: Does Capricorn astrology symbol have all of the parts of a chimera?

A:
A: Capricorn is represented by a sea-goat, which is a creature with the front half of a goat and the tail of a fish. (Score: -0.0006876667030155659)

Q: Does Capricorn astrology symbol have all of the parts of a chimera?

A:
<EMPTY> (Score: -inf)

Q: Does Capricorn astrology symbol have all of the parts of a chimera?

A:
<EMPTY> (Score: -inf)

====================
Q: Does Capricorn astrology symbol have all of the parts of a chimera?

A: Capricorn is represented by a sea-goat, which is a creature with the front half of a goat and the tail of a fish.
A: A chimera is a mythological creature that typically has parts from multiple animals, often depicted with a lion's head, a goat's body, and a serpent's tail. (Score: 0.0004721512086689472)

Q: Does Capricorn astrology symbol have all of the parts of a chimera?

A: Capricorn is represented by a sea-goat, which is a creature with the front half of a goat and the tail of a fish.
A: A chimera is a mythological creature that typically has parts from multiple animals, often depicted with a lion's head, a goat's body, and a serpent's tail. (Score: 0.0004721512086689472)

Q: Does Capricorn astrology symbol have all of the parts of a chimera?

A: Capricorn is represented by a sea-goat, which is a creature with the front half of a goat and the tail of a fish.
<EMPTY> (Score: -inf)

Q: Does Capricorn astrology symbol have all of the parts of a chimera?

A: Capricorn is represented by a sea-goat, which is a creature with the front half of a goat and the tail of a fish.
<EMPTY> (Score: -inf)

====================
Q: Does Capricorn astrology symbol have all of the parts of a chimera?

A: A: Capricorn is represented by a sea-goat, which is a creature with the front half of a goat and the tail of a fish.
The chimera is a mythological creature that typically has parts from multiple animals, often depicted with a lion's head, a goat's body, and a serpent's tail. (Score: 0.000528446864336729)

Q: Does Capricorn astrology symbol have all of the parts of a chimera?

A: A: Capricorn is represented by a sea-goat, which is a creature with the front half of a goat and the tail of a fish.
The chimera is a mythological creature that is typically depicted as a hybrid of multiple animals, often including parts of a lion, goat, and serpent. (Score: -6.703613325953484e-05)

Q: Does Capricorn astrology symbol have all of the parts of a chimera?

A: A: Capricorn is represented by a sea-goat, which is a creature with the front half of a goat and the tail of a fish.
<EMPTY> (Score: -inf)

Q: Does Capricorn astrology symbol have all of the parts of a chimera?

A: A: Capricorn is represented by a sea-goat, which is a creature with the front half of a goat and the tail of a fish.
<EMPTY> (Score: -inf)

====================
Q: Does Capricorn astrology symbol have all of the parts of a chimera?

A: A: Capricorn is represented by a sea-goat, which is a creature with the front half of a goat and the tail of a fish.
The chimera is a mythological creature that typically has parts from multiple animals, often depicted with a lion's head, a goat's body, and a serpent's tail.
To determine if the Capricorn astrology symbol has all of the parts of a chimera, we need to analyze both creatures. (Score: -0.0005954932421445847)

Q: Does Capricorn astrology symbol have all of the parts of a chimera?

A: A: Capricorn is represented by a sea-goat, which is a creature with the front half of a goat and the tail of a fish.
The chimera is a mythological creature that typically has parts from multiple animals, often depicted with a lion's head, a goat's body, and a serpent's tail.
To determine if the Capricorn astrology symbol has all of the parts of a chimera, we need to analyze both creatures. (Score: -0.0005954932421445847)

Q: Does Capricorn astrology symbol have all of the parts of a chimera?

A: A: Capricorn is represented by a sea-goat, which is a creature with the front half of a goat and the tail of a fish.
The chimera is a mythological creature that typically has parts from multiple animals, often depicted with a lion's head, a goat's body, and a serpent's tail.
<EMPTY> (Score: -inf)

Q: Does Capricorn astrology symbol have all of the parts of a chimera?

A: A: Capricorn is represented by a sea-goat, which is a creature with the front half of a goat and the tail of a fish.
The chimera is a mythological creature that typically has parts from multiple animals, often depicted with a lion's head, a goat's body, and a serpent's tail.
<EMPTY> (Score: -inf)

====================
Q: Does Capricorn astrology symbol have all of the parts of a chimera?

A: Capricorn is represented by a sea-goat, which is a creature with the front half of a goat and the tail of a fish.
A: A chimera is a mythological creature that typically has parts from multiple animals, often depicted with a lion's head, a goat's body, and a serpent's tail.
A: The sea-goat, representing Capricorn, does not include all the parts of a chimera. (Score: 0.000297407153993845)

Q: Does Capricorn astrology symbol have all of the parts of a chimera?

A: Capricorn is represented by a sea-goat, which is a creature with the front half of a goat and the tail of a fish.
A: A chimera is a mythological creature that typically has parts from multiple animals, often depicted with a lion's head, a goat's body, and a serpent's tail.
A: The sea-goat, representing Capricorn, does not include all the parts of a chimera. (Score: 0.000297407153993845)

Q: Does Capricorn astrology symbol have all of the parts of a chimera?

A: Capricorn is represented by a sea-goat, which is a creature with the front half of a goat and the tail of a fish.
A: A chimera is a mythological creature that typically has parts from multiple animals, often depicted with a lion's head, a goat's body, and a serpent's tail.
<EMPTY> (Score: -inf)

Q: Does Capricorn astrology symbol have all of the parts of a chimera?

A: Capricorn is represented by a sea-goat, which is a creature with the front half of a goat and the tail of a fish.
A: A chimera is a mythological creature that typically has parts from multiple animals, often depicted with a lion's head, a goat's body, and a serpent's tail.
<EMPTY> (Score: -inf)

====================
Q: Does Capricorn astrology symbol have all of the parts of a chimera?

A: Capricorn is represented by a sea-goat, which is a creature with the front half of a goat and the tail of a fish.
A: A chimera is a mythological creature that typically has parts from multiple animals, often depicted with a lion's head, a goat's body, and a serpent's tail.
A: The sea-goat, representing Capricorn, does not include all the parts of a chimera.
#### Yes. (Score: 0.00010192394256591797)

Q: Does Capricorn astrology symbol have all of the parts of a chimera?

A: Capricorn is represented by a sea-goat, which is a creature with the front half of a goat and the tail of a fish.
A: A chimera is a mythological creature that typically has parts from multiple animals, often depicted with a lion's head, a goat's body, and a serpent's tail.
A: The sea-goat, representing Capricorn, does not include all the parts of a chimera.
#### No. (Score: 0.0002520112320780754)

Q: Does Capricorn astrology symbol have all of the parts of a chimera?

A: Capricorn is represented by a sea-goat, which is a creature with the front half of a goat and the tail of a fish.
A: A chimera is a mythological creature that typically has parts from multiple animals, often depicted with a lion's head, a goat's body, and a serpent's tail.
A: The sea-goat, representing Capricorn, does not include all the parts of a chimera.
<EMPTY> (Score: -inf)

Q: Does Capricorn astrology symbol have all of the parts of a chimera?

A: Capricorn is represented by a sea-goat, which is a creature with the front half of a goat and the tail of a fish.
A: A chimera is a mythological creature that typically has parts from multiple animals, often depicted with a lion's head, a goat's body, and a serpent's tail.
A: The sea-goat, representing Capricorn, does not include all the parts of a chimera.
<EMPTY> (Score: -inf)

====================
Q: Does Capricorn astrology symbol have all of the parts of a chimera?

A: Capricorn is represented by a sea-goat, which is a creature with the front half of a goat and the tail of a fish.
A: A chimera is a mythological creature that typically has parts from multiple animals, often depicted with a lion's head, a goat's body, and a serpent's tail.
A: The sea-goat, representing Capricorn, does not include all the parts of a chimera.
#### Yes. (Score: 0.00010192394256591797)

Q: Does Capricorn astrology symbol have all of the parts of a chimera?

A: Capricorn is represented by a sea-goat, which is a creature with the front half of a goat and the tail of a fish.
A: A chimera is a mythological creature that typically has parts from multiple animals, often depicted with a lion's head, a goat's body, and a serpent's tail.
A: The sea-goat, representing Capricorn, does not include all the parts of a chimera.
#### No. (Score: 0.0002520112320780754)

Q: Does Capricorn astrology symbol have all of the parts of a chimera?

A: Capricorn is represented by a sea-goat, which is a creature with the front half of a goat and the tail of a fish.
A: A chimera is a mythological creature that typically has parts from multiple animals, often depicted with a lion's head, a goat's body, and a serpent's tail.
A: The sea-goat, representing Capricorn, does not include all the parts of a chimera.
<EMPTY> (Score: -inf)

Q: Does Capricorn astrology symbol have all of the parts of a chimera?

A: Capricorn is represented by a sea-goat, which is a creature with the front half of a goat and the tail of a fish.
A: A chimera is a mythological creature that typically has parts from multiple animals, often depicted with a lion's head, a goat's body, and a serpent's tail.
A: The sea-goat, representing Capricorn, does not include all the parts of a chimera.
<EMPTY> (Score: -inf)

====================
Q: Can a strawberry get worms similar to dogs?

A:
A: Strawberries are a type of fruit that grows on plants. (Score: -0.0003866073675453663)

Q: Can a strawberry get worms similar to dogs?

A:
A: Strawberries are a type of fruit that grows on plants. (Score: -0.0003866073675453663)

Q: Can a strawberry get worms similar to dogs?

A:
<EMPTY> (Score: -inf)

Q: Can a strawberry get worms similar to dogs?

A:
<EMPTY> (Score: -inf)

====================
Q: Can a strawberry get worms similar to dogs?

A: A: Strawberries are a type of fruit that grows on plants.
Strawberries are not animals; they are plants. (Score: -0.00040331296622753143)

Q: Can a strawberry get worms similar to dogs?

A: A: Strawberries are a type of fruit that grows on plants.
Strawberries are not animals; they are plants. (Score: -0.00040331296622753143)

Q: Can a strawberry get worms similar to dogs?

A: A: Strawberries are a type of fruit that grows on plants.
<EMPTY> (Score: -inf)

Q: Can a strawberry get worms similar to dogs?

A: A: Strawberries are a type of fruit that grows on plants.
<EMPTY> (Score: -inf)

====================
Q: Can a strawberry get worms similar to dogs?

A: A: Strawberries are a type of fruit that grows on plants.
Strawberries are not animals; they are plants. (Score: -0.00040331296622753143)

Q: Can a strawberry get worms similar to dogs?

A: A: Strawberries are a type of fruit that grows on plants.
Strawberries are not animals; they are plants. (Score: -0.00040331296622753143)

Q: Can a strawberry get worms similar to dogs?

A: A: Strawberries are a type of fruit that grows on plants.
<EMPTY> (Score: -inf)

Q: Can a strawberry get worms similar to dogs?

A: A: Strawberries are a type of fruit that grows on plants.
<EMPTY> (Score: -inf)

====================
Q: Can a strawberry get worms similar to dogs?

A: A: Strawberries are a type of fruit that grows on plants.
Strawberries are not animals; they are plants.
Worms are typically associated with animals, particularly invertebrates like dogs, which can host parasites. (Score: -0.0008558365516364574)

Q: Can a strawberry get worms similar to dogs?

A: A: Strawberries are a type of fruit that grows on plants.
Strawberries are not animals; they are plants.
Worms are typically associated with animals, particularly invertebrates like dogs, which can have parasites. (Score: -0.000695474911481142)

Q: Can a strawberry get worms similar to dogs?

A: A: Strawberries are a type of fruit that grows on plants.
Strawberries are not animals; they are plants.
<EMPTY> (Score: -inf)

Q: Can a strawberry get worms similar to dogs?

A: A: Strawberries are a type of fruit that grows on plants.
Strawberries are not animals; they are plants.
<EMPTY> (Score: -inf)

====================
Q: Can a strawberry get worms similar to dogs?

A: A: Strawberries are a type of fruit that grows on plants.
Strawberries are not animals; they are plants.
Worms are typically associated with animals, particularly invertebrates like dogs, which can host parasites. (Score: -0.0008558365516364574)

Q: Can a strawberry get worms similar to dogs?

A: A: Strawberries are a type of fruit that grows on plants.
Strawberries are not animals; they are plants.
Worms are typically associated with animals, particularly invertebrates like dogs, which can host parasites. (Score: -0.0008558365516364574)

Q: Can a strawberry get worms similar to dogs?

A: A: Strawberries are a type of fruit that grows on plants.
Strawberries are not animals; they are plants.
<EMPTY> (Score: -inf)

Q: Can a strawberry get worms similar to dogs?

A: A: Strawberries are a type of fruit that grows on plants.
Strawberries are not animals; they are plants.
<EMPTY> (Score: -inf)

====================
Q: Can a strawberry get worms similar to dogs?

A: A: Strawberries are a type of fruit that grows on plants.
Strawberries are not animals; they are plants.
Worms are typically associated with animals, particularly invertebrates like dogs, which can have parasites.
#### Yes. (Score: 0.00018816208466887474)

Q: Can a strawberry get worms similar to dogs?

A: A: Strawberries are a type of fruit that grows on plants.
Strawberries are not animals; they are plants.
Worms are typically associated with animals, particularly invertebrates like dogs, which can have parasites.
#### No. (Score: 0.00035154446959495544)

Q: Can a strawberry get worms similar to dogs?

A: A: Strawberries are a type of fruit that grows on plants.
Strawberries are not animals; they are plants.
Worms are typically associated with animals, particularly invertebrates like dogs, which can have parasites.
<EMPTY> (Score: -inf)

Q: Can a strawberry get worms similar to dogs?

A: A: Strawberries are a type of fruit that grows on plants.
Strawberries are not animals; they are plants.
Worms are typically associated with animals, particularly invertebrates like dogs, which can have parasites.
<EMPTY> (Score: -inf)

====================
Q: Can a strawberry get worms similar to dogs?

A: A: Strawberries are a type of fruit that grows on plants.
Strawberries are not animals; they are plants.
Worms are typically associated with animals, particularly invertebrates like dogs, which can host parasites.
#### Yes. (Score: 4.4819433242082596e-05)

Q: Can a strawberry get worms similar to dogs?

A: A: Strawberries are a type of fruit that grows on plants.
Strawberries are not animals; they are plants.
Worms are typically associated with animals, particularly invertebrates like dogs, which can host parasites.
#### No. (Score: 0.00017184298485517502)

Q: Can a strawberry get worms similar to dogs?

A: A: Strawberries are a type of fruit that grows on plants.
Strawberries are not animals; they are plants.
Worms are typically associated with animals, particularly invertebrates like dogs, which can host parasites.
<EMPTY> (Score: -inf)

Q: Can a strawberry get worms similar to dogs?

A: A: Strawberries are a type of fruit that grows on plants.
Strawberries are not animals; they are plants.
Worms are typically associated with animals, particularly invertebrates like dogs, which can host parasites.
<EMPTY> (Score: -inf)

====================
Q: Can a sea turtle play tennis using a tennis racket?

A:
A: Sea turtles are marine reptiles that live in the ocean. (Score: -0.00041335495188832283)

Q: Can a sea turtle play tennis using a tennis racket?

A:
A: Sea turtles are marine reptiles that live in the ocean. (Score: -0.00041335495188832283)

Q: Can a sea turtle play tennis using a tennis racket?

A:
<EMPTY> (Score: -inf)

Q: Can a sea turtle play tennis using a tennis racket?

A:
<EMPTY> (Score: -inf)

====================
Q: Can a sea turtle play tennis using a tennis racket?

A: A: Sea turtles are marine reptiles that live in the ocean.
They have flippers instead of arms, which makes it impossible for them to hold or manipulate objects like a tennis racket. (Score: -0.0008163261227309704)

Q: Can a sea turtle play tennis using a tennis racket?

A: A: Sea turtles are marine reptiles that live in the ocean.
Sea turtles do not have the physical capability to hold or use a tennis racket. (Score: 5.3441617637872696e-05)

Q: Can a sea turtle play tennis using a tennis racket?

A: A: Sea turtles are marine reptiles that live in the ocean.
<EMPTY> (Score: -inf)

Q: Can a sea turtle play tennis using a tennis racket?

A: A: Sea turtles are marine reptiles that live in the ocean.
<EMPTY> (Score: -inf)

====================
Q: Can a sea turtle play tennis using a tennis racket?

A: A: Sea turtles are marine reptiles that live in the ocean.
Sea turtles do not have the physical capability to hold or use a tennis racket. (Score: 5.579320713877678e-05)

Q: Can a sea turtle play tennis using a tennis racket?

A: A: Sea turtles are marine reptiles that live in the ocean.
Sea turtles do not have the physical capability to hold or use a tennis racket. (Score: 5.579320713877678e-05)

Q: Can a sea turtle play tennis using a tennis racket?

A: A: Sea turtles are marine reptiles that live in the ocean.
<EMPTY> (Score: -inf)

Q: Can a sea turtle play tennis using a tennis racket?

A: A: Sea turtles are marine reptiles that live in the ocean.
<EMPTY> (Score: -inf)

====================
Q: Can a sea turtle play tennis using a tennis racket?

A: A: Sea turtles are marine reptiles that live in the ocean.
Sea turtles do not have the physical capability to hold or use a tennis racket.
They lack the necessary limbs and dexterity to manipulate objects like humans do. (Score: -0.00010611629113554955)

Q: Can a sea turtle play tennis using a tennis racket?

A: A: Sea turtles are marine reptiles that live in the ocean.
Sea turtles do not have the physical capability to hold or use a tennis racket.
They lack the necessary limbs and dexterity to manipulate objects like humans do. (Score: -0.00010611629113554955)

Q: Can a sea turtle play tennis using a tennis racket?

A: A: Sea turtles are marine reptiles that live in the ocean.
Sea turtles do not have the physical capability to hold or use a tennis racket.
<EMPTY> (Score: -inf)

Q: Can a sea turtle play tennis using a tennis racket?

A: A: Sea turtles are marine reptiles that live in the ocean.
Sea turtles do not have the physical capability to hold or use a tennis racket.
<EMPTY> (Score: -inf)

====================
Q: Can a sea turtle play tennis using a tennis racket?

A: A: Sea turtles are marine reptiles that live in the ocean.
Sea turtles do not have the physical capability to hold or use a tennis racket.
They lack the necessary limbs and dexterity to manipulate objects like a racket. (Score: -0.0003899950534105301)

Q: Can a sea turtle play tennis using a tennis racket?

A: A: Sea turtles are marine reptiles that live in the ocean.
Sea turtles do not have the physical capability to hold or use a tennis racket.
They lack the necessary limbs and dexterity to manipulate objects like humans do. (Score: -0.00010611629113554955)

Q: Can a sea turtle play tennis using a tennis racket?

A: A: Sea turtles are marine reptiles that live in the ocean.
Sea turtles do not have the physical capability to hold or use a tennis racket.
<EMPTY> (Score: -inf)

Q: Can a sea turtle play tennis using a tennis racket?

A: A: Sea turtles are marine reptiles that live in the ocean.
Sea turtles do not have the physical capability to hold or use a tennis racket.
<EMPTY> (Score: -inf)

====================
Q: Can a sea turtle play tennis using a tennis racket?

A: A: Sea turtles are marine reptiles that live in the ocean.
Sea turtles do not have the physical capability to hold or use a tennis racket.
They lack the necessary limbs and dexterity to manipulate objects like humans do.
#### Yes. (Score: 0.0006325202994048595)

Q: Can a sea turtle play tennis using a tennis racket?

A: A: Sea turtles are marine reptiles that live in the ocean.
Sea turtles do not have the physical capability to hold or use a tennis racket.
They lack the necessary limbs and dexterity to manipulate objects like humans do.
#### No. (Score: 0.0008490551263093948)

Q: Can a sea turtle play tennis using a tennis racket?

A: A: Sea turtles are marine reptiles that live in the ocean.
Sea turtles do not have the physical capability to hold or use a tennis racket.
They lack the necessary limbs and dexterity to manipulate objects like humans do.
<EMPTY> (Score: -inf)

Q: Can a sea turtle play tennis using a tennis racket?

A: A: Sea turtles are marine reptiles that live in the ocean.
Sea turtles do not have the physical capability to hold or use a tennis racket.
They lack the necessary limbs and dexterity to manipulate objects like humans do.
<EMPTY> (Score: -inf)

====================
Q: Can a sea turtle play tennis using a tennis racket?

A: A: Sea turtles are marine reptiles that live in the ocean.
Sea turtles do not have the physical capability to hold or use a tennis racket.
They lack the necessary limbs and dexterity to manipulate objects like humans do.
#### Yes. (Score: 0.0006325202994048595)

Q: Can a sea turtle play tennis using a tennis racket?

A: A: Sea turtles are marine reptiles that live in the ocean.
Sea turtles do not have the physical capability to hold or use a tennis racket.
They lack the necessary limbs and dexterity to manipulate objects like humans do.
#### No. (Score: 0.0008490551263093948)

Q: Can a sea turtle play tennis using a tennis racket?

A: A: Sea turtles are marine reptiles that live in the ocean.
Sea turtles do not have the physical capability to hold or use a tennis racket.
They lack the necessary limbs and dexterity to manipulate objects like humans do.
<EMPTY> (Score: -inf)

Q: Can a sea turtle play tennis using a tennis racket?

A: A: Sea turtles are marine reptiles that live in the ocean.
Sea turtles do not have the physical capability to hold or use a tennis racket.
They lack the necessary limbs and dexterity to manipulate objects like humans do.
<EMPTY> (Score: -inf)

====================
Q: Would the average American family find Adam Sandler's home to be too small?

A:
Adam Sandler is a well-known actor and comedian. (Score: 0.0006950339302420616)

Q: Would the average American family find Adam Sandler's home to be too small?

A:
Adam Sandler is a well-known actor and comedian. (Score: 0.0006950339302420616)

Q: Would the average American family find Adam Sandler's home to be too small?

A:
<EMPTY> (Score: -inf)

Q: Would the average American family find Adam Sandler's home to be too small?

A:
<EMPTY> (Score: -inf)

====================
Q: Would the average American family find Adam Sandler's home to be too small?

A: Adam Sandler is a well-known actor and comedian.
Adam Sandler is known for his successful career in film and television. (Score: 0.0009985058568418026)

Q: Would the average American family find Adam Sandler's home to be too small?

A: Adam Sandler is a well-known actor and comedian.
Adam Sandler is known for his successful career in film and television. (Score: 0.0009985058568418026)

Q: Would the average American family find Adam Sandler's home to be too small?

A: Adam Sandler is a well-known actor and comedian.
<EMPTY> (Score: -inf)

Q: Would the average American family find Adam Sandler's home to be too small?

A: Adam Sandler is a well-known actor and comedian.
<EMPTY> (Score: -inf)

====================
Q: Would the average American family find Adam Sandler's home to be too small?

A: Adam Sandler is a well-known actor and comedian.
Adam Sandler is known for his successful career in film and television. (Score: 0.0009985058568418026)

Q: Would the average American family find Adam Sandler's home to be too small?

A: Adam Sandler is a well-known actor and comedian.
Adam Sandler is known for his successful career in film and television. (Score: 0.0009985058568418026)

Q: Would the average American family find Adam Sandler's home to be too small?

A: Adam Sandler is a well-known actor and comedian.
<EMPTY> (Score: -inf)

Q: Would the average American family find Adam Sandler's home to be too small?

A: Adam Sandler is a well-known actor and comedian.
<EMPTY> (Score: -inf)

====================
Q: Would the average American family find Adam Sandler's home to be too small?

A: Adam Sandler is a well-known actor and comedian.
Adam Sandler is known for his successful career in film and television.
Adam Sandler has a large home in Los Angeles, California. (Score: 0.0007775989361107349)

Q: Would the average American family find Adam Sandler's home to be too small?

A: Adam Sandler is a well-known actor and comedian.
Adam Sandler is known for his successful career in film and television.
Adam Sandler has a large home in Los Angeles, California. (Score: 0.0007775989361107349)

Q: Would the average American family find Adam Sandler's home to be too small?

A: Adam Sandler is a well-known actor and comedian.
Adam Sandler is known for his successful career in film and television.
<EMPTY> (Score: -inf)

Q: Would the average American family find Adam Sandler's home to be too small?

A: Adam Sandler is a well-known actor and comedian.
Adam Sandler is known for his successful career in film and television.
<EMPTY> (Score: -inf)

====================
Q: Would the average American family find Adam Sandler's home to be too small?

A: Adam Sandler is a well-known actor and comedian.
Adam Sandler is known for his successful career in film and television.
Adam Sandler has a large home in Los Angeles, California. (Score: 0.0007775989361107349)

Q: Would the average American family find Adam Sandler's home to be too small?

A: Adam Sandler is a well-known actor and comedian.
Adam Sandler is known for his successful career in film and television.
Adam Sandler has a large home in Los Angeles, California. (Score: 0.0007775989361107349)

Q: Would the average American family find Adam Sandler's home to be too small?

A: Adam Sandler is a well-known actor and comedian.
Adam Sandler is known for his successful career in film and television.
<EMPTY> (Score: -inf)

Q: Would the average American family find Adam Sandler's home to be too small?

A: Adam Sandler is a well-known actor and comedian.
Adam Sandler is known for his successful career in film and television.
<EMPTY> (Score: -inf)

====================
Q: Would the average American family find Adam Sandler's home to be too small?

A: Adam Sandler is a well-known actor and comedian.
Adam Sandler is known for his successful career in film and television.
Adam Sandler has a large home in Los Angeles, California.
#### Yes. (Score: 0.0015756315551698208)

Q: Would the average American family find Adam Sandler's home to be too small?

A: Adam Sandler is a well-known actor and comedian.
Adam Sandler is known for his successful career in film and television.
Adam Sandler has a large home in Los Angeles, California.
#### No. (Score: 0.0015109716914594173)

Q: Would the average American family find Adam Sandler's home to be too small?

A: Adam Sandler is a well-known actor and comedian.
Adam Sandler is known for his successful career in film and television.
Adam Sandler has a large home in Los Angeles, California.
<EMPTY> (Score: -inf)

Q: Would the average American family find Adam Sandler's home to be too small?

A: Adam Sandler is a well-known actor and comedian.
Adam Sandler is known for his successful career in film and television.
Adam Sandler has a large home in Los Angeles, California.
<EMPTY> (Score: -inf)

====================
Q: Would the average American family find Adam Sandler's home to be too small?

A: Adam Sandler is a well-known actor and comedian.
Adam Sandler is known for his successful career in film and television.
Adam Sandler has a large home in Los Angeles, California.
#### Yes. (Score: 0.0015756315551698208)

Q: Would the average American family find Adam Sandler's home to be too small?

A: Adam Sandler is a well-known actor and comedian.
Adam Sandler is known for his successful career in film and television.
Adam Sandler has a large home in Los Angeles, California.
#### No. (Score: 0.0015109716914594173)

Q: Would the average American family find Adam Sandler's home to be too small?

A: Adam Sandler is a well-known actor and comedian.
Adam Sandler is known for his successful career in film and television.
Adam Sandler has a large home in Los Angeles, California.
<EMPTY> (Score: -inf)

Q: Would the average American family find Adam Sandler's home to be too small?

A: Adam Sandler is a well-known actor and comedian.
Adam Sandler is known for his successful career in film and television.
Adam Sandler has a large home in Los Angeles, California.
<EMPTY> (Score: -inf)

====================
Q: Would a packed Wembley stadium be likely to have a descendant of the Mongols inside?

A:
A: Wembley Stadium is located in London, England, and is known for hosting various sporting events and concerts. (Score: -0.00029904767870903015)

Q: Would a packed Wembley stadium be likely to have a descendant of the Mongols inside?

A:
A: Wembley Stadium is located in London, England, and is primarily used for football matches and other events. (Score: -0.0003318781964480877)

Q: Would a packed Wembley stadium be likely to have a descendant of the Mongols inside?

A:
<EMPTY> (Score: -inf)

Q: Would a packed Wembley stadium be likely to have a descendant of the Mongols inside?

A:
<EMPTY> (Score: -inf)

====================
Q: Would a packed Wembley stadium be likely to have a descendant of the Mongols inside?

A: A: Wembley Stadium is located in London, England, and is known for hosting various sporting events and concerts.
The Mongol Empire existed from the 13th to the 14th century, and its descendants would be people of Mongolian descent or those who can trace their ancestry back to the Mongol tribes. (Score: -0.0008679460734128952)

Q: Would a packed Wembley stadium be likely to have a descendant of the Mongols inside?

A: A: Wembley Stadium is located in London, England, and is known for hosting various sporting events and concerts.
The Mongol Empire existed from the 13th to the 14th century, and its descendants would be people of Mongolian descent or those who can trace their ancestry back to the Mongol tribes. (Score: -0.0008679460734128952)

Q: Would a packed Wembley stadium be likely to have a descendant of the Mongols inside?

A: A: Wembley Stadium is located in London, England, and is known for hosting various sporting events and concerts.
<EMPTY> (Score: -inf)

Q: Would a packed Wembley stadium be likely to have a descendant of the Mongols inside?

A: A: Wembley Stadium is located in London, England, and is known for hosting various sporting events and concerts.
<EMPTY> (Score: -inf)

====================
Q: Would a packed Wembley stadium be likely to have a descendant of the Mongols inside?

A: A: Wembley Stadium is located in London, England, and is primarily used for football matches and other events.
The Mongol Empire existed from the 13th to the 14th century, and its descendants would be people of Mongolian descent or those who can trace their ancestry back to the Mongol tribes. (Score: -0.0008227508515119553)

Q: Would a packed Wembley stadium be likely to have a descendant of the Mongols inside?

A: A: Wembley Stadium is located in London, England, and is primarily used for football matches and other events.
The Mongol Empire existed from the 13th to the 14th century, and its descendants would be people of Mongolian descent or those who can trace their ancestry back to the Mongol tribes. (Score: -0.0008227508515119553)

Q: Would a packed Wembley stadium be likely to have a descendant of the Mongols inside?

A: A: Wembley Stadium is located in London, England, and is primarily used for football matches and other events.
<EMPTY> (Score: -inf)

Q: Would a packed Wembley stadium be likely to have a descendant of the Mongols inside?

A: A: Wembley Stadium is located in London, England, and is primarily used for football matches and other events.
<EMPTY> (Score: -inf)

====================
Q: Would a packed Wembley stadium be likely to have a descendant of the Mongols inside?

A: A: Wembley Stadium is located in London, England, and is primarily used for football matches and other events.
The Mongol Empire existed from the 13th to the 14th century, and its descendants would be people of Mongolian descent or those who can trace their ancestry back to the Mongol tribes.
The population of modern London is diverse, with many ethnicities and backgrounds represented, including those of Central Asian descent. (Score: -0.0006711934693157673)

Q: Would a packed Wembley stadium be likely to have a descendant of the Mongols inside?

A: A: Wembley Stadium is located in London, England, and is primarily used for football matches and other events.
The Mongol Empire existed from the 13th to the 14th century, and its descendants would be people of Mongolian descent or those who can trace their ancestry back to the Mongol tribes.
The population of modern London is diverse, with many ethnicities and backgrounds represented, including those of Mongolian descent. (Score: -0.000521085225045681)

Q: Would a packed Wembley stadium be likely to have a descendant of the Mongols inside?

A: A: Wembley Stadium is located in London, England, and is primarily used for football matches and other events.
The Mongol Empire existed from the 13th to the 14th century, and its descendants would be people of Mongolian descent or those who can trace their ancestry back to the Mongol tribes.
<EMPTY> (Score: -inf)

Q: Would a packed Wembley stadium be likely to have a descendant of the Mongols inside?

A: A: Wembley Stadium is located in London, England, and is primarily used for football matches and other events.
The Mongol Empire existed from the 13th to the 14th century, and its descendants would be people of Mongolian descent or those who can trace their ancestry back to the Mongol tribes.
<EMPTY> (Score: -inf)

====================
Q: Would a packed Wembley stadium be likely to have a descendant of the Mongols inside?

A: A: Wembley Stadium is located in London, England, and is primarily used for football matches and other events.
The Mongol Empire existed from the 13th to the 14th century, and its descendants would be people of Mongolian descent or those who can trace their ancestry back to the Mongol tribes.
The descendants of the Mongols could be found in various parts of the world due to historical migrations and intermarriages. (Score: -0.0006117606535553932)

Q: Would a packed Wembley stadium be likely to have a descendant of the Mongols inside?

A: A: Wembley Stadium is located in London, England, and is primarily used for football matches and other events.
The Mongol Empire existed from the 13th to the 14th century, and its descendants would be people of Mongolian descent or those who can trace their ancestry back to the Mongol tribes.
The population of modern London is diverse, with many ethnicities and backgrounds represented. (Score: -0.0005662702023983002)

Q: Would a packed Wembley stadium be likely to have a descendant of the Mongols inside?

A: A: Wembley Stadium is located in London, England, and is primarily used for football matches and other events.
The Mongol Empire existed from the 13th to the 14th century, and its descendants would be people of Mongolian descent or those who can trace their ancestry back to the Mongol tribes.
<EMPTY> (Score: -inf)

Q: Would a packed Wembley stadium be likely to have a descendant of the Mongols inside?

A: A: Wembley Stadium is located in London, England, and is primarily used for football matches and other events.
The Mongol Empire existed from the 13th to the 14th century, and its descendants would be people of Mongolian descent or those who can trace their ancestry back to the Mongol tribes.
<EMPTY> (Score: -inf)

====================
Q: Would a packed Wembley stadium be likely to have a descendant of the Mongols inside?

A: A: Wembley Stadium is located in London, England, and is primarily used for football matches and other events.
The Mongol Empire existed from the 13th to the 14th century, and its descendants would be people of Mongolian descent or those who can trace their ancestry back to the Mongol tribes.
The population of modern London is diverse, with many ethnicities and backgrounds represented, including those of Mongolian descent.
#### Yes. (Score: 0.0003147367388010025)

Q: Would a packed Wembley stadium be likely to have a descendant of the Mongols inside?

A: A: Wembley Stadium is located in London, England, and is primarily used for football matches and other events.
The Mongol Empire existed from the 13th to the 14th century, and its descendants would be people of Mongolian descent or those who can trace their ancestry back to the Mongol tribes.
The population of modern London is diverse, with many ethnicities and backgrounds represented, including those of Mongolian descent.
#### No. (Score: 0.0003243926912546158)

Q: Would a packed Wembley stadium be likely to have a descendant of the Mongols inside?

A: A: Wembley Stadium is located in London, England, and is primarily used for football matches and other events.
The Mongol Empire existed from the 13th to the 14th century, and its descendants would be people of Mongolian descent or those who can trace their ancestry back to the Mongol tribes.
The population of modern London is diverse, with many ethnicities and backgrounds represented, including those of Mongolian descent.
<EMPTY> (Score: -inf)

Q: Would a packed Wembley stadium be likely to have a descendant of the Mongols inside?

A: A: Wembley Stadium is located in London, England, and is primarily used for football matches and other events.
The Mongol Empire existed from the 13th to the 14th century, and its descendants would be people of Mongolian descent or those who can trace their ancestry back to the Mongol tribes.
The population of modern London is diverse, with many ethnicities and backgrounds represented, including those of Mongolian descent.
<EMPTY> (Score: -inf)

====================
Q: Would a packed Wembley stadium be likely to have a descendant of the Mongols inside?

A: A: Wembley Stadium is located in London, England, and is primarily used for football matches and other events.
The Mongol Empire existed from the 13th to the 14th century, and its descendants would be people of Mongolian descent or those who can trace their ancestry back to the Mongol tribes.
The population of modern London is diverse, with many ethnicities and backgrounds represented.
#### Yes. (Score: 0.00028572138398885727)

Q: Would a packed Wembley stadium be likely to have a descendant of the Mongols inside?

A: A: Wembley Stadium is located in London, England, and is primarily used for football matches and other events.
The Mongol Empire existed from the 13th to the 14th century, and its descendants would be people of Mongolian descent or those who can trace their ancestry back to the Mongol tribes.
The population of modern London is diverse, with many ethnicities and backgrounds represented.
#### No. (Score: 0.00034044915810227394)

Q: Would a packed Wembley stadium be likely to have a descendant of the Mongols inside?

A: A: Wembley Stadium is located in London, England, and is primarily used for football matches and other events.
The Mongol Empire existed from the 13th to the 14th century, and its descendants would be people of Mongolian descent or those who can trace their ancestry back to the Mongol tribes.
The population of modern London is diverse, with many ethnicities and backgrounds represented.
<EMPTY> (Score: -inf)

Q: Would a packed Wembley stadium be likely to have a descendant of the Mongols inside?

A: A: Wembley Stadium is located in London, England, and is primarily used for football matches and other events.
The Mongol Empire existed from the 13th to the 14th century, and its descendants would be people of Mongolian descent or those who can trace their ancestry back to the Mongol tribes.
The population of modern London is diverse, with many ethnicities and backgrounds represented.
<EMPTY> (Score: -inf)

====================
Q: Would you spend less on your food at Aldi than at Whole Foods?

A:
A: Aldi is known for its low prices and budget-friendly grocery options. (Score: -0.0009877821430563927)

Q: Would you spend less on your food at Aldi than at Whole Foods?

A:
A: Aldi is known for its low prices and budget-friendly grocery options. (Score: -0.0009877821430563927)

Q: Would you spend less on your food at Aldi than at Whole Foods?

A:
<EMPTY> (Score: -inf)

Q: Would you spend less on your food at Aldi than at Whole Foods?

A:
<EMPTY> (Score: -inf)

====================
Q: Would you spend less on your food at Aldi than at Whole Foods?

A: A: Aldi is known for its low prices and budget-friendly grocery options.
A: Whole Foods is known for its higher prices and premium organic products. (Score: -0.0006322851404547691)

Q: Would you spend less on your food at Aldi than at Whole Foods?

A: A: Aldi is known for its low prices and budget-friendly grocery options.
A: Whole Foods is known for its higher prices and premium organic products. (Score: -0.0006322851404547691)

Q: Would you spend less on your food at Aldi than at Whole Foods?

A: A: Aldi is known for its low prices and budget-friendly grocery options.
<EMPTY> (Score: -inf)

Q: Would you spend less on your food at Aldi than at Whole Foods?

A: A: Aldi is known for its low prices and budget-friendly grocery options.
<EMPTY> (Score: -inf)

====================
Q: Would you spend less on your food at Aldi than at Whole Foods?

A: A: Aldi is known for its low prices and budget-friendly grocery options.
A: Whole Foods is known for its higher prices and premium organic products. (Score: -0.0006322851404547691)

Q: Would you spend less on your food at Aldi than at Whole Foods?

A: A: Aldi is known for its low prices and budget-friendly grocery options.
A: Whole Foods is known for its higher prices and premium organic products. (Score: -0.0006322851404547691)

Q: Would you spend less on your food at Aldi than at Whole Foods?

A: A: Aldi is known for its low prices and budget-friendly grocery options.
<EMPTY> (Score: -inf)

Q: Would you spend less on your food at Aldi than at Whole Foods?

A: A: Aldi is known for its low prices and budget-friendly grocery options.
<EMPTY> (Score: -inf)

====================
Q: Would you spend less on your food at Aldi than at Whole Foods?

A: A: Aldi is known for its low prices and budget-friendly grocery options.
A: Whole Foods is known for its higher prices and premium organic products.
A: Many consumers report that shopping at Aldi typically results in lower grocery bills compared to shopping at Whole Foods. (Score: -0.000651664100587368)

Q: Would you spend less on your food at Aldi than at Whole Foods?

A: A: Aldi is known for its low prices and budget-friendly grocery options.
A: Whole Foods is known for its higher prices and premium organic products.
A: Many consumers report that shopping at Aldi typically results in lower grocery bills compared to shopping at Whole Foods. (Score: -0.000651664100587368)

Q: Would you spend less on your food at Aldi than at Whole Foods?

A: A: Aldi is known for its low prices and budget-friendly grocery options.
A: Whole Foods is known for its higher prices and premium organic products.
<EMPTY> (Score: -inf)

Q: Would you spend less on your food at Aldi than at Whole Foods?

A: A: Aldi is known for its low prices and budget-friendly grocery options.
A: Whole Foods is known for its higher prices and premium organic products.
<EMPTY> (Score: -inf)

====================
Q: Would you spend less on your food at Aldi than at Whole Foods?

A: A: Aldi is known for its low prices and budget-friendly grocery options.
A: Whole Foods is known for its higher prices and premium organic products.
A: Many consumers report that shopping at Aldi typically results in lower grocery bills compared to shopping at Whole Foods. (Score: -0.000651664100587368)

Q: Would you spend less on your food at Aldi than at Whole Foods?

A: A: Aldi is known for its low prices and budget-friendly grocery options.
A: Whole Foods is known for its higher prices and premium organic products.
A: Many consumers report that shopping at Aldi typically results in lower grocery bills compared to shopping at Whole Foods. (Score: -0.000651664100587368)

Q: Would you spend less on your food at Aldi than at Whole Foods?

A: A: Aldi is known for its low prices and budget-friendly grocery options.
A: Whole Foods is known for its higher prices and premium organic products.
<EMPTY> (Score: -inf)

Q: Would you spend less on your food at Aldi than at Whole Foods?

A: A: Aldi is known for its low prices and budget-friendly grocery options.
A: Whole Foods is known for its higher prices and premium organic products.
<EMPTY> (Score: -inf)

====================
Q: Would you spend less on your food at Aldi than at Whole Foods?

A: A: Aldi is known for its low prices and budget-friendly grocery options.
A: Whole Foods is known for its higher prices and premium organic products.
A: Many consumers report that shopping at Aldi typically results in lower grocery bills compared to shopping at Whole Foods.
#### Yes. (Score: 0.0001143207773566246)

Q: Would you spend less on your food at Aldi than at Whole Foods?

A: A: Aldi is known for its low prices and budget-friendly grocery options.
A: Whole Foods is known for its higher prices and premium organic products.
A: Many consumers report that shopping at Aldi typically results in lower grocery bills compared to shopping at Whole Foods.
#### No. (Score: 0.0001512514427304268)

Q: Would you spend less on your food at Aldi than at Whole Foods?

A: A: Aldi is known for its low prices and budget-friendly grocery options.
A: Whole Foods is known for its higher prices and premium organic products.
A: Many consumers report that shopping at Aldi typically results in lower grocery bills compared to shopping at Whole Foods.
<EMPTY> (Score: -inf)

Q: Would you spend less on your food at Aldi than at Whole Foods?

A: A: Aldi is known for its low prices and budget-friendly grocery options.
A: Whole Foods is known for its higher prices and premium organic products.
A: Many consumers report that shopping at Aldi typically results in lower grocery bills compared to shopping at Whole Foods.
<EMPTY> (Score: -inf)

====================
Q: Would you spend less on your food at Aldi than at Whole Foods?

A: A: Aldi is known for its low prices and budget-friendly grocery options.
A: Whole Foods is known for its higher prices and premium organic products.
A: Many consumers report that shopping at Aldi typically results in lower grocery bills compared to shopping at Whole Foods.
#### Yes. (Score: 0.0001143207773566246)

Q: Would you spend less on your food at Aldi than at Whole Foods?

A: A: Aldi is known for its low prices and budget-friendly grocery options.
A: Whole Foods is known for its higher prices and premium organic products.
A: Many consumers report that shopping at Aldi typically results in lower grocery bills compared to shopping at Whole Foods.
#### No. (Score: 0.0001512514427304268)

Q: Would you spend less on your food at Aldi than at Whole Foods?

A: A: Aldi is known for its low prices and budget-friendly grocery options.
A: Whole Foods is known for its higher prices and premium organic products.
A: Many consumers report that shopping at Aldi typically results in lower grocery bills compared to shopping at Whole Foods.
<EMPTY> (Score: -inf)

Q: Would you spend less on your food at Aldi than at Whole Foods?

A: A: Aldi is known for its low prices and budget-friendly grocery options.
A: Whole Foods is known for its higher prices and premium organic products.
A: Many consumers report that shopping at Aldi typically results in lower grocery bills compared to shopping at Whole Foods.
<EMPTY> (Score: -inf)

====================
Q: Did Francois Mitterrand ever meet Barak Obama while they both held the position of President?

A:
Francois Mitterrand was the President of France from 1981 to 1995. (Score: 0.0008752807043492794)

Q: Did Francois Mitterrand ever meet Barak Obama while they both held the position of President?

A:
Francois Mitterrand was the President of France from 1981 to 1995. (Score: 0.0008752807043492794)

Q: Did Francois Mitterrand ever meet Barak Obama while they both held the position of President?

A:
<EMPTY> (Score: -inf)

Q: Did Francois Mitterrand ever meet Barak Obama while they both held the position of President?

A:
<EMPTY> (Score: -inf)

====================
Q: Did Francois Mitterrand ever meet Barak Obama while they both held the position of President?

A: Francois Mitterrand was the President of France from 1981 to 1995.
Barack Obama was the President of the United States from 2009 to 2017. (Score: 0.0004424271173775196)

Q: Did Francois Mitterrand ever meet Barak Obama while they both held the position of President?

A: Francois Mitterrand was the President of France from 1981 to 1995.
Barack Obama was the President of the United States from 2009 to 2017. (Score: 0.0004424271173775196)

Q: Did Francois Mitterrand ever meet Barak Obama while they both held the position of President?

A: Francois Mitterrand was the President of France from 1981 to 1995.
<EMPTY> (Score: -inf)

Q: Did Francois Mitterrand ever meet Barak Obama while they both held the position of President?

A: Francois Mitterrand was the President of France from 1981 to 1995.
<EMPTY> (Score: -inf)

====================
Q: Did Francois Mitterrand ever meet Barak Obama while they both held the position of President?

A: Francois Mitterrand was the President of France from 1981 to 1995.
Barack Obama was the President of the United States from 2009 to 2017. (Score: 0.0004424271173775196)

Q: Did Francois Mitterrand ever meet Barak Obama while they both held the position of President?

A: Francois Mitterrand was the President of France from 1981 to 1995.
Barack Obama was the President of the United States from 2009 to 2017. (Score: 0.0004424271173775196)

Q: Did Francois Mitterrand ever meet Barak Obama while they both held the position of President?

A: Francois Mitterrand was the President of France from 1981 to 1995.
<EMPTY> (Score: -inf)

Q: Did Francois Mitterrand ever meet Barak Obama while they both held the position of President?

A: Francois Mitterrand was the President of France from 1981 to 1995.
<EMPTY> (Score: -inf)

====================
Q: Did Francois Mitterrand ever meet Barak Obama while they both held the position of President?

A: Francois Mitterrand was the President of France from 1981 to 1995.
Barack Obama was the President of the United States from 2009 to 2017.
Francois Mitterrand's presidency ended in 1995, while Barack Obama's presidency began in 2009. Therefore, they were never in office at the same time. (Score: 0.00090751051902771)

Q: Did Francois Mitterrand ever meet Barak Obama while they both held the position of President?

A: Francois Mitterrand was the President of France from 1981 to 1995.
Barack Obama was the President of the United States from 2009 to 2017.
Francois Mitterrand's presidency ended in 1995, while Barack Obama's presidency began in 2009. Therefore, they were never in office at the same time. (Score: 0.00090751051902771)

Q: Did Francois Mitterrand ever meet Barak Obama while they both held the position of President?

A: Francois Mitterrand was the President of France from 1981 to 1995.
Barack Obama was the President of the United States from 2009 to 2017.
<EMPTY> (Score: -inf)

Q: Did Francois Mitterrand ever meet Barak Obama while they both held the position of President?

A: Francois Mitterrand was the President of France from 1981 to 1995.
Barack Obama was the President of the United States from 2009 to 2017.
<EMPTY> (Score: -inf)

====================
Q: Did Francois Mitterrand ever meet Barak Obama while they both held the position of President?

A: Francois Mitterrand was the President of France from 1981 to 1995.
Barack Obama was the President of the United States from 2009 to 2017.
Francois Mitterrand and Barack Obama held the position of President during different time periods. (Score: 0.0004942347295582294)

Q: Did Francois Mitterrand ever meet Barak Obama while they both held the position of President?

A: Francois Mitterrand was the President of France from 1981 to 1995.
Barack Obama was the President of the United States from 2009 to 2017.
Francois Mitterrand and Barack Obama held the position of President during different time periods. (Score: 0.0004942347295582294)

Q: Did Francois Mitterrand ever meet Barak Obama while they both held the position of President?

A: Francois Mitterrand was the President of France from 1981 to 1995.
Barack Obama was the President of the United States from 2009 to 2017.
<EMPTY> (Score: -inf)

Q: Did Francois Mitterrand ever meet Barak Obama while they both held the position of President?

A: Francois Mitterrand was the President of France from 1981 to 1995.
Barack Obama was the President of the United States from 2009 to 2017.
<EMPTY> (Score: -inf)

====================
Q: Did Francois Mitterrand ever meet Barak Obama while they both held the position of President?

A: Francois Mitterrand was the President of France from 1981 to 1995.
Barack Obama was the President of the United States from 2009 to 2017.
Francois Mitterrand's presidency ended in 1995, while Barack Obama's presidency began in 2009. Therefore, they were never in office at the same time.
#### Yes. (Score: 0.001363709568977356)

Q: Did Francois Mitterrand ever meet Barak Obama while they both held the position of President?

A: Francois Mitterrand was the President of France from 1981 to 1995.
Barack Obama was the President of the United States from 2009 to 2017.
Francois Mitterrand's presidency ended in 1995, while Barack Obama's presidency began in 2009. Therefore, they were never in office at the same time.
#### No. (Score: 0.0015342957340180874)

Q: Did Francois Mitterrand ever meet Barak Obama while they both held the position of President?

A: Francois Mitterrand was the President of France from 1981 to 1995.
Barack Obama was the President of the United States from 2009 to 2017.
Francois Mitterrand's presidency ended in 1995, while Barack Obama's presidency began in 2009. Therefore, they were never in office at the same time.
<EMPTY> (Score: -inf)

Q: Did Francois Mitterrand ever meet Barak Obama while they both held the position of President?

A: Francois Mitterrand was the President of France from 1981 to 1995.
Barack Obama was the President of the United States from 2009 to 2017.
Francois Mitterrand's presidency ended in 1995, while Barack Obama's presidency began in 2009. Therefore, they were never in office at the same time.
<EMPTY> (Score: -inf)

====================
Q: Did Francois Mitterrand ever meet Barak Obama while they both held the position of President?

A: Francois Mitterrand was the President of France from 1981 to 1995.
Barack Obama was the President of the United States from 2009 to 2017.
Francois Mitterrand's presidency ended in 1995, while Barack Obama's presidency began in 2009. Therefore, they were never in office at the same time.
#### Yes. (Score: 0.001363709568977356)

Q: Did Francois Mitterrand ever meet Barak Obama while they both held the position of President?

A: Francois Mitterrand was the President of France from 1981 to 1995.
Barack Obama was the President of the United States from 2009 to 2017.
Francois Mitterrand's presidency ended in 1995, while Barack Obama's presidency began in 2009. Therefore, they were never in office at the same time.
#### No. (Score: 0.0015342957340180874)

Q: Did Francois Mitterrand ever meet Barak Obama while they both held the position of President?

A: Francois Mitterrand was the President of France from 1981 to 1995.
Barack Obama was the President of the United States from 2009 to 2017.
Francois Mitterrand's presidency ended in 1995, while Barack Obama's presidency began in 2009. Therefore, they were never in office at the same time.
<EMPTY> (Score: -inf)

Q: Did Francois Mitterrand ever meet Barak Obama while they both held the position of President?

A: Francois Mitterrand was the President of France from 1981 to 1995.
Barack Obama was the President of the United States from 2009 to 2017.
Francois Mitterrand's presidency ended in 1995, while Barack Obama's presidency began in 2009. Therefore, they were never in office at the same time.
<EMPTY> (Score: -inf)

====================
Q: Can you watch Rick and Morty in Mariana Trench?

A:
The Mariana Trench is the deepest part of the world's oceans, located in the western Pacific Ocean. (Score: -0.000902724452316761)

Q: Can you watch Rick and Morty in Mariana Trench?

A:
The Mariana Trench is the deepest part of the world's oceans, located in the western Pacific Ocean. (Score: -0.000902724452316761)

Q: Can you watch Rick and Morty in Mariana Trench?

A:
<EMPTY> (Score: -inf)

Q: Can you watch Rick and Morty in Mariana Trench?

A:
<EMPTY> (Score: -inf)

====================
Q: Can you watch Rick and Morty in Mariana Trench?

A: The Mariana Trench is the deepest part of the world's oceans, located in the western Pacific Ocean.
It is an underwater location and does not have facilities for watching television or streaming shows. (Score: -0.0004983469843864441)

Q: Can you watch Rick and Morty in Mariana Trench?

A: The Mariana Trench is the deepest part of the world's oceans, located in the western Pacific Ocean.
It is an underwater location and does not have facilities for watching television or streaming shows. (Score: -0.0004983469843864441)

Q: Can you watch Rick and Morty in Mariana Trench?

A: The Mariana Trench is the deepest part of the world's oceans, located in the western Pacific Ocean.
<EMPTY> (Score: -inf)

Q: Can you watch Rick and Morty in Mariana Trench?

A: The Mariana Trench is the deepest part of the world's oceans, located in the western Pacific Ocean.
<EMPTY> (Score: -inf)

====================
Q: Can you watch Rick and Morty in Mariana Trench?

A: The Mariana Trench is the deepest part of the world's oceans, located in the western Pacific Ocean.
It is an underwater location and does not have facilities for watching television or streaming shows. (Score: -0.0004983469843864441)

Q: Can you watch Rick and Morty in Mariana Trench?

A: The Mariana Trench is the deepest part of the world's oceans, located in the western Pacific Ocean.
It is an underwater location and does not have facilities for watching television or streaming shows. (Score: -0.0004983469843864441)

Q: Can you watch Rick and Morty in Mariana Trench?

A: The Mariana Trench is the deepest part of the world's oceans, located in the western Pacific Ocean.
<EMPTY> (Score: -inf)

Q: Can you watch Rick and Morty in Mariana Trench?

A: The Mariana Trench is the deepest part of the world's oceans, located in the western Pacific Ocean.
<EMPTY> (Score: -inf)

====================
Q: Can you watch Rick and Morty in Mariana Trench?

A: The Mariana Trench is the deepest part of the world's oceans, located in the western Pacific Ocean.
It is an underwater location and does not have facilities for watching television or streaming shows.
#### No. (Score: 0.0004477743059396744)

Q: Can you watch Rick and Morty in Mariana Trench?

A: The Mariana Trench is the deepest part of the world's oceans, located in the western Pacific Ocean.
It is an underwater location and does not have facilities for watching television or streaming shows.
#### No. (Score: 0.0004477743059396744)

Q: Can you watch Rick and Morty in Mariana Trench?

A: The Mariana Trench is the deepest part of the world's oceans, located in the western Pacific Ocean.
It is an underwater location and does not have facilities for watching television or streaming shows.
<EMPTY> (Score: -inf)

Q: Can you watch Rick and Morty in Mariana Trench?

A: The Mariana Trench is the deepest part of the world's oceans, located in the western Pacific Ocean.
It is an underwater location and does not have facilities for watching television or streaming shows.
<EMPTY> (Score: -inf)

====================
Q: Can you watch Rick and Morty in Mariana Trench?

A: The Mariana Trench is the deepest part of the world's oceans, located in the western Pacific Ocean.
It is an underwater location and does not have facilities for watching television or streaming shows.
#### No. (Score: 0.0004477743059396744)

Q: Can you watch Rick and Morty in Mariana Trench?

A: The Mariana Trench is the deepest part of the world's oceans, located in the western Pacific Ocean.
It is an underwater location and does not have facilities for watching television or streaming shows.
#### No. (Score: 0.0004477743059396744)

Q: Can you watch Rick and Morty in Mariana Trench?

A: The Mariana Trench is the deepest part of the world's oceans, located in the western Pacific Ocean.
It is an underwater location and does not have facilities for watching television or streaming shows.
<EMPTY> (Score: -inf)

Q: Can you watch Rick and Morty in Mariana Trench?

A: The Mariana Trench is the deepest part of the world's oceans, located in the western Pacific Ocean.
It is an underwater location and does not have facilities for watching television or streaming shows.
<EMPTY> (Score: -inf)

====================
Q: Did Easy Rider make a profit at the theater when it was released?

A:
Easy Rider was released in 1969. (Score: 0.001528469379991293)

Q: Did Easy Rider make a profit at the theater when it was released?

A:
Easy Rider was released in 1969. (Score: 0.001528469379991293)

Q: Did Easy Rider make a profit at the theater when it was released?

A:
<EMPTY> (Score: -inf)

Q: Did Easy Rider make a profit at the theater when it was released?

A:
<EMPTY> (Score: -inf)

====================
Q: Did Easy Rider make a profit at the theater when it was released?

A: Easy Rider was released in 1969.
Easy Rider was produced on a budget of approximately $400,000. (Score: 0.00038038333877921104)

Q: Did Easy Rider make a profit at the theater when it was released?

A: Easy Rider was released in 1969.
Easy Rider was produced on a relatively low budget of around $400,000. (Score: -0.0005438472144305706)

Q: Did Easy Rider make a profit at the theater when it was released?

A: Easy Rider was released in 1969.
<EMPTY> (Score: -inf)

Q: Did Easy Rider make a profit at the theater when it was released?

A: Easy Rider was released in 1969.
<EMPTY> (Score: -inf)

====================
Q: Did Easy Rider make a profit at the theater when it was released?

A: Easy Rider was released in 1969.
Easy Rider was produced on a budget of approximately $400,000. (Score: 0.00038038333877921104)

Q: Did Easy Rider make a profit at the theater when it was released?

A: Easy Rider was released in 1969.
Easy Rider was produced on a relatively low budget of around $400,000. (Score: -0.0005438472144305706)

Q: Did Easy Rider make a profit at the theater when it was released?

A: Easy Rider was released in 1969.
<EMPTY> (Score: -inf)

Q: Did Easy Rider make a profit at the theater when it was released?

A: Easy Rider was released in 1969.
<EMPTY> (Score: -inf)

====================
Q: Did Easy Rider make a profit at the theater when it was released?

A: Easy Rider was released in 1969.
Easy Rider was produced on a budget of approximately $400,000.
Easy Rider grossed over $60 million at the box office. (Score: 0.00027278484776616096)

Q: Did Easy Rider make a profit at the theater when it was released?

A: Easy Rider was released in 1969.
Easy Rider was produced on a budget of approximately $400,000.
Easy Rider grossed over $60 million at the box office during its theatrical run. (Score: 0.0006699506193399429)

Q: Did Easy Rider make a profit at the theater when it was released?

A: Easy Rider was released in 1969.
Easy Rider was produced on a budget of approximately $400,000.
<EMPTY> (Score: -inf)

Q: Did Easy Rider make a profit at the theater when it was released?

A: Easy Rider was released in 1969.
Easy Rider was produced on a budget of approximately $400,000.
<EMPTY> (Score: -inf)

====================
Q: Did Easy Rider make a profit at the theater when it was released?

A: Easy Rider was released in 1969.
Easy Rider was produced on a budget of approximately $400,000.
Easy Rider grossed over $60 million at the box office during its theatrical run. (Score: 0.0006699506193399429)

Q: Did Easy Rider make a profit at the theater when it was released?

A: Easy Rider was released in 1969.
Easy Rider was produced on a budget of approximately $400,000.
Easy Rider grossed over $60 million at the box office during its theatrical run. (Score: 0.0006699506193399429)

Q: Did Easy Rider make a profit at the theater when it was released?

A: Easy Rider was released in 1969.
Easy Rider was produced on a budget of approximately $400,000.
<EMPTY> (Score: -inf)

Q: Did Easy Rider make a profit at the theater when it was released?

A: Easy Rider was released in 1969.
Easy Rider was produced on a budget of approximately $400,000.
<EMPTY> (Score: -inf)

====================
Q: Did Easy Rider make a profit at the theater when it was released?

A: Easy Rider was released in 1969.
Easy Rider was produced on a budget of approximately $400,000.
Easy Rider grossed over $60 million at the box office during its theatrical run.
#### Yes. (Score: 0.00028105592355132103)

Q: Did Easy Rider make a profit at the theater when it was released?

A: Easy Rider was released in 1969.
Easy Rider was produced on a budget of approximately $400,000.
Easy Rider grossed over $60 million at the box office during its theatrical run.
#### No. (Score: 6.58971257507801e-05)

Q: Did Easy Rider make a profit at the theater when it was released?

A: Easy Rider was released in 1969.
Easy Rider was produced on a budget of approximately $400,000.
Easy Rider grossed over $60 million at the box office during its theatrical run.
<EMPTY> (Score: -inf)

Q: Did Easy Rider make a profit at the theater when it was released?

A: Easy Rider was released in 1969.
Easy Rider was produced on a budget of approximately $400,000.
Easy Rider grossed over $60 million at the box office during its theatrical run.
<EMPTY> (Score: -inf)

====================
Q: Did Easy Rider make a profit at the theater when it was released?

A: Easy Rider was released in 1969.
Easy Rider was produced on a budget of approximately $400,000.
Easy Rider grossed over $60 million at the box office during its theatrical run.
#### Yes. (Score: 0.00028105592355132103)

Q: Did Easy Rider make a profit at the theater when it was released?

A: Easy Rider was released in 1969.
Easy Rider was produced on a budget of approximately $400,000.
Easy Rider grossed over $60 million at the box office during its theatrical run.
#### No. (Score: 6.58971257507801e-05)

Q: Did Easy Rider make a profit at the theater when it was released?

A: Easy Rider was released in 1969.
Easy Rider was produced on a budget of approximately $400,000.
Easy Rider grossed over $60 million at the box office during its theatrical run.
<EMPTY> (Score: -inf)

Q: Did Easy Rider make a profit at the theater when it was released?

A: Easy Rider was released in 1969.
Easy Rider was produced on a budget of approximately $400,000.
Easy Rider grossed over $60 million at the box office during its theatrical run.
<EMPTY> (Score: -inf)

====================
Q: Can sunlight travel to the deepest part of the Black Sea?

A:
The Black Sea has a maximum depth of about 2,212 meters (7,257 feet). (Score: -0.0007459437474608421)

Q: Can sunlight travel to the deepest part of the Black Sea?

A:
The Black Sea has a maximum depth of about 2,212 meters (7,257 feet). (Score: -0.0007459437474608421)

Q: Can sunlight travel to the deepest part of the Black Sea?

A:
<EMPTY> (Score: -inf)

Q: Can sunlight travel to the deepest part of the Black Sea?

A:
<EMPTY> (Score: -inf)

====================
Q: Can sunlight travel to the deepest part of the Black Sea?

A: The Black Sea has a maximum depth of about 2,212 meters (7,257 feet).
Sunlight can penetrate water to a certain depth, but its intensity decreases with depth. (Score: -0.0008283643983304501)

Q: Can sunlight travel to the deepest part of the Black Sea?

A: The Black Sea has a maximum depth of about 2,212 meters (7,257 feet).
Sunlight can penetrate water to a certain depth, but its intensity decreases with depth. (Score: -0.0008283643983304501)

Q: Can sunlight travel to the deepest part of the Black Sea?

A: The Black Sea has a maximum depth of about 2,212 meters (7,257 feet).
<EMPTY> (Score: -inf)

Q: Can sunlight travel to the deepest part of the Black Sea?

A: The Black Sea has a maximum depth of about 2,212 meters (7,257 feet).
<EMPTY> (Score: -inf)

====================
Q: Can sunlight travel to the deepest part of the Black Sea?

A: The Black Sea has a maximum depth of about 2,212 meters (7,257 feet).
Sunlight can penetrate water to a certain depth, but its intensity decreases with depth. (Score: -0.0008283643983304501)

Q: Can sunlight travel to the deepest part of the Black Sea?

A: The Black Sea has a maximum depth of about 2,212 meters (7,257 feet).
Sunlight can penetrate water to a certain depth, but its intensity decreases with depth. (Score: -0.0008283643983304501)

Q: Can sunlight travel to the deepest part of the Black Sea?

A: The Black Sea has a maximum depth of about 2,212 meters (7,257 feet).
<EMPTY> (Score: -inf)

Q: Can sunlight travel to the deepest part of the Black Sea?

A: The Black Sea has a maximum depth of about 2,212 meters (7,257 feet).
<EMPTY> (Score: -inf)

====================
Q: Can sunlight travel to the deepest part of the Black Sea?

A: The Black Sea has a maximum depth of about 2,212 meters (7,257 feet).
Sunlight can penetrate water to a certain depth, but its intensity decreases with depth.
The euphotic zone, where sunlight can support photosynthesis, typically extends to about 200 meters in clear ocean water. (Score: -0.0008426839485764503)

Q: Can sunlight travel to the deepest part of the Black Sea?

A: The Black Sea has a maximum depth of about 2,212 meters (7,257 feet).
Sunlight can penetrate water to a certain depth, but its intensity decreases with depth.
The euphotic zone, where sunlight can support photosynthesis, typically extends to about 200 meters in clear ocean water. (Score: -0.0008426839485764503)

Q: Can sunlight travel to the deepest part of the Black Sea?

A: The Black Sea has a maximum depth of about 2,212 meters (7,257 feet).
Sunlight can penetrate water to a certain depth, but its intensity decreases with depth.
<EMPTY> (Score: -inf)

Q: Can sunlight travel to the deepest part of the Black Sea?

A: The Black Sea has a maximum depth of about 2,212 meters (7,257 feet).
Sunlight can penetrate water to a certain depth, but its intensity decreases with depth.
<EMPTY> (Score: -inf)

====================
Q: Can sunlight travel to the deepest part of the Black Sea?

A: The Black Sea has a maximum depth of about 2,212 meters (7,257 feet).
Sunlight can penetrate water to a certain depth, but its intensity decreases with depth.
The maximum depth of the Black Sea is significant, and studies show that sunlight can only penetrate to about 200 meters (656 feet) in clear water. (Score: -0.00014260224997997284)

Q: Can sunlight travel to the deepest part of the Black Sea?

A: The Black Sea has a maximum depth of about 2,212 meters (7,257 feet).
Sunlight can penetrate water to a certain depth, but its intensity decreases with depth.
The maximum depth of the Black Sea is significant, and studies show that sunlight can only penetrate to about 200 meters (656 feet) in clear water. (Score: -0.00014260224997997284)

Q: Can sunlight travel to the deepest part of the Black Sea?

A: The Black Sea has a maximum depth of about 2,212 meters (7,257 feet).
Sunlight can penetrate water to a certain depth, but its intensity decreases with depth.
<EMPTY> (Score: -inf)

Q: Can sunlight travel to the deepest part of the Black Sea?

A: The Black Sea has a maximum depth of about 2,212 meters (7,257 feet).
Sunlight can penetrate water to a certain depth, but its intensity decreases with depth.
<EMPTY> (Score: -inf)

====================
Q: Can sunlight travel to the deepest part of the Black Sea?

A: The Black Sea has a maximum depth of about 2,212 meters (7,257 feet).
Sunlight can penetrate water to a certain depth, but its intensity decreases with depth.
The maximum depth of the Black Sea is significant, and studies show that sunlight can only penetrate to about 200 meters (656 feet) in clear water.
#### Yes. (Score: 0.0006187688559293747)

Q: Can sunlight travel to the deepest part of the Black Sea?

A: The Black Sea has a maximum depth of about 2,212 meters (7,257 feet).
Sunlight can penetrate water to a certain depth, but its intensity decreases with depth.
The maximum depth of the Black Sea is significant, and studies show that sunlight can only penetrate to about 200 meters (656 feet) in clear water.
#### No. (Score: 0.0005284519866108894)

Q: Can sunlight travel to the deepest part of the Black Sea?

A: The Black Sea has a maximum depth of about 2,212 meters (7,257 feet).
Sunlight can penetrate water to a certain depth, but its intensity decreases with depth.
The maximum depth of the Black Sea is significant, and studies show that sunlight can only penetrate to about 200 meters (656 feet) in clear water.
<EMPTY> (Score: -inf)

Q: Can sunlight travel to the deepest part of the Black Sea?

A: The Black Sea has a maximum depth of about 2,212 meters (7,257 feet).
Sunlight can penetrate water to a certain depth, but its intensity decreases with depth.
The maximum depth of the Black Sea is significant, and studies show that sunlight can only penetrate to about 200 meters (656 feet) in clear water.
<EMPTY> (Score: -inf)

====================
Q: Can sunlight travel to the deepest part of the Black Sea?

A: The Black Sea has a maximum depth of about 2,212 meters (7,257 feet).
Sunlight can penetrate water to a certain depth, but its intensity decreases with depth.
The maximum depth of the Black Sea is significant, and studies show that sunlight can only penetrate to about 200 meters (656 feet) in clear water.
#### Yes. (Score: 0.0006187688559293747)

Q: Can sunlight travel to the deepest part of the Black Sea?

A: The Black Sea has a maximum depth of about 2,212 meters (7,257 feet).
Sunlight can penetrate water to a certain depth, but its intensity decreases with depth.
The maximum depth of the Black Sea is significant, and studies show that sunlight can only penetrate to about 200 meters (656 feet) in clear water.
#### No. (Score: 0.0005284519866108894)

Q: Can sunlight travel to the deepest part of the Black Sea?

A: The Black Sea has a maximum depth of about 2,212 meters (7,257 feet).
Sunlight can penetrate water to a certain depth, but its intensity decreases with depth.
The maximum depth of the Black Sea is significant, and studies show that sunlight can only penetrate to about 200 meters (656 feet) in clear water.
<EMPTY> (Score: -inf)

Q: Can sunlight travel to the deepest part of the Black Sea?

A: The Black Sea has a maximum depth of about 2,212 meters (7,257 feet).
Sunlight can penetrate water to a certain depth, but its intensity decreases with depth.
The maximum depth of the Black Sea is significant, and studies show that sunlight can only penetrate to about 200 meters (656 feet) in clear water.
<EMPTY> (Score: -inf)

====================
Q: Has Oscar Wilde's most famous character ever been in an Eva Green project?

A:
Oscar Wilde is known for his play "The Importance of Being Earnest," which features the character Jack Worthing. (Score: 0.001407812349498272)

Q: Has Oscar Wilde's most famous character ever been in an Eva Green project?

A:
Oscar Wilde is known for his play "The Importance of Being Earnest," which features the character Jack Worthing. (Score: 0.001407812349498272)

Q: Has Oscar Wilde's most famous character ever been in an Eva Green project?

A:
<EMPTY> (Score: -inf)

Q: Has Oscar Wilde's most famous character ever been in an Eva Green project?

A:
<EMPTY> (Score: -inf)

====================
Q: Has Oscar Wilde's most famous character ever been in an Eva Green project?

A: Oscar Wilde is known for his play "The Importance of Being Earnest," which features the character Jack Worthing.
Jack Worthing is a fictional character created by Oscar Wilde. (Score: 0.0006829914636909962)

Q: Has Oscar Wilde's most famous character ever been in an Eva Green project?

A: Oscar Wilde is known for his play "The Importance of Being Earnest," which features the character Jack Worthing.
Jack Worthing is a prominent character in Oscar Wilde's works, particularly in "The Importance of Being Earnest." Eva Green is a French actress known for her roles in various films and television series. (Score: 0.0011043730191886425)

Q: Has Oscar Wilde's most famous character ever been in an Eva Green project?

A: Oscar Wilde is known for his play "The Importance of Being Earnest," which features the character Jack Worthing.
<EMPTY> (Score: -inf)

Q: Has Oscar Wilde's most famous character ever been in an Eva Green project?

A: Oscar Wilde is known for his play "The Importance of Being Earnest," which features the character Jack Worthing.
<EMPTY> (Score: -inf)

====================
Q: Has Oscar Wilde's most famous character ever been in an Eva Green project?

A: Oscar Wilde is known for his play "The Importance of Being Earnest," which features the character Jack Worthing.
Jack Worthing is a prominent character in Oscar Wilde's works, particularly in "The Importance of Being Earnest." Eva Green is a French actress known for her roles in various films and television series. (Score: 0.0011043730191886425)

Q: Has Oscar Wilde's most famous character ever been in an Eva Green project?

A: Oscar Wilde is known for his play "The Importance of Being Earnest," which features the character Jack Worthing.
Jack Worthing is a prominent character in Oscar Wilde's works, particularly in "The Importance of Being Earnest." Eva Green is a French actress known for her roles in various films and television series. (Score: 0.0011043730191886425)

Q: Has Oscar Wilde's most famous character ever been in an Eva Green project?

A: Oscar Wilde is known for his play "The Importance of Being Earnest," which features the character Jack Worthing.
<EMPTY> (Score: -inf)

Q: Has Oscar Wilde's most famous character ever been in an Eva Green project?

A: Oscar Wilde is known for his play "The Importance of Being Earnest," which features the character Jack Worthing.
<EMPTY> (Score: -inf)

====================
Q: Has Oscar Wilde's most famous character ever been in an Eva Green project?

A: Oscar Wilde is known for his play "The Importance of Being Earnest," which features the character Jack Worthing.
Jack Worthing is a prominent character in Oscar Wilde's works, particularly in "The Importance of Being Earnest." Eva Green is a French actress known for her roles in various films and television series.
To determine if Oscar Wilde's most famous character has ever been in an Eva Green project, we need to identify the character and check Eva Green's filmography. (Score: 0.0004041404463350773)

Q: Has Oscar Wilde's most famous character ever been in an Eva Green project?

A: Oscar Wilde is known for his play "The Importance of Being Earnest," which features the character Jack Worthing.
Jack Worthing is a prominent character in Oscar Wilde's works, particularly in "The Importance of Being Earnest." Eva Green is a French actress known for her roles in various films and television series.
To determine if Oscar Wilde's most famous character has ever been in an Eva Green project, we need to identify the character and check Eva Green's filmography. (Score: 0.0004041404463350773)

Q: Has Oscar Wilde's most famous character ever been in an Eva Green project?

A: Oscar Wilde is known for his play "The Importance of Being Earnest," which features the character Jack Worthing.
Jack Worthing is a prominent character in Oscar Wilde's works, particularly in "The Importance of Being Earnest." Eva Green is a French actress known for her roles in various films and television series.
<EMPTY> (Score: -inf)

Q: Has Oscar Wilde's most famous character ever been in an Eva Green project?

A: Oscar Wilde is known for his play "The Importance of Being Earnest," which features the character Jack Worthing.
Jack Worthing is a prominent character in Oscar Wilde's works, particularly in "The Importance of Being Earnest." Eva Green is a French actress known for her roles in various films and television series.
<EMPTY> (Score: -inf)

====================
Q: Has Oscar Wilde's most famous character ever been in an Eva Green project?

A: Oscar Wilde is known for his play "The Importance of Being Earnest," which features the character Jack Worthing.
Jack Worthing is a prominent character in Oscar Wilde's works, particularly in "The Importance of Being Earnest." Eva Green is a French actress known for her roles in various films and television series.
To determine if Oscar Wilde's most famous character has ever been in an Eva Green project, we need to identify the character and check Eva Green's filmography. (Score: 0.0004041404463350773)

Q: Has Oscar Wilde's most famous character ever been in an Eva Green project?

A: Oscar Wilde is known for his play "The Importance of Being Earnest," which features the character Jack Worthing.
Jack Worthing is a prominent character in Oscar Wilde's works, particularly in "The Importance of Being Earnest." Eva Green is a French actress known for her roles in various films and television series.
To determine if Oscar Wilde's most famous character has ever been in an Eva Green project, we need to identify the character and check Eva Green's filmography. (Score: 0.0004041404463350773)

Q: Has Oscar Wilde's most famous character ever been in an Eva Green project?

A: Oscar Wilde is known for his play "The Importance of Being Earnest," which features the character Jack Worthing.
Jack Worthing is a prominent character in Oscar Wilde's works, particularly in "The Importance of Being Earnest." Eva Green is a French actress known for her roles in various films and television series.
<EMPTY> (Score: -inf)

Q: Has Oscar Wilde's most famous character ever been in an Eva Green project?

A: Oscar Wilde is known for his play "The Importance of Being Earnest," which features the character Jack Worthing.
Jack Worthing is a prominent character in Oscar Wilde's works, particularly in "The Importance of Being Earnest." Eva Green is a French actress known for her roles in various films and television series.
<EMPTY> (Score: -inf)

====================
Q: Has Oscar Wilde's most famous character ever been in an Eva Green project?

A: Oscar Wilde is known for his play "The Importance of Being Earnest," which features the character Jack Worthing.
Jack Worthing is a prominent character in Oscar Wilde's works, particularly in "The Importance of Being Earnest." Eva Green is a French actress known for her roles in various films and television series.
To determine if Oscar Wilde's most famous character has ever been in an Eva Green project, we need to identify the character and check Eva Green's filmography.
#### Yes. (Score: -1.3414770364761353e-05)

Q: Has Oscar Wilde's most famous character ever been in an Eva Green project?

A: Oscar Wilde is known for his play "The Importance of Being Earnest," which features the character Jack Worthing.
Jack Worthing is a prominent character in Oscar Wilde's works, particularly in "The Importance of Being Earnest." Eva Green is a French actress known for her roles in various films and television series.
To determine if Oscar Wilde's most famous character has ever been in an Eva Green project, we need to identify the character and check Eva Green's filmography.
#### No. (Score: 9.102514013648033e-05)

Q: Has Oscar Wilde's most famous character ever been in an Eva Green project?

A: Oscar Wilde is known for his play "The Importance of Being Earnest," which features the character Jack Worthing.
Jack Worthing is a prominent character in Oscar Wilde's works, particularly in "The Importance of Being Earnest." Eva Green is a French actress known for her roles in various films and television series.
To determine if Oscar Wilde's most famous character has ever been in an Eva Green project, we need to identify the character and check Eva Green's filmography.
<EMPTY> (Score: -inf)

Q: Has Oscar Wilde's most famous character ever been in an Eva Green project?

A: Oscar Wilde is known for his play "The Importance of Being Earnest," which features the character Jack Worthing.
Jack Worthing is a prominent character in Oscar Wilde's works, particularly in "The Importance of Being Earnest." Eva Green is a French actress known for her roles in various films and television series.
To determine if Oscar Wilde's most famous character has ever been in an Eva Green project, we need to identify the character and check Eva Green's filmography.
<EMPTY> (Score: -inf)

====================
Q: Has Oscar Wilde's most famous character ever been in an Eva Green project?

A: Oscar Wilde is known for his play "The Importance of Being Earnest," which features the character Jack Worthing.
Jack Worthing is a prominent character in Oscar Wilde's works, particularly in "The Importance of Being Earnest." Eva Green is a French actress known for her roles in various films and television series.
To determine if Oscar Wilde's most famous character has ever been in an Eva Green project, we need to identify the character and check Eva Green's filmography.
#### Yes. (Score: -1.3414770364761353e-05)

Q: Has Oscar Wilde's most famous character ever been in an Eva Green project?

A: Oscar Wilde is known for his play "The Importance of Being Earnest," which features the character Jack Worthing.
Jack Worthing is a prominent character in Oscar Wilde's works, particularly in "The Importance of Being Earnest." Eva Green is a French actress known for her roles in various films and television series.
To determine if Oscar Wilde's most famous character has ever been in an Eva Green project, we need to identify the character and check Eva Green's filmography.
#### No. (Score: 9.102514013648033e-05)

Q: Has Oscar Wilde's most famous character ever been in an Eva Green project?

A: Oscar Wilde is known for his play "The Importance of Being Earnest," which features the character Jack Worthing.
Jack Worthing is a prominent character in Oscar Wilde's works, particularly in "The Importance of Being Earnest." Eva Green is a French actress known for her roles in various films and television series.
To determine if Oscar Wilde's most famous character has ever been in an Eva Green project, we need to identify the character and check Eva Green's filmography.
<EMPTY> (Score: -inf)

Q: Has Oscar Wilde's most famous character ever been in an Eva Green project?

A: Oscar Wilde is known for his play "The Importance of Being Earnest," which features the character Jack Worthing.
Jack Worthing is a prominent character in Oscar Wilde's works, particularly in "The Importance of Being Earnest." Eva Green is a French actress known for her roles in various films and television series.
To determine if Oscar Wilde's most famous character has ever been in an Eva Green project, we need to identify the character and check Eva Green's filmography.
<EMPTY> (Score: -inf)

====================
Q: Has Elon Musk's hairline changed?

A:
Elon Musk is a well-known entrepreneur and CEO of companies like Tesla and SpaceX. (Score: 0.0008185179904103279)

Q: Has Elon Musk's hairline changed?

A:
Elon Musk is a well-known entrepreneur and CEO of companies like Tesla and SpaceX. (Score: 0.0008185179904103279)

Q: Has Elon Musk's hairline changed?

A:
<EMPTY> (Score: -inf)

Q: Has Elon Musk's hairline changed?

A:
<EMPTY> (Score: -inf)

====================
Q: Has Elon Musk's hairline changed?

A: Elon Musk is a well-known entrepreneur and CEO of companies like Tesla and SpaceX.
Elon Musk has been in the public eye for many years. (Score: 0.0005398164503276348)

Q: Has Elon Musk's hairline changed?

A: Elon Musk is a well-known entrepreneur and CEO of companies like Tesla and SpaceX.
Elon Musk has been in the public eye for many years. (Score: 0.0005398164503276348)

Q: Has Elon Musk's hairline changed?

A: Elon Musk is a well-known entrepreneur and CEO of companies like Tesla and SpaceX.
<EMPTY> (Score: -inf)

Q: Has Elon Musk's hairline changed?

A: Elon Musk is a well-known entrepreneur and CEO of companies like Tesla and SpaceX.
<EMPTY> (Score: -inf)

====================
Q: Has Elon Musk's hairline changed?

A: Elon Musk is a well-known entrepreneur and CEO of companies like Tesla and SpaceX.
Elon Musk has been in the public eye for many years. (Score: 0.0005398164503276348)

Q: Has Elon Musk's hairline changed?

A: Elon Musk is a well-known entrepreneur and CEO of companies like Tesla and SpaceX.
Elon Musk has been in the public eye for many years. (Score: 0.0005398164503276348)

Q: Has Elon Musk's hairline changed?

A: Elon Musk is a well-known entrepreneur and CEO of companies like Tesla and SpaceX.
<EMPTY> (Score: -inf)

Q: Has Elon Musk's hairline changed?

A: Elon Musk is a well-known entrepreneur and CEO of companies like Tesla and SpaceX.
<EMPTY> (Score: -inf)

====================
Q: Has Elon Musk's hairline changed?

A: Elon Musk is a well-known entrepreneur and CEO of companies like Tesla and SpaceX.
Elon Musk has been in the public eye for many years.
There are numerous photos and videos of Elon Musk from different points in time. (Score: 0.0012463172897696495)

Q: Has Elon Musk's hairline changed?

A: Elon Musk is a well-known entrepreneur and CEO of companies like Tesla and SpaceX.
Elon Musk has been in the public eye for many years.
There are numerous photos and videos of Elon Musk from different points in time. (Score: 0.0012463172897696495)

Q: Has Elon Musk's hairline changed?

A: Elon Musk is a well-known entrepreneur and CEO of companies like Tesla and SpaceX.
Elon Musk has been in the public eye for many years.
<EMPTY> (Score: -inf)

Q: Has Elon Musk's hairline changed?

A: Elon Musk is a well-known entrepreneur and CEO of companies like Tesla and SpaceX.
Elon Musk has been in the public eye for many years.
<EMPTY> (Score: -inf)

====================
Q: Has Elon Musk's hairline changed?

A: Elon Musk is a well-known entrepreneur and CEO of companies like Tesla and SpaceX.
Elon Musk has been in the public eye for many years.
There are numerous photos and videos of Elon Musk from different points in time. (Score: 0.0012463172897696495)

Q: Has Elon Musk's hairline changed?

A: Elon Musk is a well-known entrepreneur and CEO of companies like Tesla and SpaceX.
Elon Musk has been in the public eye for many years.
There are numerous photos and videos of Elon Musk from different points in time. (Score: 0.0012463172897696495)

Q: Has Elon Musk's hairline changed?

A: Elon Musk is a well-known entrepreneur and CEO of companies like Tesla and SpaceX.
Elon Musk has been in the public eye for many years.
<EMPTY> (Score: -inf)

Q: Has Elon Musk's hairline changed?

A: Elon Musk is a well-known entrepreneur and CEO of companies like Tesla and SpaceX.
Elon Musk has been in the public eye for many years.
<EMPTY> (Score: -inf)

====================
Q: Has Elon Musk's hairline changed?

A: Elon Musk is a well-known entrepreneur and CEO of companies like Tesla and SpaceX.
Elon Musk has been in the public eye for many years.
There are numerous photos and videos of Elon Musk from different points in time.
#### Yes. (Score: 0.002139032818377018)

Q: Has Elon Musk's hairline changed?

A: Elon Musk is a well-known entrepreneur and CEO of companies like Tesla and SpaceX.
Elon Musk has been in the public eye for many years.
There are numerous photos and videos of Elon Musk from different points in time.
#### No. (Score: 0.0022684745490550995)

Q: Has Elon Musk's hairline changed?

A: Elon Musk is a well-known entrepreneur and CEO of companies like Tesla and SpaceX.
Elon Musk has been in the public eye for many years.
There are numerous photos and videos of Elon Musk from different points in time.
<EMPTY> (Score: -inf)

Q: Has Elon Musk's hairline changed?

A: Elon Musk is a well-known entrepreneur and CEO of companies like Tesla and SpaceX.
Elon Musk has been in the public eye for many years.
There are numerous photos and videos of Elon Musk from different points in time.
<EMPTY> (Score: -inf)

====================
Q: Has Elon Musk's hairline changed?

A: Elon Musk is a well-known entrepreneur and CEO of companies like Tesla and SpaceX.
Elon Musk has been in the public eye for many years.
There are numerous photos and videos of Elon Musk from different points in time.
#### Yes. (Score: 0.002139032818377018)

Q: Has Elon Musk's hairline changed?

A: Elon Musk is a well-known entrepreneur and CEO of companies like Tesla and SpaceX.
Elon Musk has been in the public eye for many years.
There are numerous photos and videos of Elon Musk from different points in time.
#### No. (Score: 0.0022684745490550995)

Q: Has Elon Musk's hairline changed?

A: Elon Musk is a well-known entrepreneur and CEO of companies like Tesla and SpaceX.
Elon Musk has been in the public eye for many years.
There are numerous photos and videos of Elon Musk from different points in time.
<EMPTY> (Score: -inf)

Q: Has Elon Musk's hairline changed?

A: Elon Musk is a well-known entrepreneur and CEO of companies like Tesla and SpaceX.
Elon Musk has been in the public eye for many years.
There are numerous photos and videos of Elon Musk from different points in time.
<EMPTY> (Score: -inf)

====================
Q: Do depressed people travel to the Golden Gate Bridge often?

A:
Depressed people may seek out places that resonate with their feelings or provide a sense of solitude. (Score: -0.0007980484515428543)

Q: Do depressed people travel to the Golden Gate Bridge often?

A:
Depressed people may seek out places that resonate with their feelings or provide a sense of solitude. (Score: -0.0007980484515428543)

Q: Do depressed people travel to the Golden Gate Bridge often?

A:
<EMPTY> (Score: -inf)

Q: Do depressed people travel to the Golden Gate Bridge often?

A:
<EMPTY> (Score: -inf)

====================
Q: Do depressed people travel to the Golden Gate Bridge often?

A: Depressed people may seek out places that resonate with their feelings or provide a sense of solitude.
The Golden Gate Bridge is a well-known landmark in San Francisco, California. (Score: 0.0001449044793844223)

Q: Do depressed people travel to the Golden Gate Bridge often?

A: Depressed people may seek out places that resonate with their feelings or provide a sense of solitude.
The Golden Gate Bridge is a well-known landmark in San Francisco, California. (Score: 0.0001449044793844223)

Q: Do depressed people travel to the Golden Gate Bridge often?

A: Depressed people may seek out places that resonate with their feelings or provide a sense of solitude.
<EMPTY> (Score: -inf)

Q: Do depressed people travel to the Golden Gate Bridge often?

A: Depressed people may seek out places that resonate with their feelings or provide a sense of solitude.
<EMPTY> (Score: -inf)

====================
Q: Do depressed people travel to the Golden Gate Bridge often?

A: Depressed people may seek out places that resonate with their feelings or provide a sense of solitude.
The Golden Gate Bridge is a well-known landmark in San Francisco, California. (Score: 0.0001449044793844223)

Q: Do depressed people travel to the Golden Gate Bridge often?

A: Depressed people may seek out places that resonate with their feelings or provide a sense of solitude.
The Golden Gate Bridge is a well-known landmark in San Francisco, California. (Score: 0.0001449044793844223)

Q: Do depressed people travel to the Golden Gate Bridge often?

A: Depressed people may seek out places that resonate with their feelings or provide a sense of solitude.
<EMPTY> (Score: -inf)

Q: Do depressed people travel to the Golden Gate Bridge often?

A: Depressed people may seek out places that resonate with their feelings or provide a sense of solitude.
<EMPTY> (Score: -inf)

====================
Q: Do depressed people travel to the Golden Gate Bridge often?

A: Depressed people may seek out places that resonate with their feelings or provide a sense of solitude.
The Golden Gate Bridge is a well-known landmark in San Francisco, California.
It is a popular tourist destination, attracting many visitors, including those who may be experiencing depression. (Score: -0.0005644978955388069)

Q: Do depressed people travel to the Golden Gate Bridge often?

A: Depressed people may seek out places that resonate with their feelings or provide a sense of solitude.
The Golden Gate Bridge is a well-known landmark in San Francisco, California.
It is a popular tourist destination, attracting many visitors, including those who may be feeling depressed. (Score: -0.000527550932019949)

Q: Do depressed people travel to the Golden Gate Bridge often?

A: Depressed people may seek out places that resonate with their feelings or provide a sense of solitude.
The Golden Gate Bridge is a well-known landmark in San Francisco, California.
<EMPTY> (Score: -inf)

Q: Do depressed people travel to the Golden Gate Bridge often?

A: Depressed people may seek out places that resonate with their feelings or provide a sense of solitude.
The Golden Gate Bridge is a well-known landmark in San Francisco, California.
<EMPTY> (Score: -inf)

====================
Q: Do depressed people travel to the Golden Gate Bridge often?

A: Depressed people may seek out places that resonate with their feelings or provide a sense of solitude.
The Golden Gate Bridge is a well-known landmark in San Francisco, California.
It is a popular tourist destination and attracts many visitors, including those who may be feeling depressed. (Score: -0.00075141666457057)

Q: Do depressed people travel to the Golden Gate Bridge often?

A: Depressed people may seek out places that resonate with their feelings or provide a sense of solitude.
The Golden Gate Bridge is a well-known landmark in San Francisco, California.
It is a popular tourist destination and attracts many visitors, including those who may be feeling depressed. (Score: -0.00075141666457057)

Q: Do depressed people travel to the Golden Gate Bridge often?

A: Depressed people may seek out places that resonate with their feelings or provide a sense of solitude.
The Golden Gate Bridge is a well-known landmark in San Francisco, California.
<EMPTY> (Score: -inf)

Q: Do depressed people travel to the Golden Gate Bridge often?

A: Depressed people may seek out places that resonate with their feelings or provide a sense of solitude.
The Golden Gate Bridge is a well-known landmark in San Francisco, California.
<EMPTY> (Score: -inf)

====================
Q: Do depressed people travel to the Golden Gate Bridge often?

A: Depressed people may seek out places that resonate with their feelings or provide a sense of solitude.
The Golden Gate Bridge is a well-known landmark in San Francisco, California.
It is a popular tourist destination, attracting many visitors, including those who may be feeling depressed.
#### Yes. (Score: 1.3694632798433304e-05)

Q: Do depressed people travel to the Golden Gate Bridge often?

A: Depressed people may seek out places that resonate with their feelings or provide a sense of solitude.
The Golden Gate Bridge is a well-known landmark in San Francisco, California.
It is a popular tourist destination, attracting many visitors, including those who may be feeling depressed.
#### No. (Score: 0.00013242708519101143)

Q: Do depressed people travel to the Golden Gate Bridge often?

A: Depressed people may seek out places that resonate with their feelings or provide a sense of solitude.
The Golden Gate Bridge is a well-known landmark in San Francisco, California.
It is a popular tourist destination, attracting many visitors, including those who may be feeling depressed.
<EMPTY> (Score: -inf)

Q: Do depressed people travel to the Golden Gate Bridge often?

A: Depressed people may seek out places that resonate with their feelings or provide a sense of solitude.
The Golden Gate Bridge is a well-known landmark in San Francisco, California.
It is a popular tourist destination, attracting many visitors, including those who may be feeling depressed.
<EMPTY> (Score: -inf)

====================
Q: Do depressed people travel to the Golden Gate Bridge often?

A: Depressed people may seek out places that resonate with their feelings or provide a sense of solitude.
The Golden Gate Bridge is a well-known landmark in San Francisco, California.
It is a popular tourist destination, attracting many visitors, including those who may be experiencing depression.
#### Yes. (Score: -4.946719855070114e-06)

Q: Do depressed people travel to the Golden Gate Bridge often?

A: Depressed people may seek out places that resonate with their feelings or provide a sense of solitude.
The Golden Gate Bridge is a well-known landmark in San Francisco, California.
It is a popular tourist destination, attracting many visitors, including those who may be experiencing depression.
#### No. (Score: 0.00010919058695435524)

Q: Do depressed people travel to the Golden Gate Bridge often?

A: Depressed people may seek out places that resonate with their feelings or provide a sense of solitude.
The Golden Gate Bridge is a well-known landmark in San Francisco, California.
It is a popular tourist destination, attracting many visitors, including those who may be experiencing depression.
<EMPTY> (Score: -inf)

Q: Do depressed people travel to the Golden Gate Bridge often?

A: Depressed people may seek out places that resonate with their feelings or provide a sense of solitude.
The Golden Gate Bridge is a well-known landmark in San Francisco, California.
It is a popular tourist destination, attracting many visitors, including those who may be experiencing depression.
<EMPTY> (Score: -inf)

====================
Q: Could a markhor give birth three times in a single year?

A:
A: The markhor is a species of wild goat found in Central Asia and the Himalayas. (Score: -0.0001285024918615818)

Q: Could a markhor give birth three times in a single year?

A:
A: The markhor is a species of wild goat found in Central Asia and the Himalayas. (Score: -0.0001285024918615818)

Q: Could a markhor give birth three times in a single year?

A:
<EMPTY> (Score: -inf)

Q: Could a markhor give birth three times in a single year?

A:
<EMPTY> (Score: -inf)

====================
Q: Could a markhor give birth three times in a single year?

A: A: The markhor is a species of wild goat found in Central Asia and the Himalayas.
The markhor typically has a gestation period of about 5 to 6 months. (Score: -0.0007971678860485554)

Q: Could a markhor give birth three times in a single year?

A: A: The markhor is a species of wild goat found in Central Asia and the Himalayas.
The markhor typically has a gestation period of about 5 to 6 months. (Score: -0.0007971678860485554)

Q: Could a markhor give birth three times in a single year?

A: A: The markhor is a species of wild goat found in Central Asia and the Himalayas.
<EMPTY> (Score: -inf)

Q: Could a markhor give birth three times in a single year?

A: A: The markhor is a species of wild goat found in Central Asia and the Himalayas.
<EMPTY> (Score: -inf)

====================
Q: Could a markhor give birth three times in a single year?

A: A: The markhor is a species of wild goat found in Central Asia and the Himalayas.
The markhor typically has a gestation period of about 5 to 6 months. (Score: -0.0007971678860485554)

Q: Could a markhor give birth three times in a single year?

A: A: The markhor is a species of wild goat found in Central Asia and the Himalayas.
The markhor typically has a gestation period of about 5 to 6 months. (Score: -0.0007971678860485554)

Q: Could a markhor give birth three times in a single year?

A: A: The markhor is a species of wild goat found in Central Asia and the Himalayas.
<EMPTY> (Score: -inf)

Q: Could a markhor give birth three times in a single year?

A: A: The markhor is a species of wild goat found in Central Asia and the Himalayas.
<EMPTY> (Score: -inf)

====================
Q: Could a markhor give birth three times in a single year?

A: A: The markhor is a species of wild goat found in Central Asia and the Himalayas.
The markhor typically has a gestation period of about 5 to 6 months.
The markhor usually gives birth to one kid at a time, although twins can occur in rare cases. (Score: -0.00043196743354201317)

Q: Could a markhor give birth three times in a single year?

A: A: The markhor is a species of wild goat found in Central Asia and the Himalayas.
The markhor typically has a gestation period of about 5 to 6 months.
The markhor usually gives birth to one kid at a time, although twins can occur in rare cases. (Score: -0.00043196743354201317)

Q: Could a markhor give birth three times in a single year?

A: A: The markhor is a species of wild goat found in Central Asia and the Himalayas.
The markhor typically has a gestation period of about 5 to 6 months.
<EMPTY> (Score: -inf)

Q: Could a markhor give birth three times in a single year?

A: A: The markhor is a species of wild goat found in Central Asia and the Himalayas.
The markhor typically has a gestation period of about 5 to 6 months.
<EMPTY> (Score: -inf)

====================
Q: Could a markhor give birth three times in a single year?

A: A: The markhor is a species of wild goat found in Central Asia and the Himalayas.
The markhor typically has a gestation period of about 5 to 6 months.
The markhor usually gives birth to one kid at a time, although twins can occur in rare cases. (Score: -0.00043196743354201317)

Q: Could a markhor give birth three times in a single year?

A: A: The markhor is a species of wild goat found in Central Asia and the Himalayas.
The markhor typically has a gestation period of about 5 to 6 months.
The markhor usually gives birth to one kid at a time. (Score: 7.368158549070358e-05)

Q: Could a markhor give birth three times in a single year?

A: A: The markhor is a species of wild goat found in Central Asia and the Himalayas.
The markhor typically has a gestation period of about 5 to 6 months.
<EMPTY> (Score: -inf)

Q: Could a markhor give birth three times in a single year?

A: A: The markhor is a species of wild goat found in Central Asia and the Himalayas.
The markhor typically has a gestation period of about 5 to 6 months.
<EMPTY> (Score: -inf)

====================
Q: Could a markhor give birth three times in a single year?

A: A: The markhor is a species of wild goat found in Central Asia and the Himalayas.
The markhor typically has a gestation period of about 5 to 6 months.
The markhor usually gives birth to one kid at a time.
#### Yes. (Score: 0.0009659989736974239)

Q: Could a markhor give birth three times in a single year?

A: A: The markhor is a species of wild goat found in Central Asia and the Himalayas.
The markhor typically has a gestation period of about 5 to 6 months.
The markhor usually gives birth to one kid at a time.
#### No. (Score: 0.001022830605506897)

Q: Could a markhor give birth three times in a single year?

A: A: The markhor is a species of wild goat found in Central Asia and the Himalayas.
The markhor typically has a gestation period of about 5 to 6 months.
The markhor usually gives birth to one kid at a time.
<EMPTY> (Score: -inf)

Q: Could a markhor give birth three times in a single year?

A: A: The markhor is a species of wild goat found in Central Asia and the Himalayas.
The markhor typically has a gestation period of about 5 to 6 months.
The markhor usually gives birth to one kid at a time.
<EMPTY> (Score: -inf)

====================
Q: Could a markhor give birth three times in a single year?

A: A: The markhor is a species of wild goat found in Central Asia and the Himalayas.
The markhor typically has a gestation period of about 5 to 6 months.
The markhor usually gives birth to one kid at a time, although twins can occur in rare cases.
#### Yes. (Score: 0.00034611253067851067)

Q: Could a markhor give birth three times in a single year?

A: A: The markhor is a species of wild goat found in Central Asia and the Himalayas.
The markhor typically has a gestation period of about 5 to 6 months.
The markhor usually gives birth to one kid at a time, although twins can occur in rare cases.
#### No. (Score: 0.00048728007823228836)

Q: Could a markhor give birth three times in a single year?

A: A: The markhor is a species of wild goat found in Central Asia and the Himalayas.
The markhor typically has a gestation period of about 5 to 6 months.
The markhor usually gives birth to one kid at a time, although twins can occur in rare cases.
<EMPTY> (Score: -inf)

Q: Could a markhor give birth three times in a single year?

A: A: The markhor is a species of wild goat found in Central Asia and the Himalayas.
The markhor typically has a gestation period of about 5 to 6 months.
The markhor usually gives birth to one kid at a time, although twins can occur in rare cases.
<EMPTY> (Score: -inf)

====================
Q: Will Tokyo Tower be repainted only once during President Trump's first term?

A:
Tokyo Tower is a communications and observation tower located in Tokyo, Japan. (Score: 2.50060111284256e-06)

Q: Will Tokyo Tower be repainted only once during President Trump's first term?

A:
Tokyo Tower is a communications and observation tower located in Tokyo, Japan. (Score: 2.50060111284256e-06)

Q: Will Tokyo Tower be repainted only once during President Trump's first term?

A:
<EMPTY> (Score: -inf)

Q: Will Tokyo Tower be repainted only once during President Trump's first term?

A:
<EMPTY> (Score: -inf)

====================
Q: Will Tokyo Tower be repainted only once during President Trump's first term?

A: Tokyo Tower is a communications and observation tower located in Tokyo, Japan.
Tokyo Tower was completed in 1958 and has undergone several repainting processes since then. (Score: 0.0006932788528501987)

Q: Will Tokyo Tower be repainted only once during President Trump's first term?

A: Tokyo Tower is a communications and observation tower located in Tokyo, Japan.
Tokyo Tower was completed in 1958 and has undergone several repainting processes since then. (Score: 0.0006932788528501987)

Q: Will Tokyo Tower be repainted only once during President Trump's first term?

A: Tokyo Tower is a communications and observation tower located in Tokyo, Japan.
<EMPTY> (Score: -inf)

Q: Will Tokyo Tower be repainted only once during President Trump's first term?

A: Tokyo Tower is a communications and observation tower located in Tokyo, Japan.
<EMPTY> (Score: -inf)

====================
Q: Will Tokyo Tower be repainted only once during President Trump's first term?

A: Tokyo Tower is a communications and observation tower located in Tokyo, Japan.
Tokyo Tower was completed in 1958 and has undergone several repainting processes since then. (Score: 0.0006932788528501987)

Q: Will Tokyo Tower be repainted only once during President Trump's first term?

A: Tokyo Tower is a communications and observation tower located in Tokyo, Japan.
Tokyo Tower was completed in 1958 and has undergone several repainting processes since then. (Score: 0.0006932788528501987)

Q: Will Tokyo Tower be repainted only once during President Trump's first term?

A: Tokyo Tower is a communications and observation tower located in Tokyo, Japan.
<EMPTY> (Score: -inf)

Q: Will Tokyo Tower be repainted only once during President Trump's first term?

A: Tokyo Tower is a communications and observation tower located in Tokyo, Japan.
<EMPTY> (Score: -inf)

====================
Q: Will Tokyo Tower be repainted only once during President Trump's first term?

A: Tokyo Tower is a communications and observation tower located in Tokyo, Japan.
Tokyo Tower was completed in 1958 and has undergone several repainting processes since then.
Repainting of Tokyo Tower is typically done every five years to maintain its appearance and protect it from the elements. (Score: 0.00012060906738042831)

Q: Will Tokyo Tower be repainted only once during President Trump's first term?

A: Tokyo Tower is a communications and observation tower located in Tokyo, Japan.
Tokyo Tower was completed in 1958 and has undergone several repainting processes since then.
The repainting of Tokyo Tower is not scheduled to occur only once during any specific time frame, including President Trump's first term, which lasted from January 2017 to January 2021. The tower typically undergoes repainting every five years to maintain its appearance and structural integrity. (Score: 6.947480142116547e-05)

Q: Will Tokyo Tower be repainted only once during President Trump's first term?

A: Tokyo Tower is a communications and observation tower located in Tokyo, Japan.
Tokyo Tower was completed in 1958 and has undergone several repainting processes since then.
<EMPTY> (Score: -inf)

Q: Will Tokyo Tower be repainted only once during President Trump's first term?

A: Tokyo Tower is a communications and observation tower located in Tokyo, Japan.
Tokyo Tower was completed in 1958 and has undergone several repainting processes since then.
<EMPTY> (Score: -inf)

====================
Q: Will Tokyo Tower be repainted only once during President Trump's first term?

A: Tokyo Tower is a communications and observation tower located in Tokyo, Japan.
Tokyo Tower was completed in 1958 and has undergone several repainting processes since then.
Repainting of Tokyo Tower is typically done every five years to maintain its appearance and protect it from the elements. (Score: 0.00012060906738042831)

Q: Will Tokyo Tower be repainted only once during President Trump's first term?

A: Tokyo Tower is a communications and observation tower located in Tokyo, Japan.
Tokyo Tower was completed in 1958 and has undergone several repainting processes since then.
The repainting of Tokyo Tower is not scheduled to occur only once during any specific time frame, including President Trump's first term, which lasted from January 2017 to January 2021. The tower typically undergoes repainting every five years to maintain its appearance and structural integrity. (Score: 6.947480142116547e-05)

Q: Will Tokyo Tower be repainted only once during President Trump's first term?

A: Tokyo Tower is a communications and observation tower located in Tokyo, Japan.
Tokyo Tower was completed in 1958 and has undergone several repainting processes since then.
<EMPTY> (Score: -inf)

Q: Will Tokyo Tower be repainted only once during President Trump's first term?

A: Tokyo Tower is a communications and observation tower located in Tokyo, Japan.
Tokyo Tower was completed in 1958 and has undergone several repainting processes since then.
<EMPTY> (Score: -inf)

====================
Q: Will Tokyo Tower be repainted only once during President Trump's first term?

A: Tokyo Tower is a communications and observation tower located in Tokyo, Japan.
Tokyo Tower was completed in 1958 and has undergone several repainting processes since then.
Repainting of Tokyo Tower is typically done every five years to maintain its appearance and protect it from the elements.
#### Yes. (Score: 0.0008357991464436054)

Q: Will Tokyo Tower be repainted only once during President Trump's first term?

A: Tokyo Tower is a communications and observation tower located in Tokyo, Japan.
Tokyo Tower was completed in 1958 and has undergone several repainting processes since then.
Repainting of Tokyo Tower is typically done every five years to maintain its appearance and protect it from the elements.
#### No. (Score: 0.0007144063711166382)

Q: Will Tokyo Tower be repainted only once during President Trump's first term?

A: Tokyo Tower is a communications and observation tower located in Tokyo, Japan.
Tokyo Tower was completed in 1958 and has undergone several repainting processes since then.
Repainting of Tokyo Tower is typically done every five years to maintain its appearance and protect it from the elements.
<EMPTY> (Score: -inf)

Q: Will Tokyo Tower be repainted only once during President Trump's first term?

A: Tokyo Tower is a communications and observation tower located in Tokyo, Japan.
Tokyo Tower was completed in 1958 and has undergone several repainting processes since then.
Repainting of Tokyo Tower is typically done every five years to maintain its appearance and protect it from the elements.
<EMPTY> (Score: -inf)

====================
Q: Will Tokyo Tower be repainted only once during President Trump's first term?

A: Tokyo Tower is a communications and observation tower located in Tokyo, Japan.
Tokyo Tower was completed in 1958 and has undergone several repainting processes since then.
Repainting of Tokyo Tower is typically done every five years to maintain its appearance and protect it from the elements.
#### Yes. (Score: 0.0008357991464436054)

Q: Will Tokyo Tower be repainted only once during President Trump's first term?

A: Tokyo Tower is a communications and observation tower located in Tokyo, Japan.
Tokyo Tower was completed in 1958 and has undergone several repainting processes since then.
Repainting of Tokyo Tower is typically done every five years to maintain its appearance and protect it from the elements.
#### No. (Score: 0.0007144063711166382)

Q: Will Tokyo Tower be repainted only once during President Trump's first term?

A: Tokyo Tower is a communications and observation tower located in Tokyo, Japan.
Tokyo Tower was completed in 1958 and has undergone several repainting processes since then.
Repainting of Tokyo Tower is typically done every five years to maintain its appearance and protect it from the elements.
<EMPTY> (Score: -inf)

Q: Will Tokyo Tower be repainted only once during President Trump's first term?

A: Tokyo Tower is a communications and observation tower located in Tokyo, Japan.
Tokyo Tower was completed in 1958 and has undergone several repainting processes since then.
Repainting of Tokyo Tower is typically done every five years to maintain its appearance and protect it from the elements.
<EMPTY> (Score: -inf)

====================
Q: Did Neanderthals use arithmetic?

A:
Neanderthals were a species of hominids that lived in Europe and parts of Asia until about 40,000 years ago. (Score: -0.0014562876895070076)

Q: Did Neanderthals use arithmetic?

A:
Neanderthals were a species of hominids that lived in Europe and parts of Asia until about 40,000 years ago. (Score: -0.0014562876895070076)

Q: Did Neanderthals use arithmetic?

A:
<EMPTY> (Score: -inf)

Q: Did Neanderthals use arithmetic?

A:
<EMPTY> (Score: -inf)

====================
Q: Did Neanderthals use arithmetic?

A: Neanderthals were a species of hominids that lived in Europe and parts of Asia until about 40,000 years ago.
Neanderthals are known to have used tools and had complex social structures. (Score: -0.0021223174408078194)

Q: Did Neanderthals use arithmetic?

A: Neanderthals were a species of hominids that lived in Europe and parts of Asia until about 40,000 years ago.
Neanderthals are known to have used tools and had complex social structures. (Score: -0.0021223174408078194)

Q: Did Neanderthals use arithmetic?

A: Neanderthals were a species of hominids that lived in Europe and parts of Asia until about 40,000 years ago.
<EMPTY> (Score: -inf)

Q: Did Neanderthals use arithmetic?

A: Neanderthals were a species of hominids that lived in Europe and parts of Asia until about 40,000 years ago.
<EMPTY> (Score: -inf)

====================
Q: Did Neanderthals use arithmetic?

A: Neanderthals were a species of hominids that lived in Europe and parts of Asia until about 40,000 years ago.
Neanderthals are known to have used tools and had complex social structures. (Score: -0.0021223174408078194)

Q: Did Neanderthals use arithmetic?

A: Neanderthals were a species of hominids that lived in Europe and parts of Asia until about 40,000 years ago.
Neanderthals are known to have used tools and had complex social structures. (Score: -0.0021223174408078194)

Q: Did Neanderthals use arithmetic?

A: Neanderthals were a species of hominids that lived in Europe and parts of Asia until about 40,000 years ago.
<EMPTY> (Score: -inf)

Q: Did Neanderthals use arithmetic?

A: Neanderthals were a species of hominids that lived in Europe and parts of Asia until about 40,000 years ago.
<EMPTY> (Score: -inf)

====================
Q: Did Neanderthals use arithmetic?

A: Neanderthals were a species of hominids that lived in Europe and parts of Asia until about 40,000 years ago.
Neanderthals are known to have used tools and had complex social structures.
There is limited evidence to suggest that Neanderthals engaged in activities that could be considered arithmetic, such as counting or measuring. (Score: -0.0031980331987142563)

Q: Did Neanderthals use arithmetic?

A: Neanderthals were a species of hominids that lived in Europe and parts of Asia until about 40,000 years ago.
Neanderthals are known to have used tools and had complex social structures.
There is limited evidence to suggest that Neanderthals engaged in activities that could be considered arithmetic, such as counting or measuring. (Score: -0.0031980331987142563)

Q: Did Neanderthals use arithmetic?

A: Neanderthals were a species of hominids that lived in Europe and parts of Asia until about 40,000 years ago.
Neanderthals are known to have used tools and had complex social structures.
<EMPTY> (Score: -inf)

Q: Did Neanderthals use arithmetic?

A: Neanderthals were a species of hominids that lived in Europe and parts of Asia until about 40,000 years ago.
Neanderthals are known to have used tools and had complex social structures.
<EMPTY> (Score: -inf)

====================
Q: Did Neanderthals use arithmetic?

A: Neanderthals were a species of hominids that lived in Europe and parts of Asia until about 40,000 years ago.
Neanderthals are known to have used tools and had complex social structures.
There is limited evidence to suggest that Neanderthals engaged in activities that could be considered arithmetic. (Score: -0.0018959487788379192)

Q: Did Neanderthals use arithmetic?

A: Neanderthals were a species of hominids that lived in Europe and parts of Asia until about 40,000 years ago.
Neanderthals are known to have used tools and had complex social structures.
There is limited evidence to suggest that Neanderthals engaged in activities that could be considered arithmetic, such as counting or measuring. (Score: -0.0031980331987142563)

Q: Did Neanderthals use arithmetic?

A: Neanderthals were a species of hominids that lived in Europe and parts of Asia until about 40,000 years ago.
Neanderthals are known to have used tools and had complex social structures.
<EMPTY> (Score: -inf)

Q: Did Neanderthals use arithmetic?

A: Neanderthals were a species of hominids that lived in Europe and parts of Asia until about 40,000 years ago.
Neanderthals are known to have used tools and had complex social structures.
<EMPTY> (Score: -inf)

====================
Q: Did Neanderthals use arithmetic?

A: Neanderthals were a species of hominids that lived in Europe and parts of Asia until about 40,000 years ago.
Neanderthals are known to have used tools and had complex social structures.
There is limited evidence to suggest that Neanderthals engaged in activities that could be considered arithmetic.
#### Yes. (Score: -0.002245750278234482)

Q: Did Neanderthals use arithmetic?

A: Neanderthals were a species of hominids that lived in Europe and parts of Asia until about 40,000 years ago.
Neanderthals are known to have used tools and had complex social structures.
There is limited evidence to suggest that Neanderthals engaged in activities that could be considered arithmetic.
#### No. (Score: -0.0021830983459949493)

Q: Did Neanderthals use arithmetic?

A: Neanderthals were a species of hominids that lived in Europe and parts of Asia until about 40,000 years ago.
Neanderthals are known to have used tools and had complex social structures.
There is limited evidence to suggest that Neanderthals engaged in activities that could be considered arithmetic.
<EMPTY> (Score: -inf)

Q: Did Neanderthals use arithmetic?

A: Neanderthals were a species of hominids that lived in Europe and parts of Asia until about 40,000 years ago.
Neanderthals are known to have used tools and had complex social structures.
There is limited evidence to suggest that Neanderthals engaged in activities that could be considered arithmetic.
<EMPTY> (Score: -inf)

====================
Q: Did Neanderthals use arithmetic?

A: Neanderthals were a species of hominids that lived in Europe and parts of Asia until about 40,000 years ago.
Neanderthals are known to have used tools and had complex social structures.
There is limited evidence to suggest that Neanderthals engaged in activities that could be considered arithmetic, such as counting or measuring.
#### Yes. (Score: -0.002533531282097101)

Q: Did Neanderthals use arithmetic?

A: Neanderthals were a species of hominids that lived in Europe and parts of Asia until about 40,000 years ago.
Neanderthals are known to have used tools and had complex social structures.
There is limited evidence to suggest that Neanderthals engaged in activities that could be considered arithmetic, such as counting or measuring.
#### No. (Score: -0.00254239235073328)

Q: Did Neanderthals use arithmetic?

A: Neanderthals were a species of hominids that lived in Europe and parts of Asia until about 40,000 years ago.
Neanderthals are known to have used tools and had complex social structures.
There is limited evidence to suggest that Neanderthals engaged in activities that could be considered arithmetic, such as counting or measuring.
<EMPTY> (Score: -inf)

Q: Did Neanderthals use arithmetic?

A: Neanderthals were a species of hominids that lived in Europe and parts of Asia until about 40,000 years ago.
Neanderthals are known to have used tools and had complex social structures.
There is limited evidence to suggest that Neanderthals engaged in activities that could be considered arithmetic, such as counting or measuring.
<EMPTY> (Score: -inf)

====================
Q: Can children become lieutenants?

A:
A: A lieutenant is a rank typically found in military and law enforcement organizations. (Score: -0.003841801080852747)

Q: Can children become lieutenants?

A:
A: A lieutenant is a rank typically found in military and law enforcement organizations. (Score: -0.003841801080852747)

Q: Can children become lieutenants?

A:
<EMPTY> (Score: -inf)

Q: Can children become lieutenants?

A:
<EMPTY> (Score: -inf)

====================
Q: Can children become lieutenants?

A: A: A lieutenant is a rank typically found in military and law enforcement organizations.
A: The rank of lieutenant usually requires a certain level of training and experience. (Score: -0.0032046237029135227)

Q: Can children become lieutenants?

A: A: A lieutenant is a rank typically found in military and law enforcement organizations.
A: The rank of lieutenant usually requires a certain level of training and experience. (Score: -0.0032046237029135227)

Q: Can children become lieutenants?

A: A: A lieutenant is a rank typically found in military and law enforcement organizations.
<EMPTY> (Score: -inf)

Q: Can children become lieutenants?

A: A: A lieutenant is a rank typically found in military and law enforcement organizations.
<EMPTY> (Score: -inf)

====================
Q: Can children become lieutenants?

A: A: A lieutenant is a rank typically found in military and law enforcement organizations.
A: The rank of lieutenant usually requires a certain level of training and experience. (Score: -0.0032046237029135227)

Q: Can children become lieutenants?

A: A: A lieutenant is a rank typically found in military and law enforcement organizations.
A: The rank of lieutenant usually requires a certain level of training and experience. (Score: -0.0032046237029135227)

Q: Can children become lieutenants?

A: A: A lieutenant is a rank typically found in military and law enforcement organizations.
<EMPTY> (Score: -inf)

Q: Can children become lieutenants?

A: A: A lieutenant is a rank typically found in military and law enforcement organizations.
<EMPTY> (Score: -inf)

====================
Q: Can children become lieutenants?

A: A: A lieutenant is a rank typically found in military and law enforcement organizations.
A: The rank of lieutenant usually requires a certain level of training and experience.
A: In most military organizations, individuals must be at least 18 years old to enlist and pursue a commission as an officer, which includes the rank of lieutenant. (Score: -0.0038496791385114193)

Q: Can children become lieutenants?

A: A: A lieutenant is a rank typically found in military and law enforcement organizations.
A: The rank of lieutenant usually requires a certain level of training and experience.
A: In most military organizations, individuals must be at least 18 years old to enlist and pursue a commission as an officer, which includes the rank of lieutenant. (Score: -0.0038496791385114193)

Q: Can children become lieutenants?

A: A: A lieutenant is a rank typically found in military and law enforcement organizations.
A: The rank of lieutenant usually requires a certain level of training and experience.
<EMPTY> (Score: -inf)

Q: Can children become lieutenants?

A: A: A lieutenant is a rank typically found in military and law enforcement organizations.
A: The rank of lieutenant usually requires a certain level of training and experience.
<EMPTY> (Score: -inf)

====================
Q: Can children become lieutenants?

A: A: A lieutenant is a rank typically found in military and law enforcement organizations.
A: The rank of lieutenant usually requires a certain level of training and experience.
A: In most military organizations, individuals must be at least 18 years old to enlist and pursue a commission as an officer, which includes the rank of lieutenant. (Score: -0.0038496791385114193)

Q: Can children become lieutenants?

A: A: A lieutenant is a rank typically found in military and law enforcement organizations.
A: The rank of lieutenant usually requires a certain level of training and experience.
A: In most military organizations, individuals must be at least 18 years old to enlist and begin training for officer ranks, including lieutenant. (Score: -0.002886454574763775)

Q: Can children become lieutenants?

A: A: A lieutenant is a rank typically found in military and law enforcement organizations.
A: The rank of lieutenant usually requires a certain level of training and experience.
<EMPTY> (Score: -inf)

Q: Can children become lieutenants?

A: A: A lieutenant is a rank typically found in military and law enforcement organizations.
A: The rank of lieutenant usually requires a certain level of training and experience.
<EMPTY> (Score: -inf)

====================
Q: Can children become lieutenants?

A: A: A lieutenant is a rank typically found in military and law enforcement organizations.
A: The rank of lieutenant usually requires a certain level of training and experience.
A: In most military organizations, individuals must be at least 18 years old to enlist and begin training for officer ranks, including lieutenant.
#### Yes. (Score: -0.0020685503259301186)

Q: Can children become lieutenants?

A: A: A lieutenant is a rank typically found in military and law enforcement organizations.
A: The rank of lieutenant usually requires a certain level of training and experience.
A: In most military organizations, individuals must be at least 18 years old to enlist and begin training for officer ranks, including lieutenant.
#### No. (Score: -0.0021038050763309)

Q: Can children become lieutenants?

A: A: A lieutenant is a rank typically found in military and law enforcement organizations.
A: The rank of lieutenant usually requires a certain level of training and experience.
A: In most military organizations, individuals must be at least 18 years old to enlist and begin training for officer ranks, including lieutenant.
<EMPTY> (Score: -inf)

Q: Can children become lieutenants?

A: A: A lieutenant is a rank typically found in military and law enforcement organizations.
A: The rank of lieutenant usually requires a certain level of training and experience.
A: In most military organizations, individuals must be at least 18 years old to enlist and begin training for officer ranks, including lieutenant.
<EMPTY> (Score: -inf)

====================
Q: Can children become lieutenants?

A: A: A lieutenant is a rank typically found in military and law enforcement organizations.
A: The rank of lieutenant usually requires a certain level of training and experience.
A: In most military organizations, individuals must be at least 18 years old to enlist and pursue a commission as an officer, which includes the rank of lieutenant.
#### Yes. (Score: -0.002957784105092287)

Q: Can children become lieutenants?

A: A: A lieutenant is a rank typically found in military and law enforcement organizations.
A: The rank of lieutenant usually requires a certain level of training and experience.
A: In most military organizations, individuals must be at least 18 years old to enlist and pursue a commission as an officer, which includes the rank of lieutenant.
#### No. (Score: -0.0030067963525652885)

Q: Can children become lieutenants?

A: A: A lieutenant is a rank typically found in military and law enforcement organizations.
A: The rank of lieutenant usually requires a certain level of training and experience.
A: In most military organizations, individuals must be at least 18 years old to enlist and pursue a commission as an officer, which includes the rank of lieutenant.
<EMPTY> (Score: -inf)

Q: Can children become lieutenants?

A: A: A lieutenant is a rank typically found in military and law enforcement organizations.
A: The rank of lieutenant usually requires a certain level of training and experience.
A: In most military organizations, individuals must be at least 18 years old to enlist and pursue a commission as an officer, which includes the rank of lieutenant.
<EMPTY> (Score: -inf)

====================
Q: Could someone in a coma experience fear?

A:
A: A coma is a state of prolonged unconsciousness where a person does not respond to external stimuli. (Score: -0.003829001449048519)

Q: Could someone in a coma experience fear?

A:
A: A coma is a state of prolonged unconsciousness where a person does not respond to external stimuli. (Score: -0.003829001449048519)

Q: Could someone in a coma experience fear?

A:
<EMPTY> (Score: -inf)

Q: Could someone in a coma experience fear?

A:
<EMPTY> (Score: -inf)

====================
Q: Could someone in a coma experience fear?

A: A: A coma is a state of prolonged unconsciousness where a person does not respond to external stimuli.
A: In a coma, the brain is not functioning at a level that allows for conscious thought or emotional responses. (Score: -0.0030602281913161278)

Q: Could someone in a coma experience fear?

A: A: A coma is a state of prolonged unconsciousness where a person does not respond to external stimuli.
A: In a coma, the brain is not functioning at a level that allows for conscious thought or emotional responses. (Score: -0.0030602281913161278)

Q: Could someone in a coma experience fear?

A: A: A coma is a state of prolonged unconsciousness where a person does not respond to external stimuli.
<EMPTY> (Score: -inf)

Q: Could someone in a coma experience fear?

A: A: A coma is a state of prolonged unconsciousness where a person does not respond to external stimuli.
<EMPTY> (Score: -inf)

====================
Q: Could someone in a coma experience fear?

A: A: A coma is a state of prolonged unconsciousness where a person does not respond to external stimuli.
A: In a coma, the brain is not functioning at a level that allows for conscious thought or emotional responses. (Score: -0.0030602281913161278)

Q: Could someone in a coma experience fear?

A: A: A coma is a state of prolonged unconsciousness where a person does not respond to external stimuli.
A: In a coma, the brain is not functioning at a level that allows for conscious thought or emotional responses. (Score: -0.0030602281913161278)

Q: Could someone in a coma experience fear?

A: A: A coma is a state of prolonged unconsciousness where a person does not respond to external stimuli.
<EMPTY> (Score: -inf)

Q: Could someone in a coma experience fear?

A: A: A coma is a state of prolonged unconsciousness where a person does not respond to external stimuli.
<EMPTY> (Score: -inf)

====================
Q: Could someone in a coma experience fear?

A: A: A coma is a state of prolonged unconsciousness where a person does not respond to external stimuli.
A: In a coma, the brain is not functioning at a level that allows for conscious thought or emotional responses.
A: Fear is an emotional response that requires awareness and cognitive processing. (Score: -0.0032481816597282887)

Q: Could someone in a coma experience fear?

A: A: A coma is a state of prolonged unconsciousness where a person does not respond to external stimuli.
A: In a coma, the brain is not functioning at a level that allows for conscious thought or emotional responses.
A: Fear is an emotional response that requires awareness and cognitive processing. (Score: -0.0032481816597282887)

Q: Could someone in a coma experience fear?

A: A: A coma is a state of prolonged unconsciousness where a person does not respond to external stimuli.
A: In a coma, the brain is not functioning at a level that allows for conscious thought or emotional responses.
<EMPTY> (Score: -inf)

Q: Could someone in a coma experience fear?

A: A: A coma is a state of prolonged unconsciousness where a person does not respond to external stimuli.
A: In a coma, the brain is not functioning at a level that allows for conscious thought or emotional responses.
<EMPTY> (Score: -inf)

====================
Q: Could someone in a coma experience fear?

A: A: A coma is a state of prolonged unconsciousness where a person does not respond to external stimuli.
A: In a coma, the brain is not functioning at a level that allows for conscious thought or emotional responses.
A: Fear is an emotional response that requires awareness and cognitive processing. (Score: -0.0032481816597282887)

Q: Could someone in a coma experience fear?

A: A: A coma is a state of prolonged unconsciousness where a person does not respond to external stimuli.
A: In a coma, the brain is not functioning at a level that allows for conscious thought or emotional responses.
A: Fear is an emotional response that requires awareness and cognitive processing. (Score: -0.0032481816597282887)

Q: Could someone in a coma experience fear?

A: A: A coma is a state of prolonged unconsciousness where a person does not respond to external stimuli.
A: In a coma, the brain is not functioning at a level that allows for conscious thought or emotional responses.
<EMPTY> (Score: -inf)

Q: Could someone in a coma experience fear?

A: A: A coma is a state of prolonged unconsciousness where a person does not respond to external stimuli.
A: In a coma, the brain is not functioning at a level that allows for conscious thought or emotional responses.
<EMPTY> (Score: -inf)

====================
Q: Could someone in a coma experience fear?

A: A: A coma is a state of prolonged unconsciousness where a person does not respond to external stimuli.
A: In a coma, the brain is not functioning at a level that allows for conscious thought or emotional responses.
A: Fear is an emotional response that requires awareness and cognitive processing.
#### Yes. (Score: -0.0023662103340029716)

Q: Could someone in a coma experience fear?

A: A: A coma is a state of prolonged unconsciousness where a person does not respond to external stimuli.
A: In a coma, the brain is not functioning at a level that allows for conscious thought or emotional responses.
A: Fear is an emotional response that requires awareness and cognitive processing.
#### No. (Score: -0.0022861184552311897)

Q: Could someone in a coma experience fear?

A: A: A coma is a state of prolonged unconsciousness where a person does not respond to external stimuli.
A: In a coma, the brain is not functioning at a level that allows for conscious thought or emotional responses.
A: Fear is an emotional response that requires awareness and cognitive processing.
<EMPTY> (Score: -inf)

Q: Could someone in a coma experience fear?

A: A: A coma is a state of prolonged unconsciousness where a person does not respond to external stimuli.
A: In a coma, the brain is not functioning at a level that allows for conscious thought or emotional responses.
A: Fear is an emotional response that requires awareness and cognitive processing.
<EMPTY> (Score: -inf)

====================
Q: Could someone in a coma experience fear?

A: A: A coma is a state of prolonged unconsciousness where a person does not respond to external stimuli.
A: In a coma, the brain is not functioning at a level that allows for conscious thought or emotional responses.
A: Fear is an emotional response that requires awareness and cognitive processing.
#### Yes. (Score: -0.0023662103340029716)

Q: Could someone in a coma experience fear?

A: A: A coma is a state of prolonged unconsciousness where a person does not respond to external stimuli.
A: In a coma, the brain is not functioning at a level that allows for conscious thought or emotional responses.
A: Fear is an emotional response that requires awareness and cognitive processing.
#### No. (Score: -0.0022861184552311897)

Q: Could someone in a coma experience fear?

A: A: A coma is a state of prolonged unconsciousness where a person does not respond to external stimuli.
A: In a coma, the brain is not functioning at a level that allows for conscious thought or emotional responses.
A: Fear is an emotional response that requires awareness and cognitive processing.
<EMPTY> (Score: -inf)

Q: Could someone in a coma experience fear?

A: A: A coma is a state of prolonged unconsciousness where a person does not respond to external stimuli.
A: In a coma, the brain is not functioning at a level that allows for conscious thought or emotional responses.
A: Fear is an emotional response that requires awareness and cognitive processing.
<EMPTY> (Score: -inf)

====================
Q: Was Walt Disney ever interviewed by Anderson Cooper?

A:
Walt Disney was a prominent American film producer and co-founder of The Walt Disney Company. (Score: -0.002684195525944233)

Q: Was Walt Disney ever interviewed by Anderson Cooper?

A:
Walt Disney was a prominent American film producer and entrepreneur who passed away in 1966. (Score: -0.0012231310829520226)

Q: Was Walt Disney ever interviewed by Anderson Cooper?

A:
<EMPTY> (Score: -inf)

Q: Was Walt Disney ever interviewed by Anderson Cooper?

A:
<EMPTY> (Score: -inf)

====================
Q: Was Walt Disney ever interviewed by Anderson Cooper?

A: Walt Disney was a prominent American film producer and entrepreneur who passed away in 1966.
Anderson Cooper is a contemporary journalist and television personality who began his career in the 1990s. (Score: -0.0025388505309820175)

Q: Was Walt Disney ever interviewed by Anderson Cooper?

A: Walt Disney was a prominent American film producer and entrepreneur who passed away in 1966.
Anderson Cooper is a contemporary journalist and television personality who began his career in the 1990s. (Score: -0.0025388505309820175)

Q: Was Walt Disney ever interviewed by Anderson Cooper?

A: Walt Disney was a prominent American film producer and entrepreneur who passed away in 1966.
<EMPTY> (Score: -inf)

Q: Was Walt Disney ever interviewed by Anderson Cooper?

A: Walt Disney was a prominent American film producer and entrepreneur who passed away in 1966.
<EMPTY> (Score: -inf)

====================
Q: Was Walt Disney ever interviewed by Anderson Cooper?

A: Walt Disney was a prominent American film producer and co-founder of The Walt Disney Company.
Walt Disney passed away in 1966. (Score: -0.0027531012892723083)

Q: Was Walt Disney ever interviewed by Anderson Cooper?

A: Walt Disney was a prominent American film producer and co-founder of The Walt Disney Company.
Walt Disney passed away in 1966. (Score: -0.0027531012892723083)

Q: Was Walt Disney ever interviewed by Anderson Cooper?

A: Walt Disney was a prominent American film producer and co-founder of The Walt Disney Company.
<EMPTY> (Score: -inf)

Q: Was Walt Disney ever interviewed by Anderson Cooper?

A: Walt Disney was a prominent American film producer and co-founder of The Walt Disney Company.
<EMPTY> (Score: -inf)

====================
Q: Was Walt Disney ever interviewed by Anderson Cooper?

A: Walt Disney was a prominent American film producer and entrepreneur who passed away in 1966.
Anderson Cooper is a contemporary journalist and television personality who began his career in the 1990s.
Walt Disney could not have been interviewed by Anderson Cooper because Disney died in 1966, long before Cooper began his career in journalism. (Score: -0.0019791163504123688)

Q: Was Walt Disney ever interviewed by Anderson Cooper?

A: Walt Disney was a prominent American film producer and entrepreneur who passed away in 1966.
Anderson Cooper is a contemporary journalist and television personality who began his career in the 1990s.
Walt Disney could not have been interviewed by Anderson Cooper because he died in 1966, long before Cooper began his career in journalism. (Score: -0.001981976442039013)

Q: Was Walt Disney ever interviewed by Anderson Cooper?

A: Walt Disney was a prominent American film producer and entrepreneur who passed away in 1966.
Anderson Cooper is a contemporary journalist and television personality who began his career in the 1990s.
<EMPTY> (Score: -inf)

Q: Was Walt Disney ever interviewed by Anderson Cooper?

A: Walt Disney was a prominent American film producer and entrepreneur who passed away in 1966.
Anderson Cooper is a contemporary journalist and television personality who began his career in the 1990s.
<EMPTY> (Score: -inf)

====================
Q: Was Walt Disney ever interviewed by Anderson Cooper?

A: Walt Disney was a prominent American film producer and entrepreneur who passed away in 1966.
Anderson Cooper is a contemporary journalist and television personality who began his career in the 1990s.
Walt Disney could not have been interviewed by Anderson Cooper because he died in 1966, long before Cooper began his career in journalism. (Score: -0.001981976442039013)

Q: Was Walt Disney ever interviewed by Anderson Cooper?

A: Walt Disney was a prominent American film producer and entrepreneur who passed away in 1966.
Anderson Cooper is a contemporary journalist and television personality who began his career in the 1990s.
Walt Disney could not have been interviewed by Anderson Cooper because he died in 1966, long before Cooper began his career in journalism. (Score: -0.001981976442039013)

Q: Was Walt Disney ever interviewed by Anderson Cooper?

A: Walt Disney was a prominent American film producer and entrepreneur who passed away in 1966.
Anderson Cooper is a contemporary journalist and television personality who began his career in the 1990s.
<EMPTY> (Score: -inf)

Q: Was Walt Disney ever interviewed by Anderson Cooper?

A: Walt Disney was a prominent American film producer and entrepreneur who passed away in 1966.
Anderson Cooper is a contemporary journalist and television personality who began his career in the 1990s.
<EMPTY> (Score: -inf)

====================
Q: Was Walt Disney ever interviewed by Anderson Cooper?

A: Walt Disney was a prominent American film producer and entrepreneur who passed away in 1966.
Anderson Cooper is a contemporary journalist and television personality who began his career in the 1990s.
Walt Disney could not have been interviewed by Anderson Cooper because Disney died in 1966, long before Cooper began his career in journalism.
#### Yes. (Score: -0.0011849747970700264)

Q: Was Walt Disney ever interviewed by Anderson Cooper?

A: Walt Disney was a prominent American film producer and entrepreneur who passed away in 1966.
Anderson Cooper is a contemporary journalist and television personality who began his career in the 1990s.
Walt Disney could not have been interviewed by Anderson Cooper because Disney died in 1966, long before Cooper began his career in journalism.
#### No. (Score: -0.0012857494875788689)

Q: Was Walt Disney ever interviewed by Anderson Cooper?

A: Walt Disney was a prominent American film producer and entrepreneur who passed away in 1966.
Anderson Cooper is a contemporary journalist and television personality who began his career in the 1990s.
Walt Disney could not have been interviewed by Anderson Cooper because Disney died in 1966, long before Cooper began his career in journalism.
<EMPTY> (Score: -inf)

Q: Was Walt Disney ever interviewed by Anderson Cooper?

A: Walt Disney was a prominent American film producer and entrepreneur who passed away in 1966.
Anderson Cooper is a contemporary journalist and television personality who began his career in the 1990s.
Walt Disney could not have been interviewed by Anderson Cooper because Disney died in 1966, long before Cooper began his career in journalism.
<EMPTY> (Score: -inf)

====================
Q: Was Walt Disney ever interviewed by Anderson Cooper?

A: Walt Disney was a prominent American film producer and entrepreneur who passed away in 1966.
Anderson Cooper is a contemporary journalist and television personality who began his career in the 1990s.
Walt Disney could not have been interviewed by Anderson Cooper because he died in 1966, long before Cooper began his career in journalism.
#### Yes. (Score: -0.0011194068938493729)

Q: Was Walt Disney ever interviewed by Anderson Cooper?

A: Walt Disney was a prominent American film producer and entrepreneur who passed away in 1966.
Anderson Cooper is a contemporary journalist and television personality who began his career in the 1990s.
Walt Disney could not have been interviewed by Anderson Cooper because he died in 1966, long before Cooper began his career in journalism.
#### No. (Score: -0.001290924847126007)

Q: Was Walt Disney ever interviewed by Anderson Cooper?

A: Walt Disney was a prominent American film producer and entrepreneur who passed away in 1966.
Anderson Cooper is a contemporary journalist and television personality who began his career in the 1990s.
Walt Disney could not have been interviewed by Anderson Cooper because he died in 1966, long before Cooper began his career in journalism.
<EMPTY> (Score: -inf)

Q: Was Walt Disney ever interviewed by Anderson Cooper?

A: Walt Disney was a prominent American film producer and entrepreneur who passed away in 1966.
Anderson Cooper is a contemporary journalist and television personality who began his career in the 1990s.
Walt Disney could not have been interviewed by Anderson Cooper because he died in 1966, long before Cooper began his career in journalism.
<EMPTY> (Score: -inf)

====================
Q: Is Gandalf hypothetically a formidable foe for Charmed's Barbas?

A:
A: Gandalf is a powerful wizard from J.R.R. Tolkien's Middle-earth legendarium. (Score: -0.004086668603122234)

Q: Is Gandalf hypothetically a formidable foe for Charmed's Barbas?

A:
A: Gandalf is a powerful wizard from J.R.R. Tolkien's Middle-earth legendarium. (Score: -0.004086668603122234)

Q: Is Gandalf hypothetically a formidable foe for Charmed's Barbas?

A:
<EMPTY> (Score: -inf)

Q: Is Gandalf hypothetically a formidable foe for Charmed's Barbas?

A:
<EMPTY> (Score: -inf)

====================
Q: Is Gandalf hypothetically a formidable foe for Charmed's Barbas?

A: A: Gandalf is a powerful wizard from J.R.R. Tolkien's Middle-earth legendarium.
Gandalf possesses a wide range of magical abilities, including manipulation of fire, light, and nature, as well as wisdom and combat skills. (Score: -0.0048782494850456715)

Q: Is Gandalf hypothetically a formidable foe for Charmed's Barbas?

A: A: Gandalf is a powerful wizard from J.R.R. Tolkien's Middle-earth legendarium.
Gandalf possesses a wide range of magical abilities, including manipulation of fire, light, and nature, as well as wisdom and combat skills. (Score: -0.0048782494850456715)

Q: Is Gandalf hypothetically a formidable foe for Charmed's Barbas?

A: A: Gandalf is a powerful wizard from J.R.R. Tolkien's Middle-earth legendarium.
<EMPTY> (Score: -inf)

Q: Is Gandalf hypothetically a formidable foe for Charmed's Barbas?

A: A: Gandalf is a powerful wizard from J.R.R. Tolkien's Middle-earth legendarium.
<EMPTY> (Score: -inf)

====================
Q: Is Gandalf hypothetically a formidable foe for Charmed's Barbas?

A: A: Gandalf is a powerful wizard from J.R.R. Tolkien's Middle-earth legendarium.
Gandalf possesses a wide range of magical abilities, including manipulation of fire, light, and nature, as well as wisdom and combat skills. (Score: -0.0048782494850456715)

Q: Is Gandalf hypothetically a formidable foe for Charmed's Barbas?

A: A: Gandalf is a powerful wizard from J.R.R. Tolkien's Middle-earth legendarium.
Gandalf possesses a wide range of magical abilities, including manipulation of fire, light, and nature, as well as wisdom and combat skills. (Score: -0.0048782494850456715)

Q: Is Gandalf hypothetically a formidable foe for Charmed's Barbas?

A: A: Gandalf is a powerful wizard from J.R.R. Tolkien's Middle-earth legendarium.
<EMPTY> (Score: -inf)

Q: Is Gandalf hypothetically a formidable foe for Charmed's Barbas?

A: A: Gandalf is a powerful wizard from J.R.R. Tolkien's Middle-earth legendarium.
<EMPTY> (Score: -inf)

====================
Q: Is Gandalf hypothetically a formidable foe for Charmed's Barbas?

A: A: Gandalf is a powerful wizard from J.R.R. Tolkien's Middle-earth legendarium.
Gandalf possesses a wide range of magical abilities, including manipulation of fire, light, and nature, as well as wisdom and combat skills.
Barbas is a demon from the TV show "Charmed," known for his ability to manipulate fear and create illusions. (Score: -0.0037115560844540596)

Q: Is Gandalf hypothetically a formidable foe for Charmed's Barbas?

A: A: Gandalf is a powerful wizard from J.R.R. Tolkien's Middle-earth legendarium.
Gandalf possesses a wide range of magical abilities, including manipulation of fire, light, and nature, as well as wisdom and combat skills.
Barbas is a demon from the TV show "Charmed," known for his ability to manipulate fear and create illusions. (Score: -0.0037115560844540596)

Q: Is Gandalf hypothetically a formidable foe for Charmed's Barbas?

A: A: Gandalf is a powerful wizard from J.R.R. Tolkien's Middle-earth legendarium.
Gandalf possesses a wide range of magical abilities, including manipulation of fire, light, and nature, as well as wisdom and combat skills.
<EMPTY> (Score: -inf)

Q: Is Gandalf hypothetically a formidable foe for Charmed's Barbas?

A: A: Gandalf is a powerful wizard from J.R.R. Tolkien's Middle-earth legendarium.
Gandalf possesses a wide range of magical abilities, including manipulation of fire, light, and nature, as well as wisdom and combat skills.
<EMPTY> (Score: -inf)

====================
Q: Is Gandalf hypothetically a formidable foe for Charmed's Barbas?

A: A: Gandalf is a powerful wizard from J.R.R. Tolkien's Middle-earth legendarium.
Gandalf possesses a wide range of magical abilities, including manipulation of fire, light, and nature, as well as wisdom and combat skills.
Barbas is a demon from the TV show "Charmed," known for his ability to manipulate fear and create illusions. (Score: -0.0037115560844540596)

Q: Is Gandalf hypothetically a formidable foe for Charmed's Barbas?

A: A: Gandalf is a powerful wizard from J.R.R. Tolkien's Middle-earth legendarium.
Gandalf possesses a wide range of magical abilities, including manipulation of fire, light, and nature, as well as wisdom and combat skills.
Barbas is a demon from the TV show "Charmed," known for his ability to manipulate fear and create illusions. (Score: -0.0037115560844540596)

Q: Is Gandalf hypothetically a formidable foe for Charmed's Barbas?

A: A: Gandalf is a powerful wizard from J.R.R. Tolkien's Middle-earth legendarium.
Gandalf possesses a wide range of magical abilities, including manipulation of fire, light, and nature, as well as wisdom and combat skills.
<EMPTY> (Score: -inf)

Q: Is Gandalf hypothetically a formidable foe for Charmed's Barbas?

A: A: Gandalf is a powerful wizard from J.R.R. Tolkien's Middle-earth legendarium.
Gandalf possesses a wide range of magical abilities, including manipulation of fire, light, and nature, as well as wisdom and combat skills.
<EMPTY> (Score: -inf)

====================
Q: Is Gandalf hypothetically a formidable foe for Charmed's Barbas?

A: A: Gandalf is a powerful wizard from J.R.R. Tolkien's Middle-earth legendarium.
Gandalf possesses a wide range of magical abilities, including manipulation of fire, light, and nature, as well as wisdom and combat skills.
Barbas is a demon from the TV show "Charmed," known for his ability to manipulate fear and create illusions.
#### Yes. (Score: -0.0030116206035017967)

Q: Is Gandalf hypothetically a formidable foe for Charmed's Barbas?

A: A: Gandalf is a powerful wizard from J.R.R. Tolkien's Middle-earth legendarium.
Gandalf possesses a wide range of magical abilities, including manipulation of fire, light, and nature, as well as wisdom and combat skills.
Barbas is a demon from the TV show "Charmed," known for his ability to manipulate fear and create illusions.
#### No. (Score: -0.002615797333419323)

Q: Is Gandalf hypothetically a formidable foe for Charmed's Barbas?

A: A: Gandalf is a powerful wizard from J.R.R. Tolkien's Middle-earth legendarium.
Gandalf possesses a wide range of magical abilities, including manipulation of fire, light, and nature, as well as wisdom and combat skills.
Barbas is a demon from the TV show "Charmed," known for his ability to manipulate fear and create illusions.
<EMPTY> (Score: -inf)

Q: Is Gandalf hypothetically a formidable foe for Charmed's Barbas?

A: A: Gandalf is a powerful wizard from J.R.R. Tolkien's Middle-earth legendarium.
Gandalf possesses a wide range of magical abilities, including manipulation of fire, light, and nature, as well as wisdom and combat skills.
Barbas is a demon from the TV show "Charmed," known for his ability to manipulate fear and create illusions.
<EMPTY> (Score: -inf)

====================
Q: Is Gandalf hypothetically a formidable foe for Charmed's Barbas?

A: A: Gandalf is a powerful wizard from J.R.R. Tolkien's Middle-earth legendarium.
Gandalf possesses a wide range of magical abilities, including manipulation of fire, light, and nature, as well as wisdom and combat skills.
Barbas is a demon from the TV show "Charmed," known for his ability to manipulate fear and create illusions.
#### Yes. (Score: -0.0030116206035017967)

Q: Is Gandalf hypothetically a formidable foe for Charmed's Barbas?

A: A: Gandalf is a powerful wizard from J.R.R. Tolkien's Middle-earth legendarium.
Gandalf possesses a wide range of magical abilities, including manipulation of fire, light, and nature, as well as wisdom and combat skills.
Barbas is a demon from the TV show "Charmed," known for his ability to manipulate fear and create illusions.
#### No. (Score: -0.002615797333419323)

Q: Is Gandalf hypothetically a formidable foe for Charmed's Barbas?

A: A: Gandalf is a powerful wizard from J.R.R. Tolkien's Middle-earth legendarium.
Gandalf possesses a wide range of magical abilities, including manipulation of fire, light, and nature, as well as wisdom and combat skills.
Barbas is a demon from the TV show "Charmed," known for his ability to manipulate fear and create illusions.
<EMPTY> (Score: -inf)

Q: Is Gandalf hypothetically a formidable foe for Charmed's Barbas?

A: A: Gandalf is a powerful wizard from J.R.R. Tolkien's Middle-earth legendarium.
Gandalf possesses a wide range of magical abilities, including manipulation of fire, light, and nature, as well as wisdom and combat skills.
Barbas is a demon from the TV show "Charmed," known for his ability to manipulate fear and create illusions.
<EMPTY> (Score: -inf)

====================
Q: Will twenty pea pods contents cover entire chess board?

A:
A: A chessboard has 64 squares (8 rows and 8 columns). (Score: -0.0030367644503712654)

Q: Will twenty pea pods contents cover entire chess board?

A:
A: A chessboard has 64 squares (8 rows and 8 columns). (Score: -0.0030367644503712654)

Q: Will twenty pea pods contents cover entire chess board?

A:
<EMPTY> (Score: -inf)

Q: Will twenty pea pods contents cover entire chess board?

A:
<EMPTY> (Score: -inf)

====================
Q: Will twenty pea pods contents cover entire chess board?

A: A: A chessboard has 64 squares (8 rows and 8 columns).
A: The average pea pod contains about 5 to 8 peas. (Score: -0.0029710200615227222)

Q: Will twenty pea pods contents cover entire chess board?

A: A: A chessboard has 64 squares (8 rows and 8 columns).
A: The average pea pod contains about 5 to 8 peas. (Score: -0.0029710200615227222)

Q: Will twenty pea pods contents cover entire chess board?

A: A: A chessboard has 64 squares (8 rows and 8 columns).
<EMPTY> (Score: -inf)

Q: Will twenty pea pods contents cover entire chess board?

A: A: A chessboard has 64 squares (8 rows and 8 columns).
<EMPTY> (Score: -inf)

====================
Q: Will twenty pea pods contents cover entire chess board?

A: A: A chessboard has 64 squares (8 rows and 8 columns).
A: The average pea pod contains about 5 to 8 peas. (Score: -0.0029710200615227222)

Q: Will twenty pea pods contents cover entire chess board?

A: A: A chessboard has 64 squares (8 rows and 8 columns).
A: The average pea pod contains about 5 to 8 peas. (Score: -0.0029710200615227222)

Q: Will twenty pea pods contents cover entire chess board?

A: A: A chessboard has 64 squares (8 rows and 8 columns).
<EMPTY> (Score: -inf)

Q: Will twenty pea pods contents cover entire chess board?

A: A: A chessboard has 64 squares (8 rows and 8 columns).
<EMPTY> (Score: -inf)

====================
Q: Will twenty pea pods contents cover entire chess board?

A: A: A chessboard has 64 squares (8 rows and 8 columns).
A: The average pea pod contains about 5 to 8 peas.
A: If we take an average of 6 peas per pod, then twenty pea pods would contain approximately 120 peas (20 pods x 6 peas/pod). (Score: -0.0037969928234815598)

Q: Will twenty pea pods contents cover entire chess board?

A: A: A chessboard has 64 squares (8 rows and 8 columns).
A: The average pea pod contains about 5 to 8 peas.
A: If we take an average of 6 peas per pod, then twenty pea pods would contain approximately 120 peas (20 pods x 6 peas/pod). (Score: -0.0037969928234815598)

Q: Will twenty pea pods contents cover entire chess board?

A: A: A chessboard has 64 squares (8 rows and 8 columns).
A: The average pea pod contains about 5 to 8 peas.
<EMPTY> (Score: -inf)

Q: Will twenty pea pods contents cover entire chess board?

A: A: A chessboard has 64 squares (8 rows and 8 columns).
A: The average pea pod contains about 5 to 8 peas.
<EMPTY> (Score: -inf)

====================
Q: Will twenty pea pods contents cover entire chess board?

A: A: A chessboard has 64 squares (8 rows and 8 columns).
A: The average pea pod contains about 5 to 8 peas.
A: If we take an average of 6 peas per pod, then twenty pea pods would contain approximately 120 peas (20 pods x 6 peas per pod). (Score: -0.0039628553204238415)

Q: Will twenty pea pods contents cover entire chess board?

A: A: A chessboard has 64 squares (8 rows and 8 columns).
A: The average pea pod contains about 5 to 8 peas.
A: If we take an average of 6 peas per pod, then twenty pea pods would contain approximately 120 peas (20 pods x 6 peas per pod). (Score: -0.0039628553204238415)

Q: Will twenty pea pods contents cover entire chess board?

A: A: A chessboard has 64 squares (8 rows and 8 columns).
A: The average pea pod contains about 5 to 8 peas.
<EMPTY> (Score: -inf)

Q: Will twenty pea pods contents cover entire chess board?

A: A: A chessboard has 64 squares (8 rows and 8 columns).
A: The average pea pod contains about 5 to 8 peas.
<EMPTY> (Score: -inf)

====================
Q: Will twenty pea pods contents cover entire chess board?

A: A: A chessboard has 64 squares (8 rows and 8 columns).
A: The average pea pod contains about 5 to 8 peas.
A: If we take an average of 6 peas per pod, then twenty pea pods would contain approximately 120 peas (20 pods x 6 peas/pod).
#### Yes. (Score: -0.0029191309586167336)

Q: Will twenty pea pods contents cover entire chess board?

A: A: A chessboard has 64 squares (8 rows and 8 columns).
A: The average pea pod contains about 5 to 8 peas.
A: If we take an average of 6 peas per pod, then twenty pea pods would contain approximately 120 peas (20 pods x 6 peas/pod).
#### No. (Score: -0.0029585640877485275)

Q: Will twenty pea pods contents cover entire chess board?

A: A: A chessboard has 64 squares (8 rows and 8 columns).
A: The average pea pod contains about 5 to 8 peas.
A: If we take an average of 6 peas per pod, then twenty pea pods would contain approximately 120 peas (20 pods x 6 peas/pod).
<EMPTY> (Score: -inf)

Q: Will twenty pea pods contents cover entire chess board?

A: A: A chessboard has 64 squares (8 rows and 8 columns).
A: The average pea pod contains about 5 to 8 peas.
A: If we take an average of 6 peas per pod, then twenty pea pods would contain approximately 120 peas (20 pods x 6 peas/pod).
<EMPTY> (Score: -inf)

====================
Q: Will twenty pea pods contents cover entire chess board?

A: A: A chessboard has 64 squares (8 rows and 8 columns).
A: The average pea pod contains about 5 to 8 peas.
A: If we take an average of 6 peas per pod, then twenty pea pods would contain approximately 120 peas (20 pods x 6 peas/pod).
#### Yes. (Score: -0.0029191309586167336)

Q: Will twenty pea pods contents cover entire chess board?

A: A: A chessboard has 64 squares (8 rows and 8 columns).
A: The average pea pod contains about 5 to 8 peas.
A: If we take an average of 6 peas per pod, then twenty pea pods would contain approximately 120 peas (20 pods x 6 peas/pod).
#### No. (Score: -0.0029585640877485275)

Q: Will twenty pea pods contents cover entire chess board?

A: A: A chessboard has 64 squares (8 rows and 8 columns).
A: The average pea pod contains about 5 to 8 peas.
A: If we take an average of 6 peas per pod, then twenty pea pods would contain approximately 120 peas (20 pods x 6 peas/pod).
<EMPTY> (Score: -inf)

Q: Will twenty pea pods contents cover entire chess board?

A: A: A chessboard has 64 squares (8 rows and 8 columns).
A: The average pea pod contains about 5 to 8 peas.
A: If we take an average of 6 peas per pod, then twenty pea pods would contain approximately 120 peas (20 pods x 6 peas/pod).
<EMPTY> (Score: -inf)

====================
Q: While on a liquid diet, are there some types of soup you cannot eat?

A:
A: A liquid diet typically includes clear liquids and some pureed foods. (Score: -0.004323083907365799)

Q: While on a liquid diet, are there some types of soup you cannot eat?

A:
A: A liquid diet typically includes clear liquids and some pureed foods. (Score: -0.004323083907365799)

Q: While on a liquid diet, are there some types of soup you cannot eat?

A:
<EMPTY> (Score: -inf)

Q: While on a liquid diet, are there some types of soup you cannot eat?

A:
<EMPTY> (Score: -inf)

====================
Q: While on a liquid diet, are there some types of soup you cannot eat?

A: A: A liquid diet typically includes clear liquids and some pureed foods.
Certain types of soup may not be suitable for a liquid diet. (Score: -0.004298871848732233)

Q: While on a liquid diet, are there some types of soup you cannot eat?

A: A: A liquid diet typically includes clear liquids and some pureed foods.
Certain types of soup may not be suitable for a liquid diet. (Score: -0.004298871848732233)

Q: While on a liquid diet, are there some types of soup you cannot eat?

A: A: A liquid diet typically includes clear liquids and some pureed foods.
<EMPTY> (Score: -inf)

Q: While on a liquid diet, are there some types of soup you cannot eat?

A: A: A liquid diet typically includes clear liquids and some pureed foods.
<EMPTY> (Score: -inf)

====================
Q: While on a liquid diet, are there some types of soup you cannot eat?

A: A: A liquid diet typically includes clear liquids and some pureed foods.
Certain types of soup may not be suitable for a liquid diet. (Score: -0.004298871848732233)

Q: While on a liquid diet, are there some types of soup you cannot eat?

A: A: A liquid diet typically includes clear liquids and some pureed foods.
Certain types of soup may not be suitable for a liquid diet. (Score: -0.004298871848732233)

Q: While on a liquid diet, are there some types of soup you cannot eat?

A: A: A liquid diet typically includes clear liquids and some pureed foods.
<EMPTY> (Score: -inf)

Q: While on a liquid diet, are there some types of soup you cannot eat?

A: A: A liquid diet typically includes clear liquids and some pureed foods.
<EMPTY> (Score: -inf)

====================
Q: While on a liquid diet, are there some types of soup you cannot eat?

A: A: A liquid diet typically includes clear liquids and some pureed foods.
Certain types of soup may not be suitable for a liquid diet.
Some soups may contain solid ingredients or be too thick, which would not align with the requirements of a liquid diet. (Score: -0.00320559274405241)

Q: While on a liquid diet, are there some types of soup you cannot eat?

A: A: A liquid diet typically includes clear liquids and some pureed foods.
Certain types of soup may not be suitable for a liquid diet.
Some soups may contain solid ingredients or be too thick, which would not align with the requirements of a liquid diet. (Score: -0.00320559274405241)

Q: While on a liquid diet, are there some types of soup you cannot eat?

A: A: A liquid diet typically includes clear liquids and some pureed foods.
Certain types of soup may not be suitable for a liquid diet.
<EMPTY> (Score: -inf)

Q: While on a liquid diet, are there some types of soup you cannot eat?

A: A: A liquid diet typically includes clear liquids and some pureed foods.
Certain types of soup may not be suitable for a liquid diet.
<EMPTY> (Score: -inf)

====================
Q: While on a liquid diet, are there some types of soup you cannot eat?

A: A: A liquid diet typically includes clear liquids and some pureed foods.
Certain types of soup may not be suitable for a liquid diet.
Some soups may contain solid ingredients or be too thick, which would not align with the requirements of a liquid diet. (Score: -0.00320559274405241)

Q: While on a liquid diet, are there some types of soup you cannot eat?

A: A: A liquid diet typically includes clear liquids and some pureed foods.
Certain types of soup may not be suitable for a liquid diet.
Some soups may contain solid ingredients or be too thick, which would not align with the requirements of a liquid diet. (Score: -0.00320559274405241)

Q: While on a liquid diet, are there some types of soup you cannot eat?

A: A: A liquid diet typically includes clear liquids and some pureed foods.
Certain types of soup may not be suitable for a liquid diet.
<EMPTY> (Score: -inf)

Q: While on a liquid diet, are there some types of soup you cannot eat?

A: A: A liquid diet typically includes clear liquids and some pureed foods.
Certain types of soup may not be suitable for a liquid diet.
<EMPTY> (Score: -inf)

====================
Q: While on a liquid diet, are there some types of soup you cannot eat?

A: A: A liquid diet typically includes clear liquids and some pureed foods.
Certain types of soup may not be suitable for a liquid diet.
Some soups may contain solid ingredients or be too thick, which would not align with the requirements of a liquid diet.
#### Yes. (Score: -0.002372800838202238)

Q: While on a liquid diet, are there some types of soup you cannot eat?

A: A: A liquid diet typically includes clear liquids and some pureed foods.
Certain types of soup may not be suitable for a liquid diet.
Some soups may contain solid ingredients or be too thick, which would not align with the requirements of a liquid diet.
#### No. (Score: -0.002166629768908024)

Q: While on a liquid diet, are there some types of soup you cannot eat?

A: A: A liquid diet typically includes clear liquids and some pureed foods.
Certain types of soup may not be suitable for a liquid diet.
Some soups may contain solid ingredients or be too thick, which would not align with the requirements of a liquid diet.
<EMPTY> (Score: -inf)

Q: While on a liquid diet, are there some types of soup you cannot eat?

A: A: A liquid diet typically includes clear liquids and some pureed foods.
Certain types of soup may not be suitable for a liquid diet.
Some soups may contain solid ingredients or be too thick, which would not align with the requirements of a liquid diet.
<EMPTY> (Score: -inf)

====================
Q: While on a liquid diet, are there some types of soup you cannot eat?

A: A: A liquid diet typically includes clear liquids and some pureed foods.
Certain types of soup may not be suitable for a liquid diet.
Some soups may contain solid ingredients or be too thick, which would not align with the requirements of a liquid diet.
#### Yes. (Score: -0.002372800838202238)

Q: While on a liquid diet, are there some types of soup you cannot eat?

A: A: A liquid diet typically includes clear liquids and some pureed foods.
Certain types of soup may not be suitable for a liquid diet.
Some soups may contain solid ingredients or be too thick, which would not align with the requirements of a liquid diet.
#### No. (Score: -0.002166629768908024)

Q: While on a liquid diet, are there some types of soup you cannot eat?

A: A: A liquid diet typically includes clear liquids and some pureed foods.
Certain types of soup may not be suitable for a liquid diet.
Some soups may contain solid ingredients or be too thick, which would not align with the requirements of a liquid diet.
<EMPTY> (Score: -inf)

Q: While on a liquid diet, are there some types of soup you cannot eat?

A: A: A liquid diet typically includes clear liquids and some pureed foods.
Certain types of soup may not be suitable for a liquid diet.
Some soups may contain solid ingredients or be too thick, which would not align with the requirements of a liquid diet.
<EMPTY> (Score: -inf)

====================
Q: Is breast cancer associated with a ribbon?

A:
A: Breast cancer awareness is symbolized by a pink ribbon. (Score: -0.004053768701851368)

Q: Is breast cancer associated with a ribbon?

A:
A: Breast cancer awareness is symbolized by a pink ribbon. (Score: -0.004053768701851368)

Q: Is breast cancer associated with a ribbon?

A:
<EMPTY> (Score: -inf)

Q: Is breast cancer associated with a ribbon?

A:
<EMPTY> (Score: -inf)

====================
Q: Is breast cancer associated with a ribbon?

A: A: Breast cancer awareness is symbolized by a pink ribbon.
Breast cancer is a significant health issue affecting many individuals worldwide. (Score: -0.0028907773084938526)

Q: Is breast cancer associated with a ribbon?

A: A: Breast cancer awareness is symbolized by a pink ribbon.
Breast cancer awareness campaigns often use the pink ribbon as a symbol to promote awareness and support for those affected by the disease. (Score: -0.0038489387370646)

Q: Is breast cancer associated with a ribbon?

A: A: Breast cancer awareness is symbolized by a pink ribbon.
<EMPTY> (Score: -inf)

Q: Is breast cancer associated with a ribbon?

A: A: Breast cancer awareness is symbolized by a pink ribbon.
<EMPTY> (Score: -inf)

====================
Q: Is breast cancer associated with a ribbon?

A: A: Breast cancer awareness is symbolized by a pink ribbon.
Breast cancer awareness campaigns often use the pink ribbon as a symbol to promote awareness and support for those affected by the disease. (Score: -0.0038489387370646)

Q: Is breast cancer associated with a ribbon?

A: A: Breast cancer awareness is symbolized by a pink ribbon.
Breast cancer awareness campaigns often use the pink ribbon as a symbol to promote awareness and support for those affected by the disease. (Score: -0.0038489387370646)

Q: Is breast cancer associated with a ribbon?

A: A: Breast cancer awareness is symbolized by a pink ribbon.
<EMPTY> (Score: -inf)

Q: Is breast cancer associated with a ribbon?

A: A: Breast cancer awareness is symbolized by a pink ribbon.
<EMPTY> (Score: -inf)

====================
Q: Is breast cancer associated with a ribbon?

A: A: Breast cancer awareness is symbolized by a pink ribbon.
Breast cancer is a significant health issue affecting many individuals worldwide.
The pink ribbon is widely recognized as a symbol for breast cancer awareness. (Score: -0.003974956925958395)

Q: Is breast cancer associated with a ribbon?

A: A: Breast cancer awareness is symbolized by a pink ribbon.
Breast cancer is a significant health issue affecting many individuals worldwide.
The pink ribbon is widely recognized as a symbol for breast cancer awareness. (Score: -0.003974956925958395)

Q: Is breast cancer associated with a ribbon?

A: A: Breast cancer awareness is symbolized by a pink ribbon.
Breast cancer is a significant health issue affecting many individuals worldwide.
<EMPTY> (Score: -inf)

Q: Is breast cancer associated with a ribbon?

A: A: Breast cancer awareness is symbolized by a pink ribbon.
Breast cancer is a significant health issue affecting many individuals worldwide.
<EMPTY> (Score: -inf)

====================
Q: Is breast cancer associated with a ribbon?

A: A: Breast cancer awareness is symbolized by a pink ribbon.
Breast cancer awareness campaigns often use the pink ribbon as a symbol to promote awareness and support for those affected by the disease.
#### Yes. (Score: -0.0026704338379204273)

Q: Is breast cancer associated with a ribbon?

A: A: Breast cancer awareness is symbolized by a pink ribbon.
Breast cancer awareness campaigns often use the pink ribbon as a symbol to promote awareness and support for those affected by the disease.
#### Yes. (Score: -0.0026704338379204273)

Q: Is breast cancer associated with a ribbon?

A: A: Breast cancer awareness is symbolized by a pink ribbon.
Breast cancer awareness campaigns often use the pink ribbon as a symbol to promote awareness and support for those affected by the disease.
<EMPTY> (Score: -inf)

Q: Is breast cancer associated with a ribbon?

A: A: Breast cancer awareness is symbolized by a pink ribbon.
Breast cancer awareness campaigns often use the pink ribbon as a symbol to promote awareness and support for those affected by the disease.
<EMPTY> (Score: -inf)

====================
Q: Could Eddie Murphy dial 911 in a car as a young child?

A:
Eddie Murphy was born in 1961. (Score: -0.001122680027037859)

Q: Could Eddie Murphy dial 911 in a car as a young child?

A:
Eddie Murphy was born in 1961. (Score: -0.001122680027037859)

Q: Could Eddie Murphy dial 911 in a car as a young child?

A:
<EMPTY> (Score: -inf)

Q: Could Eddie Murphy dial 911 in a car as a young child?

A:
<EMPTY> (Score: -inf)

====================
Q: Could Eddie Murphy dial 911 in a car as a young child?

A: Eddie Murphy was born in 1961.
Eddie Murphy grew up in the 1960s and 1970s. (Score: -0.0014069415628910065)

Q: Could Eddie Murphy dial 911 in a car as a young child?

A: Eddie Murphy was born in 1961.
Eddie Murphy grew up in the 1960s and 1970s. (Score: -0.0014069415628910065)

Q: Could Eddie Murphy dial 911 in a car as a young child?

A: Eddie Murphy was born in 1961.
<EMPTY> (Score: -inf)

Q: Could Eddie Murphy dial 911 in a car as a young child?

A: Eddie Murphy was born in 1961.
<EMPTY> (Score: -inf)

====================
Q: Could Eddie Murphy dial 911 in a car as a young child?

A: Eddie Murphy was born in 1961.
Eddie Murphy grew up in the 1960s and 1970s. (Score: -0.0014069415628910065)

Q: Could Eddie Murphy dial 911 in a car as a young child?

A: Eddie Murphy was born in 1961.
Eddie Murphy grew up in the 1960s and 1970s. (Score: -0.0014069415628910065)

Q: Could Eddie Murphy dial 911 in a car as a young child?

A: Eddie Murphy was born in 1961.
<EMPTY> (Score: -inf)

Q: Could Eddie Murphy dial 911 in a car as a young child?

A: Eddie Murphy was born in 1961.
<EMPTY> (Score: -inf)

====================
Q: Could Eddie Murphy dial 911 in a car as a young child?

A: Eddie Murphy was born in 1961.
Eddie Murphy grew up in the 1960s and 1970s.
In the 1960s and 1970s, the emergency number 911 was not widely used in the United States. (Score: -0.0020559108816087246)

Q: Could Eddie Murphy dial 911 in a car as a young child?

A: Eddie Murphy was born in 1961.
Eddie Murphy grew up in the 1960s and 1970s.
In the 1960s and 1970s, the emergency telephone number 911 was not widely used in the United States. (Score: -0.0022882185876369476)

Q: Could Eddie Murphy dial 911 in a car as a young child?

A: Eddie Murphy was born in 1961.
Eddie Murphy grew up in the 1960s and 1970s.
<EMPTY> (Score: -inf)

Q: Could Eddie Murphy dial 911 in a car as a young child?

A: Eddie Murphy was born in 1961.
Eddie Murphy grew up in the 1960s and 1970s.
<EMPTY> (Score: -inf)

====================
Q: Could Eddie Murphy dial 911 in a car as a young child?

A: Eddie Murphy was born in 1961.
Eddie Murphy grew up in the 1960s and 1970s.
In the 1960s and 1970s, the emergency telephone number 911 was not widely used in the United States. (Score: -0.0022882185876369476)

Q: Could Eddie Murphy dial 911 in a car as a young child?

A: Eddie Murphy was born in 1961.
Eddie Murphy grew up in the 1960s and 1970s.
In the 1960s and 1970s, the emergency telephone number 911 was not widely used in the United States. (Score: -0.0022882185876369476)

Q: Could Eddie Murphy dial 911 in a car as a young child?

A: Eddie Murphy was born in 1961.
Eddie Murphy grew up in the 1960s and 1970s.
<EMPTY> (Score: -inf)

Q: Could Eddie Murphy dial 911 in a car as a young child?

A: Eddie Murphy was born in 1961.
Eddie Murphy grew up in the 1960s and 1970s.
<EMPTY> (Score: -inf)

====================
Q: Could Eddie Murphy dial 911 in a car as a young child?

A: Eddie Murphy was born in 1961.
Eddie Murphy grew up in the 1960s and 1970s.
In the 1960s and 1970s, the emergency number 911 was not widely used in the United States.
#### Yes. (Score: -0.0013436516746878624)

Q: Could Eddie Murphy dial 911 in a car as a young child?

A: Eddie Murphy was born in 1961.
Eddie Murphy grew up in the 1960s and 1970s.
In the 1960s and 1970s, the emergency number 911 was not widely used in the United States.
#### No. (Score: -0.0011956780217587948)

Q: Could Eddie Murphy dial 911 in a car as a young child?

A: Eddie Murphy was born in 1961.
Eddie Murphy grew up in the 1960s and 1970s.
In the 1960s and 1970s, the emergency number 911 was not widely used in the United States.
<EMPTY> (Score: -inf)

Q: Could Eddie Murphy dial 911 in a car as a young child?

A: Eddie Murphy was born in 1961.
Eddie Murphy grew up in the 1960s and 1970s.
In the 1960s and 1970s, the emergency number 911 was not widely used in the United States.
<EMPTY> (Score: -inf)

====================
Q: Could Eddie Murphy dial 911 in a car as a young child?

A: Eddie Murphy was born in 1961.
Eddie Murphy grew up in the 1960s and 1970s.
In the 1960s and 1970s, the emergency telephone number 911 was not widely used in the United States.
#### Yes. (Score: -0.001589291263371706)

Q: Could Eddie Murphy dial 911 in a car as a young child?

A: Eddie Murphy was born in 1961.
Eddie Murphy grew up in the 1960s and 1970s.
In the 1960s and 1970s, the emergency telephone number 911 was not widely used in the United States.
#### No. (Score: -0.0014606807380914688)

Q: Could Eddie Murphy dial 911 in a car as a young child?

A: Eddie Murphy was born in 1961.
Eddie Murphy grew up in the 1960s and 1970s.
In the 1960s and 1970s, the emergency telephone number 911 was not widely used in the United States.
<EMPTY> (Score: -inf)

Q: Could Eddie Murphy dial 911 in a car as a young child?

A: Eddie Murphy was born in 1961.
Eddie Murphy grew up in the 1960s and 1970s.
In the 1960s and 1970s, the emergency telephone number 911 was not widely used in the United States.
<EMPTY> (Score: -inf)

====================
Q: Does Olympia Washington share name with Hephaestus's workshop location?

A:
Olympia is the capital city of Washington State in the United States. (Score: -0.0028522107750177383)

Q: Does Olympia Washington share name with Hephaestus's workshop location?

A:
Olympia is the capital city of Washington State in the United States. (Score: -0.0028522107750177383)

Q: Does Olympia Washington share name with Hephaestus's workshop location?

A:
<EMPTY> (Score: -inf)

Q: Does Olympia Washington share name with Hephaestus's workshop location?

A:
<EMPTY> (Score: -inf)

====================
Q: Does Olympia Washington share name with Hephaestus's workshop location?

A: Olympia is the capital city of Washington State in the United States.
Olympia is named after Mount Olympus, which is associated with Greek mythology. (Score: -0.0035444237291812897)

Q: Does Olympia Washington share name with Hephaestus's workshop location?

A: Olympia is the capital city of Washington State in the United States.
Olympia is named after Mount Olympus, which is associated with Greek mythology. (Score: -0.0035444237291812897)

Q: Does Olympia Washington share name with Hephaestus's workshop location?

A: Olympia is the capital city of Washington State in the United States.
<EMPTY> (Score: -inf)

Q: Does Olympia Washington share name with Hephaestus's workshop location?

A: Olympia is the capital city of Washington State in the United States.
<EMPTY> (Score: -inf)

====================
Q: Does Olympia Washington share name with Hephaestus's workshop location?

A: Olympia is the capital city of Washington State in the United States.
Olympia is named after Mount Olympus, which is associated with Greek mythology. (Score: -0.0035444237291812897)

Q: Does Olympia Washington share name with Hephaestus's workshop location?

A: Olympia is the capital city of Washington State in the United States.
Olympia is named after Mount Olympus, which is associated with Greek mythology. (Score: -0.0035444237291812897)

Q: Does Olympia Washington share name with Hephaestus's workshop location?

A: Olympia is the capital city of Washington State in the United States.
<EMPTY> (Score: -inf)

Q: Does Olympia Washington share name with Hephaestus's workshop location?

A: Olympia is the capital city of Washington State in the United States.
<EMPTY> (Score: -inf)

====================
Q: Does Olympia Washington share name with Hephaestus's workshop location?

A: Olympia is the capital city of Washington State in the United States.
Olympia is named after Mount Olympus, which is associated with Greek mythology.
Hephaestus, in Greek mythology, is known as the god of fire and craftsmanship, and his workshop is often said to be located under Mount Etna or on the island of Lemnos, not in Olympia. (Score: -0.0031171259470283985)

Q: Does Olympia Washington share name with Hephaestus's workshop location?

A: Olympia is the capital city of Washington State in the United States.
Olympia is named after Mount Olympus, which is associated with Greek mythology.
Hephaestus, in Greek mythology, is known as the god of fire and craftsmanship, and his workshop is often said to be located under Mount Etna or on the island of Lemnos, not in Olympia. (Score: -0.0031171259470283985)

Q: Does Olympia Washington share name with Hephaestus's workshop location?

A: Olympia is the capital city of Washington State in the United States.
Olympia is named after Mount Olympus, which is associated with Greek mythology.
<EMPTY> (Score: -inf)

Q: Does Olympia Washington share name with Hephaestus's workshop location?

A: Olympia is the capital city of Washington State in the United States.
Olympia is named after Mount Olympus, which is associated with Greek mythology.
<EMPTY> (Score: -inf)

====================
Q: Does Olympia Washington share name with Hephaestus's workshop location?

A: Olympia is the capital city of Washington State in the United States.
Olympia is named after Mount Olympus, which is associated with Greek mythology.
Hephaestus, in Greek mythology, is the god of fire and craftsmanship, and his workshop is often said to be located on Mount Olympus. (Score: -0.0033135833218693733)

Q: Does Olympia Washington share name with Hephaestus's workshop location?

A: Olympia is the capital city of Washington State in the United States.
Olympia is named after Mount Olympus, which is associated with Greek mythology.
Hephaestus, in Greek mythology, is known as the god of fire and craftsmanship, and his workshop is often said to be located under Mount Etna or on the island of Lemnos, not in Olympia. (Score: -0.0031171259470283985)

Q: Does Olympia Washington share name with Hephaestus's workshop location?

A: Olympia is the capital city of Washington State in the United States.
Olympia is named after Mount Olympus, which is associated with Greek mythology.
<EMPTY> (Score: -inf)

Q: Does Olympia Washington share name with Hephaestus's workshop location?

A: Olympia is the capital city of Washington State in the United States.
Olympia is named after Mount Olympus, which is associated with Greek mythology.
<EMPTY> (Score: -inf)

====================
Q: Does Olympia Washington share name with Hephaestus's workshop location?

A: Olympia is the capital city of Washington State in the United States.
Olympia is named after Mount Olympus, which is associated with Greek mythology.
Hephaestus, in Greek mythology, is known as the god of fire and craftsmanship, and his workshop is often said to be located under Mount Etna or on the island of Lemnos, not in Olympia.
#### Yes. (Score: -0.002383135724812746)

Q: Does Olympia Washington share name with Hephaestus's workshop location?

A: Olympia is the capital city of Washington State in the United States.
Olympia is named after Mount Olympus, which is associated with Greek mythology.
Hephaestus, in Greek mythology, is known as the god of fire and craftsmanship, and his workshop is often said to be located under Mount Etna or on the island of Lemnos, not in Olympia.
#### No. (Score: -0.002478823997080326)

Q: Does Olympia Washington share name with Hephaestus's workshop location?

A: Olympia is the capital city of Washington State in the United States.
Olympia is named after Mount Olympus, which is associated with Greek mythology.
Hephaestus, in Greek mythology, is known as the god of fire and craftsmanship, and his workshop is often said to be located under Mount Etna or on the island of Lemnos, not in Olympia.
<EMPTY> (Score: -inf)

Q: Does Olympia Washington share name with Hephaestus's workshop location?

A: Olympia is the capital city of Washington State in the United States.
Olympia is named after Mount Olympus, which is associated with Greek mythology.
Hephaestus, in Greek mythology, is known as the god of fire and craftsmanship, and his workshop is often said to be located under Mount Etna or on the island of Lemnos, not in Olympia.
<EMPTY> (Score: -inf)

====================
Q: Does Olympia Washington share name with Hephaestus's workshop location?

A: Olympia is the capital city of Washington State in the United States.
Olympia is named after Mount Olympus, which is associated with Greek mythology.
Hephaestus, in Greek mythology, is known as the god of fire and craftsmanship, and his workshop is often said to be located under Mount Etna or on the island of Lemnos, not in Olympia.
#### Yes. (Score: -0.002383135724812746)

Q: Does Olympia Washington share name with Hephaestus's workshop location?

A: Olympia is the capital city of Washington State in the United States.
Olympia is named after Mount Olympus, which is associated with Greek mythology.
Hephaestus, in Greek mythology, is known as the god of fire and craftsmanship, and his workshop is often said to be located under Mount Etna or on the island of Lemnos, not in Olympia.
#### No. (Score: -0.002478823997080326)

Q: Does Olympia Washington share name with Hephaestus's workshop location?

A: Olympia is the capital city of Washington State in the United States.
Olympia is named after Mount Olympus, which is associated with Greek mythology.
Hephaestus, in Greek mythology, is known as the god of fire and craftsmanship, and his workshop is often said to be located under Mount Etna or on the island of Lemnos, not in Olympia.
<EMPTY> (Score: -inf)

Q: Does Olympia Washington share name with Hephaestus's workshop location?

A: Olympia is the capital city of Washington State in the United States.
Olympia is named after Mount Olympus, which is associated with Greek mythology.
Hephaestus, in Greek mythology, is known as the god of fire and craftsmanship, and his workshop is often said to be located under Mount Etna or on the island of Lemnos, not in Olympia.
<EMPTY> (Score: -inf)

====================
Q: Would a Nike shoebox be too small to fit a swan in?

A:
A: A typical Nike shoebox is designed to hold a pair of shoes, which usually measures around 12 inches long, 8 inches wide, and 4-6 inches high. (Score: -0.0030757440254092216)

Q: Would a Nike shoebox be too small to fit a swan in?

A:
A: A typical Nike shoebox is designed to hold a pair of shoes, which usually measures around 12 inches long, 8 inches wide, and 4-6 inches high. (Score: -0.0030757440254092216)

Q: Would a Nike shoebox be too small to fit a swan in?

A:
<EMPTY> (Score: -inf)

Q: Would a Nike shoebox be too small to fit a swan in?

A:
<EMPTY> (Score: -inf)

====================
Q: Would a Nike shoebox be too small to fit a swan in?

A: A: A typical Nike shoebox is designed to hold a pair of shoes, which usually measures around 12 inches long, 8 inches wide, and 4-6 inches high.
A: A swan is a large bird, with an average length of about 4 to 6 feet and a wingspan that can reach up to 10 feet. (Score: -0.003816178534179926)

Q: Would a Nike shoebox be too small to fit a swan in?

A: A: A typical Nike shoebox is designed to hold a pair of shoes, which usually measures around 12 inches long, 8 inches wide, and 4-6 inches high.
A: A swan is a large bird, with an average length of about 4 to 6 feet and a wingspan that can reach up to 10 feet. (Score: -0.003816178534179926)

Q: Would a Nike shoebox be too small to fit a swan in?

A: A: A typical Nike shoebox is designed to hold a pair of shoes, which usually measures around 12 inches long, 8 inches wide, and 4-6 inches high.
<EMPTY> (Score: -inf)

Q: Would a Nike shoebox be too small to fit a swan in?

A: A: A typical Nike shoebox is designed to hold a pair of shoes, which usually measures around 12 inches long, 8 inches wide, and 4-6 inches high.
<EMPTY> (Score: -inf)

====================
Q: Would a Nike shoebox be too small to fit a swan in?

A: A: A typical Nike shoebox is designed to hold a pair of shoes, which usually measures around 12 inches long, 8 inches wide, and 4-6 inches high.
A: A swan is a large bird, with an average length of about 4 to 6 feet and a wingspan that can reach up to 10 feet. (Score: -0.003816178534179926)

Q: Would a Nike shoebox be too small to fit a swan in?

A: A: A typical Nike shoebox is designed to hold a pair of shoes, which usually measures around 12 inches long, 8 inches wide, and 4-6 inches high.
A: A swan is a large bird, with an average length of about 4 to 6 feet and a wingspan that can reach up to 10 feet. (Score: -0.003816178534179926)

Q: Would a Nike shoebox be too small to fit a swan in?

A: A: A typical Nike shoebox is designed to hold a pair of shoes, which usually measures around 12 inches long, 8 inches wide, and 4-6 inches high.
<EMPTY> (Score: -inf)

Q: Would a Nike shoebox be too small to fit a swan in?

A: A: A typical Nike shoebox is designed to hold a pair of shoes, which usually measures around 12 inches long, 8 inches wide, and 4-6 inches high.
<EMPTY> (Score: -inf)

====================
Q: Would a Nike shoebox be too small to fit a swan in?

A: A: A typical Nike shoebox is designed to hold a pair of shoes, which usually measures around 12 inches long, 8 inches wide, and 4-6 inches high.
A: A swan is a large bird, with an average length of about 4 to 6 feet and a wingspan that can reach up to 10 feet.
A: Given the dimensions of a typical Nike shoebox, it is significantly smaller than the size of a swan. (Score: -0.0031708241440355778)

Q: Would a Nike shoebox be too small to fit a swan in?

A: A: A typical Nike shoebox is designed to hold a pair of shoes, which usually measures around 12 inches long, 8 inches wide, and 4-6 inches high.
A: A swan is a large bird, with an average length of about 4 to 6 feet and a wingspan that can reach up to 10 feet.
A: Given the dimensions of a typical Nike shoebox, it is significantly smaller than the size of a swan. (Score: -0.0031708241440355778)

Q: Would a Nike shoebox be too small to fit a swan in?

A: A: A typical Nike shoebox is designed to hold a pair of shoes, which usually measures around 12 inches long, 8 inches wide, and 4-6 inches high.
A: A swan is a large bird, with an average length of about 4 to 6 feet and a wingspan that can reach up to 10 feet.
<EMPTY> (Score: -inf)

Q: Would a Nike shoebox be too small to fit a swan in?

A: A: A typical Nike shoebox is designed to hold a pair of shoes, which usually measures around 12 inches long, 8 inches wide, and 4-6 inches high.
A: A swan is a large bird, with an average length of about 4 to 6 feet and a wingspan that can reach up to 10 feet.
<EMPTY> (Score: -inf)
