
====================
epoch 1 | idx 0

====================
Query:
Use the step-by-step method as shown in the examples to answer the question. Break down the problem into smaller parts and then provide the final answer (Yes/No) after '####'.

Example 1:
Q: Karachi was a part of Alexander the Great's success?

A: Karachi is a city in modern day Pakistan.
Krokola was an ancient port located in what is now Karachi.
Alexander the Great stationed his fleet in Krokola on his way to Babylon.
Alexander the Great defeated Darius and conquered Babylon before expanding his 
empire.
#### Yes.

Example 2:
Q: Was P. G. Wodehouse's favorite book The Hunger Games?

A: P. G. Wodehouse died in 1975.
The Hunger Games was published in 2008.
#### No.
IMPORTANT:
- Think step by step.
- The final line must be exactly in the format: #### Yes. or #### No.
- Do not end with anything else after the final answer.
Your Question:
Q: Does taking ukemi halt kinetic energy?

A:
Responses:
Taking ukemi is a technique used in martial arts, particularly in judo and aikido, to safely fall and roll when thrown or taken down. (Score: -0.0010684267617762089)
Ukemi is a Japanese term that refers to the practice of falling safely in martial arts. (Score: -0.0005211527459323406)
<EMPTY> (Score: -inf)
<EMPTY> (Score: -inf)

====================
Query:
Use the step-by-step method as shown in the examples to answer the question. Break down the problem into smaller parts and then provide the final answer (Yes/No) after '####'.

Example 1:
Q: Karachi was a part of Alexander the Great's success?

A: Karachi is a city in modern day Pakistan.
Krokola was an ancient port located in what is now Karachi.
Alexander the Great stationed his fleet in Krokola on his way to Babylon.
Alexander the Great defeated Darius and conquered Babylon before expanding his 
empire.
#### Yes.

Example 2:
Q: Was P. G. Wodehouse's favorite book The Hunger Games?

A: P. G. Wodehouse died in 1975.
The Hunger Games was published in 2008.
#### No.
IMPORTANT:
- Think step by step.
- The final line must be exactly in the format: #### Yes. or #### No.
- Do not end with anything else after the final answer.
Your Question:
Q: Does taking ukemi halt kinetic energy?

A: Ukemi is a Japanese term that refers to the practice of falling safely in martial arts.
Responses:
Ukemi involves techniques that allow a practitioner to absorb and dissipate the energy from a fall. (Score: -0.00021522212773561478)
Ukemi involves techniques that allow a practitioner to absorb and dissipate the energy from a fall. (Score: -0.00021522212773561478)
<EMPTY> (Score: -inf)
<EMPTY> (Score: -inf)

====================
Query:
Use the step-by-step method as shown in the examples to answer the question. Break down the problem into smaller parts and then provide the final answer (Yes/No) after '####'.

Example 1:
Q: Karachi was a part of Alexander the Great's success?

A: Karachi is a city in modern day Pakistan.
Krokola was an ancient port located in what is now Karachi.
Alexander the Great stationed his fleet in Krokola on his way to Babylon.
Alexander the Great defeated Darius and conquered Babylon before expanding his 
empire.
#### Yes.

Example 2:
Q: Was P. G. Wodehouse's favorite book The Hunger Games?

A: P. G. Wodehouse died in 1975.
The Hunger Games was published in 2008.
#### No.
IMPORTANT:
- Think step by step.
- The final line must be exactly in the format: #### Yes. or #### No.
- Do not end with anything else after the final answer.
Your Question:
Q: Does taking ukemi halt kinetic energy?

A: Taking ukemi is a technique used in martial arts, particularly in judo and aikido, to safely fall and roll when thrown or taken down.
Responses:
Taking ukemi helps to dissipate the energy from a fall, allowing the practitioner to land safely and reduce the risk of injury. (Score: -0.0008125989697873592)
Taking ukemi helps to dissipate the energy from a fall, allowing the practitioner to land safely and reduce the risk of injury. (Score: -0.0008125989697873592)
<EMPTY> (Score: -inf)
<EMPTY> (Score: -inf)

====================
Query:
Use the step-by-step method as shown in the examples to answer the question. Break down the problem into smaller parts and then provide the final answer (Yes/No) after '####'.

Example 1:
Q: Karachi was a part of Alexander the Great's success?

A: Karachi is a city in modern day Pakistan.
Krokola was an ancient port located in what is now Karachi.
Alexander the Great stationed his fleet in Krokola on his way to Babylon.
Alexander the Great defeated Darius and conquered Babylon before expanding his 
empire.
#### Yes.

Example 2:
Q: Was P. G. Wodehouse's favorite book The Hunger Games?

A: P. G. Wodehouse died in 1975.
The Hunger Games was published in 2008.
#### No.
IMPORTANT:
- Think step by step.
- The final line must be exactly in the format: #### Yes. or #### No.
- Do not end with anything else after the final answer.
Your Question:
Q: Does taking ukemi halt kinetic energy?

A: Ukemi is a Japanese term that refers to the practice of falling safely in martial arts.
Ukemi involves techniques that allow a practitioner to absorb and dissipate the energy from a fall.
Responses:
When a practitioner performs ukemi, they use specific movements to roll or break their fall, which helps to reduce the impact and transfer of kinetic energy. (Score: -0.0008867084980010986)
When a practitioner takes ukemi, they roll or fall in a way that spreads out the impact over a larger area and time, which helps to reduce the force experienced by the body. (Score: -0.0010404177010059357)
<EMPTY> (Score: -inf)
<EMPTY> (Score: -inf)

====================
Query:
Use the step-by-step method as shown in the examples to answer the question. Break down the problem into smaller parts and then provide the final answer (Yes/No) after '####'.

Example 1:
Q: Karachi was a part of Alexander the Great's success?

A: Karachi is a city in modern day Pakistan.
Krokola was an ancient port located in what is now Karachi.
Alexander the Great stationed his fleet in Krokola on his way to Babylon.
Alexander the Great defeated Darius and conquered Babylon before expanding his 
empire.
#### Yes.

Example 2:
Q: Was P. G. Wodehouse's favorite book The Hunger Games?

A: P. G. Wodehouse died in 1975.
The Hunger Games was published in 2008.
#### No.
IMPORTANT:
- Think step by step.
- The final line must be exactly in the format: #### Yes. or #### No.
- Do not end with anything else after the final answer.
Your Question:
Q: Does taking ukemi halt kinetic energy?

A: Ukemi is a Japanese term that refers to the practice of falling safely in martial arts.
Ukemi involves techniques that allow a practitioner to absorb and dissipate the energy from a fall.
Responses:
When a practitioner performs ukemi, they roll or fall in a way that spreads the impact over a larger area and time, which helps to reduce the force experienced by the body. (Score: -0.0009551728144288063)
When a practitioner performs ukemi, they roll or fall in a way that spreads the impact over a larger area and time, which helps to reduce the force experienced by the body. (Score: -0.0009551728144288063)
<EMPTY> (Score: -inf)
<EMPTY> (Score: -inf)

====================
Query:
Use the step-by-step method as shown in the examples to answer the question. Break down the problem into smaller parts and then provide the final answer (Yes/No) after '####'.

Example 1:
Q: Karachi was a part of Alexander the Great's success?

A: Karachi is a city in modern day Pakistan.
Krokola was an ancient port located in what is now Karachi.
Alexander the Great stationed his fleet in Krokola on his way to Babylon.
Alexander the Great defeated Darius and conquered Babylon before expanding his 
empire.
#### Yes.

Example 2:
Q: Was P. G. Wodehouse's favorite book The Hunger Games?

A: P. G. Wodehouse died in 1975.
The Hunger Games was published in 2008.
#### No.
IMPORTANT:
- Think step by step.
- The final line must be exactly in the format: #### Yes. or #### No.
- Do not end with anything else after the final answer.
Your Question:
Q: Does taking ukemi halt kinetic energy?

A: Ukemi is a Japanese term that refers to the practice of falling safely in martial arts.
Ukemi involves techniques that allow a practitioner to absorb and dissipate the energy from a fall.
When a practitioner performs ukemi, they use specific movements to roll or break their fall, which helps to reduce the impact and transfer of kinetic energy.
Responses:
#### Yes. (Score: -0.00020646024495363235)
#### No. (Score: -0.0002168850041925907)
<EMPTY> (Score: -inf)
<EMPTY> (Score: -inf)

====================
Query:
Use the step-by-step method as shown in the examples to answer the question. Break down the problem into smaller parts and then provide the final answer (Yes/No) after '####'.

Example 1:
Q: Karachi was a part of Alexander the Great's success?

A: Karachi is a city in modern day Pakistan.
Krokola was an ancient port located in what is now Karachi.
Alexander the Great stationed his fleet in Krokola on his way to Babylon.
Alexander the Great defeated Darius and conquered Babylon before expanding his 
empire.
#### Yes.

Example 2:
Q: Was P. G. Wodehouse's favorite book The Hunger Games?

A: P. G. Wodehouse died in 1975.
The Hunger Games was published in 2008.
#### No.
IMPORTANT:
- Think step by step.
- The final line must be exactly in the format: #### Yes. or #### No.
- Do not end with anything else after the final answer.
Your Question:
Q: Does taking ukemi halt kinetic energy?

A: Ukemi is a Japanese term that refers to the practice of falling safely in martial arts.
Ukemi involves techniques that allow a practitioner to absorb and dissipate the energy from a fall.
When a practitioner performs ukemi, they roll or fall in a way that spreads the impact over a larger area and time, which helps to reduce the force experienced by the body.
Responses:
#### Yes. (Score: -0.00035111233592033386)
#### No. (Score: -0.00036496296525001526)
<EMPTY> (Score: -inf)
<EMPTY> (Score: -inf)

====================
Query:
Use the step-by-step method as shown in the examples to answer the question. Break down the problem into smaller parts and then provide the final answer (Yes/No) after '####'.

Example 1:
Q: Karachi was a part of Alexander the Great's success?

A: Karachi is a city in modern day Pakistan.
Krokola was an ancient port located in what is now Karachi.
Alexander the Great stationed his fleet in Krokola on his way to Babylon.
Alexander the Great defeated Darius and conquered Babylon before expanding his 
empire.
#### Yes.

Example 2:
Q: Was P. G. Wodehouse's favorite book The Hunger Games?

A: P. G. Wodehouse died in 1975.
The Hunger Games was published in 2008.
#### No.
IMPORTANT:
- Think step by step.
- The final line must be exactly in the format: #### Yes. or #### No.
- Do not end with anything else after the final answer.
Your Question:
Q: Would the Cookie Monster decline an offer of free Keebler products?

A:
Responses:
The Cookie Monster is a character from the children's television show "Sesame Street."  . (Score: 0.00033668195828795433)
The Cookie Monster is a character from the children's television show "Sesame Street."  . (Score: 0.00033668195828795433)
<EMPTY> (Score: -inf)
<EMPTY> (Score: -inf)

====================
Query:
Use the step-by-step method as shown in the examples to answer the question. Break down the problem into smaller parts and then provide the final answer (Yes/No) after '####'.

Example 1:
Q: Karachi was a part of Alexander the Great's success?

A: Karachi is a city in modern day Pakistan.
Krokola was an ancient port located in what is now Karachi.
Alexander the Great stationed his fleet in Krokola on his way to Babylon.
Alexander the Great defeated Darius and conquered Babylon before expanding his 
empire.
#### Yes.

Example 2:
Q: Was P. G. Wodehouse's favorite book The Hunger Games?

A: P. G. Wodehouse died in 1975.
The Hunger Games was published in 2008.
#### No.
IMPORTANT:
- Think step by step.
- The final line must be exactly in the format: #### Yes. or #### No.
- Do not end with anything else after the final answer.
Your Question:
Q: Would the Cookie Monster decline an offer of free Keebler products?

A: The Cookie Monster is a character from the children's television show "Sesame Street."  .
Responses:
The Cookie Monster is known for his love of cookies and treats. (Score: 0.0007086521945893764)
The Cookie Monster is known for his love of cookies and treats. (Score: 0.0007086521945893764)
<EMPTY> (Score: -inf)
<EMPTY> (Score: -inf)

====================
Query:
Use the step-by-step method as shown in the examples to answer the question. Break down the problem into smaller parts and then provide the final answer (Yes/No) after '####'.

Example 1:
Q: Karachi was a part of Alexander the Great's success?

A: Karachi is a city in modern day Pakistan.
Krokola was an ancient port located in what is now Karachi.
Alexander the Great stationed his fleet in Krokola on his way to Babylon.
Alexander the Great defeated Darius and conquered Babylon before expanding his 
empire.
#### Yes.

Example 2:
Q: Was P. G. Wodehouse's favorite book The Hunger Games?

A: P. G. Wodehouse died in 1975.
The Hunger Games was published in 2008.
#### No.
IMPORTANT:
- Think step by step.
- The final line must be exactly in the format: #### Yes. or #### No.
- Do not end with anything else after the final answer.
Your Question:
Q: Would the Cookie Monster decline an offer of free Keebler products?

A: The Cookie Monster is a character from the children's television show "Sesame Street."  .
Responses:
The Cookie Monster is known for his love of cookies and treats. (Score: 0.0007086521945893764)
The Cookie Monster is known for his love of cookies and treats. (Score: 0.0007086521945893764)
<EMPTY> (Score: -inf)
<EMPTY> (Score: -inf)

====================
Query:
Use the step-by-step method as shown in the examples to answer the question. Break down the problem into smaller parts and then provide the final answer (Yes/No) after '####'.

Example 1:
Q: Karachi was a part of Alexander the Great's success?

A: Karachi is a city in modern day Pakistan.
Krokola was an ancient port located in what is now Karachi.
Alexander the Great stationed his fleet in Krokola on his way to Babylon.
Alexander the Great defeated Darius and conquered Babylon before expanding his 
empire.
#### Yes.

Example 2:
Q: Was P. G. Wodehouse's favorite book The Hunger Games?

A: P. G. Wodehouse died in 1975.
The Hunger Games was published in 2008.
#### No.
IMPORTANT:
- Think step by step.
- The final line must be exactly in the format: #### Yes. or #### No.
- Do not end with anything else after the final answer.
Your Question:
Q: Would the Cookie Monster decline an offer of free Keebler products?

A: The Cookie Monster is a character from the children's television show "Sesame Street."  .
The Cookie Monster is known for his love of cookies and treats.
Responses:
He is often depicted as being very enthusiastic about eating cookies. (Score: 3.851298242807388e-05)
He is often depicted as being very enthusiastic about eating cookies. (Score: 3.851298242807388e-05)
<EMPTY> (Score: -inf)
<EMPTY> (Score: -inf)

====================
Query:
Use the step-by-step method as shown in the examples to answer the question. Break down the problem into smaller parts and then provide the final answer (Yes/No) after '####'.

Example 1:
Q: Karachi was a part of Alexander the Great's success?

A: Karachi is a city in modern day Pakistan.
Krokola was an ancient port located in what is now Karachi.
Alexander the Great stationed his fleet in Krokola on his way to Babylon.
Alexander the Great defeated Darius and conquered Babylon before expanding his 
empire.
#### Yes.

Example 2:
Q: Was P. G. Wodehouse's favorite book The Hunger Games?

A: P. G. Wodehouse died in 1975.
The Hunger Games was published in 2008.
#### No.
IMPORTANT:
- Think step by step.
- The final line must be exactly in the format: #### Yes. or #### No.
- Do not end with anything else after the final answer.
Your Question:
Q: Would the Cookie Monster decline an offer of free Keebler products?

A: The Cookie Monster is a character from the children's television show "Sesame Street."  .
The Cookie Monster is known for his love of cookies and treats.
Responses:
He is often depicted as being very enthusiastic about eating cookies. (Score: 3.851298242807388e-05)
He is often depicted as being very enthusiastic about eating cookies. (Score: 3.851298242807388e-05)
<EMPTY> (Score: -inf)
<EMPTY> (Score: -inf)

====================
Query:
Use the step-by-step method as shown in the examples to answer the question. Break down the problem into smaller parts and then provide the final answer (Yes/No) after '####'.

Example 1:
Q: Karachi was a part of Alexander the Great's success?

A: Karachi is a city in modern day Pakistan.
Krokola was an ancient port located in what is now Karachi.
Alexander the Great stationed his fleet in Krokola on his way to Babylon.
Alexander the Great defeated Darius and conquered Babylon before expanding his 
empire.
#### Yes.

Example 2:
Q: Was P. G. Wodehouse's favorite book The Hunger Games?

A: P. G. Wodehouse died in 1975.
The Hunger Games was published in 2008.
#### No.
IMPORTANT:
- Think step by step.
- The final line must be exactly in the format: #### Yes. or #### No.
- Do not end with anything else after the final answer.
Your Question:
Q: Would the Cookie Monster decline an offer of free Keebler products?

A: The Cookie Monster is a character from the children's television show "Sesame Street."  .
The Cookie Monster is known for his love of cookies and treats.
He is often depicted as being very enthusiastic about eating cookies.
Responses:
#### Yes. (Score: 0.0007878076285123825)
#### No. (Score: 0.0007104575634002686)
<EMPTY> (Score: -inf)
<EMPTY> (Score: -inf)

====================
Query:
Use the step-by-step method as shown in the examples to answer the question. Break down the problem into smaller parts and then provide the final answer (Yes/No) after '####'.

Example 1:
Q: Karachi was a part of Alexander the Great's success?

A: Karachi is a city in modern day Pakistan.
Krokola was an ancient port located in what is now Karachi.
Alexander the Great stationed his fleet in Krokola on his way to Babylon.
Alexander the Great defeated Darius and conquered Babylon before expanding his 
empire.
#### Yes.

Example 2:
Q: Was P. G. Wodehouse's favorite book The Hunger Games?

A: P. G. Wodehouse died in 1975.
The Hunger Games was published in 2008.
#### No.
IMPORTANT:
- Think step by step.
- The final line must be exactly in the format: #### Yes. or #### No.
- Do not end with anything else after the final answer.
Your Question:
Q: Would the Cookie Monster decline an offer of free Keebler products?

A: The Cookie Monster is a character from the children's television show "Sesame Street."  .
The Cookie Monster is known for his love of cookies and treats.
He is often depicted as being very enthusiastic about eating cookies.
Responses:
#### Yes. (Score: 0.0007878076285123825)
#### No. (Score: 0.0007104575634002686)
<EMPTY> (Score: -inf)
<EMPTY> (Score: -inf)

====================
Query:
Use the step-by-step method as shown in the examples to answer the question. Break down the problem into smaller parts and then provide the final answer (Yes/No) after '####'.

Example 1:
Q: Karachi was a part of Alexander the Great's success?

A: Karachi is a city in modern day Pakistan.
Krokola was an ancient port located in what is now Karachi.
Alexander the Great stationed his fleet in Krokola on his way to Babylon.
Alexander the Great defeated Darius and conquered Babylon before expanding his 
empire.
#### Yes.

Example 2:
Q: Was P. G. Wodehouse's favorite book The Hunger Games?

A: P. G. Wodehouse died in 1975.
The Hunger Games was published in 2008.
#### No.
IMPORTANT:
- Think step by step.
- The final line must be exactly in the format: #### Yes. or #### No.
- Do not end with anything else after the final answer.
Your Question:
Q: Were paparazzi involved in the death of a member of the royal family?

A:
Responses:
A: The term "paparazzi" refers to photographers who take candid pictures of celebrities and public figures, often in intrusive ways. (Score: -0.0014960519038140774)
A: The term "paparazzi" refers to photographers who take candid pictures of celebrities and public figures, often in intrusive ways. (Score: -0.0014960519038140774)
<EMPTY> (Score: -inf)
<EMPTY> (Score: -inf)

====================
Query:
Use the step-by-step method as shown in the examples to answer the question. Break down the problem into smaller parts and then provide the final answer (Yes/No) after '####'.

Example 1:
Q: Karachi was a part of Alexander the Great's success?

A: Karachi is a city in modern day Pakistan.
Krokola was an ancient port located in what is now Karachi.
Alexander the Great stationed his fleet in Krokola on his way to Babylon.
Alexander the Great defeated Darius and conquered Babylon before expanding his 
empire.
#### Yes.

Example 2:
Q: Was P. G. Wodehouse's favorite book The Hunger Games?

A: P. G. Wodehouse died in 1975.
The Hunger Games was published in 2008.
#### No.
IMPORTANT:
- Think step by step.
- The final line must be exactly in the format: #### Yes. or #### No.
- Do not end with anything else after the final answer.
Your Question:
Q: Were paparazzi involved in the death of a member of the royal family?

A: A: The term "paparazzi" refers to photographers who take candid pictures of celebrities and public figures, often in intrusive ways.
Responses:
Paparazzi have been known to follow and photograph members of the royal family, sometimes leading to dangerous situations. (Score: -0.0012921416200697422)
Paparazzi have been known to follow and photograph members of the royal family, sometimes leading to dangerous situations. (Score: -0.0012921416200697422)
<EMPTY> (Score: -inf)
<EMPTY> (Score: -inf)

====================
Query:
Use the step-by-step method as shown in the examples to answer the question. Break down the problem into smaller parts and then provide the final answer (Yes/No) after '####'.

Example 1:
Q: Karachi was a part of Alexander the Great's success?

A: Karachi is a city in modern day Pakistan.
Krokola was an ancient port located in what is now Karachi.
Alexander the Great stationed his fleet in Krokola on his way to Babylon.
Alexander the Great defeated Darius and conquered Babylon before expanding his 
empire.
#### Yes.

Example 2:
Q: Was P. G. Wodehouse's favorite book The Hunger Games?

A: P. G. Wodehouse died in 1975.
The Hunger Games was published in 2008.
#### No.
IMPORTANT:
- Think step by step.
- The final line must be exactly in the format: #### Yes. or #### No.
- Do not end with anything else after the final answer.
Your Question:
Q: Were paparazzi involved in the death of a member of the royal family?

A: A: The term "paparazzi" refers to photographers who take candid pictures of celebrities and public figures, often in intrusive ways.
Responses:
Paparazzi have been known to follow and photograph members of the royal family, sometimes leading to dangerous situations. (Score: -0.0012921416200697422)
Paparazzi have been known to follow and photograph members of the royal family, sometimes leading to dangerous situations. (Score: -0.0012921416200697422)
<EMPTY> (Score: -inf)
<EMPTY> (Score: -inf)

====================
Query:
Use the step-by-step method as shown in the examples to answer the question. Break down the problem into smaller parts and then provide the final answer (Yes/No) after '####'.

Example 1:
Q: Karachi was a part of Alexander the Great's success?

A: Karachi is a city in modern day Pakistan.
Krokola was an ancient port located in what is now Karachi.
Alexander the Great stationed his fleet in Krokola on his way to Babylon.
Alexander the Great defeated Darius and conquered Babylon before expanding his 
empire.
#### Yes.

Example 2:
Q: Was P. G. Wodehouse's favorite book The Hunger Games?

A: P. G. Wodehouse died in 1975.
The Hunger Games was published in 2008.
#### No.
IMPORTANT:
- Think step by step.
- The final line must be exactly in the format: #### Yes. or #### No.
- Do not end with anything else after the final answer.
Your Question:
Q: Were paparazzi involved in the death of a member of the royal family?

A: A: The term "paparazzi" refers to photographers who take candid pictures of celebrities and public figures, often in intrusive ways.
Paparazzi have been known to follow and photograph members of the royal family, sometimes leading to dangerous situations.
Responses:
In 1997, Princess Diana, a member of the British royal family, died in a car crash in Paris. (Score: -0.0008178986608982086)
In 1997, Princess Diana, a member of the British royal family, died in a car crash in Paris. (Score: -0.0008178986608982086)
<EMPTY> (Score: -inf)
<EMPTY> (Score: -inf)

====================
Query:
Use the step-by-step method as shown in the examples to answer the question. Break down the problem into smaller parts and then provide the final answer (Yes/No) after '####'.

Example 1:
Q: Karachi was a part of Alexander the Great's success?

A: Karachi is a city in modern day Pakistan.
Krokola was an ancient port located in what is now Karachi.
Alexander the Great stationed his fleet in Krokola on his way to Babylon.
Alexander the Great defeated Darius and conquered Babylon before expanding his 
empire.
#### Yes.

Example 2:
Q: Was P. G. Wodehouse's favorite book The Hunger Games?

A: P. G. Wodehouse died in 1975.
The Hunger Games was published in 2008.
#### No.
IMPORTANT:
- Think step by step.
- The final line must be exactly in the format: #### Yes. or #### No.
- Do not end with anything else after the final answer.
Your Question:
Q: Were paparazzi involved in the death of a member of the royal family?

A: A: The term "paparazzi" refers to photographers who take candid pictures of celebrities and public figures, often in intrusive ways.
Paparazzi have been known to follow and photograph members of the royal family, sometimes leading to dangerous situations.
Responses:
In 1997, Princess Diana, a member of the British royal family, died in a car crash in Paris. (Score: -0.0008178986608982086)
In 1997, Princess Diana, a member of the British royal family, died in a car crash in Paris. (Score: -0.0008178986608982086)
<EMPTY> (Score: -inf)
<EMPTY> (Score: -inf)

====================
Query:
Use the step-by-step method as shown in the examples to answer the question. Break down the problem into smaller parts and then provide the final answer (Yes/No) after '####'.

Example 1:
Q: Karachi was a part of Alexander the Great's success?

A: Karachi is a city in modern day Pakistan.
Krokola was an ancient port located in what is now Karachi.
Alexander the Great stationed his fleet in Krokola on his way to Babylon.
Alexander the Great defeated Darius and conquered Babylon before expanding his 
empire.
#### Yes.

Example 2:
Q: Was P. G. Wodehouse's favorite book The Hunger Games?

A: P. G. Wodehouse died in 1975.
The Hunger Games was published in 2008.
#### No.
IMPORTANT:
- Think step by step.
- The final line must be exactly in the format: #### Yes. or #### No.
- Do not end with anything else after the final answer.
Your Question:
Q: Were paparazzi involved in the death of a member of the royal family?

A: A: The term "paparazzi" refers to photographers who take candid pictures of celebrities and public figures, often in intrusive ways.
Paparazzi have been known to follow and photograph members of the royal family, sometimes leading to dangerous situations.
In 1997, Princess Diana, a member of the British royal family, died in a car crash in Paris.
Responses:
#### Yes. (Score: 2.2226478904485703e-05)
#### No. (Score: 0.00014512008056044579)
<EMPTY> (Score: -inf)
<EMPTY> (Score: -inf)

====================
Query:
Use the step-by-step method as shown in the examples to answer the question. Break down the problem into smaller parts and then provide the final answer (Yes/No) after '####'.

Example 1:
Q: Karachi was a part of Alexander the Great's success?

A: Karachi is a city in modern day Pakistan.
Krokola was an ancient port located in what is now Karachi.
Alexander the Great stationed his fleet in Krokola on his way to Babylon.
Alexander the Great defeated Darius and conquered Babylon before expanding his 
empire.
#### Yes.

Example 2:
Q: Was P. G. Wodehouse's favorite book The Hunger Games?

A: P. G. Wodehouse died in 1975.
The Hunger Games was published in 2008.
#### No.
IMPORTANT:
- Think step by step.
- The final line must be exactly in the format: #### Yes. or #### No.
- Do not end with anything else after the final answer.
Your Question:
Q: Were paparazzi involved in the death of a member of the royal family?

A: A: The term "paparazzi" refers to photographers who take candid pictures of celebrities and public figures, often in intrusive ways.
Paparazzi have been known to follow and photograph members of the royal family, sometimes leading to dangerous situations.
In 1997, Princess Diana, a member of the British royal family, died in a car crash in Paris.
Responses:
#### Yes. (Score: 2.2226478904485703e-05)
#### No. (Score: 0.00014512008056044579)
<EMPTY> (Score: -inf)
<EMPTY> (Score: -inf)

====================
Query:
Use the step-by-step method as shown in the examples to answer the question. Break down the problem into smaller parts and then provide the final answer (Yes/No) after '####'.

Example 1:
Q: Karachi was a part of Alexander the Great's success?

A: Karachi is a city in modern day Pakistan.
Krokola was an ancient port located in what is now Karachi.
Alexander the Great stationed his fleet in Krokola on his way to Babylon.
Alexander the Great defeated Darius and conquered Babylon before expanding his 
empire.
#### Yes.

Example 2:
Q: Was P. G. Wodehouse's favorite book The Hunger Games?

A: P. G. Wodehouse died in 1975.
The Hunger Games was published in 2008.
#### No.
IMPORTANT:
- Think step by step.
- The final line must be exactly in the format: #### Yes. or #### No.
- Do not end with anything else after the final answer.
Your Question:
Q: Karachi was a part of Alexander the Great's success?

A:
Responses:
Karachi is a city in modern-day Pakistan. (Score: -0.0004502139054238796)
Karachi is a city in modern-day Pakistan. (Score: -0.0004502139054238796)
<EMPTY> (Score: -inf)
<EMPTY> (Score: -inf)

====================
Query:
Use the step-by-step method as shown in the examples to answer the question. Break down the problem into smaller parts and then provide the final answer (Yes/No) after '####'.

Example 1:
Q: Karachi was a part of Alexander the Great's success?

A: Karachi is a city in modern day Pakistan.
Krokola was an ancient port located in what is now Karachi.
Alexander the Great stationed his fleet in Krokola on his way to Babylon.
Alexander the Great defeated Darius and conquered Babylon before expanding his 
empire.
#### Yes.

Example 2:
Q: Was P. G. Wodehouse's favorite book The Hunger Games?

A: P. G. Wodehouse died in 1975.
The Hunger Games was published in 2008.
#### No.
IMPORTANT:
- Think step by step.
- The final line must be exactly in the format: #### Yes. or #### No.
- Do not end with anything else after the final answer.
Your Question:
Q: Karachi was a part of Alexander the Great's success?

A: Karachi is a city in modern-day Pakistan.
Responses:
Krokola was an ancient port located in what is now Karachi. (Score: -0.000739093404263258)
Krokola was an ancient port located in what is now Karachi. (Score: -0.000739093404263258)
<EMPTY> (Score: -inf)
<EMPTY> (Score: -inf)

====================
Query:
Use the step-by-step method as shown in the examples to answer the question. Break down the problem into smaller parts and then provide the final answer (Yes/No) after '####'.

Example 1:
Q: Karachi was a part of Alexander the Great's success?

A: Karachi is a city in modern day Pakistan.
Krokola was an ancient port located in what is now Karachi.
Alexander the Great stationed his fleet in Krokola on his way to Babylon.
Alexander the Great defeated Darius and conquered Babylon before expanding his 
empire.
#### Yes.

Example 2:
Q: Was P. G. Wodehouse's favorite book The Hunger Games?

A: P. G. Wodehouse died in 1975.
The Hunger Games was published in 2008.
#### No.
IMPORTANT:
- Think step by step.
- The final line must be exactly in the format: #### Yes. or #### No.
- Do not end with anything else after the final answer.
Your Question:
Q: Karachi was a part of Alexander the Great's success?

A: Karachi is a city in modern-day Pakistan.
Responses:
Krokola was an ancient port located in what is now Karachi. (Score: -0.000739093404263258)
Krokola was an ancient port located in what is now Karachi. (Score: -0.000739093404263258)
<EMPTY> (Score: -inf)
<EMPTY> (Score: -inf)

====================
Query:
Use the step-by-step method as shown in the examples to answer the question. Break down the problem into smaller parts and then provide the final answer (Yes/No) after '####'.

Example 1:
Q: Karachi was a part of Alexander the Great's success?

A: Karachi is a city in modern day Pakistan.
Krokola was an ancient port located in what is now Karachi.
Alexander the Great stationed his fleet in Krokola on his way to Babylon.
Alexander the Great defeated Darius and conquered Babylon before expanding his 
empire.
#### Yes.

Example 2:
Q: Was P. G. Wodehouse's favorite book The Hunger Games?

A: P. G. Wodehouse died in 1975.
The Hunger Games was published in 2008.
#### No.
IMPORTANT:
- Think step by step.
- The final line must be exactly in the format: #### Yes. or #### No.
- Do not end with anything else after the final answer.
Your Question:
Q: Karachi was a part of Alexander the Great's success?

A: Karachi is a city in modern-day Pakistan.
Krokola was an ancient port located in what is now Karachi.
Responses:
Alexander the Great stationed his fleet in Krokola on his way to Babylon. (Score: -0.0005597961135208607)
Alexander the Great stationed his fleet in Krokola on his way to Babylon. (Score: -0.0005597961135208607)
<EMPTY> (Score: -inf)
<EMPTY> (Score: -inf)

====================
Query:
Use the step-by-step method as shown in the examples to answer the question. Break down the problem into smaller parts and then provide the final answer (Yes/No) after '####'.

Example 1:
Q: Karachi was a part of Alexander the Great's success?

A: Karachi is a city in modern day Pakistan.
Krokola was an ancient port located in what is now Karachi.
Alexander the Great stationed his fleet in Krokola on his way to Babylon.
Alexander the Great defeated Darius and conquered Babylon before expanding his 
empire.
#### Yes.

Example 2:
Q: Was P. G. Wodehouse's favorite book The Hunger Games?

A: P. G. Wodehouse died in 1975.
The Hunger Games was published in 2008.
#### No.
IMPORTANT:
- Think step by step.
- The final line must be exactly in the format: #### Yes. or #### No.
- Do not end with anything else after the final answer.
Your Question:
Q: Karachi was a part of Alexander the Great's success?

A: Karachi is a city in modern-day Pakistan.
Krokola was an ancient port located in what is now Karachi.
Responses:
Alexander the Great stationed his fleet in Krokola on his way to Babylon. (Score: -0.0005597961135208607)
Alexander the Great stationed his fleet in Krokola on his way to Babylon. (Score: -0.0005597961135208607)
<EMPTY> (Score: -inf)
<EMPTY> (Score: -inf)

====================
Query:
Use the step-by-step method as shown in the examples to answer the question. Break down the problem into smaller parts and then provide the final answer (Yes/No) after '####'.

Example 1:
Q: Karachi was a part of Alexander the Great's success?

A: Karachi is a city in modern day Pakistan.
Krokola was an ancient port located in what is now Karachi.
Alexander the Great stationed his fleet in Krokola on his way to Babylon.
Alexander the Great defeated Darius and conquered Babylon before expanding his 
empire.
#### Yes.

Example 2:
Q: Was P. G. Wodehouse's favorite book The Hunger Games?

A: P. G. Wodehouse died in 1975.
The Hunger Games was published in 2008.
#### No.
IMPORTANT:
- Think step by step.
- The final line must be exactly in the format: #### Yes. or #### No.
- Do not end with anything else after the final answer.
Your Question:
Q: Karachi was a part of Alexander the Great's success?

A: Karachi is a city in modern-day Pakistan.
Krokola was an ancient port located in what is now Karachi.
Alexander the Great stationed his fleet in Krokola on his way to Babylon.
Responses:
#### Yes. (Score: 0.00039064185693860054)
#### No. (Score: 0.00040944525972008705)
<EMPTY> (Score: -inf)
<EMPTY> (Score: -inf)

====================
Query:
Use the step-by-step method as shown in the examples to answer the question. Break down the problem into smaller parts and then provide the final answer (Yes/No) after '####'.

Example 1:
Q: Karachi was a part of Alexander the Great's success?

A: Karachi is a city in modern day Pakistan.
Krokola was an ancient port located in what is now Karachi.
Alexander the Great stationed his fleet in Krokola on his way to Babylon.
Alexander the Great defeated Darius and conquered Babylon before expanding his 
empire.
#### Yes.

Example 2:
Q: Was P. G. Wodehouse's favorite book The Hunger Games?

A: P. G. Wodehouse died in 1975.
The Hunger Games was published in 2008.
#### No.
IMPORTANT:
- Think step by step.
- The final line must be exactly in the format: #### Yes. or #### No.
- Do not end with anything else after the final answer.
Your Question:
Q: Karachi was a part of Alexander the Great's success?

A: Karachi is a city in modern-day Pakistan.
Krokola was an ancient port located in what is now Karachi.
Alexander the Great stationed his fleet in Krokola on his way to Babylon.
Responses:
#### Yes. (Score: 0.00039064185693860054)
#### No. (Score: 0.00040944525972008705)
<EMPTY> (Score: -inf)
<EMPTY> (Score: -inf)

====================
Query:
Use the step-by-step method as shown in the examples to answer the question. Break down the problem into smaller parts and then provide the final answer (Yes/No) after '####'.

Example 1:
Q: Karachi was a part of Alexander the Great's success?

A: Karachi is a city in modern day Pakistan.
Krokola was an ancient port located in what is now Karachi.
Alexander the Great stationed his fleet in Krokola on his way to Babylon.
Alexander the Great defeated Darius and conquered Babylon before expanding his 
empire.
#### Yes.

Example 2:
Q: Was P. G. Wodehouse's favorite book The Hunger Games?

A: P. G. Wodehouse died in 1975.
The Hunger Games was published in 2008.
#### No.
IMPORTANT:
- Think step by step.
- The final line must be exactly in the format: #### Yes. or #### No.
- Do not end with anything else after the final answer.
Your Question:
Q: Could the Dominican Order hypothetically defeat Blessed Gerard's order?

A:
Responses:
The Dominican Order is a religious order founded in the early 13th century, known for its emphasis on preaching and teaching. (Score: -0.0011136331595480442)
The Dominican Order is a Catholic religious order founded in the early 13th century, known for its emphasis on preaching and teaching. (Score: -0.0012563415803015232)
<EMPTY> (Score: -inf)
<EMPTY> (Score: -inf)

====================
Query:
Use the step-by-step method as shown in the examples to answer the question. Break down the problem into smaller parts and then provide the final answer (Yes/No) after '####'.

Example 1:
Q: Karachi was a part of Alexander the Great's success?

A: Karachi is a city in modern day Pakistan.
Krokola was an ancient port located in what is now Karachi.
Alexander the Great stationed his fleet in Krokola on his way to Babylon.
Alexander the Great defeated Darius and conquered Babylon before expanding his 
empire.
#### Yes.

Example 2:
Q: Was P. G. Wodehouse's favorite book The Hunger Games?

A: P. G. Wodehouse died in 1975.
The Hunger Games was published in 2008.
#### No.
IMPORTANT:
- Think step by step.
- The final line must be exactly in the format: #### Yes. or #### No.
- Do not end with anything else after the final answer.
Your Question:
Q: Could the Dominican Order hypothetically defeat Blessed Gerard's order?

A: The Dominican Order is a religious order founded in the early 13th century, known for its emphasis on preaching and teaching.
Responses:
The Order of Blessed Gerard, also known as the Knights of Malta, was established in the 11th century and is known for its focus on hospitality and care for the sick. (Score: -0.0002701408229768276)
The Order of Blessed Gerard, also known as the Knights of Malta or the Order of St. John, was established in the 11th century and is known for its focus on providing care for the sick and wounded, as well as military defense during the Crusades. (Score: -0.0006873644888401031)
<EMPTY> (Score: -inf)
<EMPTY> (Score: -inf)

====================
Query:
Use the step-by-step method as shown in the examples to answer the question. Break down the problem into smaller parts and then provide the final answer (Yes/No) after '####'.

Example 1:
Q: Karachi was a part of Alexander the Great's success?

A: Karachi is a city in modern day Pakistan.
Krokola was an ancient port located in what is now Karachi.
Alexander the Great stationed his fleet in Krokola on his way to Babylon.
Alexander the Great defeated Darius and conquered Babylon before expanding his 
empire.
#### Yes.

Example 2:
Q: Was P. G. Wodehouse's favorite book The Hunger Games?

A: P. G. Wodehouse died in 1975.
The Hunger Games was published in 2008.
#### No.
IMPORTANT:
- Think step by step.
- The final line must be exactly in the format: #### Yes. or #### No.
- Do not end with anything else after the final answer.
Your Question:
Q: Could the Dominican Order hypothetically defeat Blessed Gerard's order?

A: The Dominican Order is a Catholic religious order founded in the early 13th century, known for its emphasis on preaching and teaching.
Responses:
The Order of Blessed Gerard, also known as the Knights of Malta, was established in the 11th century and is known for its focus on providing care for the sick and wounded, as well as military defense during the Crusades. (Score: -0.0007929326966404915)
The Order of Blessed Gerard, also known as the Knights Hospitaller, was established in the 11th century to provide care for sick and injured pilgrims in the Holy Land. (Score: 0.00011538760736584663)
<EMPTY> (Score: -inf)
<EMPTY> (Score: -inf)

====================
Query:
Use the step-by-step method as shown in the examples to answer the question. Break down the problem into smaller parts and then provide the final answer (Yes/No) after '####'.

Example 1:
Q: Karachi was a part of Alexander the Great's success?

A: Karachi is a city in modern day Pakistan.
Krokola was an ancient port located in what is now Karachi.
Alexander the Great stationed his fleet in Krokola on his way to Babylon.
Alexander the Great defeated Darius and conquered Babylon before expanding his 
empire.
#### Yes.

Example 2:
Q: Was P. G. Wodehouse's favorite book The Hunger Games?

A: P. G. Wodehouse died in 1975.
The Hunger Games was published in 2008.
#### No.
IMPORTANT:
- Think step by step.
- The final line must be exactly in the format: #### Yes. or #### No.
- Do not end with anything else after the final answer.
Your Question:
Q: Could the Dominican Order hypothetically defeat Blessed Gerard's order?

A: The Dominican Order is a Catholic religious order founded in the early 13th century, known for its emphasis on preaching and teaching.
The Order of Blessed Gerard, also known as the Knights Hospitaller, was established in the 11th century to provide care for sick and injured pilgrims in the Holy Land.
Responses:
The Dominican Order and the Knights Hospitaller have different missions and historical contexts. (Score: 0.00013189297169446945)
The Dominican Order focuses on education and preaching, while the Knights Hospitaller were primarily a military and charitable organization. (Score: -0.00020478805527091026)
<EMPTY> (Score: -inf)
<EMPTY> (Score: -inf)

====================
Query:
Use the step-by-step method as shown in the examples to answer the question. Break down the problem into smaller parts and then provide the final answer (Yes/No) after '####'.

Example 1:
Q: Karachi was a part of Alexander the Great's success?

A: Karachi is a city in modern day Pakistan.
Krokola was an ancient port located in what is now Karachi.
Alexander the Great stationed his fleet in Krokola on his way to Babylon.
Alexander the Great defeated Darius and conquered Babylon before expanding his 
empire.
#### Yes.

Example 2:
Q: Was P. G. Wodehouse's favorite book The Hunger Games?

A: P. G. Wodehouse died in 1975.
The Hunger Games was published in 2008.
#### No.
IMPORTANT:
- Think step by step.
- The final line must be exactly in the format: #### Yes. or #### No.
- Do not end with anything else after the final answer.
Your Question:
Q: Could the Dominican Order hypothetically defeat Blessed Gerard's order?

A: The Dominican Order is a religious order founded in the early 13th century, known for its emphasis on preaching and teaching.
The Order of Blessed Gerard, also known as the Knights of Malta, was established in the 11th century and is known for its focus on hospitality and care for the sick.
Responses:
The Dominican Order and the Order of Blessed Gerard have different missions and historical contexts. (Score: -0.0004229019396007061)
The Dominican Order and the Order of Blessed Gerard have different missions and historical contexts. (Score: -0.0004229019396007061)
<EMPTY> (Score: -inf)
<EMPTY> (Score: -inf)

====================
Query:
Use the step-by-step method as shown in the examples to answer the question. Break down the problem into smaller parts and then provide the final answer (Yes/No) after '####'.

Example 1:
Q: Karachi was a part of Alexander the Great's success?

A: Karachi is a city in modern day Pakistan.
Krokola was an ancient port located in what is now Karachi.
Alexander the Great stationed his fleet in Krokola on his way to Babylon.
Alexander the Great defeated Darius and conquered Babylon before expanding his 
empire.
#### Yes.

Example 2:
Q: Was P. G. Wodehouse's favorite book The Hunger Games?

A: P. G. Wodehouse died in 1975.
The Hunger Games was published in 2008.
#### No.
IMPORTANT:
- Think step by step.
- The final line must be exactly in the format: #### Yes. or #### No.
- Do not end with anything else after the final answer.
Your Question:
Q: Could the Dominican Order hypothetically defeat Blessed Gerard's order?

A: The Dominican Order is a Catholic religious order founded in the early 13th century, known for its emphasis on preaching and teaching.
The Order of Blessed Gerard, also known as the Knights Hospitaller, was established in the 11th century to provide care for sick and injured pilgrims in the Holy Land.
The Dominican Order and the Knights Hospitaller have different missions and historical contexts.
Responses:
#### Yes. (Score: 0.0007190769538283348)
#### No. (Score: 0.000820668414235115)
<EMPTY> (Score: -inf)
<EMPTY> (Score: -inf)

====================
Query:
Use the step-by-step method as shown in the examples to answer the question. Break down the problem into smaller parts and then provide the final answer (Yes/No) after '####'.

Example 1:
Q: Karachi was a part of Alexander the Great's success?

A: Karachi is a city in modern day Pakistan.
Krokola was an ancient port located in what is now Karachi.
Alexander the Great stationed his fleet in Krokola on his way to Babylon.
Alexander the Great defeated Darius and conquered Babylon before expanding his 
empire.
#### Yes.

Example 2:
Q: Was P. G. Wodehouse's favorite book The Hunger Games?

A: P. G. Wodehouse died in 1975.
The Hunger Games was published in 2008.
#### No.
IMPORTANT:
- Think step by step.
- The final line must be exactly in the format: #### Yes. or #### No.
- Do not end with anything else after the final answer.
Your Question:
Q: Could the Dominican Order hypothetically defeat Blessed Gerard's order?

A: The Dominican Order is a Catholic religious order founded in the early 13th century, known for its emphasis on preaching and teaching.
The Order of Blessed Gerard, also known as the Knights Hospitaller, was established in the 11th century to provide care for sick and injured pilgrims in the Holy Land.
The Dominican Order focuses on education and preaching, while the Knights Hospitaller were primarily a military and charitable organization.
Responses:
#### Yes. (Score: 0.00043505430221557617)
#### No. (Score: 0.0005319248884916306)
<EMPTY> (Score: -inf)
<EMPTY> (Score: -inf)

====================
Query:
Use the step-by-step method as shown in the examples to answer the question. Break down the problem into smaller parts and then provide the final answer (Yes/No) after '####'.

Example 1:
Q: Karachi was a part of Alexander the Great's success?

A: Karachi is a city in modern day Pakistan.
Krokola was an ancient port located in what is now Karachi.
Alexander the Great stationed his fleet in Krokola on his way to Babylon.
Alexander the Great defeated Darius and conquered Babylon before expanding his 
empire.
#### Yes.

Example 2:
Q: Was P. G. Wodehouse's favorite book The Hunger Games?

A: P. G. Wodehouse died in 1975.
The Hunger Games was published in 2008.
#### No.
IMPORTANT:
- Think step by step.
- The final line must be exactly in the format: #### Yes. or #### No.
- Do not end with anything else after the final answer.
Your Question:
Q: Could someone with fine motor control issues benefit from an altered keyboard layout?

A:
Responses:
A: Fine motor control issues can make it difficult for individuals to use standard keyboard layouts effectively. (Score: -0.0002488875761628151)
A: Fine motor control issues can make it difficult for individuals to use standard keyboard layouts effectively. (Score: -0.0002488875761628151)
<EMPTY> (Score: -inf)
<EMPTY> (Score: -inf)

====================
Query:
Use the step-by-step method as shown in the examples to answer the question. Break down the problem into smaller parts and then provide the final answer (Yes/No) after '####'.

Example 1:
Q: Karachi was a part of Alexander the Great's success?

A: Karachi is a city in modern day Pakistan.
Krokola was an ancient port located in what is now Karachi.
Alexander the Great stationed his fleet in Krokola on his way to Babylon.
Alexander the Great defeated Darius and conquered Babylon before expanding his 
empire.
#### Yes.

Example 2:
Q: Was P. G. Wodehouse's favorite book The Hunger Games?

A: P. G. Wodehouse died in 1975.
The Hunger Games was published in 2008.
#### No.
IMPORTANT:
- Think step by step.
- The final line must be exactly in the format: #### Yes. or #### No.
- Do not end with anything else after the final answer.
Your Question:
Q: Could someone with fine motor control issues benefit from an altered keyboard layout?

A: A: Fine motor control issues can make it difficult for individuals to use standard keyboard layouts effectively.
Responses:
A: Altered keyboard layouts can be designed to accommodate individuals with fine motor control issues by providing larger keys or a more intuitive arrangement. (Score: -0.00094203045591712)
A: Altered keyboard layouts can be designed to accommodate individuals with fine motor control issues by providing larger keys or a more intuitive arrangement. (Score: -0.00094203045591712)
<EMPTY> (Score: -inf)
<EMPTY> (Score: -inf)

====================
Query:
Use the step-by-step method as shown in the examples to answer the question. Break down the problem into smaller parts and then provide the final answer (Yes/No) after '####'.

Example 1:
Q: Karachi was a part of Alexander the Great's success?

A: Karachi is a city in modern day Pakistan.
Krokola was an ancient port located in what is now Karachi.
Alexander the Great stationed his fleet in Krokola on his way to Babylon.
Alexander the Great defeated Darius and conquered Babylon before expanding his 
empire.
#### Yes.

Example 2:
Q: Was P. G. Wodehouse's favorite book The Hunger Games?

A: P. G. Wodehouse died in 1975.
The Hunger Games was published in 2008.
#### No.
IMPORTANT:
- Think step by step.
- The final line must be exactly in the format: #### Yes. or #### No.
- Do not end with anything else after the final answer.
Your Question:
Q: Could someone with fine motor control issues benefit from an altered keyboard layout?

A: A: Fine motor control issues can make it difficult for individuals to use standard keyboard layouts effectively.
Responses:
An altered keyboard layout can be designed to accommodate individuals with fine motor control issues by providing larger keys or a more intuitive arrangement. (Score: -0.000969836488366127)
An altered keyboard layout can be designed to accommodate individuals with fine motor control issues by providing larger keys or a more ergonomic arrangement. (Score: -0.0007860586047172546)
<EMPTY> (Score: -inf)
<EMPTY> (Score: -inf)

====================
Query:
Use the step-by-step method as shown in the examples to answer the question. Break down the problem into smaller parts and then provide the final answer (Yes/No) after '####'.

Example 1:
Q: Karachi was a part of Alexander the Great's success?

A: Karachi is a city in modern day Pakistan.
Krokola was an ancient port located in what is now Karachi.
Alexander the Great stationed his fleet in Krokola on his way to Babylon.
Alexander the Great defeated Darius and conquered Babylon before expanding his 
empire.
#### Yes.

Example 2:
Q: Was P. G. Wodehouse's favorite book The Hunger Games?

A: P. G. Wodehouse died in 1975.
The Hunger Games was published in 2008.
#### No.
IMPORTANT:
- Think step by step.
- The final line must be exactly in the format: #### Yes. or #### No.
- Do not end with anything else after the final answer.
Your Question:
Q: Could someone with fine motor control issues benefit from an altered keyboard layout?

A: A: Fine motor control issues can make it difficult for individuals to use standard keyboard layouts effectively.
An altered keyboard layout can be designed to accommodate individuals with fine motor control issues by providing larger keys or a more ergonomic arrangement.
Responses:
This can help reduce the strain and improve accessibility for those individuals. (Score: -0.0009639821946620941)
This can help reduce the strain and improve accessibility for those individuals. (Score: -0.0009639821946620941)
<EMPTY> (Score: -inf)
<EMPTY> (Score: -inf)

====================
Query:
Use the step-by-step method as shown in the examples to answer the question. Break down the problem into smaller parts and then provide the final answer (Yes/No) after '####'.

Example 1:
Q: Karachi was a part of Alexander the Great's success?

A: Karachi is a city in modern day Pakistan.
Krokola was an ancient port located in what is now Karachi.
Alexander the Great stationed his fleet in Krokola on his way to Babylon.
Alexander the Great defeated Darius and conquered Babylon before expanding his 
empire.
#### Yes.

Example 2:
Q: Was P. G. Wodehouse's favorite book The Hunger Games?

A: P. G. Wodehouse died in 1975.
The Hunger Games was published in 2008.
#### No.
IMPORTANT:
- Think step by step.
- The final line must be exactly in the format: #### Yes. or #### No.
- Do not end with anything else after the final answer.
Your Question:
Q: Could someone with fine motor control issues benefit from an altered keyboard layout?

A: A: Fine motor control issues can make it difficult for individuals to use standard keyboard layouts effectively.
A: Altered keyboard layouts can be designed to accommodate individuals with fine motor control issues by providing larger keys or a more intuitive arrangement.
Responses:
A: Research has shown that customized keyboard layouts can improve typing efficiency and comfort for those with fine motor control issues. (Score: -0.0014530611224472523)
A: Research has shown that customized keyboard layouts can improve typing efficiency and comfort for those with fine motor control issues. (Score: -0.0014530611224472523)
<EMPTY> (Score: -inf)
<EMPTY> (Score: -inf)

====================
Query:
Use the step-by-step method as shown in the examples to answer the question. Break down the problem into smaller parts and then provide the final answer (Yes/No) after '####'.

Example 1:
Q: Karachi was a part of Alexander the Great's success?

A: Karachi is a city in modern day Pakistan.
Krokola was an ancient port located in what is now Karachi.
Alexander the Great stationed his fleet in Krokola on his way to Babylon.
Alexander the Great defeated Darius and conquered Babylon before expanding his 
empire.
#### Yes.

Example 2:
Q: Was P. G. Wodehouse's favorite book The Hunger Games?

A: P. G. Wodehouse died in 1975.
The Hunger Games was published in 2008.
#### No.
IMPORTANT:
- Think step by step.
- The final line must be exactly in the format: #### Yes. or #### No.
- Do not end with anything else after the final answer.
Your Question:
Q: Could someone with fine motor control issues benefit from an altered keyboard layout?

A: A: Fine motor control issues can make it difficult for individuals to use standard keyboard layouts effectively.
An altered keyboard layout can be designed to accommodate individuals with fine motor control issues by providing larger keys or a more ergonomic arrangement.
This can help reduce the strain and improve accessibility for those individuals.
Responses:
#### Yes. (Score: -0.0012373202480375767)
#### No. (Score: -0.0011348659172654152)
<EMPTY> (Score: -inf)
<EMPTY> (Score: -inf)

====================
Query:
Use the step-by-step method as shown in the examples to answer the question. Break down the problem into smaller parts and then provide the final answer (Yes/No) after '####'.

Example 1:
Q: Karachi was a part of Alexander the Great's success?

A: Karachi is a city in modern day Pakistan.
Krokola was an ancient port located in what is now Karachi.
Alexander the Great stationed his fleet in Krokola on his way to Babylon.
Alexander the Great defeated Darius and conquered Babylon before expanding his 
empire.
#### Yes.

Example 2:
Q: Was P. G. Wodehouse's favorite book The Hunger Games?

A: P. G. Wodehouse died in 1975.
The Hunger Games was published in 2008.
#### No.
IMPORTANT:
- Think step by step.
- The final line must be exactly in the format: #### Yes. or #### No.
- Do not end with anything else after the final answer.
Your Question:
Q: Could someone with fine motor control issues benefit from an altered keyboard layout?

A: A: Fine motor control issues can make it difficult for individuals to use standard keyboard layouts effectively.
An altered keyboard layout can be designed to accommodate individuals with fine motor control issues by providing larger keys or a more ergonomic arrangement.
This can help reduce the strain and improve accessibility for those individuals.
Responses:
#### Yes. (Score: -0.0012373202480375767)
#### No. (Score: -0.0011348659172654152)
<EMPTY> (Score: -inf)
<EMPTY> (Score: -inf)

====================
Query:
Use the step-by-step method as shown in the examples to answer the question. Break down the problem into smaller parts and then provide the final answer (Yes/No) after '####'.

Example 1:
Q: Karachi was a part of Alexander the Great's success?

A: Karachi is a city in modern day Pakistan.
Krokola was an ancient port located in what is now Karachi.
Alexander the Great stationed his fleet in Krokola on his way to Babylon.
Alexander the Great defeated Darius and conquered Babylon before expanding his 
empire.
#### Yes.

Example 2:
Q: Was P. G. Wodehouse's favorite book The Hunger Games?

A: P. G. Wodehouse died in 1975.
The Hunger Games was published in 2008.
#### No.
IMPORTANT:
- Think step by step.
- The final line must be exactly in the format: #### Yes. or #### No.
- Do not end with anything else after the final answer.
Your Question:
Q: Was Mother Theresa a follower of atheism?

A:
Responses:
Mother Teresa was a Roman Catholic nun and missionary. (Score: 0.0009803790599107742)
Mother Teresa was a Roman Catholic nun and missionary. (Score: 0.0009803790599107742)
<EMPTY> (Score: -inf)
<EMPTY> (Score: -inf)

====================
Query:
Use the step-by-step method as shown in the examples to answer the question. Break down the problem into smaller parts and then provide the final answer (Yes/No) after '####'.

Example 1:
Q: Karachi was a part of Alexander the Great's success?

A: Karachi is a city in modern day Pakistan.
Krokola was an ancient port located in what is now Karachi.
Alexander the Great stationed his fleet in Krokola on his way to Babylon.
Alexander the Great defeated Darius and conquered Babylon before expanding his 
empire.
#### Yes.

Example 2:
Q: Was P. G. Wodehouse's favorite book The Hunger Games?

A: P. G. Wodehouse died in 1975.
The Hunger Games was published in 2008.
#### No.
IMPORTANT:
- Think step by step.
- The final line must be exactly in the format: #### Yes. or #### No.
- Do not end with anything else after the final answer.
Your Question:
Q: Was Mother Theresa a follower of atheism?

A: Mother Teresa was a Roman Catholic nun and missionary.
Responses:
She dedicated her life to serving the poor and sick, following the teachings of Christianity. (Score: -0.0007134703919291496)
She dedicated her life to serving the poor and sick, following the teachings of Christianity. (Score: -0.0007134703919291496)
<EMPTY> (Score: -inf)
<EMPTY> (Score: -inf)

====================
Query:
Use the step-by-step method as shown in the examples to answer the question. Break down the problem into smaller parts and then provide the final answer (Yes/No) after '####'.

Example 1:
Q: Karachi was a part of Alexander the Great's success?

A: Karachi is a city in modern day Pakistan.
Krokola was an ancient port located in what is now Karachi.
Alexander the Great stationed his fleet in Krokola on his way to Babylon.
Alexander the Great defeated Darius and conquered Babylon before expanding his 
empire.
#### Yes.

Example 2:
Q: Was P. G. Wodehouse's favorite book The Hunger Games?

A: P. G. Wodehouse died in 1975.
The Hunger Games was published in 2008.
#### No.
IMPORTANT:
- Think step by step.
- The final line must be exactly in the format: #### Yes. or #### No.
- Do not end with anything else after the final answer.
Your Question:
Q: Was Mother Theresa a follower of atheism?

A: Mother Teresa was a Roman Catholic nun and missionary.
Responses:
She dedicated her life to serving the poor and sick, following the teachings of Christianity. (Score: -0.0007050945423543453)
She dedicated her life to serving the poor and sick, following the teachings of Jesus Christ. (Score: -0.0012272247113287449)
<EMPTY> (Score: -inf)
<EMPTY> (Score: -inf)

====================
Query:
Use the step-by-step method as shown in the examples to answer the question. Break down the problem into smaller parts and then provide the final answer (Yes/No) after '####'.

Example 1:
Q: Karachi was a part of Alexander the Great's success?

A: Karachi is a city in modern day Pakistan.
Krokola was an ancient port located in what is now Karachi.
Alexander the Great stationed his fleet in Krokola on his way to Babylon.
Alexander the Great defeated Darius and conquered Babylon before expanding his 
empire.
#### Yes.

Example 2:
Q: Was P. G. Wodehouse's favorite book The Hunger Games?

A: P. G. Wodehouse died in 1975.
The Hunger Games was published in 2008.
#### No.
IMPORTANT:
- Think step by step.
- The final line must be exactly in the format: #### Yes. or #### No.
- Do not end with anything else after the final answer.
Your Question:
Q: Was Mother Theresa a follower of atheism?

A: Mother Teresa was a Roman Catholic nun and missionary.
She dedicated her life to serving the poor and sick, following the teachings of Christianity.
Responses:
She was known for her deep faith and commitment to God. (Score: -0.00020533287897706032)
She was known for her strong faith and belief in God. (Score: -8.137896656990051e-05)
<EMPTY> (Score: -inf)
<EMPTY> (Score: -inf)

====================
Query:
Use the step-by-step method as shown in the examples to answer the question. Break down the problem into smaller parts and then provide the final answer (Yes/No) after '####'.

Example 1:
Q: Karachi was a part of Alexander the Great's success?

A: Karachi is a city in modern day Pakistan.
Krokola was an ancient port located in what is now Karachi.
Alexander the Great stationed his fleet in Krokola on his way to Babylon.
Alexander the Great defeated Darius and conquered Babylon before expanding his 
empire.
#### Yes.

Example 2:
Q: Was P. G. Wodehouse's favorite book The Hunger Games?

A: P. G. Wodehouse died in 1975.
The Hunger Games was published in 2008.
#### No.
IMPORTANT:
- Think step by step.
- The final line must be exactly in the format: #### Yes. or #### No.
- Do not end with anything else after the final answer.
Your Question:
Q: Was Mother Theresa a follower of atheism?

A: Mother Teresa was a Roman Catholic nun and missionary.
She dedicated her life to serving the poor and sick, following the teachings of Christianity.
Responses:
She was known for her deep faith and commitment to God. (Score: -0.00020533287897706032)
She was known for her deep faith and commitment to God. (Score: -0.00020533287897706032)
<EMPTY> (Score: -inf)
<EMPTY> (Score: -inf)

====================
Query:
Use the step-by-step method as shown in the examples to answer the question. Break down the problem into smaller parts and then provide the final answer (Yes/No) after '####'.

Example 1:
Q: Karachi was a part of Alexander the Great's success?

A: Karachi is a city in modern day Pakistan.
Krokola was an ancient port located in what is now Karachi.
Alexander the Great stationed his fleet in Krokola on his way to Babylon.
Alexander the Great defeated Darius and conquered Babylon before expanding his 
empire.
#### Yes.

Example 2:
Q: Was P. G. Wodehouse's favorite book The Hunger Games?

A: P. G. Wodehouse died in 1975.
The Hunger Games was published in 2008.
#### No.
IMPORTANT:
- Think step by step.
- The final line must be exactly in the format: #### Yes. or #### No.
- Do not end with anything else after the final answer.
Your Question:
Q: Was Mother Theresa a follower of atheism?

A: Mother Teresa was a Roman Catholic nun and missionary.
She dedicated her life to serving the poor and sick, following the teachings of Christianity.
She was known for her strong faith and belief in God.
Responses:
#### Yes. (Score: 0.0007617808878421783)
#### No. (Score: 0.0009188107214868069)
<EMPTY> (Score: -inf)
<EMPTY> (Score: -inf)

====================
Query:
Use the step-by-step method as shown in the examples to answer the question. Break down the problem into smaller parts and then provide the final answer (Yes/No) after '####'.

Example 1:
Q: Karachi was a part of Alexander the Great's success?

A: Karachi is a city in modern day Pakistan.
Krokola was an ancient port located in what is now Karachi.
Alexander the Great stationed his fleet in Krokola on his way to Babylon.
Alexander the Great defeated Darius and conquered Babylon before expanding his 
empire.
#### Yes.

Example 2:
Q: Was P. G. Wodehouse's favorite book The Hunger Games?

A: P. G. Wodehouse died in 1975.
The Hunger Games was published in 2008.
#### No.
IMPORTANT:
- Think step by step.
- The final line must be exactly in the format: #### Yes. or #### No.
- Do not end with anything else after the final answer.
Your Question:
Q: Was Mother Theresa a follower of atheism?

A: Mother Teresa was a Roman Catholic nun and missionary.
She dedicated her life to serving the poor and sick, following the teachings of Christianity.
She was known for her deep faith and commitment to God.
Responses:
#### Yes. (Score: 0.0006053564138710499)
#### No. (Score: 0.0007750471122562885)
<EMPTY> (Score: -inf)
<EMPTY> (Score: -inf)

====================
Query:
Use the step-by-step method as shown in the examples to answer the question. Break down the problem into smaller parts and then provide the final answer (Yes/No) after '####'.

Example 1:
Q: Karachi was a part of Alexander the Great's success?

A: Karachi is a city in modern day Pakistan.
Krokola was an ancient port located in what is now Karachi.
Alexander the Great stationed his fleet in Krokola on his way to Babylon.
Alexander the Great defeated Darius and conquered Babylon before expanding his 
empire.
#### Yes.

Example 2:
Q: Was P. G. Wodehouse's favorite book The Hunger Games?

A: P. G. Wodehouse died in 1975.
The Hunger Games was published in 2008.
#### No.
IMPORTANT:
- Think step by step.
- The final line must be exactly in the format: #### Yes. or #### No.
- Do not end with anything else after the final answer.
Your Question:
Q: Are all types of pottery safe to cook in?

A:
Responses:
A: Pottery can be made from various materials, including earthenware, stoneware, and porcelain. (Score: -0.001077981200069189)
A: Pottery can be made from various materials, including earthenware, stoneware, and porcelain. (Score: -0.001077981200069189)
<EMPTY> (Score: -inf)
<EMPTY> (Score: -inf)

====================
Query:
Use the step-by-step method as shown in the examples to answer the question. Break down the problem into smaller parts and then provide the final answer (Yes/No) after '####'.

Example 1:
Q: Karachi was a part of Alexander the Great's success?

A: Karachi is a city in modern day Pakistan.
Krokola was an ancient port located in what is now Karachi.
Alexander the Great stationed his fleet in Krokola on his way to Babylon.
Alexander the Great defeated Darius and conquered Babylon before expanding his 
empire.
#### Yes.

Example 2:
Q: Was P. G. Wodehouse's favorite book The Hunger Games?

A: P. G. Wodehouse died in 1975.
The Hunger Games was published in 2008.
#### No.
IMPORTANT:
- Think step by step.
- The final line must be exactly in the format: #### Yes. or #### No.
- Do not end with anything else after the final answer.
Your Question:
Q: Are all types of pottery safe to cook in?

A: A: Pottery can be made from various materials, including earthenware, stoneware, and porcelain.
Responses:
Different types of pottery have different properties and safety standards. (Score: -0.00021888874471187592)
Different types of pottery have different properties and safety standards. (Score: -0.00021888874471187592)
<EMPTY> (Score: -inf)
<EMPTY> (Score: -inf)

====================
Query:
Use the step-by-step method as shown in the examples to answer the question. Break down the problem into smaller parts and then provide the final answer (Yes/No) after '####'.

Example 1:
Q: Karachi was a part of Alexander the Great's success?

A: Karachi is a city in modern day Pakistan.
Krokola was an ancient port located in what is now Karachi.
Alexander the Great stationed his fleet in Krokola on his way to Babylon.
Alexander the Great defeated Darius and conquered Babylon before expanding his 
empire.
#### Yes.

Example 2:
Q: Was P. G. Wodehouse's favorite book The Hunger Games?

A: P. G. Wodehouse died in 1975.
The Hunger Games was published in 2008.
#### No.
IMPORTANT:
- Think step by step.
- The final line must be exactly in the format: #### Yes. or #### No.
- Do not end with anything else after the final answer.
Your Question:
Q: Are all types of pottery safe to cook in?

A: A: Pottery can be made from various materials, including earthenware, stoneware, and porcelain.
Responses:
Different types of pottery have different properties and safety standards. (Score: -0.00021888874471187592)
Different types of pottery have different properties and safety standards. (Score: -0.00021888874471187592)
<EMPTY> (Score: -inf)
<EMPTY> (Score: -inf)

====================
Query:
Use the step-by-step method as shown in the examples to answer the question. Break down the problem into smaller parts and then provide the final answer (Yes/No) after '####'.

Example 1:
Q: Karachi was a part of Alexander the Great's success?

A: Karachi is a city in modern day Pakistan.
Krokola was an ancient port located in what is now Karachi.
Alexander the Great stationed his fleet in Krokola on his way to Babylon.
Alexander the Great defeated Darius and conquered Babylon before expanding his 
empire.
#### Yes.

Example 2:
Q: Was P. G. Wodehouse's favorite book The Hunger Games?

A: P. G. Wodehouse died in 1975.
The Hunger Games was published in 2008.
#### No.
IMPORTANT:
- Think step by step.
- The final line must be exactly in the format: #### Yes. or #### No.
- Do not end with anything else after the final answer.
Your Question:
Q: Are all types of pottery safe to cook in?

A: A: Pottery can be made from various materials, including earthenware, stoneware, and porcelain.
Different types of pottery have different properties and safety standards.
Responses:
Some pottery is specifically designed for cooking and is labeled as oven-safe or microwave-safe. (Score: -0.0005042511038482189)
Some pottery is specifically designed for cooking and is safe to use in ovens and microwaves, while others may contain harmful materials or glazes that can leach into food when heated. (Score: -0.00035678455606102943)
<EMPTY> (Score: -inf)
<EMPTY> (Score: -inf)

====================
Query:
Use the step-by-step method as shown in the examples to answer the question. Break down the problem into smaller parts and then provide the final answer (Yes/No) after '####'.

Example 1:
Q: Karachi was a part of Alexander the Great's success?

A: Karachi is a city in modern day Pakistan.
Krokola was an ancient port located in what is now Karachi.
Alexander the Great stationed his fleet in Krokola on his way to Babylon.
Alexander the Great defeated Darius and conquered Babylon before expanding his 
empire.
#### Yes.

Example 2:
Q: Was P. G. Wodehouse's favorite book The Hunger Games?

A: P. G. Wodehouse died in 1975.
The Hunger Games was published in 2008.
#### No.
IMPORTANT:
- Think step by step.
- The final line must be exactly in the format: #### Yes. or #### No.
- Do not end with anything else after the final answer.
Your Question:
Q: Are all types of pottery safe to cook in?

A: A: Pottery can be made from various materials, including earthenware, stoneware, and porcelain.
Different types of pottery have different properties and safety standards.
Responses:
Some pottery is specifically designed for cooking and is labeled as oven-safe or microwave-safe. (Score: -0.0005048136226832867)
Some pottery is specifically designed for cooking, while others may not be safe due to the materials used or the glazing process. (Score: -0.001359245739877224)
<EMPTY> (Score: -inf)
<EMPTY> (Score: -inf)

====================
Query:
Use the step-by-step method as shown in the examples to answer the question. Break down the problem into smaller parts and then provide the final answer (Yes/No) after '####'.

Example 1:
Q: Karachi was a part of Alexander the Great's success?

A: Karachi is a city in modern day Pakistan.
Krokola was an ancient port located in what is now Karachi.
Alexander the Great stationed his fleet in Krokola on his way to Babylon.
Alexander the Great defeated Darius and conquered Babylon before expanding his 
empire.
#### Yes.

Example 2:
Q: Was P. G. Wodehouse's favorite book The Hunger Games?

A: P. G. Wodehouse died in 1975.
The Hunger Games was published in 2008.
#### No.
IMPORTANT:
- Think step by step.
- The final line must be exactly in the format: #### Yes. or #### No.
- Do not end with anything else after the final answer.
Your Question:
Q: Are all types of pottery safe to cook in?

A: A: Pottery can be made from various materials, including earthenware, stoneware, and porcelain.
Different types of pottery have different properties and safety standards.
Some pottery is specifically designed for cooking and is safe to use in ovens and microwaves, while others may contain harmful materials or glazes that can leach into food when heated.
Responses:
#### Yes. (Score: 0.00025778496637940407)
#### No. (Score: 0.00036990735679864883)
<EMPTY> (Score: -inf)
<EMPTY> (Score: -inf)

====================
Query:
Use the step-by-step method as shown in the examples to answer the question. Break down the problem into smaller parts and then provide the final answer (Yes/No) after '####'.

Example 1:
Q: Karachi was a part of Alexander the Great's success?

A: Karachi is a city in modern day Pakistan.
Krokola was an ancient port located in what is now Karachi.
Alexander the Great stationed his fleet in Krokola on his way to Babylon.
Alexander the Great defeated Darius and conquered Babylon before expanding his 
empire.
#### Yes.

Example 2:
Q: Was P. G. Wodehouse's favorite book The Hunger Games?

A: P. G. Wodehouse died in 1975.
The Hunger Games was published in 2008.
#### No.
IMPORTANT:
- Think step by step.
- The final line must be exactly in the format: #### Yes. or #### No.
- Do not end with anything else after the final answer.
Your Question:
Q: Are all types of pottery safe to cook in?

A: A: Pottery can be made from various materials, including earthenware, stoneware, and porcelain.
Different types of pottery have different properties and safety standards.
Some pottery is specifically designed for cooking and is labeled as oven-safe or microwave-safe.
Responses:
#### Yes. (Score: -0.0009410297498106956)
#### No. (Score: -0.0008875047788023949)
<EMPTY> (Score: -inf)
<EMPTY> (Score: -inf)

====================
Query:
Use the step-by-step method as shown in the examples to answer the question. Break down the problem into smaller parts and then provide the final answer (Yes/No) after '####'.

Example 1:
Q: Karachi was a part of Alexander the Great's success?

A: Karachi is a city in modern day Pakistan.
Krokola was an ancient port located in what is now Karachi.
Alexander the Great stationed his fleet in Krokola on his way to Babylon.
Alexander the Great defeated Darius and conquered Babylon before expanding his 
empire.
#### Yes.

Example 2:
Q: Was P. G. Wodehouse's favorite book The Hunger Games?

A: P. G. Wodehouse died in 1975.
The Hunger Games was published in 2008.
#### No.
IMPORTANT:
- Think step by step.
- The final line must be exactly in the format: #### Yes. or #### No.
- Do not end with anything else after the final answer.
Your Question:
Q: Is Edgar Allan Poe obscure in the world of horror fiction?

A:
Responses:
Edgar Allan Poe is a well-known American writer and poet. (Score: 0.0001409389078617096)
Edgar Allan Poe is a well-known American writer and poet. (Score: 0.0001409389078617096)
<EMPTY> (Score: -inf)
<EMPTY> (Score: -inf)

====================
Query:
Use the step-by-step method as shown in the examples to answer the question. Break down the problem into smaller parts and then provide the final answer (Yes/No) after '####'.

Example 1:
Q: Karachi was a part of Alexander the Great's success?

A: Karachi is a city in modern day Pakistan.
Krokola was an ancient port located in what is now Karachi.
Alexander the Great stationed his fleet in Krokola on his way to Babylon.
Alexander the Great defeated Darius and conquered Babylon before expanding his 
empire.
#### Yes.

Example 2:
Q: Was P. G. Wodehouse's favorite book The Hunger Games?

A: P. G. Wodehouse died in 1975.
The Hunger Games was published in 2008.
#### No.
IMPORTANT:
- Think step by step.
- The final line must be exactly in the format: #### Yes. or #### No.
- Do not end with anything else after the final answer.
Your Question:
Q: Is Edgar Allan Poe obscure in the world of horror fiction?

A: Edgar Allan Poe is a well-known American writer and poet.
Responses:
He is often regarded as a pioneer of the horror genre. (Score: 0.0001325095072388649)
He is often regarded as a pioneer of the horror genre. (Score: 0.0001325095072388649)
<EMPTY> (Score: -inf)
<EMPTY> (Score: -inf)

====================
Query:
Use the step-by-step method as shown in the examples to answer the question. Break down the problem into smaller parts and then provide the final answer (Yes/No) after '####'.

Example 1:
Q: Karachi was a part of Alexander the Great's success?

A: Karachi is a city in modern day Pakistan.
Krokola was an ancient port located in what is now Karachi.
Alexander the Great stationed his fleet in Krokola on his way to Babylon.
Alexander the Great defeated Darius and conquered Babylon before expanding his 
empire.
#### Yes.

Example 2:
Q: Was P. G. Wodehouse's favorite book The Hunger Games?

A: P. G. Wodehouse died in 1975.
The Hunger Games was published in 2008.
#### No.
IMPORTANT:
- Think step by step.
- The final line must be exactly in the format: #### Yes. or #### No.
- Do not end with anything else after the final answer.
Your Question:
Q: Is Edgar Allan Poe obscure in the world of horror fiction?

A: Edgar Allan Poe is a well-known American writer and poet.
Responses:
He is often regarded as a pioneer of the horror genre. (Score: 0.0001325095072388649)
He is often regarded as a pioneer of the horror genre. (Score: 0.0001325095072388649)
<EMPTY> (Score: -inf)
<EMPTY> (Score: -inf)

====================
Query:
Use the step-by-step method as shown in the examples to answer the question. Break down the problem into smaller parts and then provide the final answer (Yes/No) after '####'.

Example 1:
Q: Karachi was a part of Alexander the Great's success?

A: Karachi is a city in modern day Pakistan.
Krokola was an ancient port located in what is now Karachi.
Alexander the Great stationed his fleet in Krokola on his way to Babylon.
Alexander the Great defeated Darius and conquered Babylon before expanding his 
empire.
#### Yes.

Example 2:
Q: Was P. G. Wodehouse's favorite book The Hunger Games?

A: P. G. Wodehouse died in 1975.
The Hunger Games was published in 2008.
#### No.
IMPORTANT:
- Think step by step.
- The final line must be exactly in the format: #### Yes. or #### No.
- Do not end with anything else after the final answer.
Your Question:
Q: Is Edgar Allan Poe obscure in the world of horror fiction?

A: Edgar Allan Poe is a well-known American writer and poet.
He is often regarded as a pioneer of the horror genre.
Responses:
He is famous for his macabre and gothic tales, such as "The Tell-Tale Heart" and "The Fall of the House of Usher.". (Score: -0.0028980905190110207)
He is famous for works such as "The Tell-Tale Heart" and "The Raven.". (Score: -0.00156425591558218)
<EMPTY> (Score: -inf)
<EMPTY> (Score: -inf)

====================
Query:
Use the step-by-step method as shown in the examples to answer the question. Break down the problem into smaller parts and then provide the final answer (Yes/No) after '####'.

Example 1:
Q: Karachi was a part of Alexander the Great's success?

A: Karachi is a city in modern day Pakistan.
Krokola was an ancient port located in what is now Karachi.
Alexander the Great stationed his fleet in Krokola on his way to Babylon.
Alexander the Great defeated Darius and conquered Babylon before expanding his 
empire.
#### Yes.

Example 2:
Q: Was P. G. Wodehouse's favorite book The Hunger Games?

A: P. G. Wodehouse died in 1975.
The Hunger Games was published in 2008.
#### No.
IMPORTANT:
- Think step by step.
- The final line must be exactly in the format: #### Yes. or #### No.
- Do not end with anything else after the final answer.
Your Question:
Q: Is Edgar Allan Poe obscure in the world of horror fiction?

A: Edgar Allan Poe is a well-known American writer and poet.
He is often regarded as a pioneer of the horror genre.
Responses:
He is famous for his macabre and gothic tales, such as "The Tell-Tale Heart" and "The Fall of the House of Usher.". (Score: -0.0028980905190110207)
He is famous for his macabre and gothic tales, such as "The Tell-Tale Heart" and "The Fall of the House of Usher.". (Score: -0.0028980905190110207)
<EMPTY> (Score: -inf)
<EMPTY> (Score: -inf)

====================
Query:
Use the step-by-step method as shown in the examples to answer the question. Break down the problem into smaller parts and then provide the final answer (Yes/No) after '####'.

Example 1:
Q: Karachi was a part of Alexander the Great's success?

A: Karachi is a city in modern day Pakistan.
Krokola was an ancient port located in what is now Karachi.
Alexander the Great stationed his fleet in Krokola on his way to Babylon.
Alexander the Great defeated Darius and conquered Babylon before expanding his 
empire.
#### Yes.

Example 2:
Q: Was P. G. Wodehouse's favorite book The Hunger Games?

A: P. G. Wodehouse died in 1975.
The Hunger Games was published in 2008.
#### No.
IMPORTANT:
- Think step by step.
- The final line must be exactly in the format: #### Yes. or #### No.
- Do not end with anything else after the final answer.
Your Question:
Q: Is Edgar Allan Poe obscure in the world of horror fiction?

A: Edgar Allan Poe is a well-known American writer and poet.
He is often regarded as a pioneer of the horror genre.
He is famous for works such as "The Tell-Tale Heart" and "The Raven.".
Responses:
#### Yes. (Score: -7.95312225818634e-05)
#### No. (Score: -0.0001653609797358513)
<EMPTY> (Score: -inf)
<EMPTY> (Score: -inf)

====================
Query:
Use the step-by-step method as shown in the examples to answer the question. Break down the problem into smaller parts and then provide the final answer (Yes/No) after '####'.

Example 1:
Q: Karachi was a part of Alexander the Great's success?

A: Karachi is a city in modern day Pakistan.
Krokola was an ancient port located in what is now Karachi.
Alexander the Great stationed his fleet in Krokola on his way to Babylon.
Alexander the Great defeated Darius and conquered Babylon before expanding his 
empire.
#### Yes.

Example 2:
Q: Was P. G. Wodehouse's favorite book The Hunger Games?

A: P. G. Wodehouse died in 1975.
The Hunger Games was published in 2008.
#### No.
IMPORTANT:
- Think step by step.
- The final line must be exactly in the format: #### Yes. or #### No.
- Do not end with anything else after the final answer.
Your Question:
Q: Is Edgar Allan Poe obscure in the world of horror fiction?

A: Edgar Allan Poe is a well-known American writer and poet.
He is often regarded as a pioneer of the horror genre.
He is famous for his macabre and gothic tales, such as "The Tell-Tale Heart" and "The Fall of the House of Usher.".
Responses:
#### Yes. (Score: -0.0013766521587967873)
#### No. (Score: -0.0015282407402992249)
<EMPTY> (Score: -inf)
<EMPTY> (Score: -inf)

====================
Query:
Use the step-by-step method as shown in the examples to answer the question. Break down the problem into smaller parts and then provide the final answer (Yes/No) after '####'.

Example 1:
Q: Karachi was a part of Alexander the Great's success?

A: Karachi is a city in modern day Pakistan.
Krokola was an ancient port located in what is now Karachi.
Alexander the Great stationed his fleet in Krokola on his way to Babylon.
Alexander the Great defeated Darius and conquered Babylon before expanding his 
empire.
#### Yes.

Example 2:
Q: Was P. G. Wodehouse's favorite book The Hunger Games?

A: P. G. Wodehouse died in 1975.
The Hunger Games was published in 2008.
#### No.
IMPORTANT:
- Think step by step.
- The final line must be exactly in the format: #### Yes. or #### No.
- Do not end with anything else after the final answer.
Your Question:
Q: Are rainbows devoid of color made by mixing yin and yang colors?

A:
Responses:
A: Rainbows are optical and meteorological phenomena that result from the refraction, dispersion, and reflection of light in water droplets, creating a spectrum of colors in the sky. (Score: -0.001978391781449318)
A: Rainbows are optical and meteorological phenomena that result from the refraction, dispersion, and reflection of light in water droplets, creating a spectrum of colors in the sky. (Score: -0.001978391781449318)
<EMPTY> (Score: -inf)
<EMPTY> (Score: -inf)

====================
Query:
Use the step-by-step method as shown in the examples to answer the question. Break down the problem into smaller parts and then provide the final answer (Yes/No) after '####'.

Example 1:
Q: Karachi was a part of Alexander the Great's success?

A: Karachi is a city in modern day Pakistan.
Krokola was an ancient port located in what is now Karachi.
Alexander the Great stationed his fleet in Krokola on his way to Babylon.
Alexander the Great defeated Darius and conquered Babylon before expanding his 
empire.
#### Yes.

Example 2:
Q: Was P. G. Wodehouse's favorite book The Hunger Games?

A: P. G. Wodehouse died in 1975.
The Hunger Games was published in 2008.
#### No.
IMPORTANT:
- Think step by step.
- The final line must be exactly in the format: #### Yes. or #### No.
- Do not end with anything else after the final answer.
Your Question:
Q: Are rainbows devoid of color made by mixing yin and yang colors?

A: A: Rainbows are optical and meteorological phenomena that result from the refraction, dispersion, and reflection of light in water droplets, creating a spectrum of colors in the sky.
Responses:
Rainbows are typically composed of a spectrum of colors, including red, orange, yellow, green, blue, indigo, and violet. (Score: -0.0016914596781134605)
Rainbows are typically composed of a spectrum of colors, including red, orange, yellow, green, blue, indigo, and violet. (Score: -0.0016914596781134605)
<EMPTY> (Score: -inf)
<EMPTY> (Score: -inf)

====================
Query:
Use the step-by-step method as shown in the examples to answer the question. Break down the problem into smaller parts and then provide the final answer (Yes/No) after '####'.

Example 1:
Q: Karachi was a part of Alexander the Great's success?

A: Karachi is a city in modern day Pakistan.
Krokola was an ancient port located in what is now Karachi.
Alexander the Great stationed his fleet in Krokola on his way to Babylon.
Alexander the Great defeated Darius and conquered Babylon before expanding his 
empire.
#### Yes.

Example 2:
Q: Was P. G. Wodehouse's favorite book The Hunger Games?

A: P. G. Wodehouse died in 1975.
The Hunger Games was published in 2008.
#### No.
IMPORTANT:
- Think step by step.
- The final line must be exactly in the format: #### Yes. or #### No.
- Do not end with anything else after the final answer.
Your Question:
Q: Are rainbows devoid of color made by mixing yin and yang colors?

A: A: Rainbows are optical and meteorological phenomena that result from the refraction, dispersion, and reflection of light in water droplets, creating a spectrum of colors in the sky.
Responses:
Rainbows are typically composed of a spectrum of colors, including red, orange, yellow, green, blue, indigo, and violet. (Score: -0.0016914596781134605)
Rainbows are typically composed of a spectrum of colors, including red, orange, yellow, green, blue, indigo, and violet. (Score: -0.0016914596781134605)
<EMPTY> (Score: -inf)
<EMPTY> (Score: -inf)

====================
Query:
Use the step-by-step method as shown in the examples to answer the question. Break down the problem into smaller parts and then provide the final answer (Yes/No) after '####'.

Example 1:
Q: Karachi was a part of Alexander the Great's success?

A: Karachi is a city in modern day Pakistan.
Krokola was an ancient port located in what is now Karachi.
Alexander the Great stationed his fleet in Krokola on his way to Babylon.
Alexander the Great defeated Darius and conquered Babylon before expanding his 
empire.
#### Yes.

Example 2:
Q: Was P. G. Wodehouse's favorite book The Hunger Games?

A: P. G. Wodehouse died in 1975.
The Hunger Games was published in 2008.
#### No.
IMPORTANT:
- Think step by step.
- The final line must be exactly in the format: #### Yes. or #### No.
- Do not end with anything else after the final answer.
Your Question:
Q: Are rainbows devoid of color made by mixing yin and yang colors?

A: A: Rainbows are optical and meteorological phenomena that result from the refraction, dispersion, and reflection of light in water droplets, creating a spectrum of colors in the sky.
Rainbows are typically composed of a spectrum of colors, including red, orange, yellow, green, blue, indigo, and violet.
Responses:
The concept of yin and yang originates from Chinese philosophy and represents dualism, where opposite forces are interconnected and interdependent. (Score: -0.0015103472396731377)
The concept of yin and yang originates from Chinese philosophy and represents dualism, where opposite forces are interconnected and interdependent. (Score: -0.0015103472396731377)
<EMPTY> (Score: -inf)
<EMPTY> (Score: -inf)

====================
Query:
Use the step-by-step method as shown in the examples to answer the question. Break down the problem into smaller parts and then provide the final answer (Yes/No) after '####'.

Example 1:
Q: Karachi was a part of Alexander the Great's success?

A: Karachi is a city in modern day Pakistan.
Krokola was an ancient port located in what is now Karachi.
Alexander the Great stationed his fleet in Krokola on his way to Babylon.
Alexander the Great defeated Darius and conquered Babylon before expanding his 
empire.
#### Yes.

Example 2:
Q: Was P. G. Wodehouse's favorite book The Hunger Games?

A: P. G. Wodehouse died in 1975.
The Hunger Games was published in 2008.
#### No.
IMPORTANT:
- Think step by step.
- The final line must be exactly in the format: #### Yes. or #### No.
- Do not end with anything else after the final answer.
Your Question:
Q: Are rainbows devoid of color made by mixing yin and yang colors?

A: A: Rainbows are optical and meteorological phenomena that result from the refraction, dispersion, and reflection of light in water droplets, creating a spectrum of colors in the sky.
Rainbows are typically composed of a spectrum of colors, including red, orange, yellow, green, blue, indigo, and violet.
Responses:
The concept of yin and yang originates from Chinese philosophy and represents dualism, where opposite forces are interconnected and interdependent. (Score: -0.0015103472396731377)
The concept of yin and yang originates from Chinese philosophy and represents dualism, where opposite forces are interconnected and interdependent. (Score: -0.0015103472396731377)
<EMPTY> (Score: -inf)
<EMPTY> (Score: -inf)

====================
Query:
Use the step-by-step method as shown in the examples to answer the question. Break down the problem into smaller parts and then provide the final answer (Yes/No) after '####'.

Example 1:
Q: Karachi was a part of Alexander the Great's success?

A: Karachi is a city in modern day Pakistan.
Krokola was an ancient port located in what is now Karachi.
Alexander the Great stationed his fleet in Krokola on his way to Babylon.
Alexander the Great defeated Darius and conquered Babylon before expanding his 
empire.
#### Yes.

Example 2:
Q: Was P. G. Wodehouse's favorite book The Hunger Games?

A: P. G. Wodehouse died in 1975.
The Hunger Games was published in 2008.
#### No.
IMPORTANT:
- Think step by step.
- The final line must be exactly in the format: #### Yes. or #### No.
- Do not end with anything else after the final answer.
Your Question:
Q: Are rainbows devoid of color made by mixing yin and yang colors?

A: A: Rainbows are optical and meteorological phenomena that result from the refraction, dispersion, and reflection of light in water droplets, creating a spectrum of colors in the sky.
Rainbows are typically composed of a spectrum of colors, including red, orange, yellow, green, blue, indigo, and violet.
The concept of yin and yang originates from Chinese philosophy and represents dualism, where opposite forces are interconnected and interdependent.
Responses:
#### Yes. (Score: -0.0007103197276592255)
#### No. (Score: -0.0006717238575220108)
<EMPTY> (Score: -inf)
<EMPTY> (Score: -inf)

====================
Query:
Use the step-by-step method as shown in the examples to answer the question. Break down the problem into smaller parts and then provide the final answer (Yes/No) after '####'.

Example 1:
Q: Karachi was a part of Alexander the Great's success?

A: Karachi is a city in modern day Pakistan.
Krokola was an ancient port located in what is now Karachi.
Alexander the Great stationed his fleet in Krokola on his way to Babylon.
Alexander the Great defeated Darius and conquered Babylon before expanding his 
empire.
#### Yes.

Example 2:
Q: Was P. G. Wodehouse's favorite book The Hunger Games?

A: P. G. Wodehouse died in 1975.
The Hunger Games was published in 2008.
#### No.
IMPORTANT:
- Think step by step.
- The final line must be exactly in the format: #### Yes. or #### No.
- Do not end with anything else after the final answer.
Your Question:
Q: Are rainbows devoid of color made by mixing yin and yang colors?

A: A: Rainbows are optical and meteorological phenomena that result from the refraction, dispersion, and reflection of light in water droplets, creating a spectrum of colors in the sky.
Rainbows are typically composed of a spectrum of colors, including red, orange, yellow, green, blue, indigo, and violet.
The concept of yin and yang originates from Chinese philosophy and represents dualism, where opposite forces are interconnected and interdependent.
Responses:
#### Yes. (Score: -0.0007103197276592255)
#### No. (Score: -0.0006717238575220108)
<EMPTY> (Score: -inf)
<EMPTY> (Score: -inf)

====================
Query:
Use the step-by-step method as shown in the examples to answer the question. Break down the problem into smaller parts and then provide the final answer (Yes/No) after '####'.

Example 1:
Q: Karachi was a part of Alexander the Great's success?

A: Karachi is a city in modern day Pakistan.
Krokola was an ancient port located in what is now Karachi.
Alexander the Great stationed his fleet in Krokola on his way to Babylon.
Alexander the Great defeated Darius and conquered Babylon before expanding his 
empire.
#### Yes.

Example 2:
Q: Was P. G. Wodehouse's favorite book The Hunger Games?

A: P. G. Wodehouse died in 1975.
The Hunger Games was published in 2008.
#### No.
IMPORTANT:
- Think step by step.
- The final line must be exactly in the format: #### Yes. or #### No.
- Do not end with anything else after the final answer.
Your Question:
Q: Could a cow produce Harvey Milk?

A:
Responses:
A: Harvey Milk was a prominent gay rights activist and politician who served on the San Francisco Board of Supervisors. (Score: -0.00037150364369153976)
A: Harvey Milk was a prominent gay rights activist and politician who served on the San Francisco Board of Supervisors. (Score: -0.00037150364369153976)
<EMPTY> (Score: -inf)
<EMPTY> (Score: -inf)

====================
Query:
Use the step-by-step method as shown in the examples to answer the question. Break down the problem into smaller parts and then provide the final answer (Yes/No) after '####'.

Example 1:
Q: Karachi was a part of Alexander the Great's success?

A: Karachi is a city in modern day Pakistan.
Krokola was an ancient port located in what is now Karachi.
Alexander the Great stationed his fleet in Krokola on his way to Babylon.
Alexander the Great defeated Darius and conquered Babylon before expanding his 
empire.
#### Yes.

Example 2:
Q: Was P. G. Wodehouse's favorite book The Hunger Games?

A: P. G. Wodehouse died in 1975.
The Hunger Games was published in 2008.
#### No.
IMPORTANT:
- Think step by step.
- The final line must be exactly in the format: #### Yes. or #### No.
- Do not end with anything else after the final answer.
Your Question:
Q: Could a cow produce Harvey Milk?

A: A: Harvey Milk was a prominent gay rights activist and politician who served on the San Francisco Board of Supervisors.
Responses:
A: Harvey Milk was a prominent gay rights activist and politician who served on the San Francisco Board of Supervisors. (Score: -0.0006883521564304829)
A: Harvey Milk is not a product that can be produced; he was a human being. (Score: 0.00019316840916872025)
<EMPTY> (Score: -inf)
<EMPTY> (Score: -inf)

====================
Query:
Use the step-by-step method as shown in the examples to answer the question. Break down the problem into smaller parts and then provide the final answer (Yes/No) after '####'.

Example 1:
Q: Karachi was a part of Alexander the Great's success?

A: Karachi is a city in modern day Pakistan.
Krokola was an ancient port located in what is now Karachi.
Alexander the Great stationed his fleet in Krokola on his way to Babylon.
Alexander the Great defeated Darius and conquered Babylon before expanding his 
empire.
#### Yes.

Example 2:
Q: Was P. G. Wodehouse's favorite book The Hunger Games?

A: P. G. Wodehouse died in 1975.
The Hunger Games was published in 2008.
#### No.
IMPORTANT:
- Think step by step.
- The final line must be exactly in the format: #### Yes. or #### No.
- Do not end with anything else after the final answer.
Your Question:
Q: Could a cow produce Harvey Milk?

A: A: Harvey Milk was a prominent gay rights activist and politician who served on the San Francisco Board of Supervisors.
Responses:
A: Harvey Milk is not a product that can be produced; he was a human being. (Score: 0.00017668912187218666)
A: Harvey Milk is not a product that can be produced; he was a human being. (Score: 0.00017668912187218666)
<EMPTY> (Score: -inf)
<EMPTY> (Score: -inf)

====================
Query:
Use the step-by-step method as shown in the examples to answer the question. Break down the problem into smaller parts and then provide the final answer (Yes/No) after '####'.

Example 1:
Q: Karachi was a part of Alexander the Great's success?

A: Karachi is a city in modern day Pakistan.
Krokola was an ancient port located in what is now Karachi.
Alexander the Great stationed his fleet in Krokola on his way to Babylon.
Alexander the Great defeated Darius and conquered Babylon before expanding his 
empire.
#### Yes.

Example 2:
Q: Was P. G. Wodehouse's favorite book The Hunger Games?

A: P. G. Wodehouse died in 1975.
The Hunger Games was published in 2008.
#### No.
IMPORTANT:
- Think step by step.
- The final line must be exactly in the format: #### Yes. or #### No.
- Do not end with anything else after the final answer.
Your Question:
Q: Could a cow produce Harvey Milk?

A: A: Harvey Milk was a prominent gay rights activist and politician who served on the San Francisco Board of Supervisors.
A: Harvey Milk is not a product that can be produced; he was a human being.
Responses:
A: Cows are animals that produce milk, which is a dairy product. (Score: -0.00025390880182385445)
A: Cows are animals that produce milk, which is a dairy product. (Score: -0.00025390880182385445)
<EMPTY> (Score: -inf)
<EMPTY> (Score: -inf)

====================
Query:
Use the step-by-step method as shown in the examples to answer the question. Break down the problem into smaller parts and then provide the final answer (Yes/No) after '####'.

Example 1:
Q: Karachi was a part of Alexander the Great's success?

A: Karachi is a city in modern day Pakistan.
Krokola was an ancient port located in what is now Karachi.
Alexander the Great stationed his fleet in Krokola on his way to Babylon.
Alexander the Great defeated Darius and conquered Babylon before expanding his 
empire.
#### Yes.

Example 2:
Q: Was P. G. Wodehouse's favorite book The Hunger Games?

A: P. G. Wodehouse died in 1975.
The Hunger Games was published in 2008.
#### No.
IMPORTANT:
- Think step by step.
- The final line must be exactly in the format: #### Yes. or #### No.
- Do not end with anything else after the final answer.
Your Question:
Q: Could a cow produce Harvey Milk?

A: A: Harvey Milk was a prominent gay rights activist and politician who served on the San Francisco Board of Supervisors.
A: Harvey Milk is not a product that can be produced; he was a human being.
Responses:
A: Cows are animals that produce milk, which is a dairy product. (Score: -0.00025390880182385445)
A: Cows are animals that produce milk, which is a dairy product. (Score: -0.00025390880182385445)
<EMPTY> (Score: -inf)
<EMPTY> (Score: -inf)

====================
Query:
Use the step-by-step method as shown in the examples to answer the question. Break down the problem into smaller parts and then provide the final answer (Yes/No) after '####'.

Example 1:
Q: Karachi was a part of Alexander the Great's success?

A: Karachi is a city in modern day Pakistan.
Krokola was an ancient port located in what is now Karachi.
Alexander the Great stationed his fleet in Krokola on his way to Babylon.
Alexander the Great defeated Darius and conquered Babylon before expanding his 
empire.
#### Yes.

Example 2:
Q: Was P. G. Wodehouse's favorite book The Hunger Games?

A: P. G. Wodehouse died in 1975.
The Hunger Games was published in 2008.
#### No.
IMPORTANT:
- Think step by step.
- The final line must be exactly in the format: #### Yes. or #### No.
- Do not end with anything else after the final answer.
Your Question:
Q: Could a cow produce Harvey Milk?

A: A: Harvey Milk was a prominent gay rights activist and politician who served on the San Francisco Board of Supervisors.
A: Harvey Milk is not a product that can be produced; he was a human being.
A: Cows are animals that produce milk, which is a dairy product.
Responses:
#### Yes. (Score: 0.0003861440345644951)
#### No. (Score: 0.0005235299468040466)
<EMPTY> (Score: -inf)
<EMPTY> (Score: -inf)

====================
Query:
Use the step-by-step method as shown in the examples to answer the question. Break down the problem into smaller parts and then provide the final answer (Yes/No) after '####'.

Example 1:
Q: Karachi was a part of Alexander the Great's success?

A: Karachi is a city in modern day Pakistan.
Krokola was an ancient port located in what is now Karachi.
Alexander the Great stationed his fleet in Krokola on his way to Babylon.
Alexander the Great defeated Darius and conquered Babylon before expanding his 
empire.
#### Yes.

Example 2:
Q: Was P. G. Wodehouse's favorite book The Hunger Games?

A: P. G. Wodehouse died in 1975.
The Hunger Games was published in 2008.
#### No.
IMPORTANT:
- Think step by step.
- The final line must be exactly in the format: #### Yes. or #### No.
- Do not end with anything else after the final answer.
Your Question:
Q: Could a cow produce Harvey Milk?

A: A: Harvey Milk was a prominent gay rights activist and politician who served on the San Francisco Board of Supervisors.
A: Harvey Milk is not a product that can be produced; he was a human being.
A: Cows are animals that produce milk, which is a dairy product.
Responses:
#### Yes. (Score: 0.0003861440345644951)
#### No. (Score: 0.0005235299468040466)
<EMPTY> (Score: -inf)
<EMPTY> (Score: -inf)

====================
Query:
Use the step-by-step method as shown in the examples to answer the question. Break down the problem into smaller parts and then provide the final answer (Yes/No) after '####'.

Example 1:
Q: Karachi was a part of Alexander the Great's success?

A: Karachi is a city in modern day Pakistan.
Krokola was an ancient port located in what is now Karachi.
Alexander the Great stationed his fleet in Krokola on his way to Babylon.
Alexander the Great defeated Darius and conquered Babylon before expanding his 
empire.
#### Yes.

Example 2:
Q: Was P. G. Wodehouse's favorite book The Hunger Games?

A: P. G. Wodehouse died in 1975.
The Hunger Games was published in 2008.
#### No.
IMPORTANT:
- Think step by step.
- The final line must be exactly in the format: #### Yes. or #### No.
- Do not end with anything else after the final answer.
Your Question:
Q: Can a woman on average have a baby before wheat seed blooms?

A:
Responses:
A: The average human gestation period for a woman is about 9 months (approximately 40 weeks). (Score: 0.00036381417885422707)
A: The average human gestation period for a woman is about 9 months (approximately 40 weeks). (Score: 0.00036381417885422707)
<EMPTY> (Score: -inf)
<EMPTY> (Score: -inf)

====================
Query:
Use the step-by-step method as shown in the examples to answer the question. Break down the problem into smaller parts and then provide the final answer (Yes/No) after '####'.

Example 1:
Q: Karachi was a part of Alexander the Great's success?

A: Karachi is a city in modern day Pakistan.
Krokola was an ancient port located in what is now Karachi.
Alexander the Great stationed his fleet in Krokola on his way to Babylon.
Alexander the Great defeated Darius and conquered Babylon before expanding his 
empire.
#### Yes.

Example 2:
Q: Was P. G. Wodehouse's favorite book The Hunger Games?

A: P. G. Wodehouse died in 1975.
The Hunger Games was published in 2008.
#### No.
IMPORTANT:
- Think step by step.
- The final line must be exactly in the format: #### Yes. or #### No.
- Do not end with anything else after the final answer.
Your Question:
Q: Can a woman on average have a baby before wheat seed blooms?

A: A: The average human gestation period for a woman is about 9 months (approximately 40 weeks).
Responses:
Wheat typically takes about 4 to 6 months to grow from seed to harvest, depending on the variety and growing conditions. (Score: -0.0007975567132234573)
Wheat typically takes about 4 to 6 months to grow from seed to harvest, depending on the variety and growing conditions. (Score: -0.0007975567132234573)
<EMPTY> (Score: -inf)
<EMPTY> (Score: -inf)

====================
Query:
Use the step-by-step method as shown in the examples to answer the question. Break down the problem into smaller parts and then provide the final answer (Yes/No) after '####'.

Example 1:
Q: Karachi was a part of Alexander the Great's success?

A: Karachi is a city in modern day Pakistan.
Krokola was an ancient port located in what is now Karachi.
Alexander the Great stationed his fleet in Krokola on his way to Babylon.
Alexander the Great defeated Darius and conquered Babylon before expanding his 
empire.
#### Yes.

Example 2:
Q: Was P. G. Wodehouse's favorite book The Hunger Games?

A: P. G. Wodehouse died in 1975.
The Hunger Games was published in 2008.
#### No.
IMPORTANT:
- Think step by step.
- The final line must be exactly in the format: #### Yes. or #### No.
- Do not end with anything else after the final answer.
Your Question:
Q: Can a woman on average have a baby before wheat seed blooms?

A: A: The average human gestation period for a woman is about 9 months (approximately 40 weeks).
Responses:
Wheat typically takes about 4 to 6 months to grow from seed to harvest, depending on the variety and growing conditions. (Score: -0.0007975567132234573)
Wheat typically takes about 4 to 6 months to grow from seed to harvest, depending on the variety and growing conditions. (Score: -0.0007975567132234573)
<EMPTY> (Score: -inf)
<EMPTY> (Score: -inf)

====================
Query:
Use the step-by-step method as shown in the examples to answer the question. Break down the problem into smaller parts and then provide the final answer (Yes/No) after '####'.

Example 1:
Q: Karachi was a part of Alexander the Great's success?

A: Karachi is a city in modern day Pakistan.
Krokola was an ancient port located in what is now Karachi.
Alexander the Great stationed his fleet in Krokola on his way to Babylon.
Alexander the Great defeated Darius and conquered Babylon before expanding his 
empire.
#### Yes.

Example 2:
Q: Was P. G. Wodehouse's favorite book The Hunger Games?

A: P. G. Wodehouse died in 1975.
The Hunger Games was published in 2008.
#### No.
IMPORTANT:
- Think step by step.
- The final line must be exactly in the format: #### Yes. or #### No.
- Do not end with anything else after the final answer.
Your Question:
Q: Can a woman on average have a baby before wheat seed blooms?

A: A: The average human gestation period for a woman is about 9 months (approximately 40 weeks).
Wheat typically takes about 4 to 6 months to grow from seed to harvest, depending on the variety and growing conditions.
Responses:
To determine if a woman can have a baby before wheat seed blooms, we need to compare the average gestation period of a woman with the growth period of wheat. (Score: -0.0013866680674254894)
To determine if a woman can have a baby before wheat seed blooms, we need to compare the average gestation period of a woman with the growth period of wheat. (Score: -0.0013866680674254894)
<EMPTY> (Score: -inf)
<EMPTY> (Score: -inf)

====================
Query:
Use the step-by-step method as shown in the examples to answer the question. Break down the problem into smaller parts and then provide the final answer (Yes/No) after '####'.

Example 1:
Q: Karachi was a part of Alexander the Great's success?

A: Karachi is a city in modern day Pakistan.
Krokola was an ancient port located in what is now Karachi.
Alexander the Great stationed his fleet in Krokola on his way to Babylon.
Alexander the Great defeated Darius and conquered Babylon before expanding his 
empire.
#### Yes.

Example 2:
Q: Was P. G. Wodehouse's favorite book The Hunger Games?

A: P. G. Wodehouse died in 1975.
The Hunger Games was published in 2008.
#### No.
IMPORTANT:
- Think step by step.
- The final line must be exactly in the format: #### Yes. or #### No.
- Do not end with anything else after the final answer.
Your Question:
Q: Can a woman on average have a baby before wheat seed blooms?

A: A: The average human gestation period for a woman is about 9 months (approximately 40 weeks).
Wheat typically takes about 4 to 6 months to grow from seed to harvest, depending on the variety and growing conditions.
Responses:
To determine if a woman can have a baby before wheat seed blooms, we need to compare the average gestation period of a woman with the growth period of wheat. (Score: -0.0013866680674254894)
To determine if a woman can have a baby before wheat seed blooms, we need to compare the average gestation period of a woman with the growth period of wheat. (Score: -0.0013866680674254894)
<EMPTY> (Score: -inf)
<EMPTY> (Score: -inf)

====================
Query:
Use the step-by-step method as shown in the examples to answer the question. Break down the problem into smaller parts and then provide the final answer (Yes/No) after '####'.

Example 1:
Q: Karachi was a part of Alexander the Great's success?

A: Karachi is a city in modern day Pakistan.
Krokola was an ancient port located in what is now Karachi.
Alexander the Great stationed his fleet in Krokola on his way to Babylon.
Alexander the Great defeated Darius and conquered Babylon before expanding his 
empire.
#### Yes.

Example 2:
Q: Was P. G. Wodehouse's favorite book The Hunger Games?

A: P. G. Wodehouse died in 1975.
The Hunger Games was published in 2008.
#### No.
IMPORTANT:
- Think step by step.
- The final line must be exactly in the format: #### Yes. or #### No.
- Do not end with anything else after the final answer.
Your Question:
Q: Can a woman on average have a baby before wheat seed blooms?

A: A: The average human gestation period for a woman is about 9 months (approximately 40 weeks).
Wheat typically takes about 4 to 6 months to grow from seed to harvest, depending on the variety and growing conditions.
To determine if a woman can have a baby before wheat seed blooms, we need to compare the average gestation period of a woman with the growth period of wheat.
Responses:
#### Yes. (Score: -0.0005530542694032192)
#### No. (Score: -0.00048692384734749794)
<EMPTY> (Score: -inf)
<EMPTY> (Score: -inf)

====================
Query:
Use the step-by-step method as shown in the examples to answer the question. Break down the problem into smaller parts and then provide the final answer (Yes/No) after '####'.

Example 1:
Q: Karachi was a part of Alexander the Great's success?

A: Karachi is a city in modern day Pakistan.
Krokola was an ancient port located in what is now Karachi.
Alexander the Great stationed his fleet in Krokola on his way to Babylon.
Alexander the Great defeated Darius and conquered Babylon before expanding his 
empire.
#### Yes.

Example 2:
Q: Was P. G. Wodehouse's favorite book The Hunger Games?

A: P. G. Wodehouse died in 1975.
The Hunger Games was published in 2008.
#### No.
IMPORTANT:
- Think step by step.
- The final line must be exactly in the format: #### Yes. or #### No.
- Do not end with anything else after the final answer.
Your Question:
Q: Can a woman on average have a baby before wheat seed blooms?

A: A: The average human gestation period for a woman is about 9 months (approximately 40 weeks).
Wheat typically takes about 4 to 6 months to grow from seed to harvest, depending on the variety and growing conditions.
To determine if a woman can have a baby before wheat seed blooms, we need to compare the average gestation period of a woman with the growth period of wheat.
Responses:
#### Yes. (Score: -0.0005530542694032192)
#### No. (Score: -0.00048692384734749794)
<EMPTY> (Score: -inf)
<EMPTY> (Score: -inf)

====================
Query:
Use the step-by-step method as shown in the examples to answer the question. Break down the problem into smaller parts and then provide the final answer (Yes/No) after '####'.

Example 1:
Q: Karachi was a part of Alexander the Great's success?

A: Karachi is a city in modern day Pakistan.
Krokola was an ancient port located in what is now Karachi.
Alexander the Great stationed his fleet in Krokola on his way to Babylon.
Alexander the Great defeated Darius and conquered Babylon before expanding his 
empire.
#### Yes.

Example 2:
Q: Was P. G. Wodehouse's favorite book The Hunger Games?

A: P. G. Wodehouse died in 1975.
The Hunger Games was published in 2008.
#### No.
IMPORTANT:
- Think step by step.
- The final line must be exactly in the format: #### Yes. or #### No.
- Do not end with anything else after the final answer.
Your Question:
Q: Would Felicity Huffman vote for Mike DeWine?

A:
Responses:
Felicity Huffman is an American actress known for her role in "Desperate Housewives." . (Score: -0.00030448706820607185)
Felicity Huffman is an American actress known for her work in television and film. (Score: 0.0002626911737024784)
<EMPTY> (Score: -inf)
<EMPTY> (Score: -inf)

====================
Query:
Use the step-by-step method as shown in the examples to answer the question. Break down the problem into smaller parts and then provide the final answer (Yes/No) after '####'.

Example 1:
Q: Karachi was a part of Alexander the Great's success?

A: Karachi is a city in modern day Pakistan.
Krokola was an ancient port located in what is now Karachi.
Alexander the Great stationed his fleet in Krokola on his way to Babylon.
Alexander the Great defeated Darius and conquered Babylon before expanding his 
empire.
#### Yes.

Example 2:
Q: Was P. G. Wodehouse's favorite book The Hunger Games?

A: P. G. Wodehouse died in 1975.
The Hunger Games was published in 2008.
#### No.
IMPORTANT:
- Think step by step.
- The final line must be exactly in the format: #### Yes. or #### No.
- Do not end with anything else after the final answer.
Your Question:
Q: Would Felicity Huffman vote for Mike DeWine?

A: Felicity Huffman is an American actress known for her work in television and film.
Responses:
Felicity Huffman is known for her political views, but there is no public record of her endorsing or voting for specific candidates like Mike DeWine. (Score: -0.0005640434101223946)
Felicity Huffman is known for her political views, but there is no public record of her endorsing or voting for specific candidates like Mike DeWine. (Score: -0.0005640434101223946)
<EMPTY> (Score: -inf)
<EMPTY> (Score: -inf)

====================
Query:
Use the step-by-step method as shown in the examples to answer the question. Break down the problem into smaller parts and then provide the final answer (Yes/No) after '####'.

Example 1:
Q: Karachi was a part of Alexander the Great's success?

A: Karachi is a city in modern day Pakistan.
Krokola was an ancient port located in what is now Karachi.
Alexander the Great stationed his fleet in Krokola on his way to Babylon.
Alexander the Great defeated Darius and conquered Babylon before expanding his 
empire.
#### Yes.

Example 2:
Q: Was P. G. Wodehouse's favorite book The Hunger Games?

A: P. G. Wodehouse died in 1975.
The Hunger Games was published in 2008.
#### No.
IMPORTANT:
- Think step by step.
- The final line must be exactly in the format: #### Yes. or #### No.
- Do not end with anything else after the final answer.
Your Question:
Q: Would Felicity Huffman vote for Mike DeWine?

A: Felicity Huffman is an American actress known for her role in "Desperate Housewives." .
Responses:
Felicity Huffman is known for her involvement in various social and political issues. (Score: -0.0007628831081092358)
Felicity Huffman is known for her involvement in various social and political issues. (Score: -0.0007628831081092358)
<EMPTY> (Score: -inf)
<EMPTY> (Score: -inf)

====================
Query:
Use the step-by-step method as shown in the examples to answer the question. Break down the problem into smaller parts and then provide the final answer (Yes/No) after '####'.

Example 1:
Q: Karachi was a part of Alexander the Great's success?

A: Karachi is a city in modern day Pakistan.
Krokola was an ancient port located in what is now Karachi.
Alexander the Great stationed his fleet in Krokola on his way to Babylon.
Alexander the Great defeated Darius and conquered Babylon before expanding his 
empire.
#### Yes.

Example 2:
Q: Was P. G. Wodehouse's favorite book The Hunger Games?

A: P. G. Wodehouse died in 1975.
The Hunger Games was published in 2008.
#### No.
IMPORTANT:
- Think step by step.
- The final line must be exactly in the format: #### Yes. or #### No.
- Do not end with anything else after the final answer.
Your Question:
Q: Would Felicity Huffman vote for Mike DeWine?

A: Felicity Huffman is an American actress known for her work in television and film.
Felicity Huffman is known for her political views, but there is no public record of her endorsing or voting for specific candidates like Mike DeWine.
Responses:
Mike DeWine is a Republican politician and the current governor of Ohio. (Score: -0.0006022690795361996)
Mike DeWine is a Republican politician and the current governor of Ohio. (Score: -0.0006022690795361996)
<EMPTY> (Score: -inf)
<EMPTY> (Score: -inf)

====================
Query:
Use the step-by-step method as shown in the examples to answer the question. Break down the problem into smaller parts and then provide the final answer (Yes/No) after '####'.

Example 1:
Q: Karachi was a part of Alexander the Great's success?

A: Karachi is a city in modern day Pakistan.
Krokola was an ancient port located in what is now Karachi.
Alexander the Great stationed his fleet in Krokola on his way to Babylon.
Alexander the Great defeated Darius and conquered Babylon before expanding his 
empire.
#### Yes.

Example 2:
Q: Was P. G. Wodehouse's favorite book The Hunger Games?

A: P. G. Wodehouse died in 1975.
The Hunger Games was published in 2008.
#### No.
IMPORTANT:
- Think step by step.
- The final line must be exactly in the format: #### Yes. or #### No.
- Do not end with anything else after the final answer.
Your Question:
Q: Would Felicity Huffman vote for Mike DeWine?

A: Felicity Huffman is an American actress known for her work in television and film.
Felicity Huffman is known for her political views, but there is no public record of her endorsing or voting for specific candidates like Mike DeWine.
Responses:
Mike DeWine is a Republican politician and the current governor of Ohio. (Score: -0.0006022690795361996)
Mike DeWine is a Republican politician and the current governor of Ohio. (Score: -0.0006022690795361996)
<EMPTY> (Score: -inf)
<EMPTY> (Score: -inf)

====================
Query:
Use the step-by-step method as shown in the examples to answer the question. Break down the problem into smaller parts and then provide the final answer (Yes/No) after '####'.

Example 1:
Q: Karachi was a part of Alexander the Great's success?

A: Karachi is a city in modern day Pakistan.
Krokola was an ancient port located in what is now Karachi.
Alexander the Great stationed his fleet in Krokola on his way to Babylon.
Alexander the Great defeated Darius and conquered Babylon before expanding his 
empire.
#### Yes.

Example 2:
Q: Was P. G. Wodehouse's favorite book The Hunger Games?

A: P. G. Wodehouse died in 1975.
The Hunger Games was published in 2008.
#### No.
IMPORTANT:
- Think step by step.
- The final line must be exactly in the format: #### Yes. or #### No.
- Do not end with anything else after the final answer.
Your Question:
Q: Would Felicity Huffman vote for Mike DeWine?

A: Felicity Huffman is an American actress known for her work in television and film.
Felicity Huffman is known for her political views, but there is no public record of her endorsing or voting for specific candidates like Mike DeWine.
Mike DeWine is a Republican politician and the current governor of Ohio.
Responses:
#### Yes. (Score: 8.594896644353867e-05)
#### No. (Score: 0.00023233704268932343)
<EMPTY> (Score: -inf)
<EMPTY> (Score: -inf)

====================
Query:
Use the step-by-step method as shown in the examples to answer the question. Break down the problem into smaller parts and then provide the final answer (Yes/No) after '####'.

Example 1:
Q: Karachi was a part of Alexander the Great's success?

A: Karachi is a city in modern day Pakistan.
Krokola was an ancient port located in what is now Karachi.
Alexander the Great stationed his fleet in Krokola on his way to Babylon.
Alexander the Great defeated Darius and conquered Babylon before expanding his 
empire.
#### Yes.

Example 2:
Q: Was P. G. Wodehouse's favorite book The Hunger Games?

A: P. G. Wodehouse died in 1975.
The Hunger Games was published in 2008.
#### No.
IMPORTANT:
- Think step by step.
- The final line must be exactly in the format: #### Yes. or #### No.
- Do not end with anything else after the final answer.
Your Question:
Q: Would Felicity Huffman vote for Mike DeWine?

A: Felicity Huffman is an American actress known for her work in television and film.
Felicity Huffman is known for her political views, but there is no public record of her endorsing or voting for specific candidates like Mike DeWine.
Mike DeWine is a Republican politician and the current governor of Ohio.
Responses:
#### Yes. (Score: 8.594896644353867e-05)
#### No. (Score: 0.00023233704268932343)
<EMPTY> (Score: -inf)
<EMPTY> (Score: -inf)

====================
Query:
Use the step-by-step method as shown in the examples to answer the question. Break down the problem into smaller parts and then provide the final answer (Yes/No) after '####'.

Example 1:
Q: Karachi was a part of Alexander the Great's success?

A: Karachi is a city in modern day Pakistan.
Krokola was an ancient port located in what is now Karachi.
Alexander the Great stationed his fleet in Krokola on his way to Babylon.
Alexander the Great defeated Darius and conquered Babylon before expanding his 
empire.
#### Yes.

Example 2:
Q: Was P. G. Wodehouse's favorite book The Hunger Games?

A: P. G. Wodehouse died in 1975.
The Hunger Games was published in 2008.
#### No.
IMPORTANT:
- Think step by step.
- The final line must be exactly in the format: #### Yes. or #### No.
- Do not end with anything else after the final answer.
Your Question:
Q: Would it be common to find a penguin in Miami?

A:
Responses:
A: Penguins are primarily found in the Southern Hemisphere, especially in Antarctica and surrounding islands. (Score: -0.0018983418121933937)
A: Penguins are primarily found in the Southern Hemisphere, especially in Antarctica and surrounding islands. (Score: -0.0018983418121933937)
<EMPTY> (Score: -inf)
<EMPTY> (Score: -inf)

====================
Query:
Use the step-by-step method as shown in the examples to answer the question. Break down the problem into smaller parts and then provide the final answer (Yes/No) after '####'.

Example 1:
Q: Karachi was a part of Alexander the Great's success?

A: Karachi is a city in modern day Pakistan.
Krokola was an ancient port located in what is now Karachi.
Alexander the Great stationed his fleet in Krokola on his way to Babylon.
Alexander the Great defeated Darius and conquered Babylon before expanding his 
empire.
#### Yes.

Example 2:
Q: Was P. G. Wodehouse's favorite book The Hunger Games?

A: P. G. Wodehouse died in 1975.
The Hunger Games was published in 2008.
#### No.
IMPORTANT:
- Think step by step.
- The final line must be exactly in the format: #### Yes. or #### No.
- Do not end with anything else after the final answer.
Your Question:
Q: Would it be common to find a penguin in Miami?

A: A: Penguins are primarily found in the Southern Hemisphere, especially in Antarctica and surrounding islands.
Responses:
Most species of penguins are adapted to cold climates and are not native to tropical regions. (Score: -0.0013110148720443249)
Most species of penguins are adapted to cold climates and are not native to tropical regions. (Score: -0.0013110148720443249)
<EMPTY> (Score: -inf)
<EMPTY> (Score: -inf)

====================
Query:
Use the step-by-step method as shown in the examples to answer the question. Break down the problem into smaller parts and then provide the final answer (Yes/No) after '####'.

Example 1:
Q: Karachi was a part of Alexander the Great's success?

A: Karachi is a city in modern day Pakistan.
Krokola was an ancient port located in what is now Karachi.
Alexander the Great stationed his fleet in Krokola on his way to Babylon.
Alexander the Great defeated Darius and conquered Babylon before expanding his 
empire.
#### Yes.

Example 2:
Q: Was P. G. Wodehouse's favorite book The Hunger Games?

A: P. G. Wodehouse died in 1975.
The Hunger Games was published in 2008.
#### No.
IMPORTANT:
- Think step by step.
- The final line must be exactly in the format: #### Yes. or #### No.
- Do not end with anything else after the final answer.
Your Question:
Q: Would it be common to find a penguin in Miami?

A: A: Penguins are primarily found in the Southern Hemisphere, especially in Antarctica and surrounding islands.
Responses:
Most species of penguins are adapted to cold climates and are not native to tropical regions. (Score: -0.0013110148720443249)
Most species of penguins are adapted to cold climates and are not native to tropical regions. (Score: -0.0013110148720443249)
<EMPTY> (Score: -inf)
<EMPTY> (Score: -inf)

====================
Query:
Use the step-by-step method as shown in the examples to answer the question. Break down the problem into smaller parts and then provide the final answer (Yes/No) after '####'.

Example 1:
Q: Karachi was a part of Alexander the Great's success?

A: Karachi is a city in modern day Pakistan.
Krokola was an ancient port located in what is now Karachi.
Alexander the Great stationed his fleet in Krokola on his way to Babylon.
Alexander the Great defeated Darius and conquered Babylon before expanding his 
empire.
#### Yes.

Example 2:
Q: Was P. G. Wodehouse's favorite book The Hunger Games?

A: P. G. Wodehouse died in 1975.
The Hunger Games was published in 2008.
#### No.
IMPORTANT:
- Think step by step.
- The final line must be exactly in the format: #### Yes. or #### No.
- Do not end with anything else after the final answer.
Your Question:
Q: Would it be common to find a penguin in Miami?

A: A: Penguins are primarily found in the Southern Hemisphere, especially in Antarctica and surrounding islands.
Most species of penguins are adapted to cold climates and are not native to tropical regions.
Responses:
In Miami, the climate is tropical and warm, which is not suitable for penguins. (Score: -0.001528819091618061)
In Miami, the climate is tropical and warm, which is not suitable for penguins. (Score: -0.001528819091618061)
<EMPTY> (Score: -inf)
<EMPTY> (Score: -inf)

====================
Query:
Use the step-by-step method as shown in the examples to answer the question. Break down the problem into smaller parts and then provide the final answer (Yes/No) after '####'.

Example 1:
Q: Karachi was a part of Alexander the Great's success?

A: Karachi is a city in modern day Pakistan.
Krokola was an ancient port located in what is now Karachi.
Alexander the Great stationed his fleet in Krokola on his way to Babylon.
Alexander the Great defeated Darius and conquered Babylon before expanding his 
empire.
#### Yes.

Example 2:
Q: Was P. G. Wodehouse's favorite book The Hunger Games?

A: P. G. Wodehouse died in 1975.
The Hunger Games was published in 2008.
#### No.
IMPORTANT:
- Think step by step.
- The final line must be exactly in the format: #### Yes. or #### No.
- Do not end with anything else after the final answer.
Your Question:
Q: Would it be common to find a penguin in Miami?

A: A: Penguins are primarily found in the Southern Hemisphere, especially in Antarctica and surrounding islands.
Most species of penguins are adapted to cold climates and are not native to tropical regions.
Responses:
In Miami, the climate is tropical and warm, which is not suitable for penguins. (Score: -0.001528819091618061)
In Miami, the climate is tropical and warm, which is not suitable for penguins. (Score: -0.001528819091618061)
<EMPTY> (Score: -inf)
<EMPTY> (Score: -inf)

====================
Query:
Use the step-by-step method as shown in the examples to answer the question. Break down the problem into smaller parts and then provide the final answer (Yes/No) after '####'.

Example 1:
Q: Karachi was a part of Alexander the Great's success?

A: Karachi is a city in modern day Pakistan.
Krokola was an ancient port located in what is now Karachi.
Alexander the Great stationed his fleet in Krokola on his way to Babylon.
Alexander the Great defeated Darius and conquered Babylon before expanding his 
empire.
#### Yes.

Example 2:
Q: Was P. G. Wodehouse's favorite book The Hunger Games?

A: P. G. Wodehouse died in 1975.
The Hunger Games was published in 2008.
#### No.
IMPORTANT:
- Think step by step.
- The final line must be exactly in the format: #### Yes. or #### No.
- Do not end with anything else after the final answer.
Your Question:
Q: Would it be common to find a penguin in Miami?

A: A: Penguins are primarily found in the Southern Hemisphere, especially in Antarctica and surrounding islands.
Most species of penguins are adapted to cold climates and are not native to tropical regions.
In Miami, the climate is tropical and warm, which is not suitable for penguins.
Responses:
#### Yes. (Score: -0.0006668590940535069)
#### No. (Score: -0.0005621421150863171)
<EMPTY> (Score: -inf)
<EMPTY> (Score: -inf)

====================
Query:
Use the step-by-step method as shown in the examples to answer the question. Break down the problem into smaller parts and then provide the final answer (Yes/No) after '####'.

Example 1:
Q: Karachi was a part of Alexander the Great's success?

A: Karachi is a city in modern day Pakistan.
Krokola was an ancient port located in what is now Karachi.
Alexander the Great stationed his fleet in Krokola on his way to Babylon.
Alexander the Great defeated Darius and conquered Babylon before expanding his 
empire.
#### Yes.

Example 2:
Q: Was P. G. Wodehouse's favorite book The Hunger Games?

A: P. G. Wodehouse died in 1975.
The Hunger Games was published in 2008.
#### No.
IMPORTANT:
- Think step by step.
- The final line must be exactly in the format: #### Yes. or #### No.
- Do not end with anything else after the final answer.
Your Question:
Q: Would it be common to find a penguin in Miami?

A: A: Penguins are primarily found in the Southern Hemisphere, especially in Antarctica and surrounding islands.
Most species of penguins are adapted to cold climates and are not native to tropical regions.
In Miami, the climate is tropical and warm, which is not suitable for penguins.
Responses:
#### Yes. (Score: -0.0006668590940535069)
#### No. (Score: -0.0005621421150863171)
<EMPTY> (Score: -inf)
<EMPTY> (Score: -inf)

====================
Query:
Use the step-by-step method as shown in the examples to answer the question. Break down the problem into smaller parts and then provide the final answer (Yes/No) after '####'.

Example 1:
Q: Karachi was a part of Alexander the Great's success?

A: Karachi is a city in modern day Pakistan.
Krokola was an ancient port located in what is now Karachi.
Alexander the Great stationed his fleet in Krokola on his way to Babylon.
Alexander the Great defeated Darius and conquered Babylon before expanding his 
empire.
#### Yes.

Example 2:
Q: Was P. G. Wodehouse's favorite book The Hunger Games?

A: P. G. Wodehouse died in 1975.
The Hunger Games was published in 2008.
#### No.
IMPORTANT:
- Think step by step.
- The final line must be exactly in the format: #### Yes. or #### No.
- Do not end with anything else after the final answer.
Your Question:
Q: Is sunscreen unhelpful for the condition that killed Bob Marley?

A:
Responses:
A: Bob Marley died from complications related to melanoma, a type of skin cancer. (Score: -0.0017884811386466026)
A: Bob Marley died from complications related to melanoma, a type of skin cancer. (Score: -0.0017884811386466026)
<EMPTY> (Score: -inf)
<EMPTY> (Score: -inf)

====================
Query:
Use the step-by-step method as shown in the examples to answer the question. Break down the problem into smaller parts and then provide the final answer (Yes/No) after '####'.

Example 1:
Q: Karachi was a part of Alexander the Great's success?

A: Karachi is a city in modern day Pakistan.
Krokola was an ancient port located in what is now Karachi.
Alexander the Great stationed his fleet in Krokola on his way to Babylon.
Alexander the Great defeated Darius and conquered Babylon before expanding his 
empire.
#### Yes.

Example 2:
Q: Was P. G. Wodehouse's favorite book The Hunger Games?

A: P. G. Wodehouse died in 1975.
The Hunger Games was published in 2008.
#### No.
IMPORTANT:
- Think step by step.
- The final line must be exactly in the format: #### Yes. or #### No.
- Do not end with anything else after the final answer.
Your Question:
Q: Is sunscreen unhelpful for the condition that killed Bob Marley?

A: A: Bob Marley died from complications related to melanoma, a type of skin cancer.
Responses:
Melanoma is a serious form of skin cancer that can be influenced by sun exposure. (Score: -0.001036045141518116)
Melanoma is a serious form of skin cancer that can be influenced by sun exposure. (Score: -0.001036045141518116)
<EMPTY> (Score: -inf)
<EMPTY> (Score: -inf)

====================
Query:
Use the step-by-step method as shown in the examples to answer the question. Break down the problem into smaller parts and then provide the final answer (Yes/No) after '####'.

Example 1:
Q: Karachi was a part of Alexander the Great's success?

A: Karachi is a city in modern day Pakistan.
Krokola was an ancient port located in what is now Karachi.
Alexander the Great stationed his fleet in Krokola on his way to Babylon.
Alexander the Great defeated Darius and conquered Babylon before expanding his 
empire.
#### Yes.

Example 2:
Q: Was P. G. Wodehouse's favorite book The Hunger Games?

A: P. G. Wodehouse died in 1975.
The Hunger Games was published in 2008.
#### No.
IMPORTANT:
- Think step by step.
- The final line must be exactly in the format: #### Yes. or #### No.
- Do not end with anything else after the final answer.
Your Question:
Q: Is sunscreen unhelpful for the condition that killed Bob Marley?

A: A: Bob Marley died from complications related to melanoma, a type of skin cancer.
Responses:
Melanoma is a serious form of skin cancer that can be influenced by sun exposure. (Score: -0.001036045141518116)
Melanoma is a serious form of skin cancer that can be influenced by sun exposure. (Score: -0.001036045141518116)
<EMPTY> (Score: -inf)
<EMPTY> (Score: -inf)

====================
Query:
Use the step-by-step method as shown in the examples to answer the question. Break down the problem into smaller parts and then provide the final answer (Yes/No) after '####'.

Example 1:
Q: Karachi was a part of Alexander the Great's success?

A: Karachi is a city in modern day Pakistan.
Krokola was an ancient port located in what is now Karachi.
Alexander the Great stationed his fleet in Krokola on his way to Babylon.
Alexander the Great defeated Darius and conquered Babylon before expanding his 
empire.
#### Yes.

Example 2:
Q: Was P. G. Wodehouse's favorite book The Hunger Games?

A: P. G. Wodehouse died in 1975.
The Hunger Games was published in 2008.
#### No.
IMPORTANT:
- Think step by step.
- The final line must be exactly in the format: #### Yes. or #### No.
- Do not end with anything else after the final answer.
Your Question:
Q: Is sunscreen unhelpful for the condition that killed Bob Marley?

A: A: Bob Marley died from complications related to melanoma, a type of skin cancer.
Melanoma is a serious form of skin cancer that can be influenced by sun exposure.
Responses:
Sunscreen is designed to protect the skin from harmful UV rays, which can contribute to the development of skin cancer, including melanoma. (Score: -0.00235194293782115)
Sunscreen is designed to protect the skin from harmful UV rays, which can contribute to the development of skin cancer, including melanoma. (Score: -0.00235194293782115)
<EMPTY> (Score: -inf)
<EMPTY> (Score: -inf)

====================
Query:
Use the step-by-step method as shown in the examples to answer the question. Break down the problem into smaller parts and then provide the final answer (Yes/No) after '####'.

Example 1:
Q: Karachi was a part of Alexander the Great's success?

A: Karachi is a city in modern day Pakistan.
Krokola was an ancient port located in what is now Karachi.
Alexander the Great stationed his fleet in Krokola on his way to Babylon.
Alexander the Great defeated Darius and conquered Babylon before expanding his 
empire.
#### Yes.

Example 2:
Q: Was P. G. Wodehouse's favorite book The Hunger Games?

A: P. G. Wodehouse died in 1975.
The Hunger Games was published in 2008.
#### No.
IMPORTANT:
- Think step by step.
- The final line must be exactly in the format: #### Yes. or #### No.
- Do not end with anything else after the final answer.
Your Question:
Q: Is sunscreen unhelpful for the condition that killed Bob Marley?

A: A: Bob Marley died from complications related to melanoma, a type of skin cancer.
Melanoma is a serious form of skin cancer that can be influenced by sun exposure.
Responses:
Sunscreen is designed to protect the skin from harmful UV rays, which can contribute to the development of skin cancer, including melanoma. (Score: -0.00235194293782115)
Sunscreen is designed to protect the skin from harmful UV rays, which can contribute to the development of skin cancer, including melanoma. (Score: -0.00235194293782115)
<EMPTY> (Score: -inf)
<EMPTY> (Score: -inf)

====================
Query:
Use the step-by-step method as shown in the examples to answer the question. Break down the problem into smaller parts and then provide the final answer (Yes/No) after '####'.

Example 1:
Q: Karachi was a part of Alexander the Great's success?

A: Karachi is a city in modern day Pakistan.
Krokola was an ancient port located in what is now Karachi.
Alexander the Great stationed his fleet in Krokola on his way to Babylon.
Alexander the Great defeated Darius and conquered Babylon before expanding his 
empire.
#### Yes.

Example 2:
Q: Was P. G. Wodehouse's favorite book The Hunger Games?

A: P. G. Wodehouse died in 1975.
The Hunger Games was published in 2008.
#### No.
IMPORTANT:
- Think step by step.
- The final line must be exactly in the format: #### Yes. or #### No.
- Do not end with anything else after the final answer.
Your Question:
Q: Is sunscreen unhelpful for the condition that killed Bob Marley?

A: A: Bob Marley died from complications related to melanoma, a type of skin cancer.
Melanoma is a serious form of skin cancer that can be influenced by sun exposure.
Sunscreen is designed to protect the skin from harmful UV rays, which can contribute to the development of skin cancer, including melanoma.
Responses:
#### Yes. (Score: -0.001602425705641508)
#### No. (Score: -0.0014853659085929394)
<EMPTY> (Score: -inf)
<EMPTY> (Score: -inf)

====================
Query:
Use the step-by-step method as shown in the examples to answer the question. Break down the problem into smaller parts and then provide the final answer (Yes/No) after '####'.

Example 1:
Q: Karachi was a part of Alexander the Great's success?

A: Karachi is a city in modern day Pakistan.
Krokola was an ancient port located in what is now Karachi.
Alexander the Great stationed his fleet in Krokola on his way to Babylon.
Alexander the Great defeated Darius and conquered Babylon before expanding his 
empire.
#### Yes.

Example 2:
Q: Was P. G. Wodehouse's favorite book The Hunger Games?

A: P. G. Wodehouse died in 1975.
The Hunger Games was published in 2008.
#### No.
IMPORTANT:
- Think step by step.
- The final line must be exactly in the format: #### Yes. or #### No.
- Do not end with anything else after the final answer.
Your Question:
Q: Is sunscreen unhelpful for the condition that killed Bob Marley?

A: A: Bob Marley died from complications related to melanoma, a type of skin cancer.
Melanoma is a serious form of skin cancer that can be influenced by sun exposure.
Sunscreen is designed to protect the skin from harmful UV rays, which can contribute to the development of skin cancer, including melanoma.
Responses:
#### Yes. (Score: -0.001602425705641508)
#### No. (Score: -0.0014853659085929394)
<EMPTY> (Score: -inf)
<EMPTY> (Score: -inf)

====================
Query:
Use the step-by-step method as shown in the examples to answer the question. Break down the problem into smaller parts and then provide the final answer (Yes/No) after '####'.

Example 1:
Q: Karachi was a part of Alexander the Great's success?

A: Karachi is a city in modern day Pakistan.
Krokola was an ancient port located in what is now Karachi.
Alexander the Great stationed his fleet in Krokola on his way to Babylon.
Alexander the Great defeated Darius and conquered Babylon before expanding his 
empire.
#### Yes.

Example 2:
Q: Was P. G. Wodehouse's favorite book The Hunger Games?

A: P. G. Wodehouse died in 1975.
The Hunger Games was published in 2008.
#### No.
IMPORTANT:
- Think step by step.
- The final line must be exactly in the format: #### Yes. or #### No.
- Do not end with anything else after the final answer.
Your Question:
Q: Was P. G. Wodehouse's favorite book The Hunger Games?

A:
Responses:
P. (Score: -0.0011256891302764416)
P. (Score: -0.0011256891302764416)
<EMPTY> (Score: -inf)
<EMPTY> (Score: -inf)

====================
Query:
Use the step-by-step method as shown in the examples to answer the question. Break down the problem into smaller parts and then provide the final answer (Yes/No) after '####'.

Example 1:
Q: Karachi was a part of Alexander the Great's success?

A: Karachi is a city in modern day Pakistan.
Krokola was an ancient port located in what is now Karachi.
Alexander the Great stationed his fleet in Krokola on his way to Babylon.
Alexander the Great defeated Darius and conquered Babylon before expanding his 
empire.
#### Yes.

Example 2:
Q: Was P. G. Wodehouse's favorite book The Hunger Games?

A: P. G. Wodehouse died in 1975.
The Hunger Games was published in 2008.
#### No.
IMPORTANT:
- Think step by step.
- The final line must be exactly in the format: #### Yes. or #### No.
- Do not end with anything else after the final answer.
Your Question:
Q: Was P. G. Wodehouse's favorite book The Hunger Games?

A: P.
Responses:
G. (Score: 0.0019107875414192677)
G. (Score: 0.0019107875414192677)
<EMPTY> (Score: -inf)
<EMPTY> (Score: -inf)

====================
Query:
Use the step-by-step method as shown in the examples to answer the question. Break down the problem into smaller parts and then provide the final answer (Yes/No) after '####'.

Example 1:
Q: Karachi was a part of Alexander the Great's success?

A: Karachi is a city in modern day Pakistan.
Krokola was an ancient port located in what is now Karachi.
Alexander the Great stationed his fleet in Krokola on his way to Babylon.
Alexander the Great defeated Darius and conquered Babylon before expanding his 
empire.
#### Yes.

Example 2:
Q: Was P. G. Wodehouse's favorite book The Hunger Games?

A: P. G. Wodehouse died in 1975.
The Hunger Games was published in 2008.
#### No.
IMPORTANT:
- Think step by step.
- The final line must be exactly in the format: #### Yes. or #### No.
- Do not end with anything else after the final answer.
Your Question:
Q: Was P. G. Wodehouse's favorite book The Hunger Games?

A: P.
Responses:
G. (Score: 0.0019107875414192677)
G. (Score: 0.0019107875414192677)
<EMPTY> (Score: -inf)
<EMPTY> (Score: -inf)

====================
Query:
Use the step-by-step method as shown in the examples to answer the question. Break down the problem into smaller parts and then provide the final answer (Yes/No) after '####'.

Example 1:
Q: Karachi was a part of Alexander the Great's success?

A: Karachi is a city in modern day Pakistan.
Krokola was an ancient port located in what is now Karachi.
Alexander the Great stationed his fleet in Krokola on his way to Babylon.
Alexander the Great defeated Darius and conquered Babylon before expanding his 
empire.
#### Yes.

Example 2:
Q: Was P. G. Wodehouse's favorite book The Hunger Games?

A: P. G. Wodehouse died in 1975.
The Hunger Games was published in 2008.
#### No.
IMPORTANT:
- Think step by step.
- The final line must be exactly in the format: #### Yes. or #### No.
- Do not end with anything else after the final answer.
Your Question:
Q: Was P. G. Wodehouse's favorite book The Hunger Games?

A: P.
G.
Responses:
Wodehouse was a British author known for his humorous novels and stories. (Score: 0.0006076912395656109)
Wodehouse was a British author known for his humorous novels and stories. (Score: 0.0006076912395656109)
<EMPTY> (Score: -inf)
<EMPTY> (Score: -inf)

====================
Query:
Use the step-by-step method as shown in the examples to answer the question. Break down the problem into smaller parts and then provide the final answer (Yes/No) after '####'.

Example 1:
Q: Karachi was a part of Alexander the Great's success?

A: Karachi is a city in modern day Pakistan.
Krokola was an ancient port located in what is now Karachi.
Alexander the Great stationed his fleet in Krokola on his way to Babylon.
Alexander the Great defeated Darius and conquered Babylon before expanding his 
empire.
#### Yes.

Example 2:
Q: Was P. G. Wodehouse's favorite book The Hunger Games?

A: P. G. Wodehouse died in 1975.
The Hunger Games was published in 2008.
#### No.
IMPORTANT:
- Think step by step.
- The final line must be exactly in the format: #### Yes. or #### No.
- Do not end with anything else after the final answer.
Your Question:
Q: Was P. G. Wodehouse's favorite book The Hunger Games?

A: P.
G.
Responses:
Wodehouse was a British author known for his humorous novels and stories. (Score: 0.0006076912395656109)
Wodehouse was a British author known for his humorous novels and stories. (Score: 0.0006076912395656109)
<EMPTY> (Score: -inf)
<EMPTY> (Score: -inf)

====================
Query:
Use the step-by-step method as shown in the examples to answer the question. Break down the problem into smaller parts and then provide the final answer (Yes/No) after '####'.

Example 1:
Q: Karachi was a part of Alexander the Great's success?

A: Karachi is a city in modern day Pakistan.
Krokola was an ancient port located in what is now Karachi.
Alexander the Great stationed his fleet in Krokola on his way to Babylon.
Alexander the Great defeated Darius and conquered Babylon before expanding his 
empire.
#### Yes.

Example 2:
Q: Was P. G. Wodehouse's favorite book The Hunger Games?

A: P. G. Wodehouse died in 1975.
The Hunger Games was published in 2008.
#### No.
IMPORTANT:
- Think step by step.
- The final line must be exactly in the format: #### Yes. or #### No.
- Do not end with anything else after the final answer.
Your Question:
Q: Was P. G. Wodehouse's favorite book The Hunger Games?

A: P.
G.
Wodehouse was a British author known for his humorous novels and stories.
Responses:
#### Yes. (Score: 0.0003226175904273987)
#### No. (Score: 0.00034824106842279434)
<EMPTY> (Score: -inf)
<EMPTY> (Score: -inf)

====================
Query:
Use the step-by-step method as shown in the examples to answer the question. Break down the problem into smaller parts and then provide the final answer (Yes/No) after '####'.

Example 1:
Q: Karachi was a part of Alexander the Great's success?

A: Karachi is a city in modern day Pakistan.
Krokola was an ancient port located in what is now Karachi.
Alexander the Great stationed his fleet in Krokola on his way to Babylon.
Alexander the Great defeated Darius and conquered Babylon before expanding his 
empire.
#### Yes.

Example 2:
Q: Was P. G. Wodehouse's favorite book The Hunger Games?

A: P. G. Wodehouse died in 1975.
The Hunger Games was published in 2008.
#### No.
IMPORTANT:
- Think step by step.
- The final line must be exactly in the format: #### Yes. or #### No.
- Do not end with anything else after the final answer.
Your Question:
Q: Was P. G. Wodehouse's favorite book The Hunger Games?

A: P.
G.
Wodehouse was a British author known for his humorous novels and stories.
Responses:
#### Yes. (Score: 0.0003226175904273987)
#### No. (Score: 0.00034824106842279434)
<EMPTY> (Score: -inf)
<EMPTY> (Score: -inf)

====================
Query:
Use the step-by-step method as shown in the examples to answer the question. Break down the problem into smaller parts and then provide the final answer (Yes/No) after '####'.

Example 1:
Q: Karachi was a part of Alexander the Great's success?

A: Karachi is a city in modern day Pakistan.
Krokola was an ancient port located in what is now Karachi.
Alexander the Great stationed his fleet in Krokola on his way to Babylon.
Alexander the Great defeated Darius and conquered Babylon before expanding his 
empire.
#### Yes.

Example 2:
Q: Was P. G. Wodehouse's favorite book The Hunger Games?

A: P. G. Wodehouse died in 1975.
The Hunger Games was published in 2008.
#### No.
IMPORTANT:
- Think step by step.
- The final line must be exactly in the format: #### Yes. or #### No.
- Do not end with anything else after the final answer.
Your Question:
Q: Does Alec Baldwin have more children than Clint Eastwood?

A:
Responses:
Alec Baldwin has a total of 7 children. (Score: 0.0010572830215096474)
Alec Baldwin has a total of 6 children. (Score: 0.0011297604069113731)
<EMPTY> (Score: -inf)
<EMPTY> (Score: -inf)

====================
Query:
Use the step-by-step method as shown in the examples to answer the question. Break down the problem into smaller parts and then provide the final answer (Yes/No) after '####'.

Example 1:
Q: Karachi was a part of Alexander the Great's success?

A: Karachi is a city in modern day Pakistan.
Krokola was an ancient port located in what is now Karachi.
Alexander the Great stationed his fleet in Krokola on his way to Babylon.
Alexander the Great defeated Darius and conquered Babylon before expanding his 
empire.
#### Yes.

Example 2:
Q: Was P. G. Wodehouse's favorite book The Hunger Games?

A: P. G. Wodehouse died in 1975.
The Hunger Games was published in 2008.
#### No.
IMPORTANT:
- Think step by step.
- The final line must be exactly in the format: #### Yes. or #### No.
- Do not end with anything else after the final answer.
Your Question:
Q: Does Alec Baldwin have more children than Clint Eastwood?

A: Alec Baldwin has a total of 6 children.
Responses:
Clint Eastwood has a total of 8 children. (Score: -0.0001852228306233883)
Clint Eastwood has a total of 8 children. (Score: -0.0001852228306233883)
<EMPTY> (Score: -inf)
<EMPTY> (Score: -inf)

====================
Query:
Use the step-by-step method as shown in the examples to answer the question. Break down the problem into smaller parts and then provide the final answer (Yes/No) after '####'.

Example 1:
Q: Karachi was a part of Alexander the Great's success?

A: Karachi is a city in modern day Pakistan.
Krokola was an ancient port located in what is now Karachi.
Alexander the Great stationed his fleet in Krokola on his way to Babylon.
Alexander the Great defeated Darius and conquered Babylon before expanding his 
empire.
#### Yes.

Example 2:
Q: Was P. G. Wodehouse's favorite book The Hunger Games?

A: P. G. Wodehouse died in 1975.
The Hunger Games was published in 2008.
#### No.
IMPORTANT:
- Think step by step.
- The final line must be exactly in the format: #### Yes. or #### No.
- Do not end with anything else after the final answer.
Your Question:
Q: Does Alec Baldwin have more children than Clint Eastwood?

A: Alec Baldwin has a total of 7 children.
Responses:
Clint Eastwood has a total of 8 children. (Score: -0.00016600126400589943)
Clint Eastwood has a total of 8 children. (Score: -0.00016600126400589943)
<EMPTY> (Score: -inf)
<EMPTY> (Score: -inf)

====================
Query:
Use the step-by-step method as shown in the examples to answer the question. Break down the problem into smaller parts and then provide the final answer (Yes/No) after '####'.

Example 1:
Q: Karachi was a part of Alexander the Great's success?

A: Karachi is a city in modern day Pakistan.
Krokola was an ancient port located in what is now Karachi.
Alexander the Great stationed his fleet in Krokola on his way to Babylon.
Alexander the Great defeated Darius and conquered Babylon before expanding his 
empire.
#### Yes.

Example 2:
Q: Was P. G. Wodehouse's favorite book The Hunger Games?

A: P. G. Wodehouse died in 1975.
The Hunger Games was published in 2008.
#### No.
IMPORTANT:
- Think step by step.
- The final line must be exactly in the format: #### Yes. or #### No.
- Do not end with anything else after the final answer.
Your Question:
Q: Does Alec Baldwin have more children than Clint Eastwood?

A: Alec Baldwin has a total of 7 children.
Clint Eastwood has a total of 8 children.
Responses:
A: To compare the number of children, we note that Alec Baldwin has 7 children. (Score: 0.0007184231653809547)
A: To compare the number of children, we note that Alec Baldwin has 7 children. (Score: 0.0007184231653809547)
<EMPTY> (Score: -inf)
<EMPTY> (Score: -inf)

====================
Query:
Use the step-by-step method as shown in the examples to answer the question. Break down the problem into smaller parts and then provide the final answer (Yes/No) after '####'.

Example 1:
Q: Karachi was a part of Alexander the Great's success?

A: Karachi is a city in modern day Pakistan.
Krokola was an ancient port located in what is now Karachi.
Alexander the Great stationed his fleet in Krokola on his way to Babylon.
Alexander the Great defeated Darius and conquered Babylon before expanding his 
empire.
#### Yes.

Example 2:
Q: Was P. G. Wodehouse's favorite book The Hunger Games?

A: P. G. Wodehouse died in 1975.
The Hunger Games was published in 2008.
#### No.
IMPORTANT:
- Think step by step.
- The final line must be exactly in the format: #### Yes. or #### No.
- Do not end with anything else after the final answer.
Your Question:
Q: Does Alec Baldwin have more children than Clint Eastwood?

A: Alec Baldwin has a total of 7 children.
Clint Eastwood has a total of 8 children.
Responses:
A: To compare the number of children, we note that Alec Baldwin has 7 children. (Score: 0.0007184231653809547)
A: To compare the number of children, we note that Alec Baldwin has 7 children. (Score: 0.0007184231653809547)
<EMPTY> (Score: -inf)
<EMPTY> (Score: -inf)

====================
Query:
Use the step-by-step method as shown in the examples to answer the question. Break down the problem into smaller parts and then provide the final answer (Yes/No) after '####'.

Example 1:
Q: Karachi was a part of Alexander the Great's success?

A: Karachi is a city in modern day Pakistan.
Krokola was an ancient port located in what is now Karachi.
Alexander the Great stationed his fleet in Krokola on his way to Babylon.
Alexander the Great defeated Darius and conquered Babylon before expanding his 
empire.
#### Yes.

Example 2:
Q: Was P. G. Wodehouse's favorite book The Hunger Games?

A: P. G. Wodehouse died in 1975.
The Hunger Games was published in 2008.
#### No.
IMPORTANT:
- Think step by step.
- The final line must be exactly in the format: #### Yes. or #### No.
- Do not end with anything else after the final answer.
Your Question:
Q: Does Alec Baldwin have more children than Clint Eastwood?

A: Alec Baldwin has a total of 7 children.
Clint Eastwood has a total of 8 children.
A: To compare the number of children, we note that Alec Baldwin has 7 children.
Responses:
#### Yes. (Score: 0.0013999585062265396)
#### No. (Score: 0.0013756989501416683)
<EMPTY> (Score: -inf)
<EMPTY> (Score: -inf)

====================
Query:
Use the step-by-step method as shown in the examples to answer the question. Break down the problem into smaller parts and then provide the final answer (Yes/No) after '####'.

Example 1:
Q: Karachi was a part of Alexander the Great's success?

A: Karachi is a city in modern day Pakistan.
Krokola was an ancient port located in what is now Karachi.
Alexander the Great stationed his fleet in Krokola on his way to Babylon.
Alexander the Great defeated Darius and conquered Babylon before expanding his 
empire.
#### Yes.

Example 2:
Q: Was P. G. Wodehouse's favorite book The Hunger Games?

A: P. G. Wodehouse died in 1975.
The Hunger Games was published in 2008.
#### No.
IMPORTANT:
- Think step by step.
- The final line must be exactly in the format: #### Yes. or #### No.
- Do not end with anything else after the final answer.
Your Question:
Q: Does Alec Baldwin have more children than Clint Eastwood?

A: Alec Baldwin has a total of 7 children.
Clint Eastwood has a total of 8 children.
A: To compare the number of children, we note that Alec Baldwin has 7 children.
Responses:
#### Yes. (Score: 0.0013999585062265396)
#### No. (Score: 0.0013756989501416683)
<EMPTY> (Score: -inf)
<EMPTY> (Score: -inf)

====================
Query:
Use the step-by-step method as shown in the examples to answer the question. Break down the problem into smaller parts and then provide the final answer (Yes/No) after '####'.

Example 1:
Q: Karachi was a part of Alexander the Great's success?

A: Karachi is a city in modern day Pakistan.
Krokola was an ancient port located in what is now Karachi.
Alexander the Great stationed his fleet in Krokola on his way to Babylon.
Alexander the Great defeated Darius and conquered Babylon before expanding his 
empire.
#### Yes.

Example 2:
Q: Was P. G. Wodehouse's favorite book The Hunger Games?

A: P. G. Wodehouse died in 1975.
The Hunger Games was published in 2008.
#### No.
IMPORTANT:
- Think step by step.
- The final line must be exactly in the format: #### Yes. or #### No.
- Do not end with anything else after the final answer.
Your Question:
Q: Does Capricorn astrology symbol have all of the parts of a chimera?

A:
Responses:
Capricorn is represented by a sea-goat, which is a creature with the front half of a goat and the tail of a fish. (Score: 0.00016857637092471123)
A: Capricorn is represented by a sea-goat, which is a creature with the front half of a goat and the tail of a fish. (Score: -0.0006876667030155659)
<EMPTY> (Score: -inf)
<EMPTY> (Score: -inf)

====================
Query:
Use the step-by-step method as shown in the examples to answer the question. Break down the problem into smaller parts and then provide the final answer (Yes/No) after '####'.

Example 1:
Q: Karachi was a part of Alexander the Great's success?

A: Karachi is a city in modern day Pakistan.
Krokola was an ancient port located in what is now Karachi.
Alexander the Great stationed his fleet in Krokola on his way to Babylon.
Alexander the Great defeated Darius and conquered Babylon before expanding his 
empire.
#### Yes.

Example 2:
Q: Was P. G. Wodehouse's favorite book The Hunger Games?

A: P. G. Wodehouse died in 1975.
The Hunger Games was published in 2008.
#### No.
IMPORTANT:
- Think step by step.
- The final line must be exactly in the format: #### Yes. or #### No.
- Do not end with anything else after the final answer.
Your Question:
Q: Does Capricorn astrology symbol have all of the parts of a chimera?

A: Capricorn is represented by a sea-goat, which is a creature with the front half of a goat and the tail of a fish.
Responses:
A: A chimera is a mythological creature that typically has parts from multiple animals, often depicted with a lion's head, a goat's body, and a serpent's tail. (Score: 0.0004721512086689472)
A: A chimera is a mythological creature that typically has parts from multiple animals, often depicted with a lion's head, a goat's body, and a serpent's tail. (Score: 0.0004721512086689472)
<EMPTY> (Score: -inf)
<EMPTY> (Score: -inf)

====================
Query:
Use the step-by-step method as shown in the examples to answer the question. Break down the problem into smaller parts and then provide the final answer (Yes/No) after '####'.

Example 1:
Q: Karachi was a part of Alexander the Great's success?

A: Karachi is a city in modern day Pakistan.
Krokola was an ancient port located in what is now Karachi.
Alexander the Great stationed his fleet in Krokola on his way to Babylon.
Alexander the Great defeated Darius and conquered Babylon before expanding his 
empire.
#### Yes.

Example 2:
Q: Was P. G. Wodehouse's favorite book The Hunger Games?

A: P. G. Wodehouse died in 1975.
The Hunger Games was published in 2008.
#### No.
IMPORTANT:
- Think step by step.
- The final line must be exactly in the format: #### Yes. or #### No.
- Do not end with anything else after the final answer.
Your Question:
Q: Does Capricorn astrology symbol have all of the parts of a chimera?

A: A: Capricorn is represented by a sea-goat, which is a creature with the front half of a goat and the tail of a fish.
Responses:
The chimera is a mythological creature that typically has parts from multiple animals, often depicted with a lion's head, a goat's body, and a serpent's tail. (Score: 0.000528446864336729)
The chimera is a mythological creature that is typically depicted as a hybrid of multiple animals, often including parts of a lion, goat, and serpent. (Score: -6.703613325953484e-05)
<EMPTY> (Score: -inf)
<EMPTY> (Score: -inf)

====================
Query:
Use the step-by-step method as shown in the examples to answer the question. Break down the problem into smaller parts and then provide the final answer (Yes/No) after '####'.

Example 1:
Q: Karachi was a part of Alexander the Great's success?

A: Karachi is a city in modern day Pakistan.
Krokola was an ancient port located in what is now Karachi.
Alexander the Great stationed his fleet in Krokola on his way to Babylon.
Alexander the Great defeated Darius and conquered Babylon before expanding his 
empire.
#### Yes.

Example 2:
Q: Was P. G. Wodehouse's favorite book The Hunger Games?

A: P. G. Wodehouse died in 1975.
The Hunger Games was published in 2008.
#### No.
IMPORTANT:
- Think step by step.
- The final line must be exactly in the format: #### Yes. or #### No.
- Do not end with anything else after the final answer.
Your Question:
Q: Does Capricorn astrology symbol have all of the parts of a chimera?

A: A: Capricorn is represented by a sea-goat, which is a creature with the front half of a goat and the tail of a fish.
The chimera is a mythological creature that typically has parts from multiple animals, often depicted with a lion's head, a goat's body, and a serpent's tail.
Responses:
To determine if the Capricorn astrology symbol has all of the parts of a chimera, we need to analyze both creatures. (Score: -0.0005954932421445847)
To determine if the Capricorn astrology symbol has all of the parts of a chimera, we need to analyze both creatures. (Score: -0.0005954932421445847)
<EMPTY> (Score: -inf)
<EMPTY> (Score: -inf)

====================
Query:
Use the step-by-step method as shown in the examples to answer the question. Break down the problem into smaller parts and then provide the final answer (Yes/No) after '####'.

Example 1:
Q: Karachi was a part of Alexander the Great's success?

A: Karachi is a city in modern day Pakistan.
Krokola was an ancient port located in what is now Karachi.
Alexander the Great stationed his fleet in Krokola on his way to Babylon.
Alexander the Great defeated Darius and conquered Babylon before expanding his 
empire.
#### Yes.

Example 2:
Q: Was P. G. Wodehouse's favorite book The Hunger Games?

A: P. G. Wodehouse died in 1975.
The Hunger Games was published in 2008.
#### No.
IMPORTANT:
- Think step by step.
- The final line must be exactly in the format: #### Yes. or #### No.
- Do not end with anything else after the final answer.
Your Question:
Q: Does Capricorn astrology symbol have all of the parts of a chimera?

A: Capricorn is represented by a sea-goat, which is a creature with the front half of a goat and the tail of a fish.
A: A chimera is a mythological creature that typically has parts from multiple animals, often depicted with a lion's head, a goat's body, and a serpent's tail.
Responses:
A: The sea-goat, representing Capricorn, does not include all the parts of a chimera. (Score: 0.000297407153993845)
A: The sea-goat, representing Capricorn, does not include all the parts of a chimera. (Score: 0.000297407153993845)
<EMPTY> (Score: -inf)
<EMPTY> (Score: -inf)

====================
Query:
Use the step-by-step method as shown in the examples to answer the question. Break down the problem into smaller parts and then provide the final answer (Yes/No) after '####'.

Example 1:
Q: Karachi was a part of Alexander the Great's success?

A: Karachi is a city in modern day Pakistan.
Krokola was an ancient port located in what is now Karachi.
Alexander the Great stationed his fleet in Krokola on his way to Babylon.
Alexander the Great defeated Darius and conquered Babylon before expanding his 
empire.
#### Yes.

Example 2:
Q: Was P. G. Wodehouse's favorite book The Hunger Games?

A: P. G. Wodehouse died in 1975.
The Hunger Games was published in 2008.
#### No.
IMPORTANT:
- Think step by step.
- The final line must be exactly in the format: #### Yes. or #### No.
- Do not end with anything else after the final answer.
Your Question:
Q: Does Capricorn astrology symbol have all of the parts of a chimera?

A: Capricorn is represented by a sea-goat, which is a creature with the front half of a goat and the tail of a fish.
A: A chimera is a mythological creature that typically has parts from multiple animals, often depicted with a lion's head, a goat's body, and a serpent's tail.
A: The sea-goat, representing Capricorn, does not include all the parts of a chimera.
Responses:
#### Yes. (Score: 0.00010192394256591797)
#### No. (Score: 0.0002520112320780754)
<EMPTY> (Score: -inf)
<EMPTY> (Score: -inf)

====================
Query:
Use the step-by-step method as shown in the examples to answer the question. Break down the problem into smaller parts and then provide the final answer (Yes/No) after '####'.

Example 1:
Q: Karachi was a part of Alexander the Great's success?

A: Karachi is a city in modern day Pakistan.
Krokola was an ancient port located in what is now Karachi.
Alexander the Great stationed his fleet in Krokola on his way to Babylon.
Alexander the Great defeated Darius and conquered Babylon before expanding his 
empire.
#### Yes.

Example 2:
Q: Was P. G. Wodehouse's favorite book The Hunger Games?

A: P. G. Wodehouse died in 1975.
The Hunger Games was published in 2008.
#### No.
IMPORTANT:
- Think step by step.
- The final line must be exactly in the format: #### Yes. or #### No.
- Do not end with anything else after the final answer.
Your Question:
Q: Does Capricorn astrology symbol have all of the parts of a chimera?

A: Capricorn is represented by a sea-goat, which is a creature with the front half of a goat and the tail of a fish.
A: A chimera is a mythological creature that typically has parts from multiple animals, often depicted with a lion's head, a goat's body, and a serpent's tail.
A: The sea-goat, representing Capricorn, does not include all the parts of a chimera.
Responses:
#### Yes. (Score: 0.00010192394256591797)
#### No. (Score: 0.0002520112320780754)
<EMPTY> (Score: -inf)
<EMPTY> (Score: -inf)

====================
Query:
Use the step-by-step method as shown in the examples to answer the question. Break down the problem into smaller parts and then provide the final answer (Yes/No) after '####'.

Example 1:
Q: Karachi was a part of Alexander the Great's success?

A: Karachi is a city in modern day Pakistan.
Krokola was an ancient port located in what is now Karachi.
Alexander the Great stationed his fleet in Krokola on his way to Babylon.
Alexander the Great defeated Darius and conquered Babylon before expanding his 
empire.
#### Yes.

Example 2:
Q: Was P. G. Wodehouse's favorite book The Hunger Games?

A: P. G. Wodehouse died in 1975.
The Hunger Games was published in 2008.
#### No.
IMPORTANT:
- Think step by step.
- The final line must be exactly in the format: #### Yes. or #### No.
- Do not end with anything else after the final answer.
Your Question:
Q: Can a strawberry get worms similar to dogs?

A:
Responses:
A: Strawberries are a type of fruit that grows on plants. (Score: -0.0003866073675453663)
A: Strawberries are a type of fruit that grows on plants. (Score: -0.0003866073675453663)
<EMPTY> (Score: -inf)
<EMPTY> (Score: -inf)

====================
Query:
Use the step-by-step method as shown in the examples to answer the question. Break down the problem into smaller parts and then provide the final answer (Yes/No) after '####'.

Example 1:
Q: Karachi was a part of Alexander the Great's success?

A: Karachi is a city in modern day Pakistan.
Krokola was an ancient port located in what is now Karachi.
Alexander the Great stationed his fleet in Krokola on his way to Babylon.
Alexander the Great defeated Darius and conquered Babylon before expanding his 
empire.
#### Yes.

Example 2:
Q: Was P. G. Wodehouse's favorite book The Hunger Games?

A: P. G. Wodehouse died in 1975.
The Hunger Games was published in 2008.
#### No.
IMPORTANT:
- Think step by step.
- The final line must be exactly in the format: #### Yes. or #### No.
- Do not end with anything else after the final answer.
Your Question:
Q: Can a strawberry get worms similar to dogs?

A: A: Strawberries are a type of fruit that grows on plants.
Responses:
Strawberries are not animals; they are plants. (Score: -0.00040331296622753143)
Strawberries are not animals; they are plants. (Score: -0.00040331296622753143)
<EMPTY> (Score: -inf)
<EMPTY> (Score: -inf)

====================
Query:
Use the step-by-step method as shown in the examples to answer the question. Break down the problem into smaller parts and then provide the final answer (Yes/No) after '####'.

Example 1:
Q: Karachi was a part of Alexander the Great's success?

A: Karachi is a city in modern day Pakistan.
Krokola was an ancient port located in what is now Karachi.
Alexander the Great stationed his fleet in Krokola on his way to Babylon.
Alexander the Great defeated Darius and conquered Babylon before expanding his 
empire.
#### Yes.

Example 2:
Q: Was P. G. Wodehouse's favorite book The Hunger Games?

A: P. G. Wodehouse died in 1975.
The Hunger Games was published in 2008.
#### No.
IMPORTANT:
- Think step by step.
- The final line must be exactly in the format: #### Yes. or #### No.
- Do not end with anything else after the final answer.
Your Question:
Q: Can a strawberry get worms similar to dogs?

A: A: Strawberries are a type of fruit that grows on plants.
Responses:
Strawberries are not animals; they are plants. (Score: -0.00040331296622753143)
Strawberries are not animals; they are plants. (Score: -0.00040331296622753143)
<EMPTY> (Score: -inf)
<EMPTY> (Score: -inf)

====================
Query:
Use the step-by-step method as shown in the examples to answer the question. Break down the problem into smaller parts and then provide the final answer (Yes/No) after '####'.

Example 1:
Q: Karachi was a part of Alexander the Great's success?

A: Karachi is a city in modern day Pakistan.
Krokola was an ancient port located in what is now Karachi.
Alexander the Great stationed his fleet in Krokola on his way to Babylon.
Alexander the Great defeated Darius and conquered Babylon before expanding his 
empire.
#### Yes.

Example 2:
Q: Was P. G. Wodehouse's favorite book The Hunger Games?

A: P. G. Wodehouse died in 1975.
The Hunger Games was published in 2008.
#### No.
IMPORTANT:
- Think step by step.
- The final line must be exactly in the format: #### Yes. or #### No.
- Do not end with anything else after the final answer.
Your Question:
Q: Can a strawberry get worms similar to dogs?

A: A: Strawberries are a type of fruit that grows on plants.
Strawberries are not animals; they are plants.
Responses:
Worms are typically associated with animals, particularly invertebrates like dogs, which can host parasites. (Score: -0.0008558365516364574)
Worms are typically associated with animals, particularly invertebrates like dogs, which can have parasites. (Score: -0.000695474911481142)
<EMPTY> (Score: -inf)
<EMPTY> (Score: -inf)

====================
Query:
Use the step-by-step method as shown in the examples to answer the question. Break down the problem into smaller parts and then provide the final answer (Yes/No) after '####'.

Example 1:
Q: Karachi was a part of Alexander the Great's success?

A: Karachi is a city in modern day Pakistan.
Krokola was an ancient port located in what is now Karachi.
Alexander the Great stationed his fleet in Krokola on his way to Babylon.
Alexander the Great defeated Darius and conquered Babylon before expanding his 
empire.
#### Yes.

Example 2:
Q: Was P. G. Wodehouse's favorite book The Hunger Games?

A: P. G. Wodehouse died in 1975.
The Hunger Games was published in 2008.
#### No.
IMPORTANT:
- Think step by step.
- The final line must be exactly in the format: #### Yes. or #### No.
- Do not end with anything else after the final answer.
Your Question:
Q: Can a strawberry get worms similar to dogs?

A: A: Strawberries are a type of fruit that grows on plants.
Strawberries are not animals; they are plants.
Responses:
Worms are typically associated with animals, particularly invertebrates like dogs, which can host parasites. (Score: -0.0008558365516364574)
Worms are typically associated with animals, particularly invertebrates like dogs, which can host parasites. (Score: -0.0008558365516364574)
<EMPTY> (Score: -inf)
<EMPTY> (Score: -inf)

====================
Query:
Use the step-by-step method as shown in the examples to answer the question. Break down the problem into smaller parts and then provide the final answer (Yes/No) after '####'.

Example 1:
Q: Karachi was a part of Alexander the Great's success?

A: Karachi is a city in modern day Pakistan.
Krokola was an ancient port located in what is now Karachi.
Alexander the Great stationed his fleet in Krokola on his way to Babylon.
Alexander the Great defeated Darius and conquered Babylon before expanding his 
empire.
#### Yes.

Example 2:
Q: Was P. G. Wodehouse's favorite book The Hunger Games?

A: P. G. Wodehouse died in 1975.
The Hunger Games was published in 2008.
#### No.
IMPORTANT:
- Think step by step.
- The final line must be exactly in the format: #### Yes. or #### No.
- Do not end with anything else after the final answer.
Your Question:
Q: Can a strawberry get worms similar to dogs?

A: A: Strawberries are a type of fruit that grows on plants.
Strawberries are not animals; they are plants.
Worms are typically associated with animals, particularly invertebrates like dogs, which can have parasites.
Responses:
#### Yes. (Score: 0.00018816208466887474)
#### No. (Score: 0.00035154446959495544)
<EMPTY> (Score: -inf)
<EMPTY> (Score: -inf)

====================
Query:
Use the step-by-step method as shown in the examples to answer the question. Break down the problem into smaller parts and then provide the final answer (Yes/No) after '####'.

Example 1:
Q: Karachi was a part of Alexander the Great's success?

A: Karachi is a city in modern day Pakistan.
Krokola was an ancient port located in what is now Karachi.
Alexander the Great stationed his fleet in Krokola on his way to Babylon.
Alexander the Great defeated Darius and conquered Babylon before expanding his 
empire.
#### Yes.

Example 2:
Q: Was P. G. Wodehouse's favorite book The Hunger Games?

A: P. G. Wodehouse died in 1975.
The Hunger Games was published in 2008.
#### No.
IMPORTANT:
- Think step by step.
- The final line must be exactly in the format: #### Yes. or #### No.
- Do not end with anything else after the final answer.
Your Question:
Q: Can a strawberry get worms similar to dogs?

A: A: Strawberries are a type of fruit that grows on plants.
Strawberries are not animals; they are plants.
Worms are typically associated with animals, particularly invertebrates like dogs, which can host parasites.
Responses:
#### Yes. (Score: 4.4819433242082596e-05)
#### No. (Score: 0.00017184298485517502)
<EMPTY> (Score: -inf)
<EMPTY> (Score: -inf)

====================
Query:
Use the step-by-step method as shown in the examples to answer the question. Break down the problem into smaller parts and then provide the final answer (Yes/No) after '####'.

Example 1:
Q: Karachi was a part of Alexander the Great's success?

A: Karachi is a city in modern day Pakistan.
Krokola was an ancient port located in what is now Karachi.
Alexander the Great stationed his fleet in Krokola on his way to Babylon.
Alexander the Great defeated Darius and conquered Babylon before expanding his 
empire.
#### Yes.

Example 2:
Q: Was P. G. Wodehouse's favorite book The Hunger Games?

A: P. G. Wodehouse died in 1975.
The Hunger Games was published in 2008.
#### No.
IMPORTANT:
- Think step by step.
- The final line must be exactly in the format: #### Yes. or #### No.
- Do not end with anything else after the final answer.
Your Question:
Q: Can a sea turtle play tennis using a tennis racket?

A:
Responses:
A: Sea turtles are marine reptiles that live in the ocean. (Score: -0.00041335495188832283)
A: Sea turtles are marine reptiles that live in the ocean. (Score: -0.00041335495188832283)
<EMPTY> (Score: -inf)
<EMPTY> (Score: -inf)

====================
Query:
Use the step-by-step method as shown in the examples to answer the question. Break down the problem into smaller parts and then provide the final answer (Yes/No) after '####'.

Example 1:
Q: Karachi was a part of Alexander the Great's success?

A: Karachi is a city in modern day Pakistan.
Krokola was an ancient port located in what is now Karachi.
Alexander the Great stationed his fleet in Krokola on his way to Babylon.
Alexander the Great defeated Darius and conquered Babylon before expanding his 
empire.
#### Yes.

Example 2:
Q: Was P. G. Wodehouse's favorite book The Hunger Games?

A: P. G. Wodehouse died in 1975.
The Hunger Games was published in 2008.
#### No.
IMPORTANT:
- Think step by step.
- The final line must be exactly in the format: #### Yes. or #### No.
- Do not end with anything else after the final answer.
Your Question:
Q: Can a sea turtle play tennis using a tennis racket?

A: A: Sea turtles are marine reptiles that live in the ocean.
Responses:
They have flippers instead of arms, which makes it impossible for them to hold or manipulate objects like a tennis racket. (Score: -0.0008163261227309704)
Sea turtles do not have the physical capability to hold or use a tennis racket. (Score: 5.3441617637872696e-05)
<EMPTY> (Score: -inf)
<EMPTY> (Score: -inf)

====================
Query:
Use the step-by-step method as shown in the examples to answer the question. Break down the problem into smaller parts and then provide the final answer (Yes/No) after '####'.

Example 1:
Q: Karachi was a part of Alexander the Great's success?

A: Karachi is a city in modern day Pakistan.
Krokola was an ancient port located in what is now Karachi.
Alexander the Great stationed his fleet in Krokola on his way to Babylon.
Alexander the Great defeated Darius and conquered Babylon before expanding his 
empire.
#### Yes.

Example 2:
Q: Was P. G. Wodehouse's favorite book The Hunger Games?

A: P. G. Wodehouse died in 1975.
The Hunger Games was published in 2008.
#### No.
IMPORTANT:
- Think step by step.
- The final line must be exactly in the format: #### Yes. or #### No.
- Do not end with anything else after the final answer.
Your Question:
Q: Can a sea turtle play tennis using a tennis racket?

A: A: Sea turtles are marine reptiles that live in the ocean.
Responses:
Sea turtles do not have the physical capability to hold or use a tennis racket. (Score: 5.579320713877678e-05)
Sea turtles do not have the physical capability to hold or use a tennis racket. (Score: 5.579320713877678e-05)
<EMPTY> (Score: -inf)
<EMPTY> (Score: -inf)

====================
Query:
Use the step-by-step method as shown in the examples to answer the question. Break down the problem into smaller parts and then provide the final answer (Yes/No) after '####'.

Example 1:
Q: Karachi was a part of Alexander the Great's success?

A: Karachi is a city in modern day Pakistan.
Krokola was an ancient port located in what is now Karachi.
Alexander the Great stationed his fleet in Krokola on his way to Babylon.
Alexander the Great defeated Darius and conquered Babylon before expanding his 
empire.
#### Yes.

Example 2:
Q: Was P. G. Wodehouse's favorite book The Hunger Games?

A: P. G. Wodehouse died in 1975.
The Hunger Games was published in 2008.
#### No.
IMPORTANT:
- Think step by step.
- The final line must be exactly in the format: #### Yes. or #### No.
- Do not end with anything else after the final answer.
Your Question:
Q: Can a sea turtle play tennis using a tennis racket?

A: A: Sea turtles are marine reptiles that live in the ocean.
Sea turtles do not have the physical capability to hold or use a tennis racket.
Responses:
They lack the necessary limbs and dexterity to manipulate objects like humans do. (Score: -0.00010611629113554955)
They lack the necessary limbs and dexterity to manipulate objects like humans do. (Score: -0.00010611629113554955)
<EMPTY> (Score: -inf)
<EMPTY> (Score: -inf)

====================
Query:
Use the step-by-step method as shown in the examples to answer the question. Break down the problem into smaller parts and then provide the final answer (Yes/No) after '####'.

Example 1:
Q: Karachi was a part of Alexander the Great's success?

A: Karachi is a city in modern day Pakistan.
Krokola was an ancient port located in what is now Karachi.
Alexander the Great stationed his fleet in Krokola on his way to Babylon.
Alexander the Great defeated Darius and conquered Babylon before expanding his 
empire.
#### Yes.

Example 2:
Q: Was P. G. Wodehouse's favorite book The Hunger Games?

A: P. G. Wodehouse died in 1975.
The Hunger Games was published in 2008.
#### No.
IMPORTANT:
- Think step by step.
- The final line must be exactly in the format: #### Yes. or #### No.
- Do not end with anything else after the final answer.
Your Question:
Q: Can a sea turtle play tennis using a tennis racket?

A: A: Sea turtles are marine reptiles that live in the ocean.
Sea turtles do not have the physical capability to hold or use a tennis racket.
Responses:
They lack the necessary limbs and dexterity to manipulate objects like a racket. (Score: -0.0003899950534105301)
They lack the necessary limbs and dexterity to manipulate objects like humans do. (Score: -0.00010611629113554955)
<EMPTY> (Score: -inf)
<EMPTY> (Score: -inf)

====================
Query:
Use the step-by-step method as shown in the examples to answer the question. Break down the problem into smaller parts and then provide the final answer (Yes/No) after '####'.

Example 1:
Q: Karachi was a part of Alexander the Great's success?

A: Karachi is a city in modern day Pakistan.
Krokola was an ancient port located in what is now Karachi.
Alexander the Great stationed his fleet in Krokola on his way to Babylon.
Alexander the Great defeated Darius and conquered Babylon before expanding his 
empire.
#### Yes.

Example 2:
Q: Was P. G. Wodehouse's favorite book The Hunger Games?

A: P. G. Wodehouse died in 1975.
The Hunger Games was published in 2008.
#### No.
IMPORTANT:
- Think step by step.
- The final line must be exactly in the format: #### Yes. or #### No.
- Do not end with anything else after the final answer.
Your Question:
Q: Can a sea turtle play tennis using a tennis racket?

A: A: Sea turtles are marine reptiles that live in the ocean.
Sea turtles do not have the physical capability to hold or use a tennis racket.
They lack the necessary limbs and dexterity to manipulate objects like humans do.
Responses:
#### Yes. (Score: 0.0006325202994048595)
#### No. (Score: 0.0008490551263093948)
<EMPTY> (Score: -inf)
<EMPTY> (Score: -inf)

====================
Query:
Use the step-by-step method as shown in the examples to answer the question. Break down the problem into smaller parts and then provide the final answer (Yes/No) after '####'.

Example 1:
Q: Karachi was a part of Alexander the Great's success?

A: Karachi is a city in modern day Pakistan.
Krokola was an ancient port located in what is now Karachi.
Alexander the Great stationed his fleet in Krokola on his way to Babylon.
Alexander the Great defeated Darius and conquered Babylon before expanding his 
empire.
#### Yes.

Example 2:
Q: Was P. G. Wodehouse's favorite book The Hunger Games?

A: P. G. Wodehouse died in 1975.
The Hunger Games was published in 2008.
#### No.
IMPORTANT:
- Think step by step.
- The final line must be exactly in the format: #### Yes. or #### No.
- Do not end with anything else after the final answer.
Your Question:
Q: Can a sea turtle play tennis using a tennis racket?

A: A: Sea turtles are marine reptiles that live in the ocean.
Sea turtles do not have the physical capability to hold or use a tennis racket.
They lack the necessary limbs and dexterity to manipulate objects like humans do.
Responses:
#### Yes. (Score: 0.0006325202994048595)
#### No. (Score: 0.0008490551263093948)
<EMPTY> (Score: -inf)
<EMPTY> (Score: -inf)

====================
Query:
Use the step-by-step method as shown in the examples to answer the question. Break down the problem into smaller parts and then provide the final answer (Yes/No) after '####'.

Example 1:
Q: Karachi was a part of Alexander the Great's success?

A: Karachi is a city in modern day Pakistan.
Krokola was an ancient port located in what is now Karachi.
Alexander the Great stationed his fleet in Krokola on his way to Babylon.
Alexander the Great defeated Darius and conquered Babylon before expanding his 
empire.
#### Yes.

Example 2:
Q: Was P. G. Wodehouse's favorite book The Hunger Games?

A: P. G. Wodehouse died in 1975.
The Hunger Games was published in 2008.
#### No.
IMPORTANT:
- Think step by step.
- The final line must be exactly in the format: #### Yes. or #### No.
- Do not end with anything else after the final answer.
Your Question:
Q: Would the average American family find Adam Sandler's home to be too small?

A:
Responses:
Adam Sandler is a well-known actor and comedian. (Score: 0.0006950339302420616)
Adam Sandler is a well-known actor and comedian. (Score: 0.0006950339302420616)
<EMPTY> (Score: -inf)
<EMPTY> (Score: -inf)

====================
Query:
Use the step-by-step method as shown in the examples to answer the question. Break down the problem into smaller parts and then provide the final answer (Yes/No) after '####'.

Example 1:
Q: Karachi was a part of Alexander the Great's success?

A: Karachi is a city in modern day Pakistan.
Krokola was an ancient port located in what is now Karachi.
Alexander the Great stationed his fleet in Krokola on his way to Babylon.
Alexander the Great defeated Darius and conquered Babylon before expanding his 
empire.
#### Yes.

Example 2:
Q: Was P. G. Wodehouse's favorite book The Hunger Games?

A: P. G. Wodehouse died in 1975.
The Hunger Games was published in 2008.
#### No.
IMPORTANT:
- Think step by step.
- The final line must be exactly in the format: #### Yes. or #### No.
- Do not end with anything else after the final answer.
Your Question:
Q: Would the average American family find Adam Sandler's home to be too small?

A: Adam Sandler is a well-known actor and comedian.
Responses:
Adam Sandler is known for his successful career in film and television. (Score: 0.0009985058568418026)
Adam Sandler is known for his successful career in film and television. (Score: 0.0009985058568418026)
<EMPTY> (Score: -inf)
<EMPTY> (Score: -inf)

====================
Query:
Use the step-by-step method as shown in the examples to answer the question. Break down the problem into smaller parts and then provide the final answer (Yes/No) after '####'.

Example 1:
Q: Karachi was a part of Alexander the Great's success?

A: Karachi is a city in modern day Pakistan.
Krokola was an ancient port located in what is now Karachi.
Alexander the Great stationed his fleet in Krokola on his way to Babylon.
Alexander the Great defeated Darius and conquered Babylon before expanding his 
empire.
#### Yes.

Example 2:
Q: Was P. G. Wodehouse's favorite book The Hunger Games?

A: P. G. Wodehouse died in 1975.
The Hunger Games was published in 2008.
#### No.
IMPORTANT:
- Think step by step.
- The final line must be exactly in the format: #### Yes. or #### No.
- Do not end with anything else after the final answer.
Your Question:
Q: Would the average American family find Adam Sandler's home to be too small?

A: Adam Sandler is a well-known actor and comedian.
Responses:
Adam Sandler is known for his successful career in film and television. (Score: 0.0009985058568418026)
Adam Sandler is known for his successful career in film and television. (Score: 0.0009985058568418026)
<EMPTY> (Score: -inf)
<EMPTY> (Score: -inf)

====================
Query:
Use the step-by-step method as shown in the examples to answer the question. Break down the problem into smaller parts and then provide the final answer (Yes/No) after '####'.

Example 1:
Q: Karachi was a part of Alexander the Great's success?

A: Karachi is a city in modern day Pakistan.
Krokola was an ancient port located in what is now Karachi.
Alexander the Great stationed his fleet in Krokola on his way to Babylon.
Alexander the Great defeated Darius and conquered Babylon before expanding his 
empire.
#### Yes.

Example 2:
Q: Was P. G. Wodehouse's favorite book The Hunger Games?

A: P. G. Wodehouse died in 1975.
The Hunger Games was published in 2008.
#### No.
IMPORTANT:
- Think step by step.
- The final line must be exactly in the format: #### Yes. or #### No.
- Do not end with anything else after the final answer.
Your Question:
Q: Would the average American family find Adam Sandler's home to be too small?

A: Adam Sandler is a well-known actor and comedian.
Adam Sandler is known for his successful career in film and television.
Responses:
Adam Sandler has a large home in Los Angeles, California. (Score: 0.0007775989361107349)
Adam Sandler has a large home in Los Angeles, California. (Score: 0.0007775989361107349)
<EMPTY> (Score: -inf)
<EMPTY> (Score: -inf)

====================
Query:
Use the step-by-step method as shown in the examples to answer the question. Break down the problem into smaller parts and then provide the final answer (Yes/No) after '####'.

Example 1:
Q: Karachi was a part of Alexander the Great's success?

A: Karachi is a city in modern day Pakistan.
Krokola was an ancient port located in what is now Karachi.
Alexander the Great stationed his fleet in Krokola on his way to Babylon.
Alexander the Great defeated Darius and conquered Babylon before expanding his 
empire.
#### Yes.

Example 2:
Q: Was P. G. Wodehouse's favorite book The Hunger Games?

A: P. G. Wodehouse died in 1975.
The Hunger Games was published in 2008.
#### No.
IMPORTANT:
- Think step by step.
- The final line must be exactly in the format: #### Yes. or #### No.
- Do not end with anything else after the final answer.
Your Question:
Q: Would the average American family find Adam Sandler's home to be too small?

A: Adam Sandler is a well-known actor and comedian.
Adam Sandler is known for his successful career in film and television.
Responses:
Adam Sandler has a large home in Los Angeles, California. (Score: 0.0007775989361107349)
Adam Sandler has a large home in Los Angeles, California. (Score: 0.0007775989361107349)
<EMPTY> (Score: -inf)
<EMPTY> (Score: -inf)

====================
Query:
Use the step-by-step method as shown in the examples to answer the question. Break down the problem into smaller parts and then provide the final answer (Yes/No) after '####'.

Example 1:
Q: Karachi was a part of Alexander the Great's success?

A: Karachi is a city in modern day Pakistan.
Krokola was an ancient port located in what is now Karachi.
Alexander the Great stationed his fleet in Krokola on his way to Babylon.
Alexander the Great defeated Darius and conquered Babylon before expanding his 
empire.
#### Yes.

Example 2:
Q: Was P. G. Wodehouse's favorite book The Hunger Games?

A: P. G. Wodehouse died in 1975.
The Hunger Games was published in 2008.
#### No.
IMPORTANT:
- Think step by step.
- The final line must be exactly in the format: #### Yes. or #### No.
- Do not end with anything else after the final answer.
Your Question:
Q: Would the average American family find Adam Sandler's home to be too small?

A: Adam Sandler is a well-known actor and comedian.
Adam Sandler is known for his successful career in film and television.
Adam Sandler has a large home in Los Angeles, California.
Responses:
#### Yes. (Score: 0.0015756315551698208)
#### No. (Score: 0.0015109716914594173)
<EMPTY> (Score: -inf)
<EMPTY> (Score: -inf)

====================
Query:
Use the step-by-step method as shown in the examples to answer the question. Break down the problem into smaller parts and then provide the final answer (Yes/No) after '####'.

Example 1:
Q: Karachi was a part of Alexander the Great's success?

A: Karachi is a city in modern day Pakistan.
Krokola was an ancient port located in what is now Karachi.
Alexander the Great stationed his fleet in Krokola on his way to Babylon.
Alexander the Great defeated Darius and conquered Babylon before expanding his 
empire.
#### Yes.

Example 2:
Q: Was P. G. Wodehouse's favorite book The Hunger Games?

A: P. G. Wodehouse died in 1975.
The Hunger Games was published in 2008.
#### No.
IMPORTANT:
- Think step by step.
- The final line must be exactly in the format: #### Yes. or #### No.
- Do not end with anything else after the final answer.
Your Question:
Q: Would the average American family find Adam Sandler's home to be too small?

A: Adam Sandler is a well-known actor and comedian.
Adam Sandler is known for his successful career in film and television.
Adam Sandler has a large home in Los Angeles, California.
Responses:
#### Yes. (Score: 0.0015756315551698208)
#### No. (Score: 0.0015109716914594173)
<EMPTY> (Score: -inf)
<EMPTY> (Score: -inf)

====================
Query:
Use the step-by-step method as shown in the examples to answer the question. Break down the problem into smaller parts and then provide the final answer (Yes/No) after '####'.

Example 1:
Q: Karachi was a part of Alexander the Great's success?

A: Karachi is a city in modern day Pakistan.
Krokola was an ancient port located in what is now Karachi.
Alexander the Great stationed his fleet in Krokola on his way to Babylon.
Alexander the Great defeated Darius and conquered Babylon before expanding his 
empire.
#### Yes.

Example 2:
Q: Was P. G. Wodehouse's favorite book The Hunger Games?

A: P. G. Wodehouse died in 1975.
The Hunger Games was published in 2008.
#### No.
IMPORTANT:
- Think step by step.
- The final line must be exactly in the format: #### Yes. or #### No.
- Do not end with anything else after the final answer.
Your Question:
Q: Would a packed Wembley stadium be likely to have a descendant of the Mongols inside?

A:
Responses:
A: Wembley Stadium is located in London, England, and is known for hosting various sporting events and concerts. (Score: -0.00029904767870903015)
A: Wembley Stadium is located in London, England, and is primarily used for football matches and other events. (Score: -0.0003318781964480877)
<EMPTY> (Score: -inf)
<EMPTY> (Score: -inf)

====================
Query:
Use the step-by-step method as shown in the examples to answer the question. Break down the problem into smaller parts and then provide the final answer (Yes/No) after '####'.

Example 1:
Q: Karachi was a part of Alexander the Great's success?

A: Karachi is a city in modern day Pakistan.
Krokola was an ancient port located in what is now Karachi.
Alexander the Great stationed his fleet in Krokola on his way to Babylon.
Alexander the Great defeated Darius and conquered Babylon before expanding his 
empire.
#### Yes.

Example 2:
Q: Was P. G. Wodehouse's favorite book The Hunger Games?

A: P. G. Wodehouse died in 1975.
The Hunger Games was published in 2008.
#### No.
IMPORTANT:
- Think step by step.
- The final line must be exactly in the format: #### Yes. or #### No.
- Do not end with anything else after the final answer.
Your Question:
Q: Would a packed Wembley stadium be likely to have a descendant of the Mongols inside?

A: A: Wembley Stadium is located in London, England, and is known for hosting various sporting events and concerts.
Responses:
The Mongol Empire existed from the 13th to the 14th century, and its descendants would be people of Mongolian descent or those who can trace their ancestry back to the Mongol tribes. (Score: -0.0008679460734128952)
The Mongol Empire existed from the 13th to the 14th century, and its descendants would be people of Mongolian descent or those who can trace their ancestry back to the Mongol tribes. (Score: -0.0008679460734128952)
<EMPTY> (Score: -inf)
<EMPTY> (Score: -inf)

====================
Query:
Use the step-by-step method as shown in the examples to answer the question. Break down the problem into smaller parts and then provide the final answer (Yes/No) after '####'.

Example 1:
Q: Karachi was a part of Alexander the Great's success?

A: Karachi is a city in modern day Pakistan.
Krokola was an ancient port located in what is now Karachi.
Alexander the Great stationed his fleet in Krokola on his way to Babylon.
Alexander the Great defeated Darius and conquered Babylon before expanding his 
empire.
#### Yes.

Example 2:
Q: Was P. G. Wodehouse's favorite book The Hunger Games?

A: P. G. Wodehouse died in 1975.
The Hunger Games was published in 2008.
#### No.
IMPORTANT:
- Think step by step.
- The final line must be exactly in the format: #### Yes. or #### No.
- Do not end with anything else after the final answer.
Your Question:
Q: Would a packed Wembley stadium be likely to have a descendant of the Mongols inside?

A: A: Wembley Stadium is located in London, England, and is primarily used for football matches and other events.
Responses:
The Mongol Empire existed from the 13th to the 14th century, and its descendants would be people of Mongolian descent or those who can trace their ancestry back to the Mongol tribes. (Score: -0.0008227508515119553)
The Mongol Empire existed from the 13th to the 14th century, and its descendants would be people of Mongolian descent or those who can trace their ancestry back to the Mongol tribes. (Score: -0.0008227508515119553)
<EMPTY> (Score: -inf)
<EMPTY> (Score: -inf)

====================
Query:
Use the step-by-step method as shown in the examples to answer the question. Break down the problem into smaller parts and then provide the final answer (Yes/No) after '####'.

Example 1:
Q: Karachi was a part of Alexander the Great's success?

A: Karachi is a city in modern day Pakistan.
Krokola was an ancient port located in what is now Karachi.
Alexander the Great stationed his fleet in Krokola on his way to Babylon.
Alexander the Great defeated Darius and conquered Babylon before expanding his 
empire.
#### Yes.

Example 2:
Q: Was P. G. Wodehouse's favorite book The Hunger Games?

A: P. G. Wodehouse died in 1975.
The Hunger Games was published in 2008.
#### No.
IMPORTANT:
- Think step by step.
- The final line must be exactly in the format: #### Yes. or #### No.
- Do not end with anything else after the final answer.
Your Question:
Q: Would a packed Wembley stadium be likely to have a descendant of the Mongols inside?

A: A: Wembley Stadium is located in London, England, and is primarily used for football matches and other events.
The Mongol Empire existed from the 13th to the 14th century, and its descendants would be people of Mongolian descent or those who can trace their ancestry back to the Mongol tribes.
Responses:
The population of modern London is diverse, with many ethnicities and backgrounds represented, including those of Central Asian descent. (Score: -0.0006711934693157673)
The population of modern London is diverse, with many ethnicities and backgrounds represented, including those of Mongolian descent. (Score: -0.000521085225045681)
<EMPTY> (Score: -inf)
<EMPTY> (Score: -inf)

====================
Query:
Use the step-by-step method as shown in the examples to answer the question. Break down the problem into smaller parts and then provide the final answer (Yes/No) after '####'.

Example 1:
Q: Karachi was a part of Alexander the Great's success?

A: Karachi is a city in modern day Pakistan.
Krokola was an ancient port located in what is now Karachi.
Alexander the Great stationed his fleet in Krokola on his way to Babylon.
Alexander the Great defeated Darius and conquered Babylon before expanding his 
empire.
#### Yes.

Example 2:
Q: Was P. G. Wodehouse's favorite book The Hunger Games?

A: P. G. Wodehouse died in 1975.
The Hunger Games was published in 2008.
#### No.
IMPORTANT:
- Think step by step.
- The final line must be exactly in the format: #### Yes. or #### No.
- Do not end with anything else after the final answer.
Your Question:
Q: Would a packed Wembley stadium be likely to have a descendant of the Mongols inside?

A: A: Wembley Stadium is located in London, England, and is primarily used for football matches and other events.
The Mongol Empire existed from the 13th to the 14th century, and its descendants would be people of Mongolian descent or those who can trace their ancestry back to the Mongol tribes.
Responses:
The descendants of the Mongols could be found in various parts of the world due to historical migrations and intermarriages. (Score: -0.0006117606535553932)
The population of modern London is diverse, with many ethnicities and backgrounds represented. (Score: -0.0005662702023983002)
<EMPTY> (Score: -inf)
<EMPTY> (Score: -inf)

====================
Query:
Use the step-by-step method as shown in the examples to answer the question. Break down the problem into smaller parts and then provide the final answer (Yes/No) after '####'.

Example 1:
Q: Karachi was a part of Alexander the Great's success?

A: Karachi is a city in modern day Pakistan.
Krokola was an ancient port located in what is now Karachi.
Alexander the Great stationed his fleet in Krokola on his way to Babylon.
Alexander the Great defeated Darius and conquered Babylon before expanding his 
empire.
#### Yes.

Example 2:
Q: Was P. G. Wodehouse's favorite book The Hunger Games?

A: P. G. Wodehouse died in 1975.
The Hunger Games was published in 2008.
#### No.
IMPORTANT:
- Think step by step.
- The final line must be exactly in the format: #### Yes. or #### No.
- Do not end with anything else after the final answer.
Your Question:
Q: Would a packed Wembley stadium be likely to have a descendant of the Mongols inside?

A: A: Wembley Stadium is located in London, England, and is primarily used for football matches and other events.
The Mongol Empire existed from the 13th to the 14th century, and its descendants would be people of Mongolian descent or those who can trace their ancestry back to the Mongol tribes.
The population of modern London is diverse, with many ethnicities and backgrounds represented, including those of Mongolian descent.
Responses:
#### Yes. (Score: 0.0003147367388010025)
#### No. (Score: 0.0003243926912546158)
<EMPTY> (Score: -inf)
<EMPTY> (Score: -inf)

====================
Query:
Use the step-by-step method as shown in the examples to answer the question. Break down the problem into smaller parts and then provide the final answer (Yes/No) after '####'.

Example 1:
Q: Karachi was a part of Alexander the Great's success?

A: Karachi is a city in modern day Pakistan.
Krokola was an ancient port located in what is now Karachi.
Alexander the Great stationed his fleet in Krokola on his way to Babylon.
Alexander the Great defeated Darius and conquered Babylon before expanding his 
empire.
#### Yes.

Example 2:
Q: Was P. G. Wodehouse's favorite book The Hunger Games?

A: P. G. Wodehouse died in 1975.
The Hunger Games was published in 2008.
#### No.
IMPORTANT:
- Think step by step.
- The final line must be exactly in the format: #### Yes. or #### No.
- Do not end with anything else after the final answer.
Your Question:
Q: Would a packed Wembley stadium be likely to have a descendant of the Mongols inside?

A: A: Wembley Stadium is located in London, England, and is primarily used for football matches and other events.
The Mongol Empire existed from the 13th to the 14th century, and its descendants would be people of Mongolian descent or those who can trace their ancestry back to the Mongol tribes.
The population of modern London is diverse, with many ethnicities and backgrounds represented.
Responses:
#### Yes. (Score: 0.00028572138398885727)
#### No. (Score: 0.00034044915810227394)
<EMPTY> (Score: -inf)
<EMPTY> (Score: -inf)

====================
Query:
Use the step-by-step method as shown in the examples to answer the question. Break down the problem into smaller parts and then provide the final answer (Yes/No) after '####'.

Example 1:
Q: Karachi was a part of Alexander the Great's success?

A: Karachi is a city in modern day Pakistan.
Krokola was an ancient port located in what is now Karachi.
Alexander the Great stationed his fleet in Krokola on his way to Babylon.
Alexander the Great defeated Darius and conquered Babylon before expanding his 
empire.
#### Yes.

Example 2:
Q: Was P. G. Wodehouse's favorite book The Hunger Games?

A: P. G. Wodehouse died in 1975.
The Hunger Games was published in 2008.
#### No.
IMPORTANT:
- Think step by step.
- The final line must be exactly in the format: #### Yes. or #### No.
- Do not end with anything else after the final answer.
Your Question:
Q: Would you spend less on your food at Aldi than at Whole Foods?

A:
Responses:
A: Aldi is known for its low prices and budget-friendly grocery options. (Score: -0.0009877821430563927)
A: Aldi is known for its low prices and budget-friendly grocery options. (Score: -0.0009877821430563927)
<EMPTY> (Score: -inf)
<EMPTY> (Score: -inf)

====================
Query:
Use the step-by-step method as shown in the examples to answer the question. Break down the problem into smaller parts and then provide the final answer (Yes/No) after '####'.

Example 1:
Q: Karachi was a part of Alexander the Great's success?

A: Karachi is a city in modern day Pakistan.
Krokola was an ancient port located in what is now Karachi.
Alexander the Great stationed his fleet in Krokola on his way to Babylon.
Alexander the Great defeated Darius and conquered Babylon before expanding his 
empire.
#### Yes.

Example 2:
Q: Was P. G. Wodehouse's favorite book The Hunger Games?

A: P. G. Wodehouse died in 1975.
The Hunger Games was published in 2008.
#### No.
IMPORTANT:
- Think step by step.
- The final line must be exactly in the format: #### Yes. or #### No.
- Do not end with anything else after the final answer.
Your Question:
Q: Would you spend less on your food at Aldi than at Whole Foods?

A: A: Aldi is known for its low prices and budget-friendly grocery options.
Responses:
A: Whole Foods is known for its higher prices and premium organic products. (Score: -0.0006322851404547691)
A: Whole Foods is known for its higher prices and premium organic products. (Score: -0.0006322851404547691)
<EMPTY> (Score: -inf)
<EMPTY> (Score: -inf)

====================
Query:
Use the step-by-step method as shown in the examples to answer the question. Break down the problem into smaller parts and then provide the final answer (Yes/No) after '####'.

Example 1:
Q: Karachi was a part of Alexander the Great's success?

A: Karachi is a city in modern day Pakistan.
Krokola was an ancient port located in what is now Karachi.
Alexander the Great stationed his fleet in Krokola on his way to Babylon.
Alexander the Great defeated Darius and conquered Babylon before expanding his 
empire.
#### Yes.

Example 2:
Q: Was P. G. Wodehouse's favorite book The Hunger Games?

A: P. G. Wodehouse died in 1975.
The Hunger Games was published in 2008.
#### No.
IMPORTANT:
- Think step by step.
- The final line must be exactly in the format: #### Yes. or #### No.
- Do not end with anything else after the final answer.
Your Question:
Q: Would you spend less on your food at Aldi than at Whole Foods?

A: A: Aldi is known for its low prices and budget-friendly grocery options.
Responses:
A: Whole Foods is known for its higher prices and premium organic products. (Score: -0.0006322851404547691)
A: Whole Foods is known for its higher prices and premium organic products. (Score: -0.0006322851404547691)
<EMPTY> (Score: -inf)
<EMPTY> (Score: -inf)

====================
Query:
Use the step-by-step method as shown in the examples to answer the question. Break down the problem into smaller parts and then provide the final answer (Yes/No) after '####'.

Example 1:
Q: Karachi was a part of Alexander the Great's success?

A: Karachi is a city in modern day Pakistan.
Krokola was an ancient port located in what is now Karachi.
Alexander the Great stationed his fleet in Krokola on his way to Babylon.
Alexander the Great defeated Darius and conquered Babylon before expanding his 
empire.
#### Yes.

Example 2:
Q: Was P. G. Wodehouse's favorite book The Hunger Games?

A: P. G. Wodehouse died in 1975.
The Hunger Games was published in 2008.
#### No.
IMPORTANT:
- Think step by step.
- The final line must be exactly in the format: #### Yes. or #### No.
- Do not end with anything else after the final answer.
Your Question:
Q: Would you spend less on your food at Aldi than at Whole Foods?

A: A: Aldi is known for its low prices and budget-friendly grocery options.
A: Whole Foods is known for its higher prices and premium organic products.
Responses:
A: Many consumers report that shopping at Aldi typically results in lower grocery bills compared to shopping at Whole Foods. (Score: -0.000651664100587368)
A: Many consumers report that shopping at Aldi typically results in lower grocery bills compared to shopping at Whole Foods. (Score: -0.000651664100587368)
<EMPTY> (Score: -inf)
<EMPTY> (Score: -inf)

====================
Query:
Use the step-by-step method as shown in the examples to answer the question. Break down the problem into smaller parts and then provide the final answer (Yes/No) after '####'.

Example 1:
Q: Karachi was a part of Alexander the Great's success?

A: Karachi is a city in modern day Pakistan.
Krokola was an ancient port located in what is now Karachi.
Alexander the Great stationed his fleet in Krokola on his way to Babylon.
Alexander the Great defeated Darius and conquered Babylon before expanding his 
empire.
#### Yes.

Example 2:
Q: Was P. G. Wodehouse's favorite book The Hunger Games?

A: P. G. Wodehouse died in 1975.
The Hunger Games was published in 2008.
#### No.
IMPORTANT:
- Think step by step.
- The final line must be exactly in the format: #### Yes. or #### No.
- Do not end with anything else after the final answer.
Your Question:
Q: Would you spend less on your food at Aldi than at Whole Foods?

A: A: Aldi is known for its low prices and budget-friendly grocery options.
A: Whole Foods is known for its higher prices and premium organic products.
Responses:
A: Many consumers report that shopping at Aldi typically results in lower grocery bills compared to shopping at Whole Foods. (Score: -0.000651664100587368)
A: Many consumers report that shopping at Aldi typically results in lower grocery bills compared to shopping at Whole Foods. (Score: -0.000651664100587368)
<EMPTY> (Score: -inf)
<EMPTY> (Score: -inf)

====================
Query:
Use the step-by-step method as shown in the examples to answer the question. Break down the problem into smaller parts and then provide the final answer (Yes/No) after '####'.

Example 1:
Q: Karachi was a part of Alexander the Great's success?

A: Karachi is a city in modern day Pakistan.
Krokola was an ancient port located in what is now Karachi.
Alexander the Great stationed his fleet in Krokola on his way to Babylon.
Alexander the Great defeated Darius and conquered Babylon before expanding his 
empire.
#### Yes.

Example 2:
Q: Was P. G. Wodehouse's favorite book The Hunger Games?

A: P. G. Wodehouse died in 1975.
The Hunger Games was published in 2008.
#### No.
IMPORTANT:
- Think step by step.
- The final line must be exactly in the format: #### Yes. or #### No.
- Do not end with anything else after the final answer.
Your Question:
Q: Would you spend less on your food at Aldi than at Whole Foods?

A: A: Aldi is known for its low prices and budget-friendly grocery options.
A: Whole Foods is known for its higher prices and premium organic products.
A: Many consumers report that shopping at Aldi typically results in lower grocery bills compared to shopping at Whole Foods.
Responses:
#### Yes. (Score: 0.0001143207773566246)
#### No. (Score: 0.0001512514427304268)
<EMPTY> (Score: -inf)
<EMPTY> (Score: -inf)

====================
Query:
Use the step-by-step method as shown in the examples to answer the question. Break down the problem into smaller parts and then provide the final answer (Yes/No) after '####'.

Example 1:
Q: Karachi was a part of Alexander the Great's success?

A: Karachi is a city in modern day Pakistan.
Krokola was an ancient port located in what is now Karachi.
Alexander the Great stationed his fleet in Krokola on his way to Babylon.
Alexander the Great defeated Darius and conquered Babylon before expanding his 
empire.
#### Yes.

Example 2:
Q: Was P. G. Wodehouse's favorite book The Hunger Games?

A: P. G. Wodehouse died in 1975.
The Hunger Games was published in 2008.
#### No.
IMPORTANT:
- Think step by step.
- The final line must be exactly in the format: #### Yes. or #### No.
- Do not end with anything else after the final answer.
Your Question:
Q: Would you spend less on your food at Aldi than at Whole Foods?

A: A: Aldi is known for its low prices and budget-friendly grocery options.
A: Whole Foods is known for its higher prices and premium organic products.
A: Many consumers report that shopping at Aldi typically results in lower grocery bills compared to shopping at Whole Foods.
Responses:
#### Yes. (Score: 0.0001143207773566246)
#### No. (Score: 0.0001512514427304268)
<EMPTY> (Score: -inf)
<EMPTY> (Score: -inf)

====================
Query:
Use the step-by-step method as shown in the examples to answer the question. Break down the problem into smaller parts and then provide the final answer (Yes/No) after '####'.

Example 1:
Q: Karachi was a part of Alexander the Great's success?

A: Karachi is a city in modern day Pakistan.
Krokola was an ancient port located in what is now Karachi.
Alexander the Great stationed his fleet in Krokola on his way to Babylon.
Alexander the Great defeated Darius and conquered Babylon before expanding his 
empire.
#### Yes.

Example 2:
Q: Was P. G. Wodehouse's favorite book The Hunger Games?

A: P. G. Wodehouse died in 1975.
The Hunger Games was published in 2008.
#### No.
IMPORTANT:
- Think step by step.
- The final line must be exactly in the format: #### Yes. or #### No.
- Do not end with anything else after the final answer.
Your Question:
Q: Did Francois Mitterrand ever meet Barak Obama while they both held the position of President?

A:
Responses:
Francois Mitterrand was the President of France from 1981 to 1995. (Score: 0.0008752807043492794)
Francois Mitterrand was the President of France from 1981 to 1995. (Score: 0.0008752807043492794)
<EMPTY> (Score: -inf)
<EMPTY> (Score: -inf)

====================
Query:
Use the step-by-step method as shown in the examples to answer the question. Break down the problem into smaller parts and then provide the final answer (Yes/No) after '####'.

Example 1:
Q: Karachi was a part of Alexander the Great's success?

A: Karachi is a city in modern day Pakistan.
Krokola was an ancient port located in what is now Karachi.
Alexander the Great stationed his fleet in Krokola on his way to Babylon.
Alexander the Great defeated Darius and conquered Babylon before expanding his 
empire.
#### Yes.

Example 2:
Q: Was P. G. Wodehouse's favorite book The Hunger Games?

A: P. G. Wodehouse died in 1975.
The Hunger Games was published in 2008.
#### No.
IMPORTANT:
- Think step by step.
- The final line must be exactly in the format: #### Yes. or #### No.
- Do not end with anything else after the final answer.
Your Question:
Q: Did Francois Mitterrand ever meet Barak Obama while they both held the position of President?

A: Francois Mitterrand was the President of France from 1981 to 1995.
Responses:
Barack Obama was the President of the United States from 2009 to 2017. (Score: 0.0004424271173775196)
Barack Obama was the President of the United States from 2009 to 2017. (Score: 0.0004424271173775196)
<EMPTY> (Score: -inf)
<EMPTY> (Score: -inf)

====================
Query:
Use the step-by-step method as shown in the examples to answer the question. Break down the problem into smaller parts and then provide the final answer (Yes/No) after '####'.

Example 1:
Q: Karachi was a part of Alexander the Great's success?

A: Karachi is a city in modern day Pakistan.
Krokola was an ancient port located in what is now Karachi.
Alexander the Great stationed his fleet in Krokola on his way to Babylon.
Alexander the Great defeated Darius and conquered Babylon before expanding his 
empire.
#### Yes.

Example 2:
Q: Was P. G. Wodehouse's favorite book The Hunger Games?

A: P. G. Wodehouse died in 1975.
The Hunger Games was published in 2008.
#### No.
IMPORTANT:
- Think step by step.
- The final line must be exactly in the format: #### Yes. or #### No.
- Do not end with anything else after the final answer.
Your Question:
Q: Did Francois Mitterrand ever meet Barak Obama while they both held the position of President?

A: Francois Mitterrand was the President of France from 1981 to 1995.
Responses:
Barack Obama was the President of the United States from 2009 to 2017. (Score: 0.0004424271173775196)
Barack Obama was the President of the United States from 2009 to 2017. (Score: 0.0004424271173775196)
<EMPTY> (Score: -inf)
<EMPTY> (Score: -inf)

====================
Query:
Use the step-by-step method as shown in the examples to answer the question. Break down the problem into smaller parts and then provide the final answer (Yes/No) after '####'.

Example 1:
Q: Karachi was a part of Alexander the Great's success?

A: Karachi is a city in modern day Pakistan.
Krokola was an ancient port located in what is now Karachi.
Alexander the Great stationed his fleet in Krokola on his way to Babylon.
Alexander the Great defeated Darius and conquered Babylon before expanding his 
empire.
#### Yes.

Example 2:
Q: Was P. G. Wodehouse's favorite book The Hunger Games?

A: P. G. Wodehouse died in 1975.
The Hunger Games was published in 2008.
#### No.
IMPORTANT:
- Think step by step.
- The final line must be exactly in the format: #### Yes. or #### No.
- Do not end with anything else after the final answer.
Your Question:
Q: Did Francois Mitterrand ever meet Barak Obama while they both held the position of President?

A: Francois Mitterrand was the President of France from 1981 to 1995.
Barack Obama was the President of the United States from 2009 to 2017.
Responses:
Francois Mitterrand's presidency ended in 1995, while Barack Obama's presidency began in 2009. Therefore, they were never in office at the same time. (Score: 0.00090751051902771)
Francois Mitterrand's presidency ended in 1995, while Barack Obama's presidency began in 2009. Therefore, they were never in office at the same time. (Score: 0.00090751051902771)
<EMPTY> (Score: -inf)
<EMPTY> (Score: -inf)

====================
Query:
Use the step-by-step method as shown in the examples to answer the question. Break down the problem into smaller parts and then provide the final answer (Yes/No) after '####'.

Example 1:
Q: Karachi was a part of Alexander the Great's success?

A: Karachi is a city in modern day Pakistan.
Krokola was an ancient port located in what is now Karachi.
Alexander the Great stationed his fleet in Krokola on his way to Babylon.
Alexander the Great defeated Darius and conquered Babylon before expanding his 
empire.
#### Yes.

Example 2:
Q: Was P. G. Wodehouse's favorite book The Hunger Games?

A: P. G. Wodehouse died in 1975.
The Hunger Games was published in 2008.
#### No.
IMPORTANT:
- Think step by step.
- The final line must be exactly in the format: #### Yes. or #### No.
- Do not end with anything else after the final answer.
Your Question:
Q: Did Francois Mitterrand ever meet Barak Obama while they both held the position of President?

A: Francois Mitterrand was the President of France from 1981 to 1995.
Barack Obama was the President of the United States from 2009 to 2017.
Responses:
Francois Mitterrand and Barack Obama held the position of President during different time periods. (Score: 0.0004942347295582294)
Francois Mitterrand and Barack Obama held the position of President during different time periods. (Score: 0.0004942347295582294)
<EMPTY> (Score: -inf)
<EMPTY> (Score: -inf)

====================
Query:
Use the step-by-step method as shown in the examples to answer the question. Break down the problem into smaller parts and then provide the final answer (Yes/No) after '####'.

Example 1:
Q: Karachi was a part of Alexander the Great's success?

A: Karachi is a city in modern day Pakistan.
Krokola was an ancient port located in what is now Karachi.
Alexander the Great stationed his fleet in Krokola on his way to Babylon.
Alexander the Great defeated Darius and conquered Babylon before expanding his 
empire.
#### Yes.

Example 2:
Q: Was P. G. Wodehouse's favorite book The Hunger Games?

A: P. G. Wodehouse died in 1975.
The Hunger Games was published in 2008.
#### No.
IMPORTANT:
- Think step by step.
- The final line must be exactly in the format: #### Yes. or #### No.
- Do not end with anything else after the final answer.
Your Question:
Q: Did Francois Mitterrand ever meet Barak Obama while they both held the position of President?

A: Francois Mitterrand was the President of France from 1981 to 1995.
Barack Obama was the President of the United States from 2009 to 2017.
Francois Mitterrand's presidency ended in 1995, while Barack Obama's presidency began in 2009. Therefore, they were never in office at the same time.
Responses:
#### Yes. (Score: 0.001363709568977356)
#### No. (Score: 0.0015342957340180874)
<EMPTY> (Score: -inf)
<EMPTY> (Score: -inf)

====================
Query:
Use the step-by-step method as shown in the examples to answer the question. Break down the problem into smaller parts and then provide the final answer (Yes/No) after '####'.

Example 1:
Q: Karachi was a part of Alexander the Great's success?

A: Karachi is a city in modern day Pakistan.
Krokola was an ancient port located in what is now Karachi.
Alexander the Great stationed his fleet in Krokola on his way to Babylon.
Alexander the Great defeated Darius and conquered Babylon before expanding his 
empire.
#### Yes.

Example 2:
Q: Was P. G. Wodehouse's favorite book The Hunger Games?

A: P. G. Wodehouse died in 1975.
The Hunger Games was published in 2008.
#### No.
IMPORTANT:
- Think step by step.
- The final line must be exactly in the format: #### Yes. or #### No.
- Do not end with anything else after the final answer.
Your Question:
Q: Did Francois Mitterrand ever meet Barak Obama while they both held the position of President?

A: Francois Mitterrand was the President of France from 1981 to 1995.
Barack Obama was the President of the United States from 2009 to 2017.
Francois Mitterrand's presidency ended in 1995, while Barack Obama's presidency began in 2009. Therefore, they were never in office at the same time.
Responses:
#### Yes. (Score: 0.001363709568977356)
#### No. (Score: 0.0015342957340180874)
<EMPTY> (Score: -inf)
<EMPTY> (Score: -inf)

====================
Query:
Use the step-by-step method as shown in the examples to answer the question. Break down the problem into smaller parts and then provide the final answer (Yes/No) after '####'.

Example 1:
Q: Karachi was a part of Alexander the Great's success?

A: Karachi is a city in modern day Pakistan.
Krokola was an ancient port located in what is now Karachi.
Alexander the Great stationed his fleet in Krokola on his way to Babylon.
Alexander the Great defeated Darius and conquered Babylon before expanding his 
empire.
#### Yes.

Example 2:
Q: Was P. G. Wodehouse's favorite book The Hunger Games?

A: P. G. Wodehouse died in 1975.
The Hunger Games was published in 2008.
#### No.
IMPORTANT:
- Think step by step.
- The final line must be exactly in the format: #### Yes. or #### No.
- Do not end with anything else after the final answer.
Your Question:
Q: Can you watch Rick and Morty in Mariana Trench?

A:
Responses:
The Mariana Trench is the deepest part of the world's oceans, located in the western Pacific Ocean. (Score: -0.000902724452316761)
The Mariana Trench is the deepest part of the world's oceans, located in the western Pacific Ocean. (Score: -0.000902724452316761)
<EMPTY> (Score: -inf)
<EMPTY> (Score: -inf)

====================
Query:
Use the step-by-step method as shown in the examples to answer the question. Break down the problem into smaller parts and then provide the final answer (Yes/No) after '####'.

Example 1:
Q: Karachi was a part of Alexander the Great's success?

A: Karachi is a city in modern day Pakistan.
Krokola was an ancient port located in what is now Karachi.
Alexander the Great stationed his fleet in Krokola on his way to Babylon.
Alexander the Great defeated Darius and conquered Babylon before expanding his 
empire.
#### Yes.

Example 2:
Q: Was P. G. Wodehouse's favorite book The Hunger Games?

A: P. G. Wodehouse died in 1975.
The Hunger Games was published in 2008.
#### No.
IMPORTANT:
- Think step by step.
- The final line must be exactly in the format: #### Yes. or #### No.
- Do not end with anything else after the final answer.
Your Question:
Q: Can you watch Rick and Morty in Mariana Trench?

A: The Mariana Trench is the deepest part of the world's oceans, located in the western Pacific Ocean.
Responses:
It is an underwater location and does not have facilities for watching television or streaming shows. (Score: -0.0004983469843864441)
It is an underwater location and does not have facilities for watching television or streaming shows. (Score: -0.0004983469843864441)
<EMPTY> (Score: -inf)
<EMPTY> (Score: -inf)

====================
Query:
Use the step-by-step method as shown in the examples to answer the question. Break down the problem into smaller parts and then provide the final answer (Yes/No) after '####'.

Example 1:
Q: Karachi was a part of Alexander the Great's success?

A: Karachi is a city in modern day Pakistan.
Krokola was an ancient port located in what is now Karachi.
Alexander the Great stationed his fleet in Krokola on his way to Babylon.
Alexander the Great defeated Darius and conquered Babylon before expanding his 
empire.
#### Yes.

Example 2:
Q: Was P. G. Wodehouse's favorite book The Hunger Games?

A: P. G. Wodehouse died in 1975.
The Hunger Games was published in 2008.
#### No.
IMPORTANT:
- Think step by step.
- The final line must be exactly in the format: #### Yes. or #### No.
- Do not end with anything else after the final answer.
Your Question:
Q: Can you watch Rick and Morty in Mariana Trench?

A: The Mariana Trench is the deepest part of the world's oceans, located in the western Pacific Ocean.
Responses:
It is an underwater location and does not have facilities for watching television or streaming shows. (Score: -0.0004983469843864441)
It is an underwater location and does not have facilities for watching television or streaming shows. (Score: -0.0004983469843864441)
<EMPTY> (Score: -inf)
<EMPTY> (Score: -inf)

====================
Query:
Use the step-by-step method as shown in the examples to answer the question. Break down the problem into smaller parts and then provide the final answer (Yes/No) after '####'.

Example 1:
Q: Karachi was a part of Alexander the Great's success?

A: Karachi is a city in modern day Pakistan.
Krokola was an ancient port located in what is now Karachi.
Alexander the Great stationed his fleet in Krokola on his way to Babylon.
Alexander the Great defeated Darius and conquered Babylon before expanding his 
empire.
#### Yes.

Example 2:
Q: Was P. G. Wodehouse's favorite book The Hunger Games?

A: P. G. Wodehouse died in 1975.
The Hunger Games was published in 2008.
#### No.
IMPORTANT:
- Think step by step.
- The final line must be exactly in the format: #### Yes. or #### No.
- Do not end with anything else after the final answer.
Your Question:
Q: Can you watch Rick and Morty in Mariana Trench?

A: The Mariana Trench is the deepest part of the world's oceans, located in the western Pacific Ocean.
It is an underwater location and does not have facilities for watching television or streaming shows.
Responses:
#### No. (Score: 0.0004477743059396744)
#### No. (Score: 0.0004477743059396744)
<EMPTY> (Score: -inf)
<EMPTY> (Score: -inf)

====================
Query:
Use the step-by-step method as shown in the examples to answer the question. Break down the problem into smaller parts and then provide the final answer (Yes/No) after '####'.

Example 1:
Q: Karachi was a part of Alexander the Great's success?

A: Karachi is a city in modern day Pakistan.
Krokola was an ancient port located in what is now Karachi.
Alexander the Great stationed his fleet in Krokola on his way to Babylon.
Alexander the Great defeated Darius and conquered Babylon before expanding his 
empire.
#### Yes.

Example 2:
Q: Was P. G. Wodehouse's favorite book The Hunger Games?

A: P. G. Wodehouse died in 1975.
The Hunger Games was published in 2008.
#### No.
IMPORTANT:
- Think step by step.
- The final line must be exactly in the format: #### Yes. or #### No.
- Do not end with anything else after the final answer.
Your Question:
Q: Can you watch Rick and Morty in Mariana Trench?

A: The Mariana Trench is the deepest part of the world's oceans, located in the western Pacific Ocean.
It is an underwater location and does not have facilities for watching television or streaming shows.
Responses:
#### No. (Score: 0.0004477743059396744)
#### No. (Score: 0.0004477743059396744)
<EMPTY> (Score: -inf)
<EMPTY> (Score: -inf)

====================
Query:
Use the step-by-step method as shown in the examples to answer the question. Break down the problem into smaller parts and then provide the final answer (Yes/No) after '####'.

Example 1:
Q: Karachi was a part of Alexander the Great's success?

A: Karachi is a city in modern day Pakistan.
Krokola was an ancient port located in what is now Karachi.
Alexander the Great stationed his fleet in Krokola on his way to Babylon.
Alexander the Great defeated Darius and conquered Babylon before expanding his 
empire.
#### Yes.

Example 2:
Q: Was P. G. Wodehouse's favorite book The Hunger Games?

A: P. G. Wodehouse died in 1975.
The Hunger Games was published in 2008.
#### No.
IMPORTANT:
- Think step by step.
- The final line must be exactly in the format: #### Yes. or #### No.
- Do not end with anything else after the final answer.
Your Question:
Q: Did Easy Rider make a profit at the theater when it was released?

A:
Responses:
Easy Rider was released in 1969. (Score: 0.001528469379991293)
Easy Rider was released in 1969. (Score: 0.001528469379991293)
<EMPTY> (Score: -inf)
<EMPTY> (Score: -inf)

====================
Query:
Use the step-by-step method as shown in the examples to answer the question. Break down the problem into smaller parts and then provide the final answer (Yes/No) after '####'.

Example 1:
Q: Karachi was a part of Alexander the Great's success?

A: Karachi is a city in modern day Pakistan.
Krokola was an ancient port located in what is now Karachi.
Alexander the Great stationed his fleet in Krokola on his way to Babylon.
Alexander the Great defeated Darius and conquered Babylon before expanding his 
empire.
#### Yes.

Example 2:
Q: Was P. G. Wodehouse's favorite book The Hunger Games?

A: P. G. Wodehouse died in 1975.
The Hunger Games was published in 2008.
#### No.
IMPORTANT:
- Think step by step.
- The final line must be exactly in the format: #### Yes. or #### No.
- Do not end with anything else after the final answer.
Your Question:
Q: Did Easy Rider make a profit at the theater when it was released?

A: Easy Rider was released in 1969.
Responses:
Easy Rider was produced on a budget of approximately $400,000. (Score: 0.00038038333877921104)
Easy Rider was produced on a relatively low budget of around $400,000. (Score: -0.0005438472144305706)
<EMPTY> (Score: -inf)
<EMPTY> (Score: -inf)

====================
Query:
Use the step-by-step method as shown in the examples to answer the question. Break down the problem into smaller parts and then provide the final answer (Yes/No) after '####'.

Example 1:
Q: Karachi was a part of Alexander the Great's success?

A: Karachi is a city in modern day Pakistan.
Krokola was an ancient port located in what is now Karachi.
Alexander the Great stationed his fleet in Krokola on his way to Babylon.
Alexander the Great defeated Darius and conquered Babylon before expanding his 
empire.
#### Yes.

Example 2:
Q: Was P. G. Wodehouse's favorite book The Hunger Games?

A: P. G. Wodehouse died in 1975.
The Hunger Games was published in 2008.
#### No.
IMPORTANT:
- Think step by step.
- The final line must be exactly in the format: #### Yes. or #### No.
- Do not end with anything else after the final answer.
Your Question:
Q: Did Easy Rider make a profit at the theater when it was released?

A: Easy Rider was released in 1969.
Responses:
Easy Rider was produced on a budget of approximately $400,000. (Score: 0.00038038333877921104)
Easy Rider was produced on a relatively low budget of around $400,000. (Score: -0.0005438472144305706)
<EMPTY> (Score: -inf)
<EMPTY> (Score: -inf)

====================
Query:
Use the step-by-step method as shown in the examples to answer the question. Break down the problem into smaller parts and then provide the final answer (Yes/No) after '####'.

Example 1:
Q: Karachi was a part of Alexander the Great's success?

A: Karachi is a city in modern day Pakistan.
Krokola was an ancient port located in what is now Karachi.
Alexander the Great stationed his fleet in Krokola on his way to Babylon.
Alexander the Great defeated Darius and conquered Babylon before expanding his 
empire.
#### Yes.

Example 2:
Q: Was P. G. Wodehouse's favorite book The Hunger Games?

A: P. G. Wodehouse died in 1975.
The Hunger Games was published in 2008.
#### No.
IMPORTANT:
- Think step by step.
- The final line must be exactly in the format: #### Yes. or #### No.
- Do not end with anything else after the final answer.
Your Question:
Q: Did Easy Rider make a profit at the theater when it was released?

A: Easy Rider was released in 1969.
Easy Rider was produced on a budget of approximately $400,000.
Responses:
Easy Rider grossed over $60 million at the box office. (Score: 0.00027278484776616096)
Easy Rider grossed over $60 million at the box office during its theatrical run. (Score: 0.0006699506193399429)
<EMPTY> (Score: -inf)
<EMPTY> (Score: -inf)

====================
Query:
Use the step-by-step method as shown in the examples to answer the question. Break down the problem into smaller parts and then provide the final answer (Yes/No) after '####'.

Example 1:
Q: Karachi was a part of Alexander the Great's success?

A: Karachi is a city in modern day Pakistan.
Krokola was an ancient port located in what is now Karachi.
Alexander the Great stationed his fleet in Krokola on his way to Babylon.
Alexander the Great defeated Darius and conquered Babylon before expanding his 
empire.
#### Yes.

Example 2:
Q: Was P. G. Wodehouse's favorite book The Hunger Games?

A: P. G. Wodehouse died in 1975.
The Hunger Games was published in 2008.
#### No.
IMPORTANT:
- Think step by step.
- The final line must be exactly in the format: #### Yes. or #### No.
- Do not end with anything else after the final answer.
Your Question:
Q: Did Easy Rider make a profit at the theater when it was released?

A: Easy Rider was released in 1969.
Easy Rider was produced on a budget of approximately $400,000.
Responses:
Easy Rider grossed over $60 million at the box office during its theatrical run. (Score: 0.0006699506193399429)
Easy Rider grossed over $60 million at the box office during its theatrical run. (Score: 0.0006699506193399429)
<EMPTY> (Score: -inf)
<EMPTY> (Score: -inf)

====================
Query:
Use the step-by-step method as shown in the examples to answer the question. Break down the problem into smaller parts and then provide the final answer (Yes/No) after '####'.

Example 1:
Q: Karachi was a part of Alexander the Great's success?

A: Karachi is a city in modern day Pakistan.
Krokola was an ancient port located in what is now Karachi.
Alexander the Great stationed his fleet in Krokola on his way to Babylon.
Alexander the Great defeated Darius and conquered Babylon before expanding his 
empire.
#### Yes.

Example 2:
Q: Was P. G. Wodehouse's favorite book The Hunger Games?

A: P. G. Wodehouse died in 1975.
The Hunger Games was published in 2008.
#### No.
IMPORTANT:
- Think step by step.
- The final line must be exactly in the format: #### Yes. or #### No.
- Do not end with anything else after the final answer.
Your Question:
Q: Did Easy Rider make a profit at the theater when it was released?

A: Easy Rider was released in 1969.
Easy Rider was produced on a budget of approximately $400,000.
Easy Rider grossed over $60 million at the box office during its theatrical run.
Responses:
#### Yes. (Score: 0.00028105592355132103)
#### No. (Score: 6.58971257507801e-05)
<EMPTY> (Score: -inf)
<EMPTY> (Score: -inf)

====================
Query:
Use the step-by-step method as shown in the examples to answer the question. Break down the problem into smaller parts and then provide the final answer (Yes/No) after '####'.

Example 1:
Q: Karachi was a part of Alexander the Great's success?

A: Karachi is a city in modern day Pakistan.
Krokola was an ancient port located in what is now Karachi.
Alexander the Great stationed his fleet in Krokola on his way to Babylon.
Alexander the Great defeated Darius and conquered Babylon before expanding his 
empire.
#### Yes.

Example 2:
Q: Was P. G. Wodehouse's favorite book The Hunger Games?

A: P. G. Wodehouse died in 1975.
The Hunger Games was published in 2008.
#### No.
IMPORTANT:
- Think step by step.
- The final line must be exactly in the format: #### Yes. or #### No.
- Do not end with anything else after the final answer.
Your Question:
Q: Did Easy Rider make a profit at the theater when it was released?

A: Easy Rider was released in 1969.
Easy Rider was produced on a budget of approximately $400,000.
Easy Rider grossed over $60 million at the box office during its theatrical run.
Responses:
#### Yes. (Score: 0.00028105592355132103)
#### No. (Score: 6.58971257507801e-05)
<EMPTY> (Score: -inf)
<EMPTY> (Score: -inf)

====================
Query:
Use the step-by-step method as shown in the examples to answer the question. Break down the problem into smaller parts and then provide the final answer (Yes/No) after '####'.

Example 1:
Q: Karachi was a part of Alexander the Great's success?

A: Karachi is a city in modern day Pakistan.
Krokola was an ancient port located in what is now Karachi.
Alexander the Great stationed his fleet in Krokola on his way to Babylon.
Alexander the Great defeated Darius and conquered Babylon before expanding his 
empire.
#### Yes.

Example 2:
Q: Was P. G. Wodehouse's favorite book The Hunger Games?

A: P. G. Wodehouse died in 1975.
The Hunger Games was published in 2008.
#### No.
IMPORTANT:
- Think step by step.
- The final line must be exactly in the format: #### Yes. or #### No.
- Do not end with anything else after the final answer.
Your Question:
Q: Can sunlight travel to the deepest part of the Black Sea?

A:
Responses:
The Black Sea has a maximum depth of about 2,212 meters (7,257 feet). (Score: -0.0007459437474608421)
The Black Sea has a maximum depth of about 2,212 meters (7,257 feet). (Score: -0.0007459437474608421)
<EMPTY> (Score: -inf)
<EMPTY> (Score: -inf)

====================
Query:
Use the step-by-step method as shown in the examples to answer the question. Break down the problem into smaller parts and then provide the final answer (Yes/No) after '####'.

Example 1:
Q: Karachi was a part of Alexander the Great's success?

A: Karachi is a city in modern day Pakistan.
Krokola was an ancient port located in what is now Karachi.
Alexander the Great stationed his fleet in Krokola on his way to Babylon.
Alexander the Great defeated Darius and conquered Babylon before expanding his 
empire.
#### Yes.

Example 2:
Q: Was P. G. Wodehouse's favorite book The Hunger Games?

A: P. G. Wodehouse died in 1975.
The Hunger Games was published in 2008.
#### No.
IMPORTANT:
- Think step by step.
- The final line must be exactly in the format: #### Yes. or #### No.
- Do not end with anything else after the final answer.
Your Question:
Q: Can sunlight travel to the deepest part of the Black Sea?

A: The Black Sea has a maximum depth of about 2,212 meters (7,257 feet).
Responses:
Sunlight can penetrate water to a certain depth, but its intensity decreases with depth. (Score: -0.0008283643983304501)
Sunlight can penetrate water to a certain depth, but its intensity decreases with depth. (Score: -0.0008283643983304501)
<EMPTY> (Score: -inf)
<EMPTY> (Score: -inf)

====================
Query:
Use the step-by-step method as shown in the examples to answer the question. Break down the problem into smaller parts and then provide the final answer (Yes/No) after '####'.

Example 1:
Q: Karachi was a part of Alexander the Great's success?

A: Karachi is a city in modern day Pakistan.
Krokola was an ancient port located in what is now Karachi.
Alexander the Great stationed his fleet in Krokola on his way to Babylon.
Alexander the Great defeated Darius and conquered Babylon before expanding his 
empire.
#### Yes.

Example 2:
Q: Was P. G. Wodehouse's favorite book The Hunger Games?

A: P. G. Wodehouse died in 1975.
The Hunger Games was published in 2008.
#### No.
IMPORTANT:
- Think step by step.
- The final line must be exactly in the format: #### Yes. or #### No.
- Do not end with anything else after the final answer.
Your Question:
Q: Can sunlight travel to the deepest part of the Black Sea?

A: The Black Sea has a maximum depth of about 2,212 meters (7,257 feet).
Responses:
Sunlight can penetrate water to a certain depth, but its intensity decreases with depth. (Score: -0.0008283643983304501)
Sunlight can penetrate water to a certain depth, but its intensity decreases with depth. (Score: -0.0008283643983304501)
<EMPTY> (Score: -inf)
<EMPTY> (Score: -inf)

====================
Query:
Use the step-by-step method as shown in the examples to answer the question. Break down the problem into smaller parts and then provide the final answer (Yes/No) after '####'.

Example 1:
Q: Karachi was a part of Alexander the Great's success?

A: Karachi is a city in modern day Pakistan.
Krokola was an ancient port located in what is now Karachi.
Alexander the Great stationed his fleet in Krokola on his way to Babylon.
Alexander the Great defeated Darius and conquered Babylon before expanding his 
empire.
#### Yes.

Example 2:
Q: Was P. G. Wodehouse's favorite book The Hunger Games?

A: P. G. Wodehouse died in 1975.
The Hunger Games was published in 2008.
#### No.
IMPORTANT:
- Think step by step.
- The final line must be exactly in the format: #### Yes. or #### No.
- Do not end with anything else after the final answer.
Your Question:
Q: Can sunlight travel to the deepest part of the Black Sea?

A: The Black Sea has a maximum depth of about 2,212 meters (7,257 feet).
Sunlight can penetrate water to a certain depth, but its intensity decreases with depth.
Responses:
The euphotic zone, where sunlight can support photosynthesis, typically extends to about 200 meters in clear ocean water. (Score: -0.0008426839485764503)
The euphotic zone, where sunlight can support photosynthesis, typically extends to about 200 meters in clear ocean water. (Score: -0.0008426839485764503)
<EMPTY> (Score: -inf)
<EMPTY> (Score: -inf)

====================
Query:
Use the step-by-step method as shown in the examples to answer the question. Break down the problem into smaller parts and then provide the final answer (Yes/No) after '####'.

Example 1:
Q: Karachi was a part of Alexander the Great's success?

A: Karachi is a city in modern day Pakistan.
Krokola was an ancient port located in what is now Karachi.
Alexander the Great stationed his fleet in Krokola on his way to Babylon.
Alexander the Great defeated Darius and conquered Babylon before expanding his 
empire.
#### Yes.

Example 2:
Q: Was P. G. Wodehouse's favorite book The Hunger Games?

A: P. G. Wodehouse died in 1975.
The Hunger Games was published in 2008.
#### No.
IMPORTANT:
- Think step by step.
- The final line must be exactly in the format: #### Yes. or #### No.
- Do not end with anything else after the final answer.
Your Question:
Q: Can sunlight travel to the deepest part of the Black Sea?

A: The Black Sea has a maximum depth of about 2,212 meters (7,257 feet).
Sunlight can penetrate water to a certain depth, but its intensity decreases with depth.
Responses:
The maximum depth of the Black Sea is significant, and studies show that sunlight can only penetrate to about 200 meters (656 feet) in clear water. (Score: -0.00014260224997997284)
The maximum depth of the Black Sea is significant, and studies show that sunlight can only penetrate to about 200 meters (656 feet) in clear water. (Score: -0.00014260224997997284)
<EMPTY> (Score: -inf)
<EMPTY> (Score: -inf)

====================
Query:
Use the step-by-step method as shown in the examples to answer the question. Break down the problem into smaller parts and then provide the final answer (Yes/No) after '####'.

Example 1:
Q: Karachi was a part of Alexander the Great's success?

A: Karachi is a city in modern day Pakistan.
Krokola was an ancient port located in what is now Karachi.
Alexander the Great stationed his fleet in Krokola on his way to Babylon.
Alexander the Great defeated Darius and conquered Babylon before expanding his 
empire.
#### Yes.

Example 2:
Q: Was P. G. Wodehouse's favorite book The Hunger Games?

A: P. G. Wodehouse died in 1975.
The Hunger Games was published in 2008.
#### No.
IMPORTANT:
- Think step by step.
- The final line must be exactly in the format: #### Yes. or #### No.
- Do not end with anything else after the final answer.
Your Question:
Q: Can sunlight travel to the deepest part of the Black Sea?

A: The Black Sea has a maximum depth of about 2,212 meters (7,257 feet).
Sunlight can penetrate water to a certain depth, but its intensity decreases with depth.
The maximum depth of the Black Sea is significant, and studies show that sunlight can only penetrate to about 200 meters (656 feet) in clear water.
Responses:
#### Yes. (Score: 0.0006187688559293747)
#### No. (Score: 0.0005284519866108894)
<EMPTY> (Score: -inf)
<EMPTY> (Score: -inf)

====================
Query:
Use the step-by-step method as shown in the examples to answer the question. Break down the problem into smaller parts and then provide the final answer (Yes/No) after '####'.

Example 1:
Q: Karachi was a part of Alexander the Great's success?

A: Karachi is a city in modern day Pakistan.
Krokola was an ancient port located in what is now Karachi.
Alexander the Great stationed his fleet in Krokola on his way to Babylon.
Alexander the Great defeated Darius and conquered Babylon before expanding his 
empire.
#### Yes.

Example 2:
Q: Was P. G. Wodehouse's favorite book The Hunger Games?

A: P. G. Wodehouse died in 1975.
The Hunger Games was published in 2008.
#### No.
IMPORTANT:
- Think step by step.
- The final line must be exactly in the format: #### Yes. or #### No.
- Do not end with anything else after the final answer.
Your Question:
Q: Can sunlight travel to the deepest part of the Black Sea?

A: The Black Sea has a maximum depth of about 2,212 meters (7,257 feet).
Sunlight can penetrate water to a certain depth, but its intensity decreases with depth.
The maximum depth of the Black Sea is significant, and studies show that sunlight can only penetrate to about 200 meters (656 feet) in clear water.
Responses:
#### Yes. (Score: 0.0006187688559293747)
#### No. (Score: 0.0005284519866108894)
<EMPTY> (Score: -inf)
<EMPTY> (Score: -inf)

====================
Query:
Use the step-by-step method as shown in the examples to answer the question. Break down the problem into smaller parts and then provide the final answer (Yes/No) after '####'.

Example 1:
Q: Karachi was a part of Alexander the Great's success?

A: Karachi is a city in modern day Pakistan.
Krokola was an ancient port located in what is now Karachi.
Alexander the Great stationed his fleet in Krokola on his way to Babylon.
Alexander the Great defeated Darius and conquered Babylon before expanding his 
empire.
#### Yes.

Example 2:
Q: Was P. G. Wodehouse's favorite book The Hunger Games?

A: P. G. Wodehouse died in 1975.
The Hunger Games was published in 2008.
#### No.
IMPORTANT:
- Think step by step.
- The final line must be exactly in the format: #### Yes. or #### No.
- Do not end with anything else after the final answer.
Your Question:
Q: Has Oscar Wilde's most famous character ever been in an Eva Green project?

A:
Responses:
Oscar Wilde is known for his play "The Importance of Being Earnest," which features the character Jack Worthing. (Score: 0.001407812349498272)
Oscar Wilde is known for his play "The Importance of Being Earnest," which features the character Jack Worthing. (Score: 0.001407812349498272)
<EMPTY> (Score: -inf)
<EMPTY> (Score: -inf)

====================
Query:
Use the step-by-step method as shown in the examples to answer the question. Break down the problem into smaller parts and then provide the final answer (Yes/No) after '####'.

Example 1:
Q: Karachi was a part of Alexander the Great's success?

A: Karachi is a city in modern day Pakistan.
Krokola was an ancient port located in what is now Karachi.
Alexander the Great stationed his fleet in Krokola on his way to Babylon.
Alexander the Great defeated Darius and conquered Babylon before expanding his 
empire.
#### Yes.

Example 2:
Q: Was P. G. Wodehouse's favorite book The Hunger Games?

A: P. G. Wodehouse died in 1975.
The Hunger Games was published in 2008.
#### No.
IMPORTANT:
- Think step by step.
- The final line must be exactly in the format: #### Yes. or #### No.
- Do not end with anything else after the final answer.
Your Question:
Q: Has Oscar Wilde's most famous character ever been in an Eva Green project?

A: Oscar Wilde is known for his play "The Importance of Being Earnest," which features the character Jack Worthing.
Responses:
Jack Worthing is a fictional character created by Oscar Wilde. (Score: 0.0006829914636909962)
Jack Worthing is a prominent character in Oscar Wilde's works, particularly in "The Importance of Being Earnest." Eva Green is a French actress known for her roles in various films and television series. (Score: 0.0011043730191886425)
<EMPTY> (Score: -inf)
<EMPTY> (Score: -inf)

====================
Query:
Use the step-by-step method as shown in the examples to answer the question. Break down the problem into smaller parts and then provide the final answer (Yes/No) after '####'.

Example 1:
Q: Karachi was a part of Alexander the Great's success?

A: Karachi is a city in modern day Pakistan.
Krokola was an ancient port located in what is now Karachi.
Alexander the Great stationed his fleet in Krokola on his way to Babylon.
Alexander the Great defeated Darius and conquered Babylon before expanding his 
empire.
#### Yes.

Example 2:
Q: Was P. G. Wodehouse's favorite book The Hunger Games?

A: P. G. Wodehouse died in 1975.
The Hunger Games was published in 2008.
#### No.
IMPORTANT:
- Think step by step.
- The final line must be exactly in the format: #### Yes. or #### No.
- Do not end with anything else after the final answer.
Your Question:
Q: Has Oscar Wilde's most famous character ever been in an Eva Green project?

A: Oscar Wilde is known for his play "The Importance of Being Earnest," which features the character Jack Worthing.
Responses:
Jack Worthing is a prominent character in Oscar Wilde's works, particularly in "The Importance of Being Earnest." Eva Green is a French actress known for her roles in various films and television series. (Score: 0.0011043730191886425)
Jack Worthing is a prominent character in Oscar Wilde's works, particularly in "The Importance of Being Earnest." Eva Green is a French actress known for her roles in various films and television series. (Score: 0.0011043730191886425)
<EMPTY> (Score: -inf)
<EMPTY> (Score: -inf)

====================
Query:
Use the step-by-step method as shown in the examples to answer the question. Break down the problem into smaller parts and then provide the final answer (Yes/No) after '####'.

Example 1:
Q: Karachi was a part of Alexander the Great's success?

A: Karachi is a city in modern day Pakistan.
Krokola was an ancient port located in what is now Karachi.
Alexander the Great stationed his fleet in Krokola on his way to Babylon.
Alexander the Great defeated Darius and conquered Babylon before expanding his 
empire.
#### Yes.

Example 2:
Q: Was P. G. Wodehouse's favorite book The Hunger Games?

A: P. G. Wodehouse died in 1975.
The Hunger Games was published in 2008.
#### No.
IMPORTANT:
- Think step by step.
- The final line must be exactly in the format: #### Yes. or #### No.
- Do not end with anything else after the final answer.
Your Question:
Q: Has Oscar Wilde's most famous character ever been in an Eva Green project?

A: Oscar Wilde is known for his play "The Importance of Being Earnest," which features the character Jack Worthing.
Jack Worthing is a prominent character in Oscar Wilde's works, particularly in "The Importance of Being Earnest." Eva Green is a French actress known for her roles in various films and television series.
Responses:
To determine if Oscar Wilde's most famous character has ever been in an Eva Green project, we need to identify the character and check Eva Green's filmography. (Score: 0.0004041404463350773)
To determine if Oscar Wilde's most famous character has ever been in an Eva Green project, we need to identify the character and check Eva Green's filmography. (Score: 0.0004041404463350773)
<EMPTY> (Score: -inf)
<EMPTY> (Score: -inf)

====================
Query:
Use the step-by-step method as shown in the examples to answer the question. Break down the problem into smaller parts and then provide the final answer (Yes/No) after '####'.

Example 1:
Q: Karachi was a part of Alexander the Great's success?

A: Karachi is a city in modern day Pakistan.
Krokola was an ancient port located in what is now Karachi.
Alexander the Great stationed his fleet in Krokola on his way to Babylon.
Alexander the Great defeated Darius and conquered Babylon before expanding his 
empire.
#### Yes.

Example 2:
Q: Was P. G. Wodehouse's favorite book The Hunger Games?

A: P. G. Wodehouse died in 1975.
The Hunger Games was published in 2008.
#### No.
IMPORTANT:
- Think step by step.
- The final line must be exactly in the format: #### Yes. or #### No.
- Do not end with anything else after the final answer.
Your Question:
Q: Has Oscar Wilde's most famous character ever been in an Eva Green project?

A: Oscar Wilde is known for his play "The Importance of Being Earnest," which features the character Jack Worthing.
Jack Worthing is a prominent character in Oscar Wilde's works, particularly in "The Importance of Being Earnest." Eva Green is a French actress known for her roles in various films and television series.
Responses:
To determine if Oscar Wilde's most famous character has ever been in an Eva Green project, we need to identify the character and check Eva Green's filmography. (Score: 0.0004041404463350773)
To determine if Oscar Wilde's most famous character has ever been in an Eva Green project, we need to identify the character and check Eva Green's filmography. (Score: 0.0004041404463350773)
<EMPTY> (Score: -inf)
<EMPTY> (Score: -inf)

====================
Query:
Use the step-by-step method as shown in the examples to answer the question. Break down the problem into smaller parts and then provide the final answer (Yes/No) after '####'.

Example 1:
Q: Karachi was a part of Alexander the Great's success?

A: Karachi is a city in modern day Pakistan.
Krokola was an ancient port located in what is now Karachi.
Alexander the Great stationed his fleet in Krokola on his way to Babylon.
Alexander the Great defeated Darius and conquered Babylon before expanding his 
empire.
#### Yes.

Example 2:
Q: Was P. G. Wodehouse's favorite book The Hunger Games?

A: P. G. Wodehouse died in 1975.
The Hunger Games was published in 2008.
#### No.
IMPORTANT:
- Think step by step.
- The final line must be exactly in the format: #### Yes. or #### No.
- Do not end with anything else after the final answer.
Your Question:
Q: Has Oscar Wilde's most famous character ever been in an Eva Green project?

A: Oscar Wilde is known for his play "The Importance of Being Earnest," which features the character Jack Worthing.
Jack Worthing is a prominent character in Oscar Wilde's works, particularly in "The Importance of Being Earnest." Eva Green is a French actress known for her roles in various films and television series.
To determine if Oscar Wilde's most famous character has ever been in an Eva Green project, we need to identify the character and check Eva Green's filmography.
Responses:
#### Yes. (Score: -1.3414770364761353e-05)
#### No. (Score: 9.102514013648033e-05)
<EMPTY> (Score: -inf)
<EMPTY> (Score: -inf)

====================
Query:
Use the step-by-step method as shown in the examples to answer the question. Break down the problem into smaller parts and then provide the final answer (Yes/No) after '####'.

Example 1:
Q: Karachi was a part of Alexander the Great's success?

A: Karachi is a city in modern day Pakistan.
Krokola was an ancient port located in what is now Karachi.
Alexander the Great stationed his fleet in Krokola on his way to Babylon.
Alexander the Great defeated Darius and conquered Babylon before expanding his 
empire.
#### Yes.

Example 2:
Q: Was P. G. Wodehouse's favorite book The Hunger Games?

A: P. G. Wodehouse died in 1975.
The Hunger Games was published in 2008.
#### No.
IMPORTANT:
- Think step by step.
- The final line must be exactly in the format: #### Yes. or #### No.
- Do not end with anything else after the final answer.
Your Question:
Q: Has Oscar Wilde's most famous character ever been in an Eva Green project?

A: Oscar Wilde is known for his play "The Importance of Being Earnest," which features the character Jack Worthing.
Jack Worthing is a prominent character in Oscar Wilde's works, particularly in "The Importance of Being Earnest." Eva Green is a French actress known for her roles in various films and television series.
To determine if Oscar Wilde's most famous character has ever been in an Eva Green project, we need to identify the character and check Eva Green's filmography.
Responses:
#### Yes. (Score: -1.3414770364761353e-05)
#### No. (Score: 9.102514013648033e-05)
<EMPTY> (Score: -inf)
<EMPTY> (Score: -inf)

====================
Query:
Use the step-by-step method as shown in the examples to answer the question. Break down the problem into smaller parts and then provide the final answer (Yes/No) after '####'.

Example 1:
Q: Karachi was a part of Alexander the Great's success?

A: Karachi is a city in modern day Pakistan.
Krokola was an ancient port located in what is now Karachi.
Alexander the Great stationed his fleet in Krokola on his way to Babylon.
Alexander the Great defeated Darius and conquered Babylon before expanding his 
empire.
#### Yes.

Example 2:
Q: Was P. G. Wodehouse's favorite book The Hunger Games?

A: P. G. Wodehouse died in 1975.
The Hunger Games was published in 2008.
#### No.
IMPORTANT:
- Think step by step.
- The final line must be exactly in the format: #### Yes. or #### No.
- Do not end with anything else after the final answer.
Your Question:
Q: Has Elon Musk's hairline changed?

A:
Responses:
Elon Musk is a well-known entrepreneur and CEO of companies like Tesla and SpaceX. (Score: 0.0008185179904103279)
Elon Musk is a well-known entrepreneur and CEO of companies like Tesla and SpaceX. (Score: 0.0008185179904103279)
<EMPTY> (Score: -inf)
<EMPTY> (Score: -inf)

====================
Query:
Use the step-by-step method as shown in the examples to answer the question. Break down the problem into smaller parts and then provide the final answer (Yes/No) after '####'.

Example 1:
Q: Karachi was a part of Alexander the Great's success?

A: Karachi is a city in modern day Pakistan.
Krokola was an ancient port located in what is now Karachi.
Alexander the Great stationed his fleet in Krokola on his way to Babylon.
Alexander the Great defeated Darius and conquered Babylon before expanding his 
empire.
#### Yes.

Example 2:
Q: Was P. G. Wodehouse's favorite book The Hunger Games?

A: P. G. Wodehouse died in 1975.
The Hunger Games was published in 2008.
#### No.
IMPORTANT:
- Think step by step.
- The final line must be exactly in the format: #### Yes. or #### No.
- Do not end with anything else after the final answer.
Your Question:
Q: Has Elon Musk's hairline changed?

A: Elon Musk is a well-known entrepreneur and CEO of companies like Tesla and SpaceX.
Responses:
Elon Musk has been in the public eye for many years. (Score: 0.0005398164503276348)
Elon Musk has been in the public eye for many years. (Score: 0.0005398164503276348)
<EMPTY> (Score: -inf)
<EMPTY> (Score: -inf)

====================
Query:
Use the step-by-step method as shown in the examples to answer the question. Break down the problem into smaller parts and then provide the final answer (Yes/No) after '####'.

Example 1:
Q: Karachi was a part of Alexander the Great's success?

A: Karachi is a city in modern day Pakistan.
Krokola was an ancient port located in what is now Karachi.
Alexander the Great stationed his fleet in Krokola on his way to Babylon.
Alexander the Great defeated Darius and conquered Babylon before expanding his 
empire.
#### Yes.

Example 2:
Q: Was P. G. Wodehouse's favorite book The Hunger Games?

A: P. G. Wodehouse died in 1975.
The Hunger Games was published in 2008.
#### No.
IMPORTANT:
- Think step by step.
- The final line must be exactly in the format: #### Yes. or #### No.
- Do not end with anything else after the final answer.
Your Question:
Q: Has Elon Musk's hairline changed?

A: Elon Musk is a well-known entrepreneur and CEO of companies like Tesla and SpaceX.
Responses:
Elon Musk has been in the public eye for many years. (Score: 0.0005398164503276348)
Elon Musk has been in the public eye for many years. (Score: 0.0005398164503276348)
<EMPTY> (Score: -inf)
<EMPTY> (Score: -inf)

====================
Query:
Use the step-by-step method as shown in the examples to answer the question. Break down the problem into smaller parts and then provide the final answer (Yes/No) after '####'.

Example 1:
Q: Karachi was a part of Alexander the Great's success?

A: Karachi is a city in modern day Pakistan.
Krokola was an ancient port located in what is now Karachi.
Alexander the Great stationed his fleet in Krokola on his way to Babylon.
Alexander the Great defeated Darius and conquered Babylon before expanding his 
empire.
#### Yes.

Example 2:
Q: Was P. G. Wodehouse's favorite book The Hunger Games?

A: P. G. Wodehouse died in 1975.
The Hunger Games was published in 2008.
#### No.
IMPORTANT:
- Think step by step.
- The final line must be exactly in the format: #### Yes. or #### No.
- Do not end with anything else after the final answer.
Your Question:
Q: Has Elon Musk's hairline changed?

A: Elon Musk is a well-known entrepreneur and CEO of companies like Tesla and SpaceX.
Elon Musk has been in the public eye for many years.
Responses:
There are numerous photos and videos of Elon Musk from different points in time. (Score: 0.0012463172897696495)
There are numerous photos and videos of Elon Musk from different points in time. (Score: 0.0012463172897696495)
<EMPTY> (Score: -inf)
<EMPTY> (Score: -inf)

====================
Query:
Use the step-by-step method as shown in the examples to answer the question. Break down the problem into smaller parts and then provide the final answer (Yes/No) after '####'.

Example 1:
Q: Karachi was a part of Alexander the Great's success?

A: Karachi is a city in modern day Pakistan.
Krokola was an ancient port located in what is now Karachi.
Alexander the Great stationed his fleet in Krokola on his way to Babylon.
Alexander the Great defeated Darius and conquered Babylon before expanding his 
empire.
#### Yes.

Example 2:
Q: Was P. G. Wodehouse's favorite book The Hunger Games?

A: P. G. Wodehouse died in 1975.
The Hunger Games was published in 2008.
#### No.
IMPORTANT:
- Think step by step.
- The final line must be exactly in the format: #### Yes. or #### No.
- Do not end with anything else after the final answer.
Your Question:
Q: Has Elon Musk's hairline changed?

A: Elon Musk is a well-known entrepreneur and CEO of companies like Tesla and SpaceX.
Elon Musk has been in the public eye for many years.
Responses:
There are numerous photos and videos of Elon Musk from different points in time. (Score: 0.0012463172897696495)
There are numerous photos and videos of Elon Musk from different points in time. (Score: 0.0012463172897696495)
<EMPTY> (Score: -inf)
<EMPTY> (Score: -inf)

====================
Query:
Use the step-by-step method as shown in the examples to answer the question. Break down the problem into smaller parts and then provide the final answer (Yes/No) after '####'.

Example 1:
Q: Karachi was a part of Alexander the Great's success?

A: Karachi is a city in modern day Pakistan.
Krokola was an ancient port located in what is now Karachi.
Alexander the Great stationed his fleet in Krokola on his way to Babylon.
Alexander the Great defeated Darius and conquered Babylon before expanding his 
empire.
#### Yes.

Example 2:
Q: Was P. G. Wodehouse's favorite book The Hunger Games?

A: P. G. Wodehouse died in 1975.
The Hunger Games was published in 2008.
#### No.
IMPORTANT:
- Think step by step.
- The final line must be exactly in the format: #### Yes. or #### No.
- Do not end with anything else after the final answer.
Your Question:
Q: Has Elon Musk's hairline changed?

A: Elon Musk is a well-known entrepreneur and CEO of companies like Tesla and SpaceX.
Elon Musk has been in the public eye for many years.
There are numerous photos and videos of Elon Musk from different points in time.
Responses:
#### Yes. (Score: 0.002139032818377018)
#### No. (Score: 0.0022684745490550995)
<EMPTY> (Score: -inf)
<EMPTY> (Score: -inf)

====================
Query:
Use the step-by-step method as shown in the examples to answer the question. Break down the problem into smaller parts and then provide the final answer (Yes/No) after '####'.

Example 1:
Q: Karachi was a part of Alexander the Great's success?

A: Karachi is a city in modern day Pakistan.
Krokola was an ancient port located in what is now Karachi.
Alexander the Great stationed his fleet in Krokola on his way to Babylon.
Alexander the Great defeated Darius and conquered Babylon before expanding his 
empire.
#### Yes.

Example 2:
Q: Was P. G. Wodehouse's favorite book The Hunger Games?

A: P. G. Wodehouse died in 1975.
The Hunger Games was published in 2008.
#### No.
IMPORTANT:
- Think step by step.
- The final line must be exactly in the format: #### Yes. or #### No.
- Do not end with anything else after the final answer.
Your Question:
Q: Has Elon Musk's hairline changed?

A: Elon Musk is a well-known entrepreneur and CEO of companies like Tesla and SpaceX.
Elon Musk has been in the public eye for many years.
There are numerous photos and videos of Elon Musk from different points in time.
Responses:
#### Yes. (Score: 0.002139032818377018)
#### No. (Score: 0.0022684745490550995)
<EMPTY> (Score: -inf)
<EMPTY> (Score: -inf)

====================
Query:
Use the step-by-step method as shown in the examples to answer the question. Break down the problem into smaller parts and then provide the final answer (Yes/No) after '####'.

Example 1:
Q: Karachi was a part of Alexander the Great's success?

A: Karachi is a city in modern day Pakistan.
Krokola was an ancient port located in what is now Karachi.
Alexander the Great stationed his fleet in Krokola on his way to Babylon.
Alexander the Great defeated Darius and conquered Babylon before expanding his 
empire.
#### Yes.

Example 2:
Q: Was P. G. Wodehouse's favorite book The Hunger Games?

A: P. G. Wodehouse died in 1975.
The Hunger Games was published in 2008.
#### No.
IMPORTANT:
- Think step by step.
- The final line must be exactly in the format: #### Yes. or #### No.
- Do not end with anything else after the final answer.
Your Question:
Q: Do depressed people travel to the Golden Gate Bridge often?

A:
Responses:
Depressed people may seek out places that resonate with their feelings or provide a sense of solitude. (Score: -0.0007980484515428543)
Depressed people may seek out places that resonate with their feelings or provide a sense of solitude. (Score: -0.0007980484515428543)
<EMPTY> (Score: -inf)
<EMPTY> (Score: -inf)

====================
Query:
Use the step-by-step method as shown in the examples to answer the question. Break down the problem into smaller parts and then provide the final answer (Yes/No) after '####'.

Example 1:
Q: Karachi was a part of Alexander the Great's success?

A: Karachi is a city in modern day Pakistan.
Krokola was an ancient port located in what is now Karachi.
Alexander the Great stationed his fleet in Krokola on his way to Babylon.
Alexander the Great defeated Darius and conquered Babylon before expanding his 
empire.
#### Yes.

Example 2:
Q: Was P. G. Wodehouse's favorite book The Hunger Games?

A: P. G. Wodehouse died in 1975.
The Hunger Games was published in 2008.
#### No.
IMPORTANT:
- Think step by step.
- The final line must be exactly in the format: #### Yes. or #### No.
- Do not end with anything else after the final answer.
Your Question:
Q: Do depressed people travel to the Golden Gate Bridge often?

A: Depressed people may seek out places that resonate with their feelings or provide a sense of solitude.
Responses:
The Golden Gate Bridge is a well-known landmark in San Francisco, California. (Score: 0.0001449044793844223)
The Golden Gate Bridge is a well-known landmark in San Francisco, California. (Score: 0.0001449044793844223)
<EMPTY> (Score: -inf)
<EMPTY> (Score: -inf)

====================
Query:
Use the step-by-step method as shown in the examples to answer the question. Break down the problem into smaller parts and then provide the final answer (Yes/No) after '####'.

Example 1:
Q: Karachi was a part of Alexander the Great's success?

A: Karachi is a city in modern day Pakistan.
Krokola was an ancient port located in what is now Karachi.
Alexander the Great stationed his fleet in Krokola on his way to Babylon.
Alexander the Great defeated Darius and conquered Babylon before expanding his 
empire.
#### Yes.

Example 2:
Q: Was P. G. Wodehouse's favorite book The Hunger Games?

A: P. G. Wodehouse died in 1975.
The Hunger Games was published in 2008.
#### No.
IMPORTANT:
- Think step by step.
- The final line must be exactly in the format: #### Yes. or #### No.
- Do not end with anything else after the final answer.
Your Question:
Q: Do depressed people travel to the Golden Gate Bridge often?

A: Depressed people may seek out places that resonate with their feelings or provide a sense of solitude.
Responses:
The Golden Gate Bridge is a well-known landmark in San Francisco, California. (Score: 0.0001449044793844223)
The Golden Gate Bridge is a well-known landmark in San Francisco, California. (Score: 0.0001449044793844223)
<EMPTY> (Score: -inf)
<EMPTY> (Score: -inf)

====================
Query:
Use the step-by-step method as shown in the examples to answer the question. Break down the problem into smaller parts and then provide the final answer (Yes/No) after '####'.

Example 1:
Q: Karachi was a part of Alexander the Great's success?

A: Karachi is a city in modern day Pakistan.
Krokola was an ancient port located in what is now Karachi.
Alexander the Great stationed his fleet in Krokola on his way to Babylon.
Alexander the Great defeated Darius and conquered Babylon before expanding his 
empire.
#### Yes.

Example 2:
Q: Was P. G. Wodehouse's favorite book The Hunger Games?

A: P. G. Wodehouse died in 1975.
The Hunger Games was published in 2008.
#### No.
IMPORTANT:
- Think step by step.
- The final line must be exactly in the format: #### Yes. or #### No.
- Do not end with anything else after the final answer.
Your Question:
Q: Do depressed people travel to the Golden Gate Bridge often?

A: Depressed people may seek out places that resonate with their feelings or provide a sense of solitude.
The Golden Gate Bridge is a well-known landmark in San Francisco, California.
Responses:
It is a popular tourist destination, attracting many visitors, including those who may be experiencing depression. (Score: -0.0005644978955388069)
It is a popular tourist destination, attracting many visitors, including those who may be feeling depressed. (Score: -0.000527550932019949)
<EMPTY> (Score: -inf)
<EMPTY> (Score: -inf)

====================
Query:
Use the step-by-step method as shown in the examples to answer the question. Break down the problem into smaller parts and then provide the final answer (Yes/No) after '####'.

Example 1:
Q: Karachi was a part of Alexander the Great's success?

A: Karachi is a city in modern day Pakistan.
Krokola was an ancient port located in what is now Karachi.
Alexander the Great stationed his fleet in Krokola on his way to Babylon.
Alexander the Great defeated Darius and conquered Babylon before expanding his 
empire.
#### Yes.

Example 2:
Q: Was P. G. Wodehouse's favorite book The Hunger Games?

A: P. G. Wodehouse died in 1975.
The Hunger Games was published in 2008.
#### No.
IMPORTANT:
- Think step by step.
- The final line must be exactly in the format: #### Yes. or #### No.
- Do not end with anything else after the final answer.
Your Question:
Q: Do depressed people travel to the Golden Gate Bridge often?

A: Depressed people may seek out places that resonate with their feelings or provide a sense of solitude.
The Golden Gate Bridge is a well-known landmark in San Francisco, California.
Responses:
It is a popular tourist destination and attracts many visitors, including those who may be feeling depressed. (Score: -0.00075141666457057)
It is a popular tourist destination and attracts many visitors, including those who may be feeling depressed. (Score: -0.00075141666457057)
<EMPTY> (Score: -inf)
<EMPTY> (Score: -inf)

====================
Query:
Use the step-by-step method as shown in the examples to answer the question. Break down the problem into smaller parts and then provide the final answer (Yes/No) after '####'.

Example 1:
Q: Karachi was a part of Alexander the Great's success?

A: Karachi is a city in modern day Pakistan.
Krokola was an ancient port located in what is now Karachi.
Alexander the Great stationed his fleet in Krokola on his way to Babylon.
Alexander the Great defeated Darius and conquered Babylon before expanding his 
empire.
#### Yes.

Example 2:
Q: Was P. G. Wodehouse's favorite book The Hunger Games?

A: P. G. Wodehouse died in 1975.
The Hunger Games was published in 2008.
#### No.
IMPORTANT:
- Think step by step.
- The final line must be exactly in the format: #### Yes. or #### No.
- Do not end with anything else after the final answer.
Your Question:
Q: Do depressed people travel to the Golden Gate Bridge often?

A: Depressed people may seek out places that resonate with their feelings or provide a sense of solitude.
The Golden Gate Bridge is a well-known landmark in San Francisco, California.
It is a popular tourist destination, attracting many visitors, including those who may be feeling depressed.
Responses:
#### Yes. (Score: 1.3694632798433304e-05)
#### No. (Score: 0.00013242708519101143)
<EMPTY> (Score: -inf)
<EMPTY> (Score: -inf)

====================
Query:
Use the step-by-step method as shown in the examples to answer the question. Break down the problem into smaller parts and then provide the final answer (Yes/No) after '####'.

Example 1:
Q: Karachi was a part of Alexander the Great's success?

A: Karachi is a city in modern day Pakistan.
Krokola was an ancient port located in what is now Karachi.
Alexander the Great stationed his fleet in Krokola on his way to Babylon.
Alexander the Great defeated Darius and conquered Babylon before expanding his 
empire.
#### Yes.

Example 2:
Q: Was P. G. Wodehouse's favorite book The Hunger Games?

A: P. G. Wodehouse died in 1975.
The Hunger Games was published in 2008.
#### No.
IMPORTANT:
- Think step by step.
- The final line must be exactly in the format: #### Yes. or #### No.
- Do not end with anything else after the final answer.
Your Question:
Q: Do depressed people travel to the Golden Gate Bridge often?

A: Depressed people may seek out places that resonate with their feelings or provide a sense of solitude.
The Golden Gate Bridge is a well-known landmark in San Francisco, California.
It is a popular tourist destination, attracting many visitors, including those who may be experiencing depression.
Responses:
#### Yes. (Score: -4.946719855070114e-06)
#### No. (Score: 0.00010919058695435524)
<EMPTY> (Score: -inf)
<EMPTY> (Score: -inf)

====================
Query:
Use the step-by-step method as shown in the examples to answer the question. Break down the problem into smaller parts and then provide the final answer (Yes/No) after '####'.

Example 1:
Q: Karachi was a part of Alexander the Great's success?

A: Karachi is a city in modern day Pakistan.
Krokola was an ancient port located in what is now Karachi.
Alexander the Great stationed his fleet in Krokola on his way to Babylon.
Alexander the Great defeated Darius and conquered Babylon before expanding his 
empire.
#### Yes.

Example 2:
Q: Was P. G. Wodehouse's favorite book The Hunger Games?

A: P. G. Wodehouse died in 1975.
The Hunger Games was published in 2008.
#### No.
IMPORTANT:
- Think step by step.
- The final line must be exactly in the format: #### Yes. or #### No.
- Do not end with anything else after the final answer.
Your Question:
Q: Could a markhor give birth three times in a single year?

A:
Responses:
A: The markhor is a species of wild goat found in Central Asia and the Himalayas. (Score: -0.0001285024918615818)
A: The markhor is a species of wild goat found in Central Asia and the Himalayas. (Score: -0.0001285024918615818)
<EMPTY> (Score: -inf)
<EMPTY> (Score: -inf)

====================
Query:
Use the step-by-step method as shown in the examples to answer the question. Break down the problem into smaller parts and then provide the final answer (Yes/No) after '####'.

Example 1:
Q: Karachi was a part of Alexander the Great's success?

A: Karachi is a city in modern day Pakistan.
Krokola was an ancient port located in what is now Karachi.
Alexander the Great stationed his fleet in Krokola on his way to Babylon.
Alexander the Great defeated Darius and conquered Babylon before expanding his 
empire.
#### Yes.

Example 2:
Q: Was P. G. Wodehouse's favorite book The Hunger Games?

A: P. G. Wodehouse died in 1975.
The Hunger Games was published in 2008.
#### No.
IMPORTANT:
- Think step by step.
- The final line must be exactly in the format: #### Yes. or #### No.
- Do not end with anything else after the final answer.
Your Question:
Q: Could a markhor give birth three times in a single year?

A: A: The markhor is a species of wild goat found in Central Asia and the Himalayas.
Responses:
The markhor typically has a gestation period of about 5 to 6 months. (Score: -0.0007971678860485554)
The markhor typically has a gestation period of about 5 to 6 months. (Score: -0.0007971678860485554)
<EMPTY> (Score: -inf)
<EMPTY> (Score: -inf)

====================
Query:
Use the step-by-step method as shown in the examples to answer the question. Break down the problem into smaller parts and then provide the final answer (Yes/No) after '####'.

Example 1:
Q: Karachi was a part of Alexander the Great's success?

A: Karachi is a city in modern day Pakistan.
Krokola was an ancient port located in what is now Karachi.
Alexander the Great stationed his fleet in Krokola on his way to Babylon.
Alexander the Great defeated Darius and conquered Babylon before expanding his 
empire.
#### Yes.

Example 2:
Q: Was P. G. Wodehouse's favorite book The Hunger Games?

A: P. G. Wodehouse died in 1975.
The Hunger Games was published in 2008.
#### No.
IMPORTANT:
- Think step by step.
- The final line must be exactly in the format: #### Yes. or #### No.
- Do not end with anything else after the final answer.
Your Question:
Q: Could a markhor give birth three times in a single year?

A: A: The markhor is a species of wild goat found in Central Asia and the Himalayas.
Responses:
The markhor typically has a gestation period of about 5 to 6 months. (Score: -0.0007971678860485554)
The markhor typically has a gestation period of about 5 to 6 months. (Score: -0.0007971678860485554)
<EMPTY> (Score: -inf)
<EMPTY> (Score: -inf)

====================
Query:
Use the step-by-step method as shown in the examples to answer the question. Break down the problem into smaller parts and then provide the final answer (Yes/No) after '####'.

Example 1:
Q: Karachi was a part of Alexander the Great's success?

A: Karachi is a city in modern day Pakistan.
Krokola was an ancient port located in what is now Karachi.
Alexander the Great stationed his fleet in Krokola on his way to Babylon.
Alexander the Great defeated Darius and conquered Babylon before expanding his 
empire.
#### Yes.

Example 2:
Q: Was P. G. Wodehouse's favorite book The Hunger Games?

A: P. G. Wodehouse died in 1975.
The Hunger Games was published in 2008.
#### No.
IMPORTANT:
- Think step by step.
- The final line must be exactly in the format: #### Yes. or #### No.
- Do not end with anything else after the final answer.
Your Question:
Q: Could a markhor give birth three times in a single year?

A: A: The markhor is a species of wild goat found in Central Asia and the Himalayas.
The markhor typically has a gestation period of about 5 to 6 months.
Responses:
The markhor usually gives birth to one kid at a time, although twins can occur in rare cases. (Score: -0.00043196743354201317)
The markhor usually gives birth to one kid at a time, although twins can occur in rare cases. (Score: -0.00043196743354201317)
<EMPTY> (Score: -inf)
<EMPTY> (Score: -inf)

====================
Query:
Use the step-by-step method as shown in the examples to answer the question. Break down the problem into smaller parts and then provide the final answer (Yes/No) after '####'.

Example 1:
Q: Karachi was a part of Alexander the Great's success?

A: Karachi is a city in modern day Pakistan.
Krokola was an ancient port located in what is now Karachi.
Alexander the Great stationed his fleet in Krokola on his way to Babylon.
Alexander the Great defeated Darius and conquered Babylon before expanding his 
empire.
#### Yes.

Example 2:
Q: Was P. G. Wodehouse's favorite book The Hunger Games?

A: P. G. Wodehouse died in 1975.
The Hunger Games was published in 2008.
#### No.
IMPORTANT:
- Think step by step.
- The final line must be exactly in the format: #### Yes. or #### No.
- Do not end with anything else after the final answer.
Your Question:
Q: Could a markhor give birth three times in a single year?

A: A: The markhor is a species of wild goat found in Central Asia and the Himalayas.
The markhor typically has a gestation period of about 5 to 6 months.
Responses:
The markhor usually gives birth to one kid at a time, although twins can occur in rare cases. (Score: -0.00043196743354201317)
The markhor usually gives birth to one kid at a time. (Score: 7.368158549070358e-05)
<EMPTY> (Score: -inf)
<EMPTY> (Score: -inf)

====================
Query:
Use the step-by-step method as shown in the examples to answer the question. Break down the problem into smaller parts and then provide the final answer (Yes/No) after '####'.

Example 1:
Q: Karachi was a part of Alexander the Great's success?

A: Karachi is a city in modern day Pakistan.
Krokola was an ancient port located in what is now Karachi.
Alexander the Great stationed his fleet in Krokola on his way to Babylon.
Alexander the Great defeated Darius and conquered Babylon before expanding his 
empire.
#### Yes.

Example 2:
Q: Was P. G. Wodehouse's favorite book The Hunger Games?

A: P. G. Wodehouse died in 1975.
The Hunger Games was published in 2008.
#### No.
IMPORTANT:
- Think step by step.
- The final line must be exactly in the format: #### Yes. or #### No.
- Do not end with anything else after the final answer.
Your Question:
Q: Could a markhor give birth three times in a single year?

A: A: The markhor is a species of wild goat found in Central Asia and the Himalayas.
The markhor typically has a gestation period of about 5 to 6 months.
The markhor usually gives birth to one kid at a time.
Responses:
#### Yes. (Score: 0.0009659989736974239)
#### No. (Score: 0.001022830605506897)
<EMPTY> (Score: -inf)
<EMPTY> (Score: -inf)

====================
Query:
Use the step-by-step method as shown in the examples to answer the question. Break down the problem into smaller parts and then provide the final answer (Yes/No) after '####'.

Example 1:
Q: Karachi was a part of Alexander the Great's success?

A: Karachi is a city in modern day Pakistan.
Krokola was an ancient port located in what is now Karachi.
Alexander the Great stationed his fleet in Krokola on his way to Babylon.
Alexander the Great defeated Darius and conquered Babylon before expanding his 
empire.
#### Yes.

Example 2:
Q: Was P. G. Wodehouse's favorite book The Hunger Games?

A: P. G. Wodehouse died in 1975.
The Hunger Games was published in 2008.
#### No.
IMPORTANT:
- Think step by step.
- The final line must be exactly in the format: #### Yes. or #### No.
- Do not end with anything else after the final answer.
Your Question:
Q: Could a markhor give birth three times in a single year?

A: A: The markhor is a species of wild goat found in Central Asia and the Himalayas.
The markhor typically has a gestation period of about 5 to 6 months.
The markhor usually gives birth to one kid at a time, although twins can occur in rare cases.
Responses:
#### Yes. (Score: 0.00034611253067851067)
#### No. (Score: 0.00048728007823228836)
<EMPTY> (Score: -inf)
<EMPTY> (Score: -inf)

====================
Query:
Use the step-by-step method as shown in the examples to answer the question. Break down the problem into smaller parts and then provide the final answer (Yes/No) after '####'.

Example 1:
Q: Karachi was a part of Alexander the Great's success?

A: Karachi is a city in modern day Pakistan.
Krokola was an ancient port located in what is now Karachi.
Alexander the Great stationed his fleet in Krokola on his way to Babylon.
Alexander the Great defeated Darius and conquered Babylon before expanding his 
empire.
#### Yes.

Example 2:
Q: Was P. G. Wodehouse's favorite book The Hunger Games?

A: P. G. Wodehouse died in 1975.
The Hunger Games was published in 2008.
#### No.
IMPORTANT:
- Think step by step.
- The final line must be exactly in the format: #### Yes. or #### No.
- Do not end with anything else after the final answer.
Your Question:
Q: Will Tokyo Tower be repainted only once during President Trump's first term?

A:
Responses:
Tokyo Tower is a communications and observation tower located in Tokyo, Japan. (Score: 2.50060111284256e-06)
Tokyo Tower is a communications and observation tower located in Tokyo, Japan. (Score: 2.50060111284256e-06)
<EMPTY> (Score: -inf)
<EMPTY> (Score: -inf)

====================
Query:
Use the step-by-step method as shown in the examples to answer the question. Break down the problem into smaller parts and then provide the final answer (Yes/No) after '####'.

Example 1:
Q: Karachi was a part of Alexander the Great's success?

A: Karachi is a city in modern day Pakistan.
Krokola was an ancient port located in what is now Karachi.
Alexander the Great stationed his fleet in Krokola on his way to Babylon.
Alexander the Great defeated Darius and conquered Babylon before expanding his 
empire.
#### Yes.

Example 2:
Q: Was P. G. Wodehouse's favorite book The Hunger Games?

A: P. G. Wodehouse died in 1975.
The Hunger Games was published in 2008.
#### No.
IMPORTANT:
- Think step by step.
- The final line must be exactly in the format: #### Yes. or #### No.
- Do not end with anything else after the final answer.
Your Question:
Q: Will Tokyo Tower be repainted only once during President Trump's first term?

A: Tokyo Tower is a communications and observation tower located in Tokyo, Japan.
Responses:
Tokyo Tower was completed in 1958 and has undergone several repainting processes since then. (Score: 0.0006932788528501987)
Tokyo Tower was completed in 1958 and has undergone several repainting processes since then. (Score: 0.0006932788528501987)
<EMPTY> (Score: -inf)
<EMPTY> (Score: -inf)

====================
Query:
Use the step-by-step method as shown in the examples to answer the question. Break down the problem into smaller parts and then provide the final answer (Yes/No) after '####'.

Example 1:
Q: Karachi was a part of Alexander the Great's success?

A: Karachi is a city in modern day Pakistan.
Krokola was an ancient port located in what is now Karachi.
Alexander the Great stationed his fleet in Krokola on his way to Babylon.
Alexander the Great defeated Darius and conquered Babylon before expanding his 
empire.
#### Yes.

Example 2:
Q: Was P. G. Wodehouse's favorite book The Hunger Games?

A: P. G. Wodehouse died in 1975.
The Hunger Games was published in 2008.
#### No.
IMPORTANT:
- Think step by step.
- The final line must be exactly in the format: #### Yes. or #### No.
- Do not end with anything else after the final answer.
Your Question:
Q: Will Tokyo Tower be repainted only once during President Trump's first term?

A: Tokyo Tower is a communications and observation tower located in Tokyo, Japan.
Responses:
Tokyo Tower was completed in 1958 and has undergone several repainting processes since then. (Score: 0.0006932788528501987)
Tokyo Tower was completed in 1958 and has undergone several repainting processes since then. (Score: 0.0006932788528501987)
<EMPTY> (Score: -inf)
<EMPTY> (Score: -inf)

====================
Query:
Use the step-by-step method as shown in the examples to answer the question. Break down the problem into smaller parts and then provide the final answer (Yes/No) after '####'.

Example 1:
Q: Karachi was a part of Alexander the Great's success?

A: Karachi is a city in modern day Pakistan.
Krokola was an ancient port located in what is now Karachi.
Alexander the Great stationed his fleet in Krokola on his way to Babylon.
Alexander the Great defeated Darius and conquered Babylon before expanding his 
empire.
#### Yes.

Example 2:
Q: Was P. G. Wodehouse's favorite book The Hunger Games?

A: P. G. Wodehouse died in 1975.
The Hunger Games was published in 2008.
#### No.
IMPORTANT:
- Think step by step.
- The final line must be exactly in the format: #### Yes. or #### No.
- Do not end with anything else after the final answer.
Your Question:
Q: Will Tokyo Tower be repainted only once during President Trump's first term?

A: Tokyo Tower is a communications and observation tower located in Tokyo, Japan.
Tokyo Tower was completed in 1958 and has undergone several repainting processes since then.
Responses:
Repainting of Tokyo Tower is typically done every five years to maintain its appearance and protect it from the elements. (Score: 0.00012060906738042831)
The repainting of Tokyo Tower is not scheduled to occur only once during any specific time frame, including President Trump's first term, which lasted from January 2017 to January 2021. The tower typically undergoes repainting every five years to maintain its appearance and structural integrity. (Score: 6.947480142116547e-05)
<EMPTY> (Score: -inf)
<EMPTY> (Score: -inf)

====================
Query:
Use the step-by-step method as shown in the examples to answer the question. Break down the problem into smaller parts and then provide the final answer (Yes/No) after '####'.

Example 1:
Q: Karachi was a part of Alexander the Great's success?

A: Karachi is a city in modern day Pakistan.
Krokola was an ancient port located in what is now Karachi.
Alexander the Great stationed his fleet in Krokola on his way to Babylon.
Alexander the Great defeated Darius and conquered Babylon before expanding his 
empire.
#### Yes.

Example 2:
Q: Was P. G. Wodehouse's favorite book The Hunger Games?

A: P. G. Wodehouse died in 1975.
The Hunger Games was published in 2008.
#### No.
IMPORTANT:
- Think step by step.
- The final line must be exactly in the format: #### Yes. or #### No.
- Do not end with anything else after the final answer.
Your Question:
Q: Will Tokyo Tower be repainted only once during President Trump's first term?

A: Tokyo Tower is a communications and observation tower located in Tokyo, Japan.
Tokyo Tower was completed in 1958 and has undergone several repainting processes since then.
Responses:
Repainting of Tokyo Tower is typically done every five years to maintain its appearance and protect it from the elements. (Score: 0.00012060906738042831)
The repainting of Tokyo Tower is not scheduled to occur only once during any specific time frame, including President Trump's first term, which lasted from January 2017 to January 2021. The tower typically undergoes repainting every five years to maintain its appearance and structural integrity. (Score: 6.947480142116547e-05)
<EMPTY> (Score: -inf)
<EMPTY> (Score: -inf)

====================
Query:
Use the step-by-step method as shown in the examples to answer the question. Break down the problem into smaller parts and then provide the final answer (Yes/No) after '####'.

Example 1:
Q: Karachi was a part of Alexander the Great's success?

A: Karachi is a city in modern day Pakistan.
Krokola was an ancient port located in what is now Karachi.
Alexander the Great stationed his fleet in Krokola on his way to Babylon.
Alexander the Great defeated Darius and conquered Babylon before expanding his 
empire.
#### Yes.

Example 2:
Q: Was P. G. Wodehouse's favorite book The Hunger Games?

A: P. G. Wodehouse died in 1975.
The Hunger Games was published in 2008.
#### No.
IMPORTANT:
- Think step by step.
- The final line must be exactly in the format: #### Yes. or #### No.
- Do not end with anything else after the final answer.
Your Question:
Q: Will Tokyo Tower be repainted only once during President Trump's first term?

A: Tokyo Tower is a communications and observation tower located in Tokyo, Japan.
Tokyo Tower was completed in 1958 and has undergone several repainting processes since then.
Repainting of Tokyo Tower is typically done every five years to maintain its appearance and protect it from the elements.
Responses:
#### Yes. (Score: 0.0008357991464436054)
#### No. (Score: 0.0007144063711166382)
<EMPTY> (Score: -inf)
<EMPTY> (Score: -inf)

====================
Query:
Use the step-by-step method as shown in the examples to answer the question. Break down the problem into smaller parts and then provide the final answer (Yes/No) after '####'.

Example 1:
Q: Karachi was a part of Alexander the Great's success?

A: Karachi is a city in modern day Pakistan.
Krokola was an ancient port located in what is now Karachi.
Alexander the Great stationed his fleet in Krokola on his way to Babylon.
Alexander the Great defeated Darius and conquered Babylon before expanding his 
empire.
#### Yes.

Example 2:
Q: Was P. G. Wodehouse's favorite book The Hunger Games?

A: P. G. Wodehouse died in 1975.
The Hunger Games was published in 2008.
#### No.
IMPORTANT:
- Think step by step.
- The final line must be exactly in the format: #### Yes. or #### No.
- Do not end with anything else after the final answer.
Your Question:
Q: Will Tokyo Tower be repainted only once during President Trump's first term?

A: Tokyo Tower is a communications and observation tower located in Tokyo, Japan.
Tokyo Tower was completed in 1958 and has undergone several repainting processes since then.
Repainting of Tokyo Tower is typically done every five years to maintain its appearance and protect it from the elements.
Responses:
#### Yes. (Score: 0.0008357991464436054)
#### No. (Score: 0.0007144063711166382)
<EMPTY> (Score: -inf)
<EMPTY> (Score: -inf)

====================
Query:
Use the step-by-step method as shown in the examples to answer the question. Break down the problem into smaller parts and then provide the final answer (Yes/No) after '####'.

Example 1:
Q: Karachi was a part of Alexander the Great's success?

A: Karachi is a city in modern day Pakistan.
Krokola was an ancient port located in what is now Karachi.
Alexander the Great stationed his fleet in Krokola on his way to Babylon.
Alexander the Great defeated Darius and conquered Babylon before expanding his 
empire.
#### Yes.

Example 2:
Q: Was P. G. Wodehouse's favorite book The Hunger Games?

A: P. G. Wodehouse died in 1975.
The Hunger Games was published in 2008.
#### No.
IMPORTANT:
- Think step by step.
- The final line must be exactly in the format: #### Yes. or #### No.
- Do not end with anything else after the final answer.
Your Question:
Q: Did Neanderthals use arithmetic?

A:
Responses:
Neanderthals were a species of hominids that lived in Europe and parts of Asia until about 40,000 years ago. (Score: -0.0014562876895070076)
Neanderthals were a species of hominids that lived in Europe and parts of Asia until about 40,000 years ago. (Score: -0.0014562876895070076)
<EMPTY> (Score: -inf)
<EMPTY> (Score: -inf)

====================
Query:
Use the step-by-step method as shown in the examples to answer the question. Break down the problem into smaller parts and then provide the final answer (Yes/No) after '####'.

Example 1:
Q: Karachi was a part of Alexander the Great's success?

A: Karachi is a city in modern day Pakistan.
Krokola was an ancient port located in what is now Karachi.
Alexander the Great stationed his fleet in Krokola on his way to Babylon.
Alexander the Great defeated Darius and conquered Babylon before expanding his 
empire.
#### Yes.

Example 2:
Q: Was P. G. Wodehouse's favorite book The Hunger Games?

A: P. G. Wodehouse died in 1975.
The Hunger Games was published in 2008.
#### No.
IMPORTANT:
- Think step by step.
- The final line must be exactly in the format: #### Yes. or #### No.
- Do not end with anything else after the final answer.
Your Question:
Q: Did Neanderthals use arithmetic?

A: Neanderthals were a species of hominids that lived in Europe and parts of Asia until about 40,000 years ago.
Responses:
Neanderthals are known to have used tools and had complex social structures. (Score: -0.0021223174408078194)
Neanderthals are known to have used tools and had complex social structures. (Score: -0.0021223174408078194)
<EMPTY> (Score: -inf)
<EMPTY> (Score: -inf)

====================
Query:
Use the step-by-step method as shown in the examples to answer the question. Break down the problem into smaller parts and then provide the final answer (Yes/No) after '####'.

Example 1:
Q: Karachi was a part of Alexander the Great's success?

A: Karachi is a city in modern day Pakistan.
Krokola was an ancient port located in what is now Karachi.
Alexander the Great stationed his fleet in Krokola on his way to Babylon.
Alexander the Great defeated Darius and conquered Babylon before expanding his 
empire.
#### Yes.

Example 2:
Q: Was P. G. Wodehouse's favorite book The Hunger Games?

A: P. G. Wodehouse died in 1975.
The Hunger Games was published in 2008.
#### No.
IMPORTANT:
- Think step by step.
- The final line must be exactly in the format: #### Yes. or #### No.
- Do not end with anything else after the final answer.
Your Question:
Q: Did Neanderthals use arithmetic?

A: Neanderthals were a species of hominids that lived in Europe and parts of Asia until about 40,000 years ago.
Responses:
Neanderthals are known to have used tools and had complex social structures. (Score: -0.0021223174408078194)
Neanderthals are known to have used tools and had complex social structures. (Score: -0.0021223174408078194)
<EMPTY> (Score: -inf)
<EMPTY> (Score: -inf)

====================
Query:
Use the step-by-step method as shown in the examples to answer the question. Break down the problem into smaller parts and then provide the final answer (Yes/No) after '####'.

Example 1:
Q: Karachi was a part of Alexander the Great's success?

A: Karachi is a city in modern day Pakistan.
Krokola was an ancient port located in what is now Karachi.
Alexander the Great stationed his fleet in Krokola on his way to Babylon.
Alexander the Great defeated Darius and conquered Babylon before expanding his 
empire.
#### Yes.

Example 2:
Q: Was P. G. Wodehouse's favorite book The Hunger Games?

A: P. G. Wodehouse died in 1975.
The Hunger Games was published in 2008.
#### No.
IMPORTANT:
- Think step by step.
- The final line must be exactly in the format: #### Yes. or #### No.
- Do not end with anything else after the final answer.
Your Question:
Q: Did Neanderthals use arithmetic?

A: Neanderthals were a species of hominids that lived in Europe and parts of Asia until about 40,000 years ago.
Neanderthals are known to have used tools and had complex social structures.
Responses:
There is limited evidence to suggest that Neanderthals engaged in activities that could be considered arithmetic, such as counting or measuring. (Score: -0.0031980331987142563)
There is limited evidence to suggest that Neanderthals engaged in activities that could be considered arithmetic, such as counting or measuring. (Score: -0.0031980331987142563)
<EMPTY> (Score: -inf)
<EMPTY> (Score: -inf)

====================
Query:
Use the step-by-step method as shown in the examples to answer the question. Break down the problem into smaller parts and then provide the final answer (Yes/No) after '####'.

Example 1:
Q: Karachi was a part of Alexander the Great's success?

A: Karachi is a city in modern day Pakistan.
Krokola was an ancient port located in what is now Karachi.
Alexander the Great stationed his fleet in Krokola on his way to Babylon.
Alexander the Great defeated Darius and conquered Babylon before expanding his 
empire.
#### Yes.

Example 2:
Q: Was P. G. Wodehouse's favorite book The Hunger Games?

A: P. G. Wodehouse died in 1975.
The Hunger Games was published in 2008.
#### No.
IMPORTANT:
- Think step by step.
- The final line must be exactly in the format: #### Yes. or #### No.
- Do not end with anything else after the final answer.
Your Question:
Q: Did Neanderthals use arithmetic?

A: Neanderthals were a species of hominids that lived in Europe and parts of Asia until about 40,000 years ago.
Neanderthals are known to have used tools and had complex social structures.
Responses:
There is limited evidence to suggest that Neanderthals engaged in activities that could be considered arithmetic. (Score: -0.0018959487788379192)
There is limited evidence to suggest that Neanderthals engaged in activities that could be considered arithmetic, such as counting or measuring. (Score: -0.0031980331987142563)
<EMPTY> (Score: -inf)
<EMPTY> (Score: -inf)

====================
Query:
Use the step-by-step method as shown in the examples to answer the question. Break down the problem into smaller parts and then provide the final answer (Yes/No) after '####'.

Example 1:
Q: Karachi was a part of Alexander the Great's success?

A: Karachi is a city in modern day Pakistan.
Krokola was an ancient port located in what is now Karachi.
Alexander the Great stationed his fleet in Krokola on his way to Babylon.
Alexander the Great defeated Darius and conquered Babylon before expanding his 
empire.
#### Yes.

Example 2:
Q: Was P. G. Wodehouse's favorite book The Hunger Games?

A: P. G. Wodehouse died in 1975.
The Hunger Games was published in 2008.
#### No.
IMPORTANT:
- Think step by step.
- The final line must be exactly in the format: #### Yes. or #### No.
- Do not end with anything else after the final answer.
Your Question:
Q: Did Neanderthals use arithmetic?

A: Neanderthals were a species of hominids that lived in Europe and parts of Asia until about 40,000 years ago.
Neanderthals are known to have used tools and had complex social structures.
There is limited evidence to suggest that Neanderthals engaged in activities that could be considered arithmetic.
Responses:
#### Yes. (Score: -0.002245750278234482)
#### No. (Score: -0.0021830983459949493)
<EMPTY> (Score: -inf)
<EMPTY> (Score: -inf)

====================
Query:
Use the step-by-step method as shown in the examples to answer the question. Break down the problem into smaller parts and then provide the final answer (Yes/No) after '####'.

Example 1:
Q: Karachi was a part of Alexander the Great's success?

A: Karachi is a city in modern day Pakistan.
Krokola was an ancient port located in what is now Karachi.
Alexander the Great stationed his fleet in Krokola on his way to Babylon.
Alexander the Great defeated Darius and conquered Babylon before expanding his 
empire.
#### Yes.

Example 2:
Q: Was P. G. Wodehouse's favorite book The Hunger Games?

A: P. G. Wodehouse died in 1975.
The Hunger Games was published in 2008.
#### No.
IMPORTANT:
- Think step by step.
- The final line must be exactly in the format: #### Yes. or #### No.
- Do not end with anything else after the final answer.
Your Question:
Q: Did Neanderthals use arithmetic?

A: Neanderthals were a species of hominids that lived in Europe and parts of Asia until about 40,000 years ago.
Neanderthals are known to have used tools and had complex social structures.
There is limited evidence to suggest that Neanderthals engaged in activities that could be considered arithmetic, such as counting or measuring.
Responses:
#### Yes. (Score: -0.002533531282097101)
#### No. (Score: -0.00254239235073328)
<EMPTY> (Score: -inf)
<EMPTY> (Score: -inf)

====================
Query:
Use the step-by-step method as shown in the examples to answer the question. Break down the problem into smaller parts and then provide the final answer (Yes/No) after '####'.

Example 1:
Q: Karachi was a part of Alexander the Great's success?

A: Karachi is a city in modern day Pakistan.
Krokola was an ancient port located in what is now Karachi.
Alexander the Great stationed his fleet in Krokola on his way to Babylon.
Alexander the Great defeated Darius and conquered Babylon before expanding his 
empire.
#### Yes.

Example 2:
Q: Was P. G. Wodehouse's favorite book The Hunger Games?

A: P. G. Wodehouse died in 1975.
The Hunger Games was published in 2008.
#### No.
IMPORTANT:
- Think step by step.
- The final line must be exactly in the format: #### Yes. or #### No.
- Do not end with anything else after the final answer.
Your Question:
Q: Can children become lieutenants?

A:
Responses:
A: A lieutenant is a rank typically found in military and law enforcement organizations. (Score: -0.003841801080852747)
A: A lieutenant is a rank typically found in military and law enforcement organizations. (Score: -0.003841801080852747)
<EMPTY> (Score: -inf)
<EMPTY> (Score: -inf)

====================
Query:
Use the step-by-step method as shown in the examples to answer the question. Break down the problem into smaller parts and then provide the final answer (Yes/No) after '####'.

Example 1:
Q: Karachi was a part of Alexander the Great's success?

A: Karachi is a city in modern day Pakistan.
Krokola was an ancient port located in what is now Karachi.
Alexander the Great stationed his fleet in Krokola on his way to Babylon.
Alexander the Great defeated Darius and conquered Babylon before expanding his 
empire.
#### Yes.

Example 2:
Q: Was P. G. Wodehouse's favorite book The Hunger Games?

A: P. G. Wodehouse died in 1975.
The Hunger Games was published in 2008.
#### No.
IMPORTANT:
- Think step by step.
- The final line must be exactly in the format: #### Yes. or #### No.
- Do not end with anything else after the final answer.
Your Question:
Q: Can children become lieutenants?

A: A: A lieutenant is a rank typically found in military and law enforcement organizations.
Responses:
A: The rank of lieutenant usually requires a certain level of training and experience. (Score: -0.0032046237029135227)
A: The rank of lieutenant usually requires a certain level of training and experience. (Score: -0.0032046237029135227)
<EMPTY> (Score: -inf)
<EMPTY> (Score: -inf)

====================
Query:
Use the step-by-step method as shown in the examples to answer the question. Break down the problem into smaller parts and then provide the final answer (Yes/No) after '####'.

Example 1:
Q: Karachi was a part of Alexander the Great's success?

A: Karachi is a city in modern day Pakistan.
Krokola was an ancient port located in what is now Karachi.
Alexander the Great stationed his fleet in Krokola on his way to Babylon.
Alexander the Great defeated Darius and conquered Babylon before expanding his 
empire.
#### Yes.

Example 2:
Q: Was P. G. Wodehouse's favorite book The Hunger Games?

A: P. G. Wodehouse died in 1975.
The Hunger Games was published in 2008.
#### No.
IMPORTANT:
- Think step by step.
- The final line must be exactly in the format: #### Yes. or #### No.
- Do not end with anything else after the final answer.
Your Question:
Q: Can children become lieutenants?

A: A: A lieutenant is a rank typically found in military and law enforcement organizations.
Responses:
A: The rank of lieutenant usually requires a certain level of training and experience. (Score: -0.0032046237029135227)
A: The rank of lieutenant usually requires a certain level of training and experience. (Score: -0.0032046237029135227)
<EMPTY> (Score: -inf)
<EMPTY> (Score: -inf)

====================
Query:
Use the step-by-step method as shown in the examples to answer the question. Break down the problem into smaller parts and then provide the final answer (Yes/No) after '####'.

Example 1:
Q: Karachi was a part of Alexander the Great's success?

A: Karachi is a city in modern day Pakistan.
Krokola was an ancient port located in what is now Karachi.
Alexander the Great stationed his fleet in Krokola on his way to Babylon.
Alexander the Great defeated Darius and conquered Babylon before expanding his 
empire.
#### Yes.

Example 2:
Q: Was P. G. Wodehouse's favorite book The Hunger Games?

A: P. G. Wodehouse died in 1975.
The Hunger Games was published in 2008.
#### No.
IMPORTANT:
- Think step by step.
- The final line must be exactly in the format: #### Yes. or #### No.
- Do not end with anything else after the final answer.
Your Question:
Q: Can children become lieutenants?

A: A: A lieutenant is a rank typically found in military and law enforcement organizations.
A: The rank of lieutenant usually requires a certain level of training and experience.
Responses:
A: In most military organizations, individuals must be at least 18 years old to enlist and pursue a commission as an officer, which includes the rank of lieutenant. (Score: -0.0038496791385114193)
A: In most military organizations, individuals must be at least 18 years old to enlist and pursue a commission as an officer, which includes the rank of lieutenant. (Score: -0.0038496791385114193)
<EMPTY> (Score: -inf)
<EMPTY> (Score: -inf)

====================
Query:
Use the step-by-step method as shown in the examples to answer the question. Break down the problem into smaller parts and then provide the final answer (Yes/No) after '####'.

Example 1:
Q: Karachi was a part of Alexander the Great's success?

A: Karachi is a city in modern day Pakistan.
Krokola was an ancient port located in what is now Karachi.
Alexander the Great stationed his fleet in Krokola on his way to Babylon.
Alexander the Great defeated Darius and conquered Babylon before expanding his 
empire.
#### Yes.

Example 2:
Q: Was P. G. Wodehouse's favorite book The Hunger Games?

A: P. G. Wodehouse died in 1975.
The Hunger Games was published in 2008.
#### No.
IMPORTANT:
- Think step by step.
- The final line must be exactly in the format: #### Yes. or #### No.
- Do not end with anything else after the final answer.
Your Question:
Q: Can children become lieutenants?

A: A: A lieutenant is a rank typically found in military and law enforcement organizations.
A: The rank of lieutenant usually requires a certain level of training and experience.
Responses:
A: In most military organizations, individuals must be at least 18 years old to enlist and pursue a commission as an officer, which includes the rank of lieutenant. (Score: -0.0038496791385114193)
A: In most military organizations, individuals must be at least 18 years old to enlist and begin training for officer ranks, including lieutenant. (Score: -0.002886454574763775)
<EMPTY> (Score: -inf)
<EMPTY> (Score: -inf)

====================
Query:
Use the step-by-step method as shown in the examples to answer the question. Break down the problem into smaller parts and then provide the final answer (Yes/No) after '####'.

Example 1:
Q: Karachi was a part of Alexander the Great's success?

A: Karachi is a city in modern day Pakistan.
Krokola was an ancient port located in what is now Karachi.
Alexander the Great stationed his fleet in Krokola on his way to Babylon.
Alexander the Great defeated Darius and conquered Babylon before expanding his 
empire.
#### Yes.

Example 2:
Q: Was P. G. Wodehouse's favorite book The Hunger Games?

A: P. G. Wodehouse died in 1975.
The Hunger Games was published in 2008.
#### No.
IMPORTANT:
- Think step by step.
- The final line must be exactly in the format: #### Yes. or #### No.
- Do not end with anything else after the final answer.
Your Question:
Q: Can children become lieutenants?

A: A: A lieutenant is a rank typically found in military and law enforcement organizations.
A: The rank of lieutenant usually requires a certain level of training and experience.
A: In most military organizations, individuals must be at least 18 years old to enlist and begin training for officer ranks, including lieutenant.
Responses:
#### Yes. (Score: -0.0020685503259301186)
#### No. (Score: -0.0021038050763309)
<EMPTY> (Score: -inf)
<EMPTY> (Score: -inf)

====================
Query:
Use the step-by-step method as shown in the examples to answer the question. Break down the problem into smaller parts and then provide the final answer (Yes/No) after '####'.

Example 1:
Q: Karachi was a part of Alexander the Great's success?

A: Karachi is a city in modern day Pakistan.
Krokola was an ancient port located in what is now Karachi.
Alexander the Great stationed his fleet in Krokola on his way to Babylon.
Alexander the Great defeated Darius and conquered Babylon before expanding his 
empire.
#### Yes.

Example 2:
Q: Was P. G. Wodehouse's favorite book The Hunger Games?

A: P. G. Wodehouse died in 1975.
The Hunger Games was published in 2008.
#### No.
IMPORTANT:
- Think step by step.
- The final line must be exactly in the format: #### Yes. or #### No.
- Do not end with anything else after the final answer.
Your Question:
Q: Can children become lieutenants?

A: A: A lieutenant is a rank typically found in military and law enforcement organizations.
A: The rank of lieutenant usually requires a certain level of training and experience.
A: In most military organizations, individuals must be at least 18 years old to enlist and pursue a commission as an officer, which includes the rank of lieutenant.
Responses:
#### Yes. (Score: -0.002957784105092287)
#### No. (Score: -0.0030067963525652885)
<EMPTY> (Score: -inf)
<EMPTY> (Score: -inf)

====================
Query:
Use the step-by-step method as shown in the examples to answer the question. Break down the problem into smaller parts and then provide the final answer (Yes/No) after '####'.

Example 1:
Q: Karachi was a part of Alexander the Great's success?

A: Karachi is a city in modern day Pakistan.
Krokola was an ancient port located in what is now Karachi.
Alexander the Great stationed his fleet in Krokola on his way to Babylon.
Alexander the Great defeated Darius and conquered Babylon before expanding his 
empire.
#### Yes.

Example 2:
Q: Was P. G. Wodehouse's favorite book The Hunger Games?

A: P. G. Wodehouse died in 1975.
The Hunger Games was published in 2008.
#### No.
IMPORTANT:
- Think step by step.
- The final line must be exactly in the format: #### Yes. or #### No.
- Do not end with anything else after the final answer.
Your Question:
Q: Could someone in a coma experience fear?

A:
Responses:
A: A coma is a state of prolonged unconsciousness where a person does not respond to external stimuli. (Score: -0.003829001449048519)
A: A coma is a state of prolonged unconsciousness where a person does not respond to external stimuli. (Score: -0.003829001449048519)
<EMPTY> (Score: -inf)
<EMPTY> (Score: -inf)

====================
Query:
Use the step-by-step method as shown in the examples to answer the question. Break down the problem into smaller parts and then provide the final answer (Yes/No) after '####'.

Example 1:
Q: Karachi was a part of Alexander the Great's success?

A: Karachi is a city in modern day Pakistan.
Krokola was an ancient port located in what is now Karachi.
Alexander the Great stationed his fleet in Krokola on his way to Babylon.
Alexander the Great defeated Darius and conquered Babylon before expanding his 
empire.
#### Yes.

Example 2:
Q: Was P. G. Wodehouse's favorite book The Hunger Games?

A: P. G. Wodehouse died in 1975.
The Hunger Games was published in 2008.
#### No.
IMPORTANT:
- Think step by step.
- The final line must be exactly in the format: #### Yes. or #### No.
- Do not end with anything else after the final answer.
Your Question:
Q: Could someone in a coma experience fear?

A: A: A coma is a state of prolonged unconsciousness where a person does not respond to external stimuli.
Responses:
A: In a coma, the brain is not functioning at a level that allows for conscious thought or emotional responses. (Score: -0.0030602281913161278)
A: In a coma, the brain is not functioning at a level that allows for conscious thought or emotional responses. (Score: -0.0030602281913161278)
<EMPTY> (Score: -inf)
<EMPTY> (Score: -inf)

====================
Query:
Use the step-by-step method as shown in the examples to answer the question. Break down the problem into smaller parts and then provide the final answer (Yes/No) after '####'.

Example 1:
Q: Karachi was a part of Alexander the Great's success?

A: Karachi is a city in modern day Pakistan.
Krokola was an ancient port located in what is now Karachi.
Alexander the Great stationed his fleet in Krokola on his way to Babylon.
Alexander the Great defeated Darius and conquered Babylon before expanding his 
empire.
#### Yes.

Example 2:
Q: Was P. G. Wodehouse's favorite book The Hunger Games?

A: P. G. Wodehouse died in 1975.
The Hunger Games was published in 2008.
#### No.
IMPORTANT:
- Think step by step.
- The final line must be exactly in the format: #### Yes. or #### No.
- Do not end with anything else after the final answer.
Your Question:
Q: Could someone in a coma experience fear?

A: A: A coma is a state of prolonged unconsciousness where a person does not respond to external stimuli.
Responses:
A: In a coma, the brain is not functioning at a level that allows for conscious thought or emotional responses. (Score: -0.0030602281913161278)
A: In a coma, the brain is not functioning at a level that allows for conscious thought or emotional responses. (Score: -0.0030602281913161278)
<EMPTY> (Score: -inf)
<EMPTY> (Score: -inf)

====================
Query:
Use the step-by-step method as shown in the examples to answer the question. Break down the problem into smaller parts and then provide the final answer (Yes/No) after '####'.

Example 1:
Q: Karachi was a part of Alexander the Great's success?

A: Karachi is a city in modern day Pakistan.
Krokola was an ancient port located in what is now Karachi.
Alexander the Great stationed his fleet in Krokola on his way to Babylon.
Alexander the Great defeated Darius and conquered Babylon before expanding his 
empire.
#### Yes.

Example 2:
Q: Was P. G. Wodehouse's favorite book The Hunger Games?

A: P. G. Wodehouse died in 1975.
The Hunger Games was published in 2008.
#### No.
IMPORTANT:
- Think step by step.
- The final line must be exactly in the format: #### Yes. or #### No.
- Do not end with anything else after the final answer.
Your Question:
Q: Could someone in a coma experience fear?

A: A: A coma is a state of prolonged unconsciousness where a person does not respond to external stimuli.
A: In a coma, the brain is not functioning at a level that allows for conscious thought or emotional responses.
Responses:
A: Fear is an emotional response that requires awareness and cognitive processing. (Score: -0.0032481816597282887)
A: Fear is an emotional response that requires awareness and cognitive processing. (Score: -0.0032481816597282887)
<EMPTY> (Score: -inf)
<EMPTY> (Score: -inf)

====================
Query:
Use the step-by-step method as shown in the examples to answer the question. Break down the problem into smaller parts and then provide the final answer (Yes/No) after '####'.

Example 1:
Q: Karachi was a part of Alexander the Great's success?

A: Karachi is a city in modern day Pakistan.
Krokola was an ancient port located in what is now Karachi.
Alexander the Great stationed his fleet in Krokola on his way to Babylon.
Alexander the Great defeated Darius and conquered Babylon before expanding his 
empire.
#### Yes.

Example 2:
Q: Was P. G. Wodehouse's favorite book The Hunger Games?

A: P. G. Wodehouse died in 1975.
The Hunger Games was published in 2008.
#### No.
IMPORTANT:
- Think step by step.
- The final line must be exactly in the format: #### Yes. or #### No.
- Do not end with anything else after the final answer.
Your Question:
Q: Could someone in a coma experience fear?

A: A: A coma is a state of prolonged unconsciousness where a person does not respond to external stimuli.
A: In a coma, the brain is not functioning at a level that allows for conscious thought or emotional responses.
Responses:
A: Fear is an emotional response that requires awareness and cognitive processing. (Score: -0.0032481816597282887)
A: Fear is an emotional response that requires awareness and cognitive processing. (Score: -0.0032481816597282887)
<EMPTY> (Score: -inf)
<EMPTY> (Score: -inf)

====================
Query:
Use the step-by-step method as shown in the examples to answer the question. Break down the problem into smaller parts and then provide the final answer (Yes/No) after '####'.

Example 1:
Q: Karachi was a part of Alexander the Great's success?

A: Karachi is a city in modern day Pakistan.
Krokola was an ancient port located in what is now Karachi.
Alexander the Great stationed his fleet in Krokola on his way to Babylon.
Alexander the Great defeated Darius and conquered Babylon before expanding his 
empire.
#### Yes.

Example 2:
Q: Was P. G. Wodehouse's favorite book The Hunger Games?

A: P. G. Wodehouse died in 1975.
The Hunger Games was published in 2008.
#### No.
IMPORTANT:
- Think step by step.
- The final line must be exactly in the format: #### Yes. or #### No.
- Do not end with anything else after the final answer.
Your Question:
Q: Could someone in a coma experience fear?

A: A: A coma is a state of prolonged unconsciousness where a person does not respond to external stimuli.
A: In a coma, the brain is not functioning at a level that allows for conscious thought or emotional responses.
A: Fear is an emotional response that requires awareness and cognitive processing.
Responses:
#### Yes. (Score: -0.0023662103340029716)
#### No. (Score: -0.0022861184552311897)
<EMPTY> (Score: -inf)
<EMPTY> (Score: -inf)

====================
Query:
Use the step-by-step method as shown in the examples to answer the question. Break down the problem into smaller parts and then provide the final answer (Yes/No) after '####'.

Example 1:
Q: Karachi was a part of Alexander the Great's success?

A: Karachi is a city in modern day Pakistan.
Krokola was an ancient port located in what is now Karachi.
Alexander the Great stationed his fleet in Krokola on his way to Babylon.
Alexander the Great defeated Darius and conquered Babylon before expanding his 
empire.
#### Yes.

Example 2:
Q: Was P. G. Wodehouse's favorite book The Hunger Games?

A: P. G. Wodehouse died in 1975.
The Hunger Games was published in 2008.
#### No.
IMPORTANT:
- Think step by step.
- The final line must be exactly in the format: #### Yes. or #### No.
- Do not end with anything else after the final answer.
Your Question:
Q: Could someone in a coma experience fear?

A: A: A coma is a state of prolonged unconsciousness where a person does not respond to external stimuli.
A: In a coma, the brain is not functioning at a level that allows for conscious thought or emotional responses.
A: Fear is an emotional response that requires awareness and cognitive processing.
Responses:
#### Yes. (Score: -0.0023662103340029716)
#### No. (Score: -0.0022861184552311897)
<EMPTY> (Score: -inf)
<EMPTY> (Score: -inf)

====================
Query:
Use the step-by-step method as shown in the examples to answer the question. Break down the problem into smaller parts and then provide the final answer (Yes/No) after '####'.

Example 1:
Q: Karachi was a part of Alexander the Great's success?

A: Karachi is a city in modern day Pakistan.
Krokola was an ancient port located in what is now Karachi.
Alexander the Great stationed his fleet in Krokola on his way to Babylon.
Alexander the Great defeated Darius and conquered Babylon before expanding his 
empire.
#### Yes.

Example 2:
Q: Was P. G. Wodehouse's favorite book The Hunger Games?

A: P. G. Wodehouse died in 1975.
The Hunger Games was published in 2008.
#### No.
IMPORTANT:
- Think step by step.
- The final line must be exactly in the format: #### Yes. or #### No.
- Do not end with anything else after the final answer.
Your Question:
Q: Was Walt Disney ever interviewed by Anderson Cooper?

A:
Responses:
Walt Disney was a prominent American film producer and co-founder of The Walt Disney Company. (Score: -0.002684195525944233)
Walt Disney was a prominent American film producer and entrepreneur who passed away in 1966. (Score: -0.0012231310829520226)
<EMPTY> (Score: -inf)
<EMPTY> (Score: -inf)

====================
Query:
Use the step-by-step method as shown in the examples to answer the question. Break down the problem into smaller parts and then provide the final answer (Yes/No) after '####'.

Example 1:
Q: Karachi was a part of Alexander the Great's success?

A: Karachi is a city in modern day Pakistan.
Krokola was an ancient port located in what is now Karachi.
Alexander the Great stationed his fleet in Krokola on his way to Babylon.
Alexander the Great defeated Darius and conquered Babylon before expanding his 
empire.
#### Yes.

Example 2:
Q: Was P. G. Wodehouse's favorite book The Hunger Games?

A: P. G. Wodehouse died in 1975.
The Hunger Games was published in 2008.
#### No.
IMPORTANT:
- Think step by step.
- The final line must be exactly in the format: #### Yes. or #### No.
- Do not end with anything else after the final answer.
Your Question:
Q: Was Walt Disney ever interviewed by Anderson Cooper?

A: Walt Disney was a prominent American film producer and entrepreneur who passed away in 1966.
Responses:
Anderson Cooper is a contemporary journalist and television personality who began his career in the 1990s. (Score: -0.0025388505309820175)
Anderson Cooper is a contemporary journalist and television personality who began his career in the 1990s. (Score: -0.0025388505309820175)
<EMPTY> (Score: -inf)
<EMPTY> (Score: -inf)

====================
Query:
Use the step-by-step method as shown in the examples to answer the question. Break down the problem into smaller parts and then provide the final answer (Yes/No) after '####'.

Example 1:
Q: Karachi was a part of Alexander the Great's success?

A: Karachi is a city in modern day Pakistan.
Krokola was an ancient port located in what is now Karachi.
Alexander the Great stationed his fleet in Krokola on his way to Babylon.
Alexander the Great defeated Darius and conquered Babylon before expanding his 
empire.
#### Yes.

Example 2:
Q: Was P. G. Wodehouse's favorite book The Hunger Games?

A: P. G. Wodehouse died in 1975.
The Hunger Games was published in 2008.
#### No.
IMPORTANT:
- Think step by step.
- The final line must be exactly in the format: #### Yes. or #### No.
- Do not end with anything else after the final answer.
Your Question:
Q: Was Walt Disney ever interviewed by Anderson Cooper?

A: Walt Disney was a prominent American film producer and co-founder of The Walt Disney Company.
Responses:
Walt Disney passed away in 1966. (Score: -0.0027531012892723083)
Walt Disney passed away in 1966. (Score: -0.0027531012892723083)
<EMPTY> (Score: -inf)
<EMPTY> (Score: -inf)

====================
Query:
Use the step-by-step method as shown in the examples to answer the question. Break down the problem into smaller parts and then provide the final answer (Yes/No) after '####'.

Example 1:
Q: Karachi was a part of Alexander the Great's success?

A: Karachi is a city in modern day Pakistan.
Krokola was an ancient port located in what is now Karachi.
Alexander the Great stationed his fleet in Krokola on his way to Babylon.
Alexander the Great defeated Darius and conquered Babylon before expanding his 
empire.
#### Yes.

Example 2:
Q: Was P. G. Wodehouse's favorite book The Hunger Games?

A: P. G. Wodehouse died in 1975.
The Hunger Games was published in 2008.
#### No.
IMPORTANT:
- Think step by step.
- The final line must be exactly in the format: #### Yes. or #### No.
- Do not end with anything else after the final answer.
Your Question:
Q: Was Walt Disney ever interviewed by Anderson Cooper?

A: Walt Disney was a prominent American film producer and entrepreneur who passed away in 1966.
Anderson Cooper is a contemporary journalist and television personality who began his career in the 1990s.
Responses:
Walt Disney could not have been interviewed by Anderson Cooper because Disney died in 1966, long before Cooper began his career in journalism. (Score: -0.0019791163504123688)
Walt Disney could not have been interviewed by Anderson Cooper because he died in 1966, long before Cooper began his career in journalism. (Score: -0.001981976442039013)
<EMPTY> (Score: -inf)
<EMPTY> (Score: -inf)

====================
Query:
Use the step-by-step method as shown in the examples to answer the question. Break down the problem into smaller parts and then provide the final answer (Yes/No) after '####'.

Example 1:
Q: Karachi was a part of Alexander the Great's success?

A: Karachi is a city in modern day Pakistan.
Krokola was an ancient port located in what is now Karachi.
Alexander the Great stationed his fleet in Krokola on his way to Babylon.
Alexander the Great defeated Darius and conquered Babylon before expanding his 
empire.
#### Yes.

Example 2:
Q: Was P. G. Wodehouse's favorite book The Hunger Games?

A: P. G. Wodehouse died in 1975.
The Hunger Games was published in 2008.
#### No.
IMPORTANT:
- Think step by step.
- The final line must be exactly in the format: #### Yes. or #### No.
- Do not end with anything else after the final answer.
Your Question:
Q: Was Walt Disney ever interviewed by Anderson Cooper?

A: Walt Disney was a prominent American film producer and entrepreneur who passed away in 1966.
Anderson Cooper is a contemporary journalist and television personality who began his career in the 1990s.
Responses:
Walt Disney could not have been interviewed by Anderson Cooper because he died in 1966, long before Cooper began his career in journalism. (Score: -0.001981976442039013)
Walt Disney could not have been interviewed by Anderson Cooper because he died in 1966, long before Cooper began his career in journalism. (Score: -0.001981976442039013)
<EMPTY> (Score: -inf)
<EMPTY> (Score: -inf)

====================
Query:
Use the step-by-step method as shown in the examples to answer the question. Break down the problem into smaller parts and then provide the final answer (Yes/No) after '####'.

Example 1:
Q: Karachi was a part of Alexander the Great's success?

A: Karachi is a city in modern day Pakistan.
Krokola was an ancient port located in what is now Karachi.
Alexander the Great stationed his fleet in Krokola on his way to Babylon.
Alexander the Great defeated Darius and conquered Babylon before expanding his 
empire.
#### Yes.

Example 2:
Q: Was P. G. Wodehouse's favorite book The Hunger Games?

A: P. G. Wodehouse died in 1975.
The Hunger Games was published in 2008.
#### No.
IMPORTANT:
- Think step by step.
- The final line must be exactly in the format: #### Yes. or #### No.
- Do not end with anything else after the final answer.
Your Question:
Q: Was Walt Disney ever interviewed by Anderson Cooper?

A: Walt Disney was a prominent American film producer and entrepreneur who passed away in 1966.
Anderson Cooper is a contemporary journalist and television personality who began his career in the 1990s.
Walt Disney could not have been interviewed by Anderson Cooper because Disney died in 1966, long before Cooper began his career in journalism.
Responses:
#### Yes. (Score: -0.0011849747970700264)
#### No. (Score: -0.0012857494875788689)
<EMPTY> (Score: -inf)
<EMPTY> (Score: -inf)

====================
Query:
Use the step-by-step method as shown in the examples to answer the question. Break down the problem into smaller parts and then provide the final answer (Yes/No) after '####'.

Example 1:
Q: Karachi was a part of Alexander the Great's success?

A: Karachi is a city in modern day Pakistan.
Krokola was an ancient port located in what is now Karachi.
Alexander the Great stationed his fleet in Krokola on his way to Babylon.
Alexander the Great defeated Darius and conquered Babylon before expanding his 
empire.
#### Yes.

Example 2:
Q: Was P. G. Wodehouse's favorite book The Hunger Games?

A: P. G. Wodehouse died in 1975.
The Hunger Games was published in 2008.
#### No.
IMPORTANT:
- Think step by step.
- The final line must be exactly in the format: #### Yes. or #### No.
- Do not end with anything else after the final answer.
Your Question:
Q: Was Walt Disney ever interviewed by Anderson Cooper?

A: Walt Disney was a prominent American film producer and entrepreneur who passed away in 1966.
Anderson Cooper is a contemporary journalist and television personality who began his career in the 1990s.
Walt Disney could not have been interviewed by Anderson Cooper because he died in 1966, long before Cooper began his career in journalism.
Responses:
#### Yes. (Score: -0.0011194068938493729)
#### No. (Score: -0.001290924847126007)
<EMPTY> (Score: -inf)
<EMPTY> (Score: -inf)

====================
Query:
Use the step-by-step method as shown in the examples to answer the question. Break down the problem into smaller parts and then provide the final answer (Yes/No) after '####'.

Example 1:
Q: Karachi was a part of Alexander the Great's success?

A: Karachi is a city in modern day Pakistan.
Krokola was an ancient port located in what is now Karachi.
Alexander the Great stationed his fleet in Krokola on his way to Babylon.
Alexander the Great defeated Darius and conquered Babylon before expanding his 
empire.
#### Yes.

Example 2:
Q: Was P. G. Wodehouse's favorite book The Hunger Games?

A: P. G. Wodehouse died in 1975.
The Hunger Games was published in 2008.
#### No.
IMPORTANT:
- Think step by step.
- The final line must be exactly in the format: #### Yes. or #### No.
- Do not end with anything else after the final answer.
Your Question:
Q: Is Gandalf hypothetically a formidable foe for Charmed's Barbas?

A:
Responses:
A: Gandalf is a powerful wizard from J.R.R. Tolkien's Middle-earth legendarium. (Score: -0.004086668603122234)
A: Gandalf is a powerful wizard from J.R.R. Tolkien's Middle-earth legendarium. (Score: -0.004086668603122234)
<EMPTY> (Score: -inf)
<EMPTY> (Score: -inf)

====================
Query:
Use the step-by-step method as shown in the examples to answer the question. Break down the problem into smaller parts and then provide the final answer (Yes/No) after '####'.

Example 1:
Q: Karachi was a part of Alexander the Great's success?

A: Karachi is a city in modern day Pakistan.
Krokola was an ancient port located in what is now Karachi.
Alexander the Great stationed his fleet in Krokola on his way to Babylon.
Alexander the Great defeated Darius and conquered Babylon before expanding his 
empire.
#### Yes.

Example 2:
Q: Was P. G. Wodehouse's favorite book The Hunger Games?

A: P. G. Wodehouse died in 1975.
The Hunger Games was published in 2008.
#### No.
IMPORTANT:
- Think step by step.
- The final line must be exactly in the format: #### Yes. or #### No.
- Do not end with anything else after the final answer.
Your Question:
Q: Is Gandalf hypothetically a formidable foe for Charmed's Barbas?

A: A: Gandalf is a powerful wizard from J.R.R. Tolkien's Middle-earth legendarium.
Responses:
Gandalf possesses a wide range of magical abilities, including manipulation of fire, light, and nature, as well as wisdom and combat skills. (Score: -0.0048782494850456715)
Gandalf possesses a wide range of magical abilities, including manipulation of fire, light, and nature, as well as wisdom and combat skills. (Score: -0.0048782494850456715)
<EMPTY> (Score: -inf)
<EMPTY> (Score: -inf)

====================
Query:
Use the step-by-step method as shown in the examples to answer the question. Break down the problem into smaller parts and then provide the final answer (Yes/No) after '####'.

Example 1:
Q: Karachi was a part of Alexander the Great's success?

A: Karachi is a city in modern day Pakistan.
Krokola was an ancient port located in what is now Karachi.
Alexander the Great stationed his fleet in Krokola on his way to Babylon.
Alexander the Great defeated Darius and conquered Babylon before expanding his 
empire.
#### Yes.

Example 2:
Q: Was P. G. Wodehouse's favorite book The Hunger Games?

A: P. G. Wodehouse died in 1975.
The Hunger Games was published in 2008.
#### No.
IMPORTANT:
- Think step by step.
- The final line must be exactly in the format: #### Yes. or #### No.
- Do not end with anything else after the final answer.
Your Question:
Q: Is Gandalf hypothetically a formidable foe for Charmed's Barbas?

A: A: Gandalf is a powerful wizard from J.R.R. Tolkien's Middle-earth legendarium.
Responses:
Gandalf possesses a wide range of magical abilities, including manipulation of fire, light, and nature, as well as wisdom and combat skills. (Score: -0.0048782494850456715)
Gandalf possesses a wide range of magical abilities, including manipulation of fire, light, and nature, as well as wisdom and combat skills. (Score: -0.0048782494850456715)
<EMPTY> (Score: -inf)
<EMPTY> (Score: -inf)

====================
Query:
Use the step-by-step method as shown in the examples to answer the question. Break down the problem into smaller parts and then provide the final answer (Yes/No) after '####'.

Example 1:
Q: Karachi was a part of Alexander the Great's success?

A: Karachi is a city in modern day Pakistan.
Krokola was an ancient port located in what is now Karachi.
Alexander the Great stationed his fleet in Krokola on his way to Babylon.
Alexander the Great defeated Darius and conquered Babylon before expanding his 
empire.
#### Yes.

Example 2:
Q: Was P. G. Wodehouse's favorite book The Hunger Games?

A: P. G. Wodehouse died in 1975.
The Hunger Games was published in 2008.
#### No.
IMPORTANT:
- Think step by step.
- The final line must be exactly in the format: #### Yes. or #### No.
- Do not end with anything else after the final answer.
Your Question:
Q: Is Gandalf hypothetically a formidable foe for Charmed's Barbas?

A: A: Gandalf is a powerful wizard from J.R.R. Tolkien's Middle-earth legendarium.
Gandalf possesses a wide range of magical abilities, including manipulation of fire, light, and nature, as well as wisdom and combat skills.
Responses:
Barbas is a demon from the TV show "Charmed," known for his ability to manipulate fear and create illusions. (Score: -0.0037115560844540596)
Barbas is a demon from the TV show "Charmed," known for his ability to manipulate fear and create illusions. (Score: -0.0037115560844540596)
<EMPTY> (Score: -inf)
<EMPTY> (Score: -inf)

====================
Query:
Use the step-by-step method as shown in the examples to answer the question. Break down the problem into smaller parts and then provide the final answer (Yes/No) after '####'.

Example 1:
Q: Karachi was a part of Alexander the Great's success?

A: Karachi is a city in modern day Pakistan.
Krokola was an ancient port located in what is now Karachi.
Alexander the Great stationed his fleet in Krokola on his way to Babylon.
Alexander the Great defeated Darius and conquered Babylon before expanding his 
empire.
#### Yes.

Example 2:
Q: Was P. G. Wodehouse's favorite book The Hunger Games?

A: P. G. Wodehouse died in 1975.
The Hunger Games was published in 2008.
#### No.
IMPORTANT:
- Think step by step.
- The final line must be exactly in the format: #### Yes. or #### No.
- Do not end with anything else after the final answer.
Your Question:
Q: Is Gandalf hypothetically a formidable foe for Charmed's Barbas?

A: A: Gandalf is a powerful wizard from J.R.R. Tolkien's Middle-earth legendarium.
Gandalf possesses a wide range of magical abilities, including manipulation of fire, light, and nature, as well as wisdom and combat skills.
Responses:
Barbas is a demon from the TV show "Charmed," known for his ability to manipulate fear and create illusions. (Score: -0.0037115560844540596)
Barbas is a demon from the TV show "Charmed," known for his ability to manipulate fear and create illusions. (Score: -0.0037115560844540596)
<EMPTY> (Score: -inf)
<EMPTY> (Score: -inf)

====================
Query:
Use the step-by-step method as shown in the examples to answer the question. Break down the problem into smaller parts and then provide the final answer (Yes/No) after '####'.

Example 1:
Q: Karachi was a part of Alexander the Great's success?

A: Karachi is a city in modern day Pakistan.
Krokola was an ancient port located in what is now Karachi.
Alexander the Great stationed his fleet in Krokola on his way to Babylon.
Alexander the Great defeated Darius and conquered Babylon before expanding his 
empire.
#### Yes.

Example 2:
Q: Was P. G. Wodehouse's favorite book The Hunger Games?

A: P. G. Wodehouse died in 1975.
The Hunger Games was published in 2008.
#### No.
IMPORTANT:
- Think step by step.
- The final line must be exactly in the format: #### Yes. or #### No.
- Do not end with anything else after the final answer.
Your Question:
Q: Is Gandalf hypothetically a formidable foe for Charmed's Barbas?

A: A: Gandalf is a powerful wizard from J.R.R. Tolkien's Middle-earth legendarium.
Gandalf possesses a wide range of magical abilities, including manipulation of fire, light, and nature, as well as wisdom and combat skills.
Barbas is a demon from the TV show "Charmed," known for his ability to manipulate fear and create illusions.
Responses:
#### Yes. (Score: -0.0030116206035017967)
#### No. (Score: -0.002615797333419323)
<EMPTY> (Score: -inf)
<EMPTY> (Score: -inf)

====================
Query:
Use the step-by-step method as shown in the examples to answer the question. Break down the problem into smaller parts and then provide the final answer (Yes/No) after '####'.

Example 1:
Q: Karachi was a part of Alexander the Great's success?

A: Karachi is a city in modern day Pakistan.
Krokola was an ancient port located in what is now Karachi.
Alexander the Great stationed his fleet in Krokola on his way to Babylon.
Alexander the Great defeated Darius and conquered Babylon before expanding his 
empire.
#### Yes.

Example 2:
Q: Was P. G. Wodehouse's favorite book The Hunger Games?

A: P. G. Wodehouse died in 1975.
The Hunger Games was published in 2008.
#### No.
IMPORTANT:
- Think step by step.
- The final line must be exactly in the format: #### Yes. or #### No.
- Do not end with anything else after the final answer.
Your Question:
Q: Is Gandalf hypothetically a formidable foe for Charmed's Barbas?

A: A: Gandalf is a powerful wizard from J.R.R. Tolkien's Middle-earth legendarium.
Gandalf possesses a wide range of magical abilities, including manipulation of fire, light, and nature, as well as wisdom and combat skills.
Barbas is a demon from the TV show "Charmed," known for his ability to manipulate fear and create illusions.
Responses:
#### Yes. (Score: -0.0030116206035017967)
#### No. (Score: -0.002615797333419323)
<EMPTY> (Score: -inf)
<EMPTY> (Score: -inf)

====================
Query:
Use the step-by-step method as shown in the examples to answer the question. Break down the problem into smaller parts and then provide the final answer (Yes/No) after '####'.

Example 1:
Q: Karachi was a part of Alexander the Great's success?

A: Karachi is a city in modern day Pakistan.
Krokola was an ancient port located in what is now Karachi.
Alexander the Great stationed his fleet in Krokola on his way to Babylon.
Alexander the Great defeated Darius and conquered Babylon before expanding his 
empire.
#### Yes.

Example 2:
Q: Was P. G. Wodehouse's favorite book The Hunger Games?

A: P. G. Wodehouse died in 1975.
The Hunger Games was published in 2008.
#### No.
IMPORTANT:
- Think step by step.
- The final line must be exactly in the format: #### Yes. or #### No.
- Do not end with anything else after the final answer.
Your Question:
Q: Will twenty pea pods contents cover entire chess board?

A:
Responses:
A: A chessboard has 64 squares (8 rows and 8 columns). (Score: -0.0030367644503712654)
A: A chessboard has 64 squares (8 rows and 8 columns). (Score: -0.0030367644503712654)
<EMPTY> (Score: -inf)
<EMPTY> (Score: -inf)

====================
Query:
Use the step-by-step method as shown in the examples to answer the question. Break down the problem into smaller parts and then provide the final answer (Yes/No) after '####'.

Example 1:
Q: Karachi was a part of Alexander the Great's success?

A: Karachi is a city in modern day Pakistan.
Krokola was an ancient port located in what is now Karachi.
Alexander the Great stationed his fleet in Krokola on his way to Babylon.
Alexander the Great defeated Darius and conquered Babylon before expanding his 
empire.
#### Yes.

Example 2:
Q: Was P. G. Wodehouse's favorite book The Hunger Games?

A: P. G. Wodehouse died in 1975.
The Hunger Games was published in 2008.
#### No.
IMPORTANT:
- Think step by step.
- The final line must be exactly in the format: #### Yes. or #### No.
- Do not end with anything else after the final answer.
Your Question:
Q: Will twenty pea pods contents cover entire chess board?

A: A: A chessboard has 64 squares (8 rows and 8 columns).
Responses:
A: The average pea pod contains about 5 to 8 peas. (Score: -0.0029710200615227222)
A: The average pea pod contains about 5 to 8 peas. (Score: -0.0029710200615227222)
<EMPTY> (Score: -inf)
<EMPTY> (Score: -inf)

====================
Query:
Use the step-by-step method as shown in the examples to answer the question. Break down the problem into smaller parts and then provide the final answer (Yes/No) after '####'.

Example 1:
Q: Karachi was a part of Alexander the Great's success?

A: Karachi is a city in modern day Pakistan.
Krokola was an ancient port located in what is now Karachi.
Alexander the Great stationed his fleet in Krokola on his way to Babylon.
Alexander the Great defeated Darius and conquered Babylon before expanding his 
empire.
#### Yes.

Example 2:
Q: Was P. G. Wodehouse's favorite book The Hunger Games?

A: P. G. Wodehouse died in 1975.
The Hunger Games was published in 2008.
#### No.
IMPORTANT:
- Think step by step.
- The final line must be exactly in the format: #### Yes. or #### No.
- Do not end with anything else after the final answer.
Your Question:
Q: Will twenty pea pods contents cover entire chess board?

A: A: A chessboard has 64 squares (8 rows and 8 columns).
Responses:
A: The average pea pod contains about 5 to 8 peas. (Score: -0.0029710200615227222)
A: The average pea pod contains about 5 to 8 peas. (Score: -0.0029710200615227222)
<EMPTY> (Score: -inf)
<EMPTY> (Score: -inf)

====================
Query:
Use the step-by-step method as shown in the examples to answer the question. Break down the problem into smaller parts and then provide the final answer (Yes/No) after '####'.

Example 1:
Q: Karachi was a part of Alexander the Great's success?

A: Karachi is a city in modern day Pakistan.
Krokola was an ancient port located in what is now Karachi.
Alexander the Great stationed his fleet in Krokola on his way to Babylon.
Alexander the Great defeated Darius and conquered Babylon before expanding his 
empire.
#### Yes.

Example 2:
Q: Was P. G. Wodehouse's favorite book The Hunger Games?

A: P. G. Wodehouse died in 1975.
The Hunger Games was published in 2008.
#### No.
IMPORTANT:
- Think step by step.
- The final line must be exactly in the format: #### Yes. or #### No.
- Do not end with anything else after the final answer.
Your Question:
Q: Will twenty pea pods contents cover entire chess board?

A: A: A chessboard has 64 squares (8 rows and 8 columns).
A: The average pea pod contains about 5 to 8 peas.
Responses:
A: If we take an average of 6 peas per pod, then twenty pea pods would contain approximately 120 peas (20 pods x 6 peas/pod). (Score: -0.0037969928234815598)
A: If we take an average of 6 peas per pod, then twenty pea pods would contain approximately 120 peas (20 pods x 6 peas/pod). (Score: -0.0037969928234815598)
<EMPTY> (Score: -inf)
<EMPTY> (Score: -inf)

====================
Query:
Use the step-by-step method as shown in the examples to answer the question. Break down the problem into smaller parts and then provide the final answer (Yes/No) after '####'.

Example 1:
Q: Karachi was a part of Alexander the Great's success?

A: Karachi is a city in modern day Pakistan.
Krokola was an ancient port located in what is now Karachi.
Alexander the Great stationed his fleet in Krokola on his way to Babylon.
Alexander the Great defeated Darius and conquered Babylon before expanding his 
empire.
#### Yes.

Example 2:
Q: Was P. G. Wodehouse's favorite book The Hunger Games?

A: P. G. Wodehouse died in 1975.
The Hunger Games was published in 2008.
#### No.
IMPORTANT:
- Think step by step.
- The final line must be exactly in the format: #### Yes. or #### No.
- Do not end with anything else after the final answer.
Your Question:
Q: Will twenty pea pods contents cover entire chess board?

A: A: A chessboard has 64 squares (8 rows and 8 columns).
A: The average pea pod contains about 5 to 8 peas.
Responses:
A: If we take an average of 6 peas per pod, then twenty pea pods would contain approximately 120 peas (20 pods x 6 peas per pod). (Score: -0.0039628553204238415)
A: If we take an average of 6 peas per pod, then twenty pea pods would contain approximately 120 peas (20 pods x 6 peas per pod). (Score: -0.0039628553204238415)
<EMPTY> (Score: -inf)
<EMPTY> (Score: -inf)

====================
Query:
Use the step-by-step method as shown in the examples to answer the question. Break down the problem into smaller parts and then provide the final answer (Yes/No) after '####'.

Example 1:
Q: Karachi was a part of Alexander the Great's success?

A: Karachi is a city in modern day Pakistan.
Krokola was an ancient port located in what is now Karachi.
Alexander the Great stationed his fleet in Krokola on his way to Babylon.
Alexander the Great defeated Darius and conquered Babylon before expanding his 
empire.
#### Yes.

Example 2:
Q: Was P. G. Wodehouse's favorite book The Hunger Games?

A: P. G. Wodehouse died in 1975.
The Hunger Games was published in 2008.
#### No.
IMPORTANT:
- Think step by step.
- The final line must be exactly in the format: #### Yes. or #### No.
- Do not end with anything else after the final answer.
Your Question:
Q: Will twenty pea pods contents cover entire chess board?

A: A: A chessboard has 64 squares (8 rows and 8 columns).
A: The average pea pod contains about 5 to 8 peas.
A: If we take an average of 6 peas per pod, then twenty pea pods would contain approximately 120 peas (20 pods x 6 peas/pod).
Responses:
#### Yes. (Score: -0.0029191309586167336)
#### No. (Score: -0.0029585640877485275)
<EMPTY> (Score: -inf)
<EMPTY> (Score: -inf)

====================
Query:
Use the step-by-step method as shown in the examples to answer the question. Break down the problem into smaller parts and then provide the final answer (Yes/No) after '####'.

Example 1:
Q: Karachi was a part of Alexander the Great's success?

A: Karachi is a city in modern day Pakistan.
Krokola was an ancient port located in what is now Karachi.
Alexander the Great stationed his fleet in Krokola on his way to Babylon.
Alexander the Great defeated Darius and conquered Babylon before expanding his 
empire.
#### Yes.

Example 2:
Q: Was P. G. Wodehouse's favorite book The Hunger Games?

A: P. G. Wodehouse died in 1975.
The Hunger Games was published in 2008.
#### No.
IMPORTANT:
- Think step by step.
- The final line must be exactly in the format: #### Yes. or #### No.
- Do not end with anything else after the final answer.
Your Question:
Q: Will twenty pea pods contents cover entire chess board?

A: A: A chessboard has 64 squares (8 rows and 8 columns).
A: The average pea pod contains about 5 to 8 peas.
A: If we take an average of 6 peas per pod, then twenty pea pods would contain approximately 120 peas (20 pods x 6 peas/pod).
Responses:
#### Yes. (Score: -0.0029191309586167336)
#### No. (Score: -0.0029585640877485275)
<EMPTY> (Score: -inf)
<EMPTY> (Score: -inf)

====================
Query:
Use the step-by-step method as shown in the examples to answer the question. Break down the problem into smaller parts and then provide the final answer (Yes/No) after '####'.

Example 1:
Q: Karachi was a part of Alexander the Great's success?

A: Karachi is a city in modern day Pakistan.
Krokola was an ancient port located in what is now Karachi.
Alexander the Great stationed his fleet in Krokola on his way to Babylon.
Alexander the Great defeated Darius and conquered Babylon before expanding his 
empire.
#### Yes.

Example 2:
Q: Was P. G. Wodehouse's favorite book The Hunger Games?

A: P. G. Wodehouse died in 1975.
The Hunger Games was published in 2008.
#### No.
IMPORTANT:
- Think step by step.
- The final line must be exactly in the format: #### Yes. or #### No.
- Do not end with anything else after the final answer.
Your Question:
Q: While on a liquid diet, are there some types of soup you cannot eat?

A:
Responses:
A: A liquid diet typically includes clear liquids and some pureed foods. (Score: -0.004323083907365799)
A: A liquid diet typically includes clear liquids and some pureed foods. (Score: -0.004323083907365799)
<EMPTY> (Score: -inf)
<EMPTY> (Score: -inf)

====================
Query:
Use the step-by-step method as shown in the examples to answer the question. Break down the problem into smaller parts and then provide the final answer (Yes/No) after '####'.

Example 1:
Q: Karachi was a part of Alexander the Great's success?

A: Karachi is a city in modern day Pakistan.
Krokola was an ancient port located in what is now Karachi.
Alexander the Great stationed his fleet in Krokola on his way to Babylon.
Alexander the Great defeated Darius and conquered Babylon before expanding his 
empire.
#### Yes.

Example 2:
Q: Was P. G. Wodehouse's favorite book The Hunger Games?

A: P. G. Wodehouse died in 1975.
The Hunger Games was published in 2008.
#### No.
IMPORTANT:
- Think step by step.
- The final line must be exactly in the format: #### Yes. or #### No.
- Do not end with anything else after the final answer.
Your Question:
Q: While on a liquid diet, are there some types of soup you cannot eat?

A: A: A liquid diet typically includes clear liquids and some pureed foods.
Responses:
Certain types of soup may not be suitable for a liquid diet. (Score: -0.004298871848732233)
Certain types of soup may not be suitable for a liquid diet. (Score: -0.004298871848732233)
<EMPTY> (Score: -inf)
<EMPTY> (Score: -inf)

====================
Query:
Use the step-by-step method as shown in the examples to answer the question. Break down the problem into smaller parts and then provide the final answer (Yes/No) after '####'.

Example 1:
Q: Karachi was a part of Alexander the Great's success?

A: Karachi is a city in modern day Pakistan.
Krokola was an ancient port located in what is now Karachi.
Alexander the Great stationed his fleet in Krokola on his way to Babylon.
Alexander the Great defeated Darius and conquered Babylon before expanding his 
empire.
#### Yes.

Example 2:
Q: Was P. G. Wodehouse's favorite book The Hunger Games?

A: P. G. Wodehouse died in 1975.
The Hunger Games was published in 2008.
#### No.
IMPORTANT:
- Think step by step.
- The final line must be exactly in the format: #### Yes. or #### No.
- Do not end with anything else after the final answer.
Your Question:
Q: While on a liquid diet, are there some types of soup you cannot eat?

A: A: A liquid diet typically includes clear liquids and some pureed foods.
Responses:
Certain types of soup may not be suitable for a liquid diet. (Score: -0.004298871848732233)
Certain types of soup may not be suitable for a liquid diet. (Score: -0.004298871848732233)
<EMPTY> (Score: -inf)
<EMPTY> (Score: -inf)

====================
Query:
Use the step-by-step method as shown in the examples to answer the question. Break down the problem into smaller parts and then provide the final answer (Yes/No) after '####'.

Example 1:
Q: Karachi was a part of Alexander the Great's success?

A: Karachi is a city in modern day Pakistan.
Krokola was an ancient port located in what is now Karachi.
Alexander the Great stationed his fleet in Krokola on his way to Babylon.
Alexander the Great defeated Darius and conquered Babylon before expanding his 
empire.
#### Yes.

Example 2:
Q: Was P. G. Wodehouse's favorite book The Hunger Games?

A: P. G. Wodehouse died in 1975.
The Hunger Games was published in 2008.
#### No.
IMPORTANT:
- Think step by step.
- The final line must be exactly in the format: #### Yes. or #### No.
- Do not end with anything else after the final answer.
Your Question:
Q: While on a liquid diet, are there some types of soup you cannot eat?

A: A: A liquid diet typically includes clear liquids and some pureed foods.
Certain types of soup may not be suitable for a liquid diet.
Responses:
Some soups may contain solid ingredients or be too thick, which would not align with the requirements of a liquid diet. (Score: -0.00320559274405241)
Some soups may contain solid ingredients or be too thick, which would not align with the requirements of a liquid diet. (Score: -0.00320559274405241)
<EMPTY> (Score: -inf)
<EMPTY> (Score: -inf)

====================
Query:
Use the step-by-step method as shown in the examples to answer the question. Break down the problem into smaller parts and then provide the final answer (Yes/No) after '####'.

Example 1:
Q: Karachi was a part of Alexander the Great's success?

A: Karachi is a city in modern day Pakistan.
Krokola was an ancient port located in what is now Karachi.
Alexander the Great stationed his fleet in Krokola on his way to Babylon.
Alexander the Great defeated Darius and conquered Babylon before expanding his 
empire.
#### Yes.

Example 2:
Q: Was P. G. Wodehouse's favorite book The Hunger Games?

A: P. G. Wodehouse died in 1975.
The Hunger Games was published in 2008.
#### No.
IMPORTANT:
- Think step by step.
- The final line must be exactly in the format: #### Yes. or #### No.
- Do not end with anything else after the final answer.
Your Question:
Q: While on a liquid diet, are there some types of soup you cannot eat?

A: A: A liquid diet typically includes clear liquids and some pureed foods.
Certain types of soup may not be suitable for a liquid diet.
Responses:
Some soups may contain solid ingredients or be too thick, which would not align with the requirements of a liquid diet. (Score: -0.00320559274405241)
Some soups may contain solid ingredients or be too thick, which would not align with the requirements of a liquid diet. (Score: -0.00320559274405241)
<EMPTY> (Score: -inf)
<EMPTY> (Score: -inf)

====================
Query:
Use the step-by-step method as shown in the examples to answer the question. Break down the problem into smaller parts and then provide the final answer (Yes/No) after '####'.

Example 1:
Q: Karachi was a part of Alexander the Great's success?

A: Karachi is a city in modern day Pakistan.
Krokola was an ancient port located in what is now Karachi.
Alexander the Great stationed his fleet in Krokola on his way to Babylon.
Alexander the Great defeated Darius and conquered Babylon before expanding his 
empire.
#### Yes.

Example 2:
Q: Was P. G. Wodehouse's favorite book The Hunger Games?

A: P. G. Wodehouse died in 1975.
The Hunger Games was published in 2008.
#### No.
IMPORTANT:
- Think step by step.
- The final line must be exactly in the format: #### Yes. or #### No.
- Do not end with anything else after the final answer.
Your Question:
Q: While on a liquid diet, are there some types of soup you cannot eat?

A: A: A liquid diet typically includes clear liquids and some pureed foods.
Certain types of soup may not be suitable for a liquid diet.
Some soups may contain solid ingredients or be too thick, which would not align with the requirements of a liquid diet.
Responses:
#### Yes. (Score: -0.002372800838202238)
#### No. (Score: -0.002166629768908024)
<EMPTY> (Score: -inf)
<EMPTY> (Score: -inf)

====================
Query:
Use the step-by-step method as shown in the examples to answer the question. Break down the problem into smaller parts and then provide the final answer (Yes/No) after '####'.

Example 1:
Q: Karachi was a part of Alexander the Great's success?

A: Karachi is a city in modern day Pakistan.
Krokola was an ancient port located in what is now Karachi.
Alexander the Great stationed his fleet in Krokola on his way to Babylon.
Alexander the Great defeated Darius and conquered Babylon before expanding his 
empire.
#### Yes.

Example 2:
Q: Was P. G. Wodehouse's favorite book The Hunger Games?

A: P. G. Wodehouse died in 1975.
The Hunger Games was published in 2008.
#### No.
IMPORTANT:
- Think step by step.
- The final line must be exactly in the format: #### Yes. or #### No.
- Do not end with anything else after the final answer.
Your Question:
Q: While on a liquid diet, are there some types of soup you cannot eat?

A: A: A liquid diet typically includes clear liquids and some pureed foods.
Certain types of soup may not be suitable for a liquid diet.
Some soups may contain solid ingredients or be too thick, which would not align with the requirements of a liquid diet.
Responses:
#### Yes. (Score: -0.002372800838202238)
#### No. (Score: -0.002166629768908024)
<EMPTY> (Score: -inf)
<EMPTY> (Score: -inf)

====================
Query:
Use the step-by-step method as shown in the examples to answer the question. Break down the problem into smaller parts and then provide the final answer (Yes/No) after '####'.

Example 1:
Q: Karachi was a part of Alexander the Great's success?

A: Karachi is a city in modern day Pakistan.
Krokola was an ancient port located in what is now Karachi.
Alexander the Great stationed his fleet in Krokola on his way to Babylon.
Alexander the Great defeated Darius and conquered Babylon before expanding his 
empire.
#### Yes.

Example 2:
Q: Was P. G. Wodehouse's favorite book The Hunger Games?

A: P. G. Wodehouse died in 1975.
The Hunger Games was published in 2008.
#### No.
IMPORTANT:
- Think step by step.
- The final line must be exactly in the format: #### Yes. or #### No.
- Do not end with anything else after the final answer.
Your Question:
Q: Is breast cancer associated with a ribbon?

A:
Responses:
A: Breast cancer awareness is symbolized by a pink ribbon. (Score: -0.004053768701851368)
A: Breast cancer awareness is symbolized by a pink ribbon. (Score: -0.004053768701851368)
<EMPTY> (Score: -inf)
<EMPTY> (Score: -inf)

====================
Query:
Use the step-by-step method as shown in the examples to answer the question. Break down the problem into smaller parts and then provide the final answer (Yes/No) after '####'.

Example 1:
Q: Karachi was a part of Alexander the Great's success?

A: Karachi is a city in modern day Pakistan.
Krokola was an ancient port located in what is now Karachi.
Alexander the Great stationed his fleet in Krokola on his way to Babylon.
Alexander the Great defeated Darius and conquered Babylon before expanding his 
empire.
#### Yes.

Example 2:
Q: Was P. G. Wodehouse's favorite book The Hunger Games?

A: P. G. Wodehouse died in 1975.
The Hunger Games was published in 2008.
#### No.
IMPORTANT:
- Think step by step.
- The final line must be exactly in the format: #### Yes. or #### No.
- Do not end with anything else after the final answer.
Your Question:
Q: Is breast cancer associated with a ribbon?

A: A: Breast cancer awareness is symbolized by a pink ribbon.
Responses:
Breast cancer is a significant health issue affecting many individuals worldwide. (Score: -0.0028907773084938526)
Breast cancer awareness campaigns often use the pink ribbon as a symbol to promote awareness and support for those affected by the disease. (Score: -0.0038489387370646)
<EMPTY> (Score: -inf)
<EMPTY> (Score: -inf)

====================
Query:
Use the step-by-step method as shown in the examples to answer the question. Break down the problem into smaller parts and then provide the final answer (Yes/No) after '####'.

Example 1:
Q: Karachi was a part of Alexander the Great's success?

A: Karachi is a city in modern day Pakistan.
Krokola was an ancient port located in what is now Karachi.
Alexander the Great stationed his fleet in Krokola on his way to Babylon.
Alexander the Great defeated Darius and conquered Babylon before expanding his 
empire.
#### Yes.

Example 2:
Q: Was P. G. Wodehouse's favorite book The Hunger Games?

A: P. G. Wodehouse died in 1975.
The Hunger Games was published in 2008.
#### No.
IMPORTANT:
- Think step by step.
- The final line must be exactly in the format: #### Yes. or #### No.
- Do not end with anything else after the final answer.
Your Question:
Q: Is breast cancer associated with a ribbon?

A: A: Breast cancer awareness is symbolized by a pink ribbon.
Responses:
Breast cancer awareness campaigns often use the pink ribbon as a symbol to promote awareness and support for those affected by the disease. (Score: -0.0038489387370646)
Breast cancer awareness campaigns often use the pink ribbon as a symbol to promote awareness and support for those affected by the disease. (Score: -0.0038489387370646)
<EMPTY> (Score: -inf)
<EMPTY> (Score: -inf)

====================
Query:
Use the step-by-step method as shown in the examples to answer the question. Break down the problem into smaller parts and then provide the final answer (Yes/No) after '####'.

Example 1:
Q: Karachi was a part of Alexander the Great's success?

A: Karachi is a city in modern day Pakistan.
Krokola was an ancient port located in what is now Karachi.
Alexander the Great stationed his fleet in Krokola on his way to Babylon.
Alexander the Great defeated Darius and conquered Babylon before expanding his 
empire.
#### Yes.

Example 2:
Q: Was P. G. Wodehouse's favorite book The Hunger Games?

A: P. G. Wodehouse died in 1975.
The Hunger Games was published in 2008.
#### No.
IMPORTANT:
- Think step by step.
- The final line must be exactly in the format: #### Yes. or #### No.
- Do not end with anything else after the final answer.
Your Question:
Q: Is breast cancer associated with a ribbon?

A: A: Breast cancer awareness is symbolized by a pink ribbon.
Breast cancer is a significant health issue affecting many individuals worldwide.
Responses:
The pink ribbon is widely recognized as a symbol for breast cancer awareness. (Score: -0.003974956925958395)
The pink ribbon is widely recognized as a symbol for breast cancer awareness. (Score: -0.003974956925958395)
<EMPTY> (Score: -inf)
<EMPTY> (Score: -inf)

====================
Query:
Use the step-by-step method as shown in the examples to answer the question. Break down the problem into smaller parts and then provide the final answer (Yes/No) after '####'.

Example 1:
Q: Karachi was a part of Alexander the Great's success?

A: Karachi is a city in modern day Pakistan.
Krokola was an ancient port located in what is now Karachi.
Alexander the Great stationed his fleet in Krokola on his way to Babylon.
Alexander the Great defeated Darius and conquered Babylon before expanding his 
empire.
#### Yes.

Example 2:
Q: Was P. G. Wodehouse's favorite book The Hunger Games?

A: P. G. Wodehouse died in 1975.
The Hunger Games was published in 2008.
#### No.
IMPORTANT:
- Think step by step.
- The final line must be exactly in the format: #### Yes. or #### No.
- Do not end with anything else after the final answer.
Your Question:
Q: Is breast cancer associated with a ribbon?

A: A: Breast cancer awareness is symbolized by a pink ribbon.
Breast cancer awareness campaigns often use the pink ribbon as a symbol to promote awareness and support for those affected by the disease.
Responses:
#### Yes. (Score: -0.0026704338379204273)
#### Yes. (Score: -0.0026704338379204273)
<EMPTY> (Score: -inf)
<EMPTY> (Score: -inf)

====================
Query:
Use the step-by-step method as shown in the examples to answer the question. Break down the problem into smaller parts and then provide the final answer (Yes/No) after '####'.

Example 1:
Q: Karachi was a part of Alexander the Great's success?

A: Karachi is a city in modern day Pakistan.
Krokola was an ancient port located in what is now Karachi.
Alexander the Great stationed his fleet in Krokola on his way to Babylon.
Alexander the Great defeated Darius and conquered Babylon before expanding his 
empire.
#### Yes.

Example 2:
Q: Was P. G. Wodehouse's favorite book The Hunger Games?

A: P. G. Wodehouse died in 1975.
The Hunger Games was published in 2008.
#### No.
IMPORTANT:
- Think step by step.
- The final line must be exactly in the format: #### Yes. or #### No.
- Do not end with anything else after the final answer.
Your Question:
Q: Could Eddie Murphy dial 911 in a car as a young child?

A:
Responses:
Eddie Murphy was born in 1961. (Score: -0.001122680027037859)
Eddie Murphy was born in 1961. (Score: -0.001122680027037859)
<EMPTY> (Score: -inf)
<EMPTY> (Score: -inf)

====================
Query:
Use the step-by-step method as shown in the examples to answer the question. Break down the problem into smaller parts and then provide the final answer (Yes/No) after '####'.

Example 1:
Q: Karachi was a part of Alexander the Great's success?

A: Karachi is a city in modern day Pakistan.
Krokola was an ancient port located in what is now Karachi.
Alexander the Great stationed his fleet in Krokola on his way to Babylon.
Alexander the Great defeated Darius and conquered Babylon before expanding his 
empire.
#### Yes.

Example 2:
Q: Was P. G. Wodehouse's favorite book The Hunger Games?

A: P. G. Wodehouse died in 1975.
The Hunger Games was published in 2008.
#### No.
IMPORTANT:
- Think step by step.
- The final line must be exactly in the format: #### Yes. or #### No.
- Do not end with anything else after the final answer.
Your Question:
Q: Could Eddie Murphy dial 911 in a car as a young child?

A: Eddie Murphy was born in 1961.
Responses:
Eddie Murphy grew up in the 1960s and 1970s. (Score: -0.0014069415628910065)
Eddie Murphy grew up in the 1960s and 1970s. (Score: -0.0014069415628910065)
<EMPTY> (Score: -inf)
<EMPTY> (Score: -inf)

====================
Query:
Use the step-by-step method as shown in the examples to answer the question. Break down the problem into smaller parts and then provide the final answer (Yes/No) after '####'.

Example 1:
Q: Karachi was a part of Alexander the Great's success?

A: Karachi is a city in modern day Pakistan.
Krokola was an ancient port located in what is now Karachi.
Alexander the Great stationed his fleet in Krokola on his way to Babylon.
Alexander the Great defeated Darius and conquered Babylon before expanding his 
empire.
#### Yes.

Example 2:
Q: Was P. G. Wodehouse's favorite book The Hunger Games?

A: P. G. Wodehouse died in 1975.
The Hunger Games was published in 2008.
#### No.
IMPORTANT:
- Think step by step.
- The final line must be exactly in the format: #### Yes. or #### No.
- Do not end with anything else after the final answer.
Your Question:
Q: Could Eddie Murphy dial 911 in a car as a young child?

A: Eddie Murphy was born in 1961.
Responses:
Eddie Murphy grew up in the 1960s and 1970s. (Score: -0.0014069415628910065)
Eddie Murphy grew up in the 1960s and 1970s. (Score: -0.0014069415628910065)
<EMPTY> (Score: -inf)
<EMPTY> (Score: -inf)

====================
Query:
Use the step-by-step method as shown in the examples to answer the question. Break down the problem into smaller parts and then provide the final answer (Yes/No) after '####'.

Example 1:
Q: Karachi was a part of Alexander the Great's success?

A: Karachi is a city in modern day Pakistan.
Krokola was an ancient port located in what is now Karachi.
Alexander the Great stationed his fleet in Krokola on his way to Babylon.
Alexander the Great defeated Darius and conquered Babylon before expanding his 
empire.
#### Yes.

Example 2:
Q: Was P. G. Wodehouse's favorite book The Hunger Games?

A: P. G. Wodehouse died in 1975.
The Hunger Games was published in 2008.
#### No.
IMPORTANT:
- Think step by step.
- The final line must be exactly in the format: #### Yes. or #### No.
- Do not end with anything else after the final answer.
Your Question:
Q: Could Eddie Murphy dial 911 in a car as a young child?

A: Eddie Murphy was born in 1961.
Eddie Murphy grew up in the 1960s and 1970s.
Responses:
In the 1960s and 1970s, the emergency number 911 was not widely used in the United States. (Score: -0.0020559108816087246)
In the 1960s and 1970s, the emergency telephone number 911 was not widely used in the United States. (Score: -0.0022882185876369476)
<EMPTY> (Score: -inf)
<EMPTY> (Score: -inf)

====================
Query:
Use the step-by-step method as shown in the examples to answer the question. Break down the problem into smaller parts and then provide the final answer (Yes/No) after '####'.

Example 1:
Q: Karachi was a part of Alexander the Great's success?

A: Karachi is a city in modern day Pakistan.
Krokola was an ancient port located in what is now Karachi.
Alexander the Great stationed his fleet in Krokola on his way to Babylon.
Alexander the Great defeated Darius and conquered Babylon before expanding his 
empire.
#### Yes.

Example 2:
Q: Was P. G. Wodehouse's favorite book The Hunger Games?

A: P. G. Wodehouse died in 1975.
The Hunger Games was published in 2008.
#### No.
IMPORTANT:
- Think step by step.
- The final line must be exactly in the format: #### Yes. or #### No.
- Do not end with anything else after the final answer.
Your Question:
Q: Could Eddie Murphy dial 911 in a car as a young child?

A: Eddie Murphy was born in 1961.
Eddie Murphy grew up in the 1960s and 1970s.
Responses:
In the 1960s and 1970s, the emergency telephone number 911 was not widely used in the United States. (Score: -0.0022882185876369476)
In the 1960s and 1970s, the emergency telephone number 911 was not widely used in the United States. (Score: -0.0022882185876369476)
<EMPTY> (Score: -inf)
<EMPTY> (Score: -inf)

====================
Query:
Use the step-by-step method as shown in the examples to answer the question. Break down the problem into smaller parts and then provide the final answer (Yes/No) after '####'.

Example 1:
Q: Karachi was a part of Alexander the Great's success?

A: Karachi is a city in modern day Pakistan.
Krokola was an ancient port located in what is now Karachi.
Alexander the Great stationed his fleet in Krokola on his way to Babylon.
Alexander the Great defeated Darius and conquered Babylon before expanding his 
empire.
#### Yes.

Example 2:
Q: Was P. G. Wodehouse's favorite book The Hunger Games?

A: P. G. Wodehouse died in 1975.
The Hunger Games was published in 2008.
#### No.
IMPORTANT:
- Think step by step.
- The final line must be exactly in the format: #### Yes. or #### No.
- Do not end with anything else after the final answer.
Your Question:
Q: Could Eddie Murphy dial 911 in a car as a young child?

A: Eddie Murphy was born in 1961.
Eddie Murphy grew up in the 1960s and 1970s.
In the 1960s and 1970s, the emergency number 911 was not widely used in the United States.
Responses:
#### Yes. (Score: -0.0013436516746878624)
#### No. (Score: -0.0011956780217587948)
<EMPTY> (Score: -inf)
<EMPTY> (Score: -inf)

====================
Query:
Use the step-by-step method as shown in the examples to answer the question. Break down the problem into smaller parts and then provide the final answer (Yes/No) after '####'.

Example 1:
Q: Karachi was a part of Alexander the Great's success?

A: Karachi is a city in modern day Pakistan.
Krokola was an ancient port located in what is now Karachi.
Alexander the Great stationed his fleet in Krokola on his way to Babylon.
Alexander the Great defeated Darius and conquered Babylon before expanding his 
empire.
#### Yes.

Example 2:
Q: Was P. G. Wodehouse's favorite book The Hunger Games?

A: P. G. Wodehouse died in 1975.
The Hunger Games was published in 2008.
#### No.
IMPORTANT:
- Think step by step.
- The final line must be exactly in the format: #### Yes. or #### No.
- Do not end with anything else after the final answer.
Your Question:
Q: Could Eddie Murphy dial 911 in a car as a young child?

A: Eddie Murphy was born in 1961.
Eddie Murphy grew up in the 1960s and 1970s.
In the 1960s and 1970s, the emergency telephone number 911 was not widely used in the United States.
Responses:
#### Yes. (Score: -0.001589291263371706)
#### No. (Score: -0.0014606807380914688)
<EMPTY> (Score: -inf)
<EMPTY> (Score: -inf)

====================
Query:
Use the step-by-step method as shown in the examples to answer the question. Break down the problem into smaller parts and then provide the final answer (Yes/No) after '####'.

Example 1:
Q: Karachi was a part of Alexander the Great's success?

A: Karachi is a city in modern day Pakistan.
Krokola was an ancient port located in what is now Karachi.
Alexander the Great stationed his fleet in Krokola on his way to Babylon.
Alexander the Great defeated Darius and conquered Babylon before expanding his 
empire.
#### Yes.

Example 2:
Q: Was P. G. Wodehouse's favorite book The Hunger Games?

A: P. G. Wodehouse died in 1975.
The Hunger Games was published in 2008.
#### No.
IMPORTANT:
- Think step by step.
- The final line must be exactly in the format: #### Yes. or #### No.
- Do not end with anything else after the final answer.
Your Question:
Q: Does Olympia Washington share name with Hephaestus's workshop location?

A:
Responses:
Olympia is the capital city of Washington State in the United States. (Score: -0.0028522107750177383)
Olympia is the capital city of Washington State in the United States. (Score: -0.0028522107750177383)
<EMPTY> (Score: -inf)
<EMPTY> (Score: -inf)

====================
Query:
Use the step-by-step method as shown in the examples to answer the question. Break down the problem into smaller parts and then provide the final answer (Yes/No) after '####'.

Example 1:
Q: Karachi was a part of Alexander the Great's success?

A: Karachi is a city in modern day Pakistan.
Krokola was an ancient port located in what is now Karachi.
Alexander the Great stationed his fleet in Krokola on his way to Babylon.
Alexander the Great defeated Darius and conquered Babylon before expanding his 
empire.
#### Yes.

Example 2:
Q: Was P. G. Wodehouse's favorite book The Hunger Games?

A: P. G. Wodehouse died in 1975.
The Hunger Games was published in 2008.
#### No.
IMPORTANT:
- Think step by step.
- The final line must be exactly in the format: #### Yes. or #### No.
- Do not end with anything else after the final answer.
Your Question:
Q: Does Olympia Washington share name with Hephaestus's workshop location?

A: Olympia is the capital city of Washington State in the United States.
Responses:
Olympia is named after Mount Olympus, which is associated with Greek mythology. (Score: -0.0035444237291812897)
Olympia is named after Mount Olympus, which is associated with Greek mythology. (Score: -0.0035444237291812897)
<EMPTY> (Score: -inf)
<EMPTY> (Score: -inf)

====================
Query:
Use the step-by-step method as shown in the examples to answer the question. Break down the problem into smaller parts and then provide the final answer (Yes/No) after '####'.

Example 1:
Q: Karachi was a part of Alexander the Great's success?

A: Karachi is a city in modern day Pakistan.
Krokola was an ancient port located in what is now Karachi.
Alexander the Great stationed his fleet in Krokola on his way to Babylon.
Alexander the Great defeated Darius and conquered Babylon before expanding his 
empire.
#### Yes.

Example 2:
Q: Was P. G. Wodehouse's favorite book The Hunger Games?

A: P. G. Wodehouse died in 1975.
The Hunger Games was published in 2008.
#### No.
IMPORTANT:
- Think step by step.
- The final line must be exactly in the format: #### Yes. or #### No.
- Do not end with anything else after the final answer.
Your Question:
Q: Does Olympia Washington share name with Hephaestus's workshop location?

A: Olympia is the capital city of Washington State in the United States.
Responses:
Olympia is named after Mount Olympus, which is associated with Greek mythology. (Score: -0.0035444237291812897)
Olympia is named after Mount Olympus, which is associated with Greek mythology. (Score: -0.0035444237291812897)
<EMPTY> (Score: -inf)
<EMPTY> (Score: -inf)

====================
Query:
Use the step-by-step method as shown in the examples to answer the question. Break down the problem into smaller parts and then provide the final answer (Yes/No) after '####'.

Example 1:
Q: Karachi was a part of Alexander the Great's success?

A: Karachi is a city in modern day Pakistan.
Krokola was an ancient port located in what is now Karachi.
Alexander the Great stationed his fleet in Krokola on his way to Babylon.
Alexander the Great defeated Darius and conquered Babylon before expanding his 
empire.
#### Yes.

Example 2:
Q: Was P. G. Wodehouse's favorite book The Hunger Games?

A: P. G. Wodehouse died in 1975.
The Hunger Games was published in 2008.
#### No.
IMPORTANT:
- Think step by step.
- The final line must be exactly in the format: #### Yes. or #### No.
- Do not end with anything else after the final answer.
Your Question:
Q: Does Olympia Washington share name with Hephaestus's workshop location?

A: Olympia is the capital city of Washington State in the United States.
Olympia is named after Mount Olympus, which is associated with Greek mythology.
Responses:
Hephaestus, in Greek mythology, is known as the god of fire and craftsmanship, and his workshop is often said to be located under Mount Etna or on the island of Lemnos, not in Olympia. (Score: -0.0031171259470283985)
Hephaestus, in Greek mythology, is known as the god of fire and craftsmanship, and his workshop is often said to be located under Mount Etna or on the island of Lemnos, not in Olympia. (Score: -0.0031171259470283985)
<EMPTY> (Score: -inf)
<EMPTY> (Score: -inf)

====================
Query:
Use the step-by-step method as shown in the examples to answer the question. Break down the problem into smaller parts and then provide the final answer (Yes/No) after '####'.

Example 1:
Q: Karachi was a part of Alexander the Great's success?

A: Karachi is a city in modern day Pakistan.
Krokola was an ancient port located in what is now Karachi.
Alexander the Great stationed his fleet in Krokola on his way to Babylon.
Alexander the Great defeated Darius and conquered Babylon before expanding his 
empire.
#### Yes.

Example 2:
Q: Was P. G. Wodehouse's favorite book The Hunger Games?

A: P. G. Wodehouse died in 1975.
The Hunger Games was published in 2008.
#### No.
IMPORTANT:
- Think step by step.
- The final line must be exactly in the format: #### Yes. or #### No.
- Do not end with anything else after the final answer.
Your Question:
Q: Does Olympia Washington share name with Hephaestus's workshop location?

A: Olympia is the capital city of Washington State in the United States.
Olympia is named after Mount Olympus, which is associated with Greek mythology.
Responses:
Hephaestus, in Greek mythology, is the god of fire and craftsmanship, and his workshop is often said to be located on Mount Olympus. (Score: -0.0033135833218693733)
Hephaestus, in Greek mythology, is known as the god of fire and craftsmanship, and his workshop is often said to be located under Mount Etna or on the island of Lemnos, not in Olympia. (Score: -0.0031171259470283985)
<EMPTY> (Score: -inf)
<EMPTY> (Score: -inf)

====================
Query:
Use the step-by-step method as shown in the examples to answer the question. Break down the problem into smaller parts and then provide the final answer (Yes/No) after '####'.

Example 1:
Q: Karachi was a part of Alexander the Great's success?

A: Karachi is a city in modern day Pakistan.
Krokola was an ancient port located in what is now Karachi.
Alexander the Great stationed his fleet in Krokola on his way to Babylon.
Alexander the Great defeated Darius and conquered Babylon before expanding his 
empire.
#### Yes.

Example 2:
Q: Was P. G. Wodehouse's favorite book The Hunger Games?

A: P. G. Wodehouse died in 1975.
The Hunger Games was published in 2008.
#### No.
IMPORTANT:
- Think step by step.
- The final line must be exactly in the format: #### Yes. or #### No.
- Do not end with anything else after the final answer.
Your Question:
Q: Does Olympia Washington share name with Hephaestus's workshop location?

A: Olympia is the capital city of Washington State in the United States.
Olympia is named after Mount Olympus, which is associated with Greek mythology.
Hephaestus, in Greek mythology, is known as the god of fire and craftsmanship, and his workshop is often said to be located under Mount Etna or on the island of Lemnos, not in Olympia.
Responses:
#### Yes. (Score: -0.002383135724812746)
#### No. (Score: -0.002478823997080326)
<EMPTY> (Score: -inf)
<EMPTY> (Score: -inf)

====================
Query:
Use the step-by-step method as shown in the examples to answer the question. Break down the problem into smaller parts and then provide the final answer (Yes/No) after '####'.

Example 1:
Q: Karachi was a part of Alexander the Great's success?

A: Karachi is a city in modern day Pakistan.
Krokola was an ancient port located in what is now Karachi.
Alexander the Great stationed his fleet in Krokola on his way to Babylon.
Alexander the Great defeated Darius and conquered Babylon before expanding his 
empire.
#### Yes.

Example 2:
Q: Was P. G. Wodehouse's favorite book The Hunger Games?

A: P. G. Wodehouse died in 1975.
The Hunger Games was published in 2008.
#### No.
IMPORTANT:
- Think step by step.
- The final line must be exactly in the format: #### Yes. or #### No.
- Do not end with anything else after the final answer.
Your Question:
Q: Does Olympia Washington share name with Hephaestus's workshop location?

A: Olympia is the capital city of Washington State in the United States.
Olympia is named after Mount Olympus, which is associated with Greek mythology.
Hephaestus, in Greek mythology, is known as the god of fire and craftsmanship, and his workshop is often said to be located under Mount Etna or on the island of Lemnos, not in Olympia.
Responses:
#### Yes. (Score: -0.002383135724812746)
#### No. (Score: -0.002478823997080326)
<EMPTY> (Score: -inf)
<EMPTY> (Score: -inf)

====================
Query:
Use the step-by-step method as shown in the examples to answer the question. Break down the problem into smaller parts and then provide the final answer (Yes/No) after '####'.

Example 1:
Q: Karachi was a part of Alexander the Great's success?

A: Karachi is a city in modern day Pakistan.
Krokola was an ancient port located in what is now Karachi.
Alexander the Great stationed his fleet in Krokola on his way to Babylon.
Alexander the Great defeated Darius and conquered Babylon before expanding his 
empire.
#### Yes.

Example 2:
Q: Was P. G. Wodehouse's favorite book The Hunger Games?

A: P. G. Wodehouse died in 1975.
The Hunger Games was published in 2008.
#### No.
IMPORTANT:
- Think step by step.
- The final line must be exactly in the format: #### Yes. or #### No.
- Do not end with anything else after the final answer.
Your Question:
Q: Would a Nike shoebox be too small to fit a swan in?

A:
Responses:
A: A typical Nike shoebox is designed to hold a pair of shoes, which usually measures around 12 inches long, 8 inches wide, and 4-6 inches high. (Score: -0.0030757440254092216)
A: A typical Nike shoebox is designed to hold a pair of shoes, which usually measures around 12 inches long, 8 inches wide, and 4-6 inches high. (Score: -0.0030757440254092216)
<EMPTY> (Score: -inf)
<EMPTY> (Score: -inf)

====================
Query:
Use the step-by-step method as shown in the examples to answer the question. Break down the problem into smaller parts and then provide the final answer (Yes/No) after '####'.

Example 1:
Q: Karachi was a part of Alexander the Great's success?

A: Karachi is a city in modern day Pakistan.
Krokola was an ancient port located in what is now Karachi.
Alexander the Great stationed his fleet in Krokola on his way to Babylon.
Alexander the Great defeated Darius and conquered Babylon before expanding his 
empire.
#### Yes.

Example 2:
Q: Was P. G. Wodehouse's favorite book The Hunger Games?

A: P. G. Wodehouse died in 1975.
The Hunger Games was published in 2008.
#### No.
IMPORTANT:
- Think step by step.
- The final line must be exactly in the format: #### Yes. or #### No.
- Do not end with anything else after the final answer.
Your Question:
Q: Would a Nike shoebox be too small to fit a swan in?

A: A: A typical Nike shoebox is designed to hold a pair of shoes, which usually measures around 12 inches long, 8 inches wide, and 4-6 inches high.
Responses:
A: A swan is a large bird, with an average length of about 4 to 6 feet and a wingspan that can reach up to 10 feet. (Score: -0.003816178534179926)
A: A swan is a large bird, with an average length of about 4 to 6 feet and a wingspan that can reach up to 10 feet. (Score: -0.003816178534179926)
<EMPTY> (Score: -inf)
<EMPTY> (Score: -inf)

====================
Query:
Use the step-by-step method as shown in the examples to answer the question. Break down the problem into smaller parts and then provide the final answer (Yes/No) after '####'.

Example 1:
Q: Karachi was a part of Alexander the Great's success?

A: Karachi is a city in modern day Pakistan.
Krokola was an ancient port located in what is now Karachi.
Alexander the Great stationed his fleet in Krokola on his way to Babylon.
Alexander the Great defeated Darius and conquered Babylon before expanding his 
empire.
#### Yes.

Example 2:
Q: Was P. G. Wodehouse's favorite book The Hunger Games?

A: P. G. Wodehouse died in 1975.
The Hunger Games was published in 2008.
#### No.
IMPORTANT:
- Think step by step.
- The final line must be exactly in the format: #### Yes. or #### No.
- Do not end with anything else after the final answer.
Your Question:
Q: Would a Nike shoebox be too small to fit a swan in?

A: A: A typical Nike shoebox is designed to hold a pair of shoes, which usually measures around 12 inches long, 8 inches wide, and 4-6 inches high.
Responses:
A: A swan is a large bird, with an average length of about 4 to 6 feet and a wingspan that can reach up to 10 feet. (Score: -0.003816178534179926)
A: A swan is a large bird, with an average length of about 4 to 6 feet and a wingspan that can reach up to 10 feet. (Score: -0.003816178534179926)
<EMPTY> (Score: -inf)
<EMPTY> (Score: -inf)

====================
Query:
Use the step-by-step method as shown in the examples to answer the question. Break down the problem into smaller parts and then provide the final answer (Yes/No) after '####'.

Example 1:
Q: Karachi was a part of Alexander the Great's success?

A: Karachi is a city in modern day Pakistan.
Krokola was an ancient port located in what is now Karachi.
Alexander the Great stationed his fleet in Krokola on his way to Babylon.
Alexander the Great defeated Darius and conquered Babylon before expanding his 
empire.
#### Yes.

Example 2:
Q: Was P. G. Wodehouse's favorite book The Hunger Games?

A: P. G. Wodehouse died in 1975.
The Hunger Games was published in 2008.
#### No.
IMPORTANT:
- Think step by step.
- The final line must be exactly in the format: #### Yes. or #### No.
- Do not end with anything else after the final answer.
Your Question:
Q: Would a Nike shoebox be too small to fit a swan in?

A: A: A typical Nike shoebox is designed to hold a pair of shoes, which usually measures around 12 inches long, 8 inches wide, and 4-6 inches high.
A: A swan is a large bird, with an average length of about 4 to 6 feet and a wingspan that can reach up to 10 feet.
Responses:
A: Given the dimensions of a typical Nike shoebox, it is significantly smaller than the size of a swan. (Score: -0.0031708241440355778)
A: Given the dimensions of a typical Nike shoebox, it is significantly smaller than the size of a swan. (Score: -0.0031708241440355778)
<EMPTY> (Score: -inf)
<EMPTY> (Score: -inf)
