
====================
epoch 1 | idx 0

====================

input_ids:
tensor([[    1,  1729,   294,  1194,   266, 16561,   350, 17982,  1058,   264,
          2693,   302,   336,   294, 25284,   295,  4492,   292,   937,  3955,
         18145,   263, 84284,   260, 11770,   295,  4492,   292,   266,  1261,
           265, 17982,   500,  1489, 36086,   272,  3975,  4167,   277,   349,
           260, 89951,   297, 61332,   281, 23694,   272,   281,   327,   650,
          1489, 36086,   263,   283,  5991, 26657,   260, 89951,   297, 61332,
           281, 23694,   272,  2975,   442,   265, 16561,  2239,   260,   953,
          2669,  2669,  2669,  1595,   260,     2,     2,     2,     2,     2,
             2,     2,     2,     2,     2,     2,     2,     2,     2,     2,
             2,     2,     2,     2,     2,     2,     2,     2,     2,     2,
             2,     2,     2,     2,     2,     2,     2,     2,     2,     2,
             2,     2,     2,     2,     2,     2,     2,     2,     2,     2,
             2,     2,     2],
        [    1,  1729,   294,  1194,  9522,  1248,   264,   262, 14825,   465,
           265,   262,  1552,  3284,   302,   336,   294,   279,  1552,  3284,
           303,   266,  2380,  3613,   265,   392,   261, 24771,  5580, 57339,
           490,   298, 19641,   529,   748,  4985,  5580,     2,     2,     2,
             2,     2,     2,     2,     2,     2,     2,     2,     2,     2,
             2,     2,     2,     2,     2,     2,     2,     2,     2,     2,
             2,     2,     2,     2,     2,     2,     2,     2,     2,     2,
             2,     2,     2,     2,     2,     2,     2,     2,     2,     2,
             2,     2,     2,     2,     2,     2,     2,     2,     2,     2,
             2,     2,     2,     2,     2,     2,     2,     2,     2,     2,
             2,     2,     2,     2,     2,     2,     2,     2,     2,     2,
             2,     2,     2,     2,     2,     2,     2,     2,     2,     2,
             2,     2,     2],
        [    1,  1729,   294,  5047,   266,  2780, 23525,   527,  2665,   475,
           631,   267,   266,   777,   395,   302,   336,   294,   336,   294,
           279,  2780, 23525,   269,   266,  2260,   265,  3022, 13732,   505,
           267,  2332,  2875,   263,   262, 37024,   260,   279,  2780, 23525,
          2518,   303,   266, 42615,   926,   265,   314,   456,   264,   525,
           740,   260,   279,  2780, 23525,  1048,  1360,  2665,   264,   311,
          3221,   288,   266,   326,   260,   953,  2669,  2669,  2669,   585,
           260,     2,     2,     2,     2,     2,     2,     2,     2,     2,
             2,     2,     2,     2,     2,     2,     2,     2,     2,     2,
             2,     2,     2,     2,     2,     2,     2,     2,     2,     2,
             2,     2,     2,     2,     2,     2,     2,     2,     2,     2,
             2,     2,     2,     2,     2,     2,     2,     2,     2,     2,
             2,     2,     2],
        [    1,  1729,   294,  1194,   266, 16561,   350, 17982,  1058,   264,
          2693,   302,   336,   294,   336,   294, 74489,   281,   266,   810,
           265,  2879,   272,  7401,   277,  2239,   260, 74489,   281,   298,
          2232,   346,   306,   281,  2239,   260,     2,     2,     2,     2,
             2,     2,     2,     2,     2,     2,     2,     2,     2,     2,
             2,     2,     2,     2,     2,     2,     2,     2,     2,     2,
             2,     2,     2,     2,     2,     2,     2,     2,     2,     2,
             2,     2,     2,     2,     2,     2,     2,     2,     2,     2,
             2,     2,     2,     2,     2,     2,     2,     2,     2,     2,
             2,     2,     2,     2,     2,     2,     2,     2,     2,     2,
             2,     2,     2,     2,     2,     2,     2,     2,     2,     2,
             2,     2,     2,     2,     2,     2,     2,     2,     2,     2,
             2,     2,     2],
        [    1,  1729,   294,  5047,   266,  2780, 23525,   527,  2665,   475,
           631,   267,   266,   777,   395,   302,   336,   294,   279, 42615,
           926,   265,   266,  2780, 23525,   437,   268, 14907,   958, 17368,
           538,   260,     2,     2,     2,     2,     2,     2,     2,     2,
             2,     2,     2,     2,     2,     2,     2,     2,     2,     2,
             2,     2,     2,     2,     2,     2,     2,     2,     2,     2,
             2,     2,     2,     2,     2,     2,     2,     2,     2,     2,
             2,     2,     2,     2,     2,     2,     2,     2,     2,     2,
             2,     2,     2,     2,     2,     2,     2,     2,     2,     2,
             2,     2,     2,     2,     2,     2,     2,     2,     2,     2,
             2,     2,     2,     2,     2,     2,     2,     2,     2,     2,
             2,     2,     2,     2,     2,     2,     2,     2,     2,     2,
             2,     2,     2],
        [    1,  1729,   294,  5047,   262, 17546,  4077, 96484,  5426, 21176,
         24994,   280,   268,   556,   302,   336,   294,   279, 17546,  4077,
           269,   266,  3881,  2765,   556,  3679,   267,   262,   737,   989,
           474,  1880,   261,   756,   270,   359,  5560,   277, 16390,   263,
          2018,   260,   279,  4077,   265, 21176, 24994,   261,   327,   756,
           283,   262, 13395,  3505,  5191,   261,   284,  1839,   267,   262,
           762,   474,  1880,   264,   531,   599,   270,  3808,   263,  3982,
         27891,   267,   262,  4020,  4107,   260,   279, 17546,  4077,   263,
           262, 13395,  3505,  5191,   286,   467,  8864,   263,  2928, 15171,
           260,     2,     2,     2,     2,     2,     2,     2,     2,     2,
             2,     2,     2,     2,     2,     2,     2,     2,     2,     2,
             2,     2,     2,     2,     2,     2,     2,     2,     2,     2,
             2,     2,     2],
        [    1,  1729,   294,  2467, 25062, 16363,   286,   310,   572,   354,
         27012, 37200,   302,   336,   294, 25062, 16363,   303,   266,  1047,
           265,   574,   572,   260, 27012, 37200,   303,   266,  1047,   265,
           578,   572,   260,   336,   294,   502,  3656,   262,   496,   265,
           572,   261,   301,  1521,   272, 25062, 16363,   303,   574,   572,
           260,     2,     2,     2,     2,     2,     2,     2,     2,     2,
             2,     2,     2,     2,     2,     2,     2,     2,     2,     2,
             2,     2,     2,     2,     2,     2,     2,     2,     2,     2,
             2,     2,     2,     2,     2,     2,     2,     2,     2,     2,
             2,     2,     2,     2,     2,     2,     2,     2,     2,     2,
             2,     2,     2,     2,     2,     2,     2,     2,     2,     2,
             2,     2,     2,     2,     2,     2,     2,     2,     2,     2,
             2,     2,     2],
        [    1,  1729,   294,  1194,   266,  1220,   277,  1210,   286,   266,
          1483,   416,  8099,  4637, 19609,   302,   336,   294,   336,   294,
           279,  1210,   857, 42615,   926,   270,   266,  1220,   269,   314,
           712,   740,   287, 32209,  1297,  1033,   285,   260, 20349,  2518,
          1046,   314,   453,   264,   525,   740,   264,  1618,   292,  4637,
           264,  8839,   261,  2719,   277,   262,  1261,   263,  1479,  1232,
           260,   502,  2003,   337,   266,  1220,   295,   286,   266,  1483,
           416,  8099,  4637, 19609,   261,   301,   389,   264,  3656,   262,
          1210, 42615,   926,   265,   266,  1220,   275,   262,  1074,   926,
           265,  8099,   260,   953,  2669,  2669,  2669,   585,   260,     2,
             2,     2,     2,     2,     2,     2,     2,     2,     2,     2,
             2,     2,     2,     2,     2,     2,     2,     2,     2,     2,
             2,     2,     2],
        [    1,  1729,   294,  5047,   266,  2780, 23525,   527,  2665,   475,
           631,   267,   266,   777,   395,   302,   336,   294,   336,   294,
           279,  2780, 23525,   269,   266,  2260,   265,  3022, 13732,   505,
           267,  2332,  2875,   263,   262, 37024,   260,   279,  2780, 23525,
          2518,   303,   266, 42615,   926,   265,   314,   456,   264,   525,
           740,   260,     2,     2,     2,     2,     2,     2,     2,     2,
             2,     2,     2,     2,     2,     2,     2,     2,     2,     2,
             2,     2,     2,     2,     2,     2,     2,     2,     2,     2,
             2,     2,     2,     2,     2,     2,     2,     2,     2,     2,
             2,     2,     2,     2,     2,     2,     2,     2,     2,     2,
             2,     2,     2,     2,     2,     2,     2,     2,     2,     2,
             2,     2,     2,     2,     2,     2,     2,     2,     2,     2,
             2,     2,     2],
        [    1,  1729,   294,  1194,   274,  1314,  6654,   263, 77112,   267,
         45511, 48135,   302,   336,   294,   279, 45511, 48135,   269,   262,
         14825,   465,   265,   262,   447,   280,   268, 17220,   261,  1137,
           267,   262,  4494,  3771,  5598,   260,   325,   269,   299, 12545,
          1250,   263,   490,   298,   286,  2196,   270,  2106,  2835,   289,
          5917,  1057,   260,   953,  2669,  2669,  2669,   585,   260,     2,
             2,     2,     2,     2,     2,     2,     2,     2,     2,     2,
             2,     2,     2,     2,     2,     2,     2,     2,     2,     2,
             2,     2,     2,     2,     2,     2,     2,     2,     2,     2,
             2,     2,     2,     2,     2,     2,     2,     2,     2,     2,
             2,     2,     2,     2,     2,     2,     2,     2,     2,     2,
             2,     2,     2,     2,     2,     2,     2,     2,     2,     2,
             2,     2,     2],
        [    1,  1729,   294,  1887,  7316,  6962,   282, 61626,   364,   704,
           482,  1083,  1002,   280,   268,   362,  1384,   302,   336,   294,
          7316,  6962,   269, 61626,   469,   773,   388,   279,   437, 76525,
          1196,   267,   692,  1002,   280,   268,   362,  5020,  1384,   269,
           292,   798,   264, 16789,   953,  2669,  2669,  2669,  1595,   260,
             2,     2,     2,     2,     2,     2,     2,     2,     2,     2,
             2,     2,     2,     2,     2,     2,     2,     2,     2,     2,
             2,     2,     2,     2,     2,     2,     2,     2,     2,     2,
             2,     2,     2,     2,     2,     2,     2,     2,     2,     2,
             2,     2,     2,     2,     2,     2,     2,     2,     2,     2,
             2,     2,     2,     2,     2,     2,     2,     2,     2,     2,
             2,     2,     2,     2,     2,     2,     2,     2,     2,     2,
             2,     2,     2],
        [    1,  1729,   294,   273,   268, 17520, 16830, 25119, 13454,   267,
           262,   447,   265,  5971,  4760,   302,   336,   294, 17520, 16830,
         25119,   280,   268,   898,   303, 16530,   270,   360,  3732,   388,
           260, 17520, 16830, 25119,   280,   268,  5971,   898,   303,   331,
          1140,   267,  4258,  5546,   270,  2646,   260,     2,     2,     2,
             2,     2,     2,     2,     2,     2,     2,     2,     2,     2,
             2,     2,     2,     2,     2,     2,     2,     2,     2,     2,
             2,     2,     2,     2,     2,     2,     2,     2,     2,     2,
             2,     2,     2,     2,     2,     2,     2,     2,     2,     2,
             2,     2,     2,     2,     2,     2,     2,     2,     2,     2,
             2,     2,     2,     2,     2,     2,     2,     2,     2,     2,
             2,     2,     2,     2,     2,     2,     2,     2,     2,     2,
             2,     2,     2],
        [    1,  1729,   294,  2467,   787,  5756, 26641, 12351, 26711,   843,
           302,   336,   294, 21008, 26641,   269,   266,  2722,  1384,   272,
          5843,   264,   262,  1105,   265,  3928,  5044,   267, 11755,  3683,
           260, 21008, 26641,  3960,  2244,   272,  1052,   266, 11427,   264,
         10003,   263, 45094,   262,   843,   292,   266,  1394,   260,     2,
             2,     2,     2,     2,     2,     2,     2,     2,     2,     2,
             2,     2,     2,     2,     2,     2,     2,     2,     2,     2,
             2,     2,     2,     2,     2,     2,     2,     2,     2,     2,
             2,     2,     2,     2,     2,     2,     2,     2,     2,     2,
             2,     2,     2,     2,     2,     2,     2,     2,     2,     2,
             2,     2,     2,     2,     2,     2,     2,     2,     2,     2,
             2,     2,     2,     2,     2,     2,     2,     2,     2,     2,
             2,     2,     2],
        [    1,  1729,   294,  4638,  8235, 31012,   280,   268,   370,  2167,
          1470,   632,   331,   267,   299, 15317,  2036,   663,   302,   336,
           294,  8235, 31012,   269,   756,   270,   315,   612,   307,   635,
         42735,   265,  3555, 63258,   261,   309,   319,   830,   262,  1470,
          3173, 60940,   260,  3173, 60940,   269,   266,  5367,  1470,   267,
          8235, 31012,   280,   268,   885,   261,  1601,   267,   307,   635,
         42735,   265,  3555, 63258,   260,   309, 15317,  2036,   269,   266,
          1796,  6704,   756,   270,   342,  3930,   267,   847,  3107,   263,
          2835,   813,   260,   502,  2003,   337,  8235, 31012,   280,   268,
           370,  2167,  1470,   303,   632,   331,   267,   299, 15317,  2036,
           663,   261,   301,   389,   264,  2313,   262,  1470,   263,   807,
         15317,  2036,   280,   268, 94819,   260,     2,     2,     2,     2,
             2,     2,     2],
        [    1,  1729,   294, 26003,   284,   266,   465,   265,  5878,   262,
          1447,   280,   268,  1228,   302,   336,   294, 26003,   269,   266,
           707,   267,  1252,   271,  1900,  4146,   260, 25005, 56623,   284,
           299,  3297,  3403,  1137,   267,   339,   269,   394, 26003,   260,
          5878,   262,  1447, 19735,   315,  6700,   267, 25005, 56623,   277,
           315,   384,   264, 24034,   260,     2,     2,     2,     2,     2,
             2,     2,     2,     2,     2,     2,     2,     2,     2,     2,
             2,     2,     2,     2,     2,     2,     2,     2,     2,     2,
             2,     2,     2,     2,     2,     2,     2,     2,     2,     2,
             2,     2,     2,     2,     2,     2,     2,     2,     2,     2,
             2,     2,     2,     2,     2,     2,     2,     2,     2,     2,
             2,     2,     2,     2,     2,     2,     2,     2,     2,     2,
             2,     2,     2],
        [    1,  1729,   294,  5047,   262, 17546,  4077, 96484,  5426, 21176,
         24994,   280,   268,   556,   302,   336,   294,   279, 17546,  4077,
           269,   266,  3881,   596,   265, 77239,   268,   272,   656, 66568,
         22456,   260,     2,     2,     2,     2,     2,     2,     2,     2,
             2,     2,     2,     2,     2,     2,     2,     2,     2,     2,
             2,     2,     2,     2,     2,     2,     2,     2,     2,     2,
             2,     2,     2,     2,     2,     2,     2,     2,     2,     2,
             2,     2,     2,     2,     2,     2,     2,     2,     2,     2,
             2,     2,     2,     2,     2,     2,     2,     2,     2,     2,
             2,     2,     2,     2,     2,     2,     2,     2,     2,     2,
             2,     2,     2,     2,     2,     2,     2,     2,     2,     2,
             2,     2,     2,     2,     2,     2,     2,     2,     2,     2,
             2,     2,     2]], device='cuda:0')
input_id_shape: torch.Size([16, 123])
attention_mask:
tensor([[1, 1, 1, 1, 1, 1, 1, 1, 1, 1, 1, 1, 1, 1, 1, 1, 1, 1, 1, 1, 1, 1, 1, 1,
         1, 1, 1, 1, 1, 1, 1, 1, 1, 1, 1, 1, 1, 1, 1, 1, 1, 1, 1, 1, 1, 1, 1, 1,
         1, 1, 1, 1, 1, 1, 1, 1, 1, 1, 1, 1, 1, 1, 1, 1, 1, 1, 1, 1, 1, 1, 1, 1,
         1, 1, 1, 1, 0, 0, 0, 0, 0, 0, 0, 0, 0, 0, 0, 0, 0, 0, 0, 0, 0, 0, 0, 0,
         0, 0, 0, 0, 0, 0, 0, 0, 0, 0, 0, 0, 0, 0, 0, 0, 0, 0, 0, 0, 0, 0, 0, 0,
         0, 0, 0],
        [1, 1, 1, 1, 1, 1, 1, 1, 1, 1, 1, 1, 1, 1, 1, 1, 1, 1, 1, 1, 1, 1, 1, 1,
         1, 1, 1, 1, 1, 1, 1, 1, 1, 1, 1, 1, 1, 1, 0, 0, 0, 0, 0, 0, 0, 0, 0, 0,
         0, 0, 0, 0, 0, 0, 0, 0, 0, 0, 0, 0, 0, 0, 0, 0, 0, 0, 0, 0, 0, 0, 0, 0,
         0, 0, 0, 0, 0, 0, 0, 0, 0, 0, 0, 0, 0, 0, 0, 0, 0, 0, 0, 0, 0, 0, 0, 0,
         0, 0, 0, 0, 0, 0, 0, 0, 0, 0, 0, 0, 0, 0, 0, 0, 0, 0, 0, 0, 0, 0, 0, 0,
         0, 0, 0],
        [1, 1, 1, 1, 1, 1, 1, 1, 1, 1, 1, 1, 1, 1, 1, 1, 1, 1, 1, 1, 1, 1, 1, 1,
         1, 1, 1, 1, 1, 1, 1, 1, 1, 1, 1, 1, 1, 1, 1, 1, 1, 1, 1, 1, 1, 1, 1, 1,
         1, 1, 1, 1, 1, 1, 1, 1, 1, 1, 1, 1, 1, 1, 1, 1, 1, 1, 1, 1, 1, 1, 1, 1,
         0, 0, 0, 0, 0, 0, 0, 0, 0, 0, 0, 0, 0, 0, 0, 0, 0, 0, 0, 0, 0, 0, 0, 0,
         0, 0, 0, 0, 0, 0, 0, 0, 0, 0, 0, 0, 0, 0, 0, 0, 0, 0, 0, 0, 0, 0, 0, 0,
         0, 0, 0],
        [1, 1, 1, 1, 1, 1, 1, 1, 1, 1, 1, 1, 1, 1, 1, 1, 1, 1, 1, 1, 1, 1, 1, 1,
         1, 1, 1, 1, 1, 1, 1, 1, 1, 1, 1, 1, 1, 0, 0, 0, 0, 0, 0, 0, 0, 0, 0, 0,
         0, 0, 0, 0, 0, 0, 0, 0, 0, 0, 0, 0, 0, 0, 0, 0, 0, 0, 0, 0, 0, 0, 0, 0,
         0, 0, 0, 0, 0, 0, 0, 0, 0, 0, 0, 0, 0, 0, 0, 0, 0, 0, 0, 0, 0, 0, 0, 0,
         0, 0, 0, 0, 0, 0, 0, 0, 0, 0, 0, 0, 0, 0, 0, 0, 0, 0, 0, 0, 0, 0, 0, 0,
         0, 0, 0],
        [1, 1, 1, 1, 1, 1, 1, 1, 1, 1, 1, 1, 1, 1, 1, 1, 1, 1, 1, 1, 1, 1, 1, 1,
         1, 1, 1, 1, 1, 1, 1, 1, 1, 0, 0, 0, 0, 0, 0, 0, 0, 0, 0, 0, 0, 0, 0, 0,
         0, 0, 0, 0, 0, 0, 0, 0, 0, 0, 0, 0, 0, 0, 0, 0, 0, 0, 0, 0, 0, 0, 0, 0,
         0, 0, 0, 0, 0, 0, 0, 0, 0, 0, 0, 0, 0, 0, 0, 0, 0, 0, 0, 0, 0, 0, 0, 0,
         0, 0, 0, 0, 0, 0, 0, 0, 0, 0, 0, 0, 0, 0, 0, 0, 0, 0, 0, 0, 0, 0, 0, 0,
         0, 0, 0],
        [1, 1, 1, 1, 1, 1, 1, 1, 1, 1, 1, 1, 1, 1, 1, 1, 1, 1, 1, 1, 1, 1, 1, 1,
         1, 1, 1, 1, 1, 1, 1, 1, 1, 1, 1, 1, 1, 1, 1, 1, 1, 1, 1, 1, 1, 1, 1, 1,
         1, 1, 1, 1, 1, 1, 1, 1, 1, 1, 1, 1, 1, 1, 1, 1, 1, 1, 1, 1, 1, 1, 1, 1,
         1, 1, 1, 1, 1, 1, 1, 1, 1, 1, 1, 1, 1, 1, 1, 1, 1, 1, 1, 1, 0, 0, 0, 0,
         0, 0, 0, 0, 0, 0, 0, 0, 0, 0, 0, 0, 0, 0, 0, 0, 0, 0, 0, 0, 0, 0, 0, 0,
         0, 0, 0],
        [1, 1, 1, 1, 1, 1, 1, 1, 1, 1, 1, 1, 1, 1, 1, 1, 1, 1, 1, 1, 1, 1, 1, 1,
         1, 1, 1, 1, 1, 1, 1, 1, 1, 1, 1, 1, 1, 1, 1, 1, 1, 1, 1, 1, 1, 1, 1, 1,
         1, 1, 1, 1, 0, 0, 0, 0, 0, 0, 0, 0, 0, 0, 0, 0, 0, 0, 0, 0, 0, 0, 0, 0,
         0, 0, 0, 0, 0, 0, 0, 0, 0, 0, 0, 0, 0, 0, 0, 0, 0, 0, 0, 0, 0, 0, 0, 0,
         0, 0, 0, 0, 0, 0, 0, 0, 0, 0, 0, 0, 0, 0, 0, 0, 0, 0, 0, 0, 0, 0, 0, 0,
         0, 0, 0],
        [1, 1, 1, 1, 1, 1, 1, 1, 1, 1, 1, 1, 1, 1, 1, 1, 1, 1, 1, 1, 1, 1, 1, 1,
         1, 1, 1, 1, 1, 1, 1, 1, 1, 1, 1, 1, 1, 1, 1, 1, 1, 1, 1, 1, 1, 1, 1, 1,
         1, 1, 1, 1, 1, 1, 1, 1, 1, 1, 1, 1, 1, 1, 1, 1, 1, 1, 1, 1, 1, 1, 1, 1,
         1, 1, 1, 1, 1, 1, 1, 1, 1, 1, 1, 1, 1, 1, 1, 1, 1, 1, 1, 1, 1, 1, 1, 1,
         1, 1, 1, 1, 0, 0, 0, 0, 0, 0, 0, 0, 0, 0, 0, 0, 0, 0, 0, 0, 0, 0, 0, 0,
         0, 0, 0],
        [1, 1, 1, 1, 1, 1, 1, 1, 1, 1, 1, 1, 1, 1, 1, 1, 1, 1, 1, 1, 1, 1, 1, 1,
         1, 1, 1, 1, 1, 1, 1, 1, 1, 1, 1, 1, 1, 1, 1, 1, 1, 1, 1, 1, 1, 1, 1, 1,
         1, 1, 1, 1, 1, 0, 0, 0, 0, 0, 0, 0, 0, 0, 0, 0, 0, 0, 0, 0, 0, 0, 0, 0,
         0, 0, 0, 0, 0, 0, 0, 0, 0, 0, 0, 0, 0, 0, 0, 0, 0, 0, 0, 0, 0, 0, 0, 0,
         0, 0, 0, 0, 0, 0, 0, 0, 0, 0, 0, 0, 0, 0, 0, 0, 0, 0, 0, 0, 0, 0, 0, 0,
         0, 0, 0],
        [1, 1, 1, 1, 1, 1, 1, 1, 1, 1, 1, 1, 1, 1, 1, 1, 1, 1, 1, 1, 1, 1, 1, 1,
         1, 1, 1, 1, 1, 1, 1, 1, 1, 1, 1, 1, 1, 1, 1, 1, 1, 1, 1, 1, 1, 1, 1, 1,
         1, 1, 1, 1, 1, 1, 1, 1, 1, 1, 1, 1, 0, 0, 0, 0, 0, 0, 0, 0, 0, 0, 0, 0,
         0, 0, 0, 0, 0, 0, 0, 0, 0, 0, 0, 0, 0, 0, 0, 0, 0, 0, 0, 0, 0, 0, 0, 0,
         0, 0, 0, 0, 0, 0, 0, 0, 0, 0, 0, 0, 0, 0, 0, 0, 0, 0, 0, 0, 0, 0, 0, 0,
         0, 0, 0],
        [1, 1, 1, 1, 1, 1, 1, 1, 1, 1, 1, 1, 1, 1, 1, 1, 1, 1, 1, 1, 1, 1, 1, 1,
         1, 1, 1, 1, 1, 1, 1, 1, 1, 1, 1, 1, 1, 1, 1, 1, 1, 1, 1, 1, 1, 1, 1, 1,
         1, 1, 1, 0, 0, 0, 0, 0, 0, 0, 0, 0, 0, 0, 0, 0, 0, 0, 0, 0, 0, 0, 0, 0,
         0, 0, 0, 0, 0, 0, 0, 0, 0, 0, 0, 0, 0, 0, 0, 0, 0, 0, 0, 0, 0, 0, 0, 0,
         0, 0, 0, 0, 0, 0, 0, 0, 0, 0, 0, 0, 0, 0, 0, 0, 0, 0, 0, 0, 0, 0, 0, 0,
         0, 0, 0],
        [1, 1, 1, 1, 1, 1, 1, 1, 1, 1, 1, 1, 1, 1, 1, 1, 1, 1, 1, 1, 1, 1, 1, 1,
         1, 1, 1, 1, 1, 1, 1, 1, 1, 1, 1, 1, 1, 1, 1, 1, 1, 1, 1, 1, 1, 1, 1, 1,
         0, 0, 0, 0, 0, 0, 0, 0, 0, 0, 0, 0, 0, 0, 0, 0, 0, 0, 0, 0, 0, 0, 0, 0,
         0, 0, 0, 0, 0, 0, 0, 0, 0, 0, 0, 0, 0, 0, 0, 0, 0, 0, 0, 0, 0, 0, 0, 0,
         0, 0, 0, 0, 0, 0, 0, 0, 0, 0, 0, 0, 0, 0, 0, 0, 0, 0, 0, 0, 0, 0, 0, 0,
         0, 0, 0],
        [1, 1, 1, 1, 1, 1, 1, 1, 1, 1, 1, 1, 1, 1, 1, 1, 1, 1, 1, 1, 1, 1, 1, 1,
         1, 1, 1, 1, 1, 1, 1, 1, 1, 1, 1, 1, 1, 1, 1, 1, 1, 1, 1, 1, 1, 1, 1, 1,
         1, 1, 0, 0, 0, 0, 0, 0, 0, 0, 0, 0, 0, 0, 0, 0, 0, 0, 0, 0, 0, 0, 0, 0,
         0, 0, 0, 0, 0, 0, 0, 0, 0, 0, 0, 0, 0, 0, 0, 0, 0, 0, 0, 0, 0, 0, 0, 0,
         0, 0, 0, 0, 0, 0, 0, 0, 0, 0, 0, 0, 0, 0, 0, 0, 0, 0, 0, 0, 0, 0, 0, 0,
         0, 0, 0],
        [1, 1, 1, 1, 1, 1, 1, 1, 1, 1, 1, 1, 1, 1, 1, 1, 1, 1, 1, 1, 1, 1, 1, 1,
         1, 1, 1, 1, 1, 1, 1, 1, 1, 1, 1, 1, 1, 1, 1, 1, 1, 1, 1, 1, 1, 1, 1, 1,
         1, 1, 1, 1, 1, 1, 1, 1, 1, 1, 1, 1, 1, 1, 1, 1, 1, 1, 1, 1, 1, 1, 1, 1,
         1, 1, 1, 1, 1, 1, 1, 1, 1, 1, 1, 1, 1, 1, 1, 1, 1, 1, 1, 1, 1, 1, 1, 1,
         1, 1, 1, 1, 1, 1, 1, 1, 1, 1, 1, 1, 1, 1, 1, 1, 1, 1, 1, 1, 1, 0, 0, 0,
         0, 0, 0],
        [1, 1, 1, 1, 1, 1, 1, 1, 1, 1, 1, 1, 1, 1, 1, 1, 1, 1, 1, 1, 1, 1, 1, 1,
         1, 1, 1, 1, 1, 1, 1, 1, 1, 1, 1, 1, 1, 1, 1, 1, 1, 1, 1, 1, 1, 1, 1, 1,
         1, 1, 1, 1, 1, 1, 1, 1, 0, 0, 0, 0, 0, 0, 0, 0, 0, 0, 0, 0, 0, 0, 0, 0,
         0, 0, 0, 0, 0, 0, 0, 0, 0, 0, 0, 0, 0, 0, 0, 0, 0, 0, 0, 0, 0, 0, 0, 0,
         0, 0, 0, 0, 0, 0, 0, 0, 0, 0, 0, 0, 0, 0, 0, 0, 0, 0, 0, 0, 0, 0, 0, 0,
         0, 0, 0],
        [1, 1, 1, 1, 1, 1, 1, 1, 1, 1, 1, 1, 1, 1, 1, 1, 1, 1, 1, 1, 1, 1, 1, 1,
         1, 1, 1, 1, 1, 1, 1, 1, 1, 0, 0, 0, 0, 0, 0, 0, 0, 0, 0, 0, 0, 0, 0, 0,
         0, 0, 0, 0, 0, 0, 0, 0, 0, 0, 0, 0, 0, 0, 0, 0, 0, 0, 0, 0, 0, 0, 0, 0,
         0, 0, 0, 0, 0, 0, 0, 0, 0, 0, 0, 0, 0, 0, 0, 0, 0, 0, 0, 0, 0, 0, 0, 0,
         0, 0, 0, 0, 0, 0, 0, 0, 0, 0, 0, 0, 0, 0, 0, 0, 0, 0, 0, 0, 0, 0, 0, 0,
         0, 0, 0]], device='cuda:0')
logits:
tensor([[ 0.0045],
        [ 0.0081],
        [ 0.0042],
        [-0.0128],
        [-0.0040],
        [ 0.0471],
        [-0.0008],
        [ 0.0175],
        [ 0.0110],
        [ 0.0112],
        [-0.0008],
        [-0.0035],
        [-0.0105],
        [ 0.0074],
        [-0.0294],
        [ 0.0145]], device='cuda:0', grad_fn=<SumBackward1>), shape:
torch.Size([16, 1])
positive_energy:
torch.Size([8])
negative_energy:
torch.Size([8])
argmax_logit:
tensor([0, 0, 0, 0, 0, 0, 0, 0, 0, 0, 0, 0, 0, 0, 0, 0], device='cuda:0')
max_logit:
tensor([ 0.0045,  0.0081,  0.0042, -0.0128, -0.0040,  0.0471, -0.0008,  0.0175,
         0.0110,  0.0112, -0.0008, -0.0035, -0.0105,  0.0074, -0.0294,  0.0145],
       device='cuda:0', grad_fn=<SqueezeBackward1>)

====================

input_ids:
tensor([[     1,   1729,    294,   2467,  25062,  16363,    286,    310,    572,
            354,  27012,  37200,    302,    336,    294,  25062,  16363,    303,
            456,    572,    283,    265,   5070,    260,      2,      2,      2,
              2,      2,      2,      2,      2,      2,      2,      2,      2,
              2,      2,      2,      2,      2,      2,      2,      2,      2,
              2,      2,      2,      2,      2,      2,      2,      2,      2,
              2,      2,      2,      2,      2,      2,      2,      2,      2,
              2,      2,      2,      2,      2,      2,      2,      2,      2,
              2,      2,      2,      2,      2,      2,      2,      2,      2,
              2,      2,      2,      2,      2,      2,      2,      2,      2,
              2,      2,      2,      2,      2,      2,      2,      2,      2,
              2,      2,      2,      2,      2,      2,      2,      2,      2,
              2,      2,      2,      2,      2,      2,      2,      2,      2,
              2,      2,      2,      2,      2,      2],
        [     1,   1729,    294,   3549,    266,   4473,  31067,   8425,    282,
            878,    264,    286,    266,  35723,    265,    262,  84764,   1013,
            302,    336,    294,    336,    294,  31067,   6557,    269,   1137,
            267,   1336,    261,   1991,    261,    263,    269,   3576,    427,
            270,   2242,   3904,    263,    340,    976,    260,    279,  63494,
           6251,   7950,    292,    262,    989,    474,    264,    262,    936,
            474,   1880,    261,    263,    359,  17885,    338,    282,    355,
            265,  42516,  12300,    289,    421,    328,    295,   8505,    308,
          23432,    396,    264,    262,  63494,  12724,    260,      2,      2,
              2,      2,      2,      2,      2,      2,      2,      2,      2,
              2,      2,      2,      2,      2,      2,      2,      2,      2,
              2,      2,      2,      2,      2,      2,      2,      2,      2,
              2,      2,      2,      2,      2,      2,      2,      2,      2,
              2,      2,      2,      2,      2,      2],
        [     1,   1729,    294,   1887,   7316,   6962,    282,  61626,    364,
            704,    482,   1083,   1002,    280,    268,    362,   1384,    302,
            336,    294,   7316,   6962,    269,  61626,    469,    773,    388,
            279,    437,  76525,   1196,    267,    692,   1002,    280,    268,
            362,   5020,   1384,    269,    292,    798,    264,  16789,      2,
              2,      2,      2,      2,      2,      2,      2,      2,      2,
              2,      2,      2,      2,      2,      2,      2,      2,      2,
              2,      2,      2,      2,      2,      2,      2,      2,      2,
              2,      2,      2,      2,      2,      2,      2,      2,      2,
              2,      2,      2,      2,      2,      2,      2,      2,      2,
              2,      2,      2,      2,      2,      2,      2,      2,      2,
              2,      2,      2,      2,      2,      2,      2,      2,      2,
              2,      2,      2,      2,      2,      2,      2,      2,      2,
              2,      2,      2,      2,      2,      2],
        [     1,   1729,    294,   3549,    262,   1210,    733,    495,    433,
           4121,  53793,    280,    268,    425,    264,    282,    461,    536,
            302,    336,    294,   4121,  53793,    269,    266,    371,    271,
           4748,   4435,    263,  16253,    260,   4121,  53793,    269,    756,
            270,    315,   1473,   1206,    267,    933,    263,   2835,    260,
              2,      2,      2,      2,      2,      2,      2,      2,      2,
              2,      2,      2,      2,      2,      2,      2,      2,      2,
              2,      2,      2,      2,      2,      2,      2,      2,      2,
              2,      2,      2,      2,      2,      2,      2,      2,      2,
              2,      2,      2,      2,      2,      2,      2,      2,      2,
              2,      2,      2,      2,      2,      2,      2,      2,      2,
              2,      2,      2,      2,      2,      2,      2,      2,      2,
              2,      2,      2,      2,      2,      2,      2,      2,      2,
              2,      2,      2,      2,      2,      2],
        [     1,   1729,    294,  11304,  57049,   1190,    267,    262,   1142,
            265,    266,   1034,    265,    262,   7364,    495,    302,    336,
            294,    336,    294,    279,   1384,    307,  65800, 116727,    309,
           5843,    264,  10097,    328,    413,  22007,   1631,    265,  10421,
            263,    613,   3312,    261,    611,    267,  30469,   1029,    260,
          15412, 116727,    286,    331,    756,    264,   1111,    263,   6055,
            742,    265,    262,   7364,    495,    261,   1359,   1249,    264,
           3051,   3335,    260,    344,   4655,    261,   8170,  12475,    261,
            266,   1034,    265,    262,   1668,   7364,    495,    261,   1675,
            267,    266,    640,   4325,    267,   3045,    260,    953,   2669,
           2669,   2669,    585,    260,      2,      2,      2,      2,      2,
              2,      2,      2,      2,      2,      2,      2,      2,      2,
              2,      2,      2,      2,      2,      2,      2,      2,      2,
              2,      2,      2,      2,      2,      2],
        [     1,   1729,    294,   1194,    274,   1314,   6654,    263,  77112,
            267,  45511,  48135,    302,    336,    294,   6654,    263,  77112,
            269,    499,    267,  43444,    271,   5797,   2475,    260,    367,
            295,    612,  43444,    271,   5797,    277,    266,   4411,   1214,
            325,    269,    628,    264,    424,    264,  45511,  48135,   1013,
            266,   1539,    271,  72065,  59345,   1508,    275,    266,   4411,
            260,      2,      2,      2,      2,      2,      2,      2,      2,
              2,      2,      2,      2,      2,      2,      2,      2,      2,
              2,      2,      2,      2,      2,      2,      2,      2,      2,
              2,      2,      2,      2,      2,      2,      2,      2,      2,
              2,      2,      2,      2,      2,      2,      2,      2,      2,
              2,      2,      2,      2,      2,      2,      2,      2,      2,
              2,      2,      2,      2,      2,      2,      2,      2,      2,
              2,      2,      2,      2,      2,      2],
        [     1,   1729,    294,   4045,    916,    260,   1098,    260, 118032,
            280,    268,   1237,    550,    279,  23766,   3819,    302,    336,
            294,    916,    260,   1098,    260, 118032,    284,    266,   1668,
           1806,    756,    270,    315,  17854,   7872,    263,   1497,    260,
            953,   2669,   2669,   2669,    585,    260,      2,      2,      2,
              2,      2,      2,      2,      2,      2,      2,      2,      2,
              2,      2,      2,      2,      2,      2,      2,      2,      2,
              2,      2,      2,      2,      2,      2,      2,      2,      2,
              2,      2,      2,      2,      2,      2,      2,      2,      2,
              2,      2,      2,      2,      2,      2,      2,      2,      2,
              2,      2,      2,      2,      2,      2,      2,      2,      2,
              2,      2,      2,      2,      2,      2,      2,      2,      2,
              2,      2,      2,      2,      2,      2,      2,      2,      2,
              2,      2,      2,      2,      2,      2],
        [     1,   1729,    294,   1194,   9522,   1248,    264,    262,  14825,
            465,    265,    262,   1552,   3284,    302,    336,    294,    279,
           1552,   3284,    303,    266,   2380,   3613,    265,    314,    392,
            261,  24771,   5580,    287,    819,    261,  36511,   1526,    285,
            260,  57339,    295,  19641,    529,    264,    266,    991,   3613,
            261,    304,    359,   6764,  13994,    275,   3613,    260,      2,
              2,      2,      2,      2,      2,      2,      2,      2,      2,
              2,      2,      2,      2,      2,      2,      2,      2,      2,
              2,      2,      2,      2,      2,      2,      2,      2,      2,
              2,      2,      2,      2,      2,      2,      2,      2,      2,
              2,      2,      2,      2,      2,      2,      2,      2,      2,
              2,      2,      2,      2,      2,      2,      2,      2,      2,
              2,      2,      2,      2,      2,      2,      2,      2,      2,
              2,      2,      2,      2,      2,      2],
        [     1,   1729,    294,   4045,    916,    260,   1098,    260, 118032,
            280,    268,   1237,    550,    279,  23766,   3819,    302,    336,
            294,    916,    260,   1098,    260,      2,      2,      2,      2,
              2,      2,      2,      2,      2,      2,      2,      2,      2,
              2,      2,      2,      2,      2,      2,      2,      2,      2,
              2,      2,      2,      2,      2,      2,      2,      2,      2,
              2,      2,      2,      2,      2,      2,      2,      2,      2,
              2,      2,      2,      2,      2,      2,      2,      2,      2,
              2,      2,      2,      2,      2,      2,      2,      2,      2,
              2,      2,      2,      2,      2,      2,      2,      2,      2,
              2,      2,      2,      2,      2,      2,      2,      2,      2,
              2,      2,      2,      2,      2,      2,      2,      2,      2,
              2,      2,      2,      2,      2,      2,      2,      2,      2,
              2,      2,      2,      2,      2,      2],
        [     1,   1729,    294,  26003,    284,    266,    465,    265,   5878,
            262,   1447,    280,    268,   1228,    302,    336,    294,  26003,
            269,    266,    707,    267,   1252,    406,   4146,    260,  25005,
          56623,    284,    299,   3297,   3403,   1137,    267,    339,    269,
            394,  26003,    260,      2,      2,      2,      2,      2,      2,
              2,      2,      2,      2,      2,      2,      2,      2,      2,
              2,      2,      2,      2,      2,      2,      2,      2,      2,
              2,      2,      2,      2,      2,      2,      2,      2,      2,
              2,      2,      2,      2,      2,      2,      2,      2,      2,
              2,      2,      2,      2,      2,      2,      2,      2,      2,
              2,      2,      2,      2,      2,      2,      2,      2,      2,
              2,      2,      2,      2,      2,      2,      2,      2,      2,
              2,      2,      2,      2,      2,      2,      2,      2,      2,
              2,      2,      2,      2,      2,      2],
        [     1,   1729,    294,    771,  11929,    355,   1248,    264,    262,
           4358,   9700,   5112,    611,    302,    336,    294, 110163,    355,
            372,   2603,    321,   1536,    272,  23068,    275,    308,   3582,
            289,    531,    266,   1100,    265,  27199,    260,      2,      2,
              2,      2,      2,      2,      2,      2,      2,      2,      2,
              2,      2,      2,      2,      2,      2,      2,      2,      2,
              2,      2,      2,      2,      2,      2,      2,      2,      2,
              2,      2,      2,      2,      2,      2,      2,      2,      2,
              2,      2,      2,      2,      2,      2,      2,      2,      2,
              2,      2,      2,      2,      2,      2,      2,      2,      2,
              2,      2,      2,      2,      2,      2,      2,      2,      2,
              2,      2,      2,      2,      2,      2,      2,      2,      2,
              2,      2,      2,      2,      2,      2,      2,      2,      2,
              2,      2,      2,      2,      2,      2],
        [     1,   1729,    294,   4045,   5189,  14093,    266,  18272,    265,
          43386,    302,    336,    294,   5189,  18507,    284,    266,   4552,
           3881,  32487,    263,  20254,    260,      2,      2,      2,      2,
              2,      2,      2,      2,      2,      2,      2,      2,      2,
              2,      2,      2,      2,      2,      2,      2,      2,      2,
              2,      2,      2,      2,      2,      2,      2,      2,      2,
              2,      2,      2,      2,      2,      2,      2,      2,      2,
              2,      2,      2,      2,      2,      2,      2,      2,      2,
              2,      2,      2,      2,      2,      2,      2,      2,      2,
              2,      2,      2,      2,      2,      2,      2,      2,      2,
              2,      2,      2,      2,      2,      2,      2,      2,      2,
              2,      2,      2,      2,      2,      2,      2,      2,      2,
              2,      2,      2,      2,      2,      2,      2,      2,      2,
              2,      2,      2,      2,      2,      2],
        [     1,   1729,    294,   1194,    266,   1220,    277,   1210,    286,
            266,   1483,    416,   8099,   4637,  19609,    302,    336,    294,
            279,   1210,    326,    278,   1046,    270,    266,   1220,    264,
            527,   2665,    269,    712,    740,    260,      2,      2,      2,
              2,      2,      2,      2,      2,      2,      2,      2,      2,
              2,      2,      2,      2,      2,      2,      2,      2,      2,
              2,      2,      2,      2,      2,      2,      2,      2,      2,
              2,      2,      2,      2,      2,      2,      2,      2,      2,
              2,      2,      2,      2,      2,      2,      2,      2,      2,
              2,      2,      2,      2,      2,      2,      2,      2,      2,
              2,      2,      2,      2,      2,      2,      2,      2,      2,
              2,      2,      2,      2,      2,      2,      2,      2,      2,
              2,      2,      2,      2,      2,      2,      2,      2,      2,
              2,      2,      2,      2,      2,      2],
        [     1,   1729,    294,   2467,  36257,  25703,   5433,    286,    305,
            265,    262,   1273,    265,    266,  91782,    302,    336,    294,
            279,  36257,  25703,   5433,    269,    266,   2164,  13732,    319,
           4091,    265,    294,    266,  13732,    261,    263,    266,   2082,
            260,    336,  91782,    269,    266,   7591,  11256,    272,    269,
            412,    322,    265,    294,    266,  12312,    261,    266,  13732,
            261,    263,    266,  11345,    260,    953,   2669,   2669,   2669,
            585,    260,      2,      2,      2,      2,      2,      2,      2,
              2,      2,      2,      2,      2,      2,      2,      2,      2,
              2,      2,      2,      2,      2,      2,      2,      2,      2,
              2,      2,      2,      2,      2,      2,      2,      2,      2,
              2,      2,      2,      2,      2,      2,      2,      2,      2,
              2,      2,      2,      2,      2,      2,      2,      2,      2,
              2,      2,      2,      2,      2,      2],
        [     1,   1729,    294,  26003,    284,    266,    465,    265,   5878,
            262,   1447,    280,    268,   1228,    302,    336,    294,  26003,
            269,    266,    707,    267,   1252,    406,   4146,    260,      2,
              2,      2,      2,      2,      2,      2,      2,      2,      2,
              2,      2,      2,      2,      2,      2,      2,      2,      2,
              2,      2,      2,      2,      2,      2,      2,      2,      2,
              2,      2,      2,      2,      2,      2,      2,      2,      2,
              2,      2,      2,      2,      2,      2,      2,      2,      2,
              2,      2,      2,      2,      2,      2,      2,      2,      2,
              2,      2,      2,      2,      2,      2,      2,      2,      2,
              2,      2,      2,      2,      2,      2,      2,      2,      2,
              2,      2,      2,      2,      2,      2,      2,      2,      2,
              2,      2,      2,      2,      2,      2,      2,      2,      2,
              2,      2,      2,      2,      2,      2],
        [     1,   1729,    294,   5047,    266,   9925,   1750,   9498,  12808,
            302,    336,    294,   9498,  12808,    284,    266,    857,    411,
            260,  73813,    281,    298,    857,  10765,    260,   2370,    857,
          10765,    295,   1750,  18042,    319,    281,    327,    857,  10765,
            260,    953,   2669,   2669,   2669,    585,    260,      2,      2,
              2,      2,      2,      2,      2,      2,      2,      2,      2,
              2,      2,      2,      2,      2,      2,      2,      2,      2,
              2,      2,      2,      2,      2,      2,      2,      2,      2,
              2,      2,      2,      2,      2,      2,      2,      2,      2,
              2,      2,      2,      2,      2,      2,      2,      2,      2,
              2,      2,      2,      2,      2,      2,      2,      2,      2,
              2,      2,      2,      2,      2,      2,      2,      2,      2,
              2,      2,      2,      2,      2,      2,      2,      2,      2,
              2,      2,      2,      2,      2,      2]], device='cuda:0')
input_id_shape: torch.Size([16, 123])
attention_mask:
tensor([[1, 1, 1, 1, 1, 1, 1, 1, 1, 1, 1, 1, 1, 1, 1, 1, 1, 1, 1, 1, 1, 1, 1, 1,
         1, 0, 0, 0, 0, 0, 0, 0, 0, 0, 0, 0, 0, 0, 0, 0, 0, 0, 0, 0, 0, 0, 0, 0,
         0, 0, 0, 0, 0, 0, 0, 0, 0, 0, 0, 0, 0, 0, 0, 0, 0, 0, 0, 0, 0, 0, 0, 0,
         0, 0, 0, 0, 0, 0, 0, 0, 0, 0, 0, 0, 0, 0, 0, 0, 0, 0, 0, 0, 0, 0, 0, 0,
         0, 0, 0, 0, 0, 0, 0, 0, 0, 0, 0, 0, 0, 0, 0, 0, 0, 0, 0, 0, 0, 0, 0, 0,
         0, 0, 0],
        [1, 1, 1, 1, 1, 1, 1, 1, 1, 1, 1, 1, 1, 1, 1, 1, 1, 1, 1, 1, 1, 1, 1, 1,
         1, 1, 1, 1, 1, 1, 1, 1, 1, 1, 1, 1, 1, 1, 1, 1, 1, 1, 1, 1, 1, 1, 1, 1,
         1, 1, 1, 1, 1, 1, 1, 1, 1, 1, 1, 1, 1, 1, 1, 1, 1, 1, 1, 1, 1, 1, 1, 1,
         1, 1, 1, 1, 1, 1, 1, 1, 0, 0, 0, 0, 0, 0, 0, 0, 0, 0, 0, 0, 0, 0, 0, 0,
         0, 0, 0, 0, 0, 0, 0, 0, 0, 0, 0, 0, 0, 0, 0, 0, 0, 0, 0, 0, 0, 0, 0, 0,
         0, 0, 0],
        [1, 1, 1, 1, 1, 1, 1, 1, 1, 1, 1, 1, 1, 1, 1, 1, 1, 1, 1, 1, 1, 1, 1, 1,
         1, 1, 1, 1, 1, 1, 1, 1, 1, 1, 1, 1, 1, 1, 1, 1, 1, 1, 1, 1, 1, 0, 0, 0,
         0, 0, 0, 0, 0, 0, 0, 0, 0, 0, 0, 0, 0, 0, 0, 0, 0, 0, 0, 0, 0, 0, 0, 0,
         0, 0, 0, 0, 0, 0, 0, 0, 0, 0, 0, 0, 0, 0, 0, 0, 0, 0, 0, 0, 0, 0, 0, 0,
         0, 0, 0, 0, 0, 0, 0, 0, 0, 0, 0, 0, 0, 0, 0, 0, 0, 0, 0, 0, 0, 0, 0, 0,
         0, 0, 0],
        [1, 1, 1, 1, 1, 1, 1, 1, 1, 1, 1, 1, 1, 1, 1, 1, 1, 1, 1, 1, 1, 1, 1, 1,
         1, 1, 1, 1, 1, 1, 1, 1, 1, 1, 1, 1, 1, 1, 1, 1, 1, 1, 1, 1, 1, 1, 0, 0,
         0, 0, 0, 0, 0, 0, 0, 0, 0, 0, 0, 0, 0, 0, 0, 0, 0, 0, 0, 0, 0, 0, 0, 0,
         0, 0, 0, 0, 0, 0, 0, 0, 0, 0, 0, 0, 0, 0, 0, 0, 0, 0, 0, 0, 0, 0, 0, 0,
         0, 0, 0, 0, 0, 0, 0, 0, 0, 0, 0, 0, 0, 0, 0, 0, 0, 0, 0, 0, 0, 0, 0, 0,
         0, 0, 0],
        [1, 1, 1, 1, 1, 1, 1, 1, 1, 1, 1, 1, 1, 1, 1, 1, 1, 1, 1, 1, 1, 1, 1, 1,
         1, 1, 1, 1, 1, 1, 1, 1, 1, 1, 1, 1, 1, 1, 1, 1, 1, 1, 1, 1, 1, 1, 1, 1,
         1, 1, 1, 1, 1, 1, 1, 1, 1, 1, 1, 1, 1, 1, 1, 1, 1, 1, 1, 1, 1, 1, 1, 1,
         1, 1, 1, 1, 1, 1, 1, 1, 1, 1, 1, 1, 1, 1, 1, 1, 1, 1, 1, 1, 1, 1, 1, 0,
         0, 0, 0, 0, 0, 0, 0, 0, 0, 0, 0, 0, 0, 0, 0, 0, 0, 0, 0, 0, 0, 0, 0, 0,
         0, 0, 0],
        [1, 1, 1, 1, 1, 1, 1, 1, 1, 1, 1, 1, 1, 1, 1, 1, 1, 1, 1, 1, 1, 1, 1, 1,
         1, 1, 1, 1, 1, 1, 1, 1, 1, 1, 1, 1, 1, 1, 1, 1, 1, 1, 1, 1, 1, 1, 1, 1,
         1, 1, 1, 1, 1, 1, 1, 1, 0, 0, 0, 0, 0, 0, 0, 0, 0, 0, 0, 0, 0, 0, 0, 0,
         0, 0, 0, 0, 0, 0, 0, 0, 0, 0, 0, 0, 0, 0, 0, 0, 0, 0, 0, 0, 0, 0, 0, 0,
         0, 0, 0, 0, 0, 0, 0, 0, 0, 0, 0, 0, 0, 0, 0, 0, 0, 0, 0, 0, 0, 0, 0, 0,
         0, 0, 0],
        [1, 1, 1, 1, 1, 1, 1, 1, 1, 1, 1, 1, 1, 1, 1, 1, 1, 1, 1, 1, 1, 1, 1, 1,
         1, 1, 1, 1, 1, 1, 1, 1, 1, 1, 1, 1, 1, 1, 1, 1, 1, 1, 1, 0, 0, 0, 0, 0,
         0, 0, 0, 0, 0, 0, 0, 0, 0, 0, 0, 0, 0, 0, 0, 0, 0, 0, 0, 0, 0, 0, 0, 0,
         0, 0, 0, 0, 0, 0, 0, 0, 0, 0, 0, 0, 0, 0, 0, 0, 0, 0, 0, 0, 0, 0, 0, 0,
         0, 0, 0, 0, 0, 0, 0, 0, 0, 0, 0, 0, 0, 0, 0, 0, 0, 0, 0, 0, 0, 0, 0, 0,
         0, 0, 0],
        [1, 1, 1, 1, 1, 1, 1, 1, 1, 1, 1, 1, 1, 1, 1, 1, 1, 1, 1, 1, 1, 1, 1, 1,
         1, 1, 1, 1, 1, 1, 1, 1, 1, 1, 1, 1, 1, 1, 1, 1, 1, 1, 1, 1, 1, 1, 1, 1,
         1, 1, 1, 1, 1, 1, 0, 0, 0, 0, 0, 0, 0, 0, 0, 0, 0, 0, 0, 0, 0, 0, 0, 0,
         0, 0, 0, 0, 0, 0, 0, 0, 0, 0, 0, 0, 0, 0, 0, 0, 0, 0, 0, 0, 0, 0, 0, 0,
         0, 0, 0, 0, 0, 0, 0, 0, 0, 0, 0, 0, 0, 0, 0, 0, 0, 0, 0, 0, 0, 0, 0, 0,
         0, 0, 0],
        [1, 1, 1, 1, 1, 1, 1, 1, 1, 1, 1, 1, 1, 1, 1, 1, 1, 1, 1, 1, 1, 1, 1, 1,
         0, 0, 0, 0, 0, 0, 0, 0, 0, 0, 0, 0, 0, 0, 0, 0, 0, 0, 0, 0, 0, 0, 0, 0,
         0, 0, 0, 0, 0, 0, 0, 0, 0, 0, 0, 0, 0, 0, 0, 0, 0, 0, 0, 0, 0, 0, 0, 0,
         0, 0, 0, 0, 0, 0, 0, 0, 0, 0, 0, 0, 0, 0, 0, 0, 0, 0, 0, 0, 0, 0, 0, 0,
         0, 0, 0, 0, 0, 0, 0, 0, 0, 0, 0, 0, 0, 0, 0, 0, 0, 0, 0, 0, 0, 0, 0, 0,
         0, 0, 0],
        [1, 1, 1, 1, 1, 1, 1, 1, 1, 1, 1, 1, 1, 1, 1, 1, 1, 1, 1, 1, 1, 1, 1, 1,
         1, 1, 1, 1, 1, 1, 1, 1, 1, 1, 1, 1, 1, 1, 1, 1, 0, 0, 0, 0, 0, 0, 0, 0,
         0, 0, 0, 0, 0, 0, 0, 0, 0, 0, 0, 0, 0, 0, 0, 0, 0, 0, 0, 0, 0, 0, 0, 0,
         0, 0, 0, 0, 0, 0, 0, 0, 0, 0, 0, 0, 0, 0, 0, 0, 0, 0, 0, 0, 0, 0, 0, 0,
         0, 0, 0, 0, 0, 0, 0, 0, 0, 0, 0, 0, 0, 0, 0, 0, 0, 0, 0, 0, 0, 0, 0, 0,
         0, 0, 0],
        [1, 1, 1, 1, 1, 1, 1, 1, 1, 1, 1, 1, 1, 1, 1, 1, 1, 1, 1, 1, 1, 1, 1, 1,
         1, 1, 1, 1, 1, 1, 1, 1, 1, 1, 1, 0, 0, 0, 0, 0, 0, 0, 0, 0, 0, 0, 0, 0,
         0, 0, 0, 0, 0, 0, 0, 0, 0, 0, 0, 0, 0, 0, 0, 0, 0, 0, 0, 0, 0, 0, 0, 0,
         0, 0, 0, 0, 0, 0, 0, 0, 0, 0, 0, 0, 0, 0, 0, 0, 0, 0, 0, 0, 0, 0, 0, 0,
         0, 0, 0, 0, 0, 0, 0, 0, 0, 0, 0, 0, 0, 0, 0, 0, 0, 0, 0, 0, 0, 0, 0, 0,
         0, 0, 0],
        [1, 1, 1, 1, 1, 1, 1, 1, 1, 1, 1, 1, 1, 1, 1, 1, 1, 1, 1, 1, 1, 1, 1, 1,
         0, 0, 0, 0, 0, 0, 0, 0, 0, 0, 0, 0, 0, 0, 0, 0, 0, 0, 0, 0, 0, 0, 0, 0,
         0, 0, 0, 0, 0, 0, 0, 0, 0, 0, 0, 0, 0, 0, 0, 0, 0, 0, 0, 0, 0, 0, 0, 0,
         0, 0, 0, 0, 0, 0, 0, 0, 0, 0, 0, 0, 0, 0, 0, 0, 0, 0, 0, 0, 0, 0, 0, 0,
         0, 0, 0, 0, 0, 0, 0, 0, 0, 0, 0, 0, 0, 0, 0, 0, 0, 0, 0, 0, 0, 0, 0, 0,
         0, 0, 0],
        [1, 1, 1, 1, 1, 1, 1, 1, 1, 1, 1, 1, 1, 1, 1, 1, 1, 1, 1, 1, 1, 1, 1, 1,
         1, 1, 1, 1, 1, 1, 1, 1, 1, 1, 0, 0, 0, 0, 0, 0, 0, 0, 0, 0, 0, 0, 0, 0,
         0, 0, 0, 0, 0, 0, 0, 0, 0, 0, 0, 0, 0, 0, 0, 0, 0, 0, 0, 0, 0, 0, 0, 0,
         0, 0, 0, 0, 0, 0, 0, 0, 0, 0, 0, 0, 0, 0, 0, 0, 0, 0, 0, 0, 0, 0, 0, 0,
         0, 0, 0, 0, 0, 0, 0, 0, 0, 0, 0, 0, 0, 0, 0, 0, 0, 0, 0, 0, 0, 0, 0, 0,
         0, 0, 0],
        [1, 1, 1, 1, 1, 1, 1, 1, 1, 1, 1, 1, 1, 1, 1, 1, 1, 1, 1, 1, 1, 1, 1, 1,
         1, 1, 1, 1, 1, 1, 1, 1, 1, 1, 1, 1, 1, 1, 1, 1, 1, 1, 1, 1, 1, 1, 1, 1,
         1, 1, 1, 1, 1, 1, 1, 1, 1, 1, 1, 1, 1, 1, 1, 1, 1, 1, 0, 0, 0, 0, 0, 0,
         0, 0, 0, 0, 0, 0, 0, 0, 0, 0, 0, 0, 0, 0, 0, 0, 0, 0, 0, 0, 0, 0, 0, 0,
         0, 0, 0, 0, 0, 0, 0, 0, 0, 0, 0, 0, 0, 0, 0, 0, 0, 0, 0, 0, 0, 0, 0, 0,
         0, 0, 0],
        [1, 1, 1, 1, 1, 1, 1, 1, 1, 1, 1, 1, 1, 1, 1, 1, 1, 1, 1, 1, 1, 1, 1, 1,
         1, 1, 1, 0, 0, 0, 0, 0, 0, 0, 0, 0, 0, 0, 0, 0, 0, 0, 0, 0, 0, 0, 0, 0,
         0, 0, 0, 0, 0, 0, 0, 0, 0, 0, 0, 0, 0, 0, 0, 0, 0, 0, 0, 0, 0, 0, 0, 0,
         0, 0, 0, 0, 0, 0, 0, 0, 0, 0, 0, 0, 0, 0, 0, 0, 0, 0, 0, 0, 0, 0, 0, 0,
         0, 0, 0, 0, 0, 0, 0, 0, 0, 0, 0, 0, 0, 0, 0, 0, 0, 0, 0, 0, 0, 0, 0, 0,
         0, 0, 0],
        [1, 1, 1, 1, 1, 1, 1, 1, 1, 1, 1, 1, 1, 1, 1, 1, 1, 1, 1, 1, 1, 1, 1, 1,
         1, 1, 1, 1, 1, 1, 1, 1, 1, 1, 1, 1, 1, 1, 1, 1, 1, 1, 1, 1, 0, 0, 0, 0,
         0, 0, 0, 0, 0, 0, 0, 0, 0, 0, 0, 0, 0, 0, 0, 0, 0, 0, 0, 0, 0, 0, 0, 0,
         0, 0, 0, 0, 0, 0, 0, 0, 0, 0, 0, 0, 0, 0, 0, 0, 0, 0, 0, 0, 0, 0, 0, 0,
         0, 0, 0, 0, 0, 0, 0, 0, 0, 0, 0, 0, 0, 0, 0, 0, 0, 0, 0, 0, 0, 0, 0, 0,
         0, 0, 0]], device='cuda:0')
logits:
tensor([[-0.0064],
        [-0.0042],
        [-0.0254],
        [ 0.0329],
        [ 0.0054],
        [-0.0413],
        [ 0.0357],
        [-0.0011],
        [ 0.0179],
        [ 0.0116],
        [ 0.0065],
        [ 0.0015],
        [-0.0054],
        [ 0.0040],
        [-0.0223],
        [-0.0008]], device='cuda:0', grad_fn=<SumBackward1>), shape:
torch.Size([16, 1])
positive_energy:
torch.Size([9])
negative_energy:
torch.Size([7])
argmax_logit:
tensor([0, 0, 0, 0, 0, 0, 0, 0, 0, 0, 0, 0, 0, 0, 0, 0], device='cuda:0')
max_logit:
tensor([-0.0064, -0.0042, -0.0254,  0.0329,  0.0054, -0.0413,  0.0357, -0.0011,
         0.0179,  0.0116,  0.0065,  0.0015, -0.0054,  0.0040, -0.0223, -0.0008],
       device='cuda:0', grad_fn=<SqueezeBackward1>)

====================

input_ids:
tensor([[     1,   1729,    294,   3549,    274,   1446,    625,    277,    290,
            645,    288,  40787,    354,    288,  11068,  11262,    302,    336,
            294,    336,    294,  40787,    269,    756,    270,    359,    759,
           1428,    263,   1753,    271,   4299,   6663,   1027,    260,    336,
            294,  11068,  11262,    269,    756,    270,    359,   1026,   1428,
            263,   3349,   3195,    633,    260,      2,      2,      2,      2,
              2,      2,      2,      2,      2,      2,      2,      2,      2,
              2,      2,      2,      2,      2,      2,      2,      2,      2,
              2,      2,      2,      2,      2,      2,      2,      2,      2,
              2,      2,      2,      2,      2,      2,      2,      2,      2,
              2,      2,      2,      2,      2,      2,      2,      2,      2,
              2,      2,      2,      2,      2,      2,      2,      2,      2,
              2,      2,      2,      2,      2,      2,      2,      2,      2,
              2,      2,      2,      2,      2,      2],
        [     1,   1729,    294,  26003,    284,    266,    465,    265,   5878,
            262,   1447,    280,    268,   1228,    302,    336,    294,  26003,
            269,    266,    707,    267,   1252,    271,   1900,   4146,    260,
              2,      2,      2,      2,      2,      2,      2,      2,      2,
              2,      2,      2,      2,      2,      2,      2,      2,      2,
              2,      2,      2,      2,      2,      2,      2,      2,      2,
              2,      2,      2,      2,      2,      2,      2,      2,      2,
              2,      2,      2,      2,      2,      2,      2,      2,      2,
              2,      2,      2,      2,      2,      2,      2,      2,      2,
              2,      2,      2,      2,      2,      2,      2,      2,      2,
              2,      2,      2,      2,      2,      2,      2,      2,      2,
              2,      2,      2,      2,      2,      2,      2,      2,      2,
              2,      2,      2,      2,      2,      2,      2,      2,      2,
              2,      2,      2,      2,      2,      2],
        [     1,   1729,    294,    273,    268,  18839,  48544,    270,    262,
           1706,    272,   2178,   3877,  32914,    302,    336,    294,   3877,
          32914,   1675,    265,  24250,  17226,  23658,   8843,  48143,  26708,
          22305,  17226,  23658,   8843,  48143,  26708,   4407,    277,   1158,
            272,    372,    298,    286,    356,   2119,   3534,    953,   2669,
           2669,   2669,   1595,    260,      2,      2,      2,      2,      2,
              2,      2,      2,      2,      2,      2,      2,      2,      2,
              2,      2,      2,      2,      2,      2,      2,      2,      2,
              2,      2,      2,      2,      2,      2,      2,      2,      2,
              2,      2,      2,      2,      2,      2,      2,      2,      2,
              2,      2,      2,      2,      2,      2,      2,      2,      2,
              2,      2,      2,      2,      2,      2,      2,      2,      2,
              2,      2,      2,      2,      2,      2,      2,      2,      2,
              2,      2,      2,      2,      2,      2],
        [     1,   1729,    294,   2467,  25062,  16363,    286,    310,    572,
            354,  27012,  37200,    302,    336,    294,  25062,  16363,    303,
            456,    572,    283,    265,   5070,    260,  17225,  27012,  37200,
            303,    574,    572,    283,    265,   5070,    260,    953,   2669,
           2669,   2669,    585,    260,      2,      2,      2,      2,      2,
              2,      2,      2,      2,      2,      2,      2,      2,      2,
              2,      2,      2,      2,      2,      2,      2,      2,      2,
              2,      2,      2,      2,      2,      2,      2,      2,      2,
              2,      2,      2,      2,      2,      2,      2,      2,      2,
              2,      2,      2,      2,      2,      2,      2,      2,      2,
              2,      2,      2,      2,      2,      2,      2,      2,      2,
              2,      2,      2,      2,      2,      2,      2,      2,      2,
              2,      2,      2,      2,      2,      2,      2,      2,      2,
              2,      2,      2,      2,      2,      2],
        [     1,   1729,    294,   5047,    266,   9925,   1750,   9498,  12808,
            302,    336,    294,   9498,  12808,    284,    266,    857,    411,
            260,  73813,    281,    298,    857,  10765,    260,      2,      2,
              2,      2,      2,      2,      2,      2,      2,      2,      2,
              2,      2,      2,      2,      2,      2,      2,      2,      2,
              2,      2,      2,      2,      2,      2,      2,      2,      2,
              2,      2,      2,      2,      2,      2,      2,      2,      2,
              2,      2,      2,      2,      2,      2,      2,      2,      2,
              2,      2,      2,      2,      2,      2,      2,      2,      2,
              2,      2,      2,      2,      2,      2,      2,      2,      2,
              2,      2,      2,      2,      2,      2,      2,      2,      2,
              2,      2,      2,      2,      2,      2,      2,      2,      2,
              2,      2,      2,      2,      2,      2,      2,      2,      2,
              2,      2,      2,      2,      2,      2],
        [     1,   1729,    294,   3549,    274,   1446,    625,    277,    290,
            645,    288,  40787,    354,    288,  11068,  11262,    302,    336,
            294,    336,    294,  40787,    269,    756,    270,    359,    759,
           1428,    263,   1753,    271,   4299,   6663,   1027,    260,    336,
            294,  11068,  11262,    269,    756,    270,    359,   1026,   1428,
            263,   3349,   3195,    633,    260,    336,    294,   1304,   2888,
            815,    272,   2017,    288,  40787,   2518,    793,    267,   1215,
           6663,   4053,   1659,    264,   2017,    288,  11068,  11262,    260,
              2,      2,      2,      2,      2,      2,      2,      2,      2,
              2,      2,      2,      2,      2,      2,      2,      2,      2,
              2,      2,      2,      2,      2,      2,      2,      2,      2,
              2,      2,      2,      2,      2,      2,      2,      2,      2,
              2,      2,      2,      2,      2,      2,      2,      2,      2,
              2,      2,      2,      2,      2,      2],
        [     1,   1729,    294,   3549,    266,   4473,  31067,   8425,    282,
            878,    264,    286,    266,  35723,    265,    262,  84764,   1013,
            302,    336,    294,  31067,   8425,    303,    266,   2130,    265,
           2156,    261,    528,    355,    260,      2,      2,      2,      2,
              2,      2,      2,      2,      2,      2,      2,      2,      2,
              2,      2,      2,      2,      2,      2,      2,      2,      2,
              2,      2,      2,      2,      2,      2,      2,      2,      2,
              2,      2,      2,      2,      2,      2,      2,      2,      2,
              2,      2,      2,      2,      2,      2,      2,      2,      2,
              2,      2,      2,      2,      2,      2,      2,      2,      2,
              2,      2,      2,      2,      2,      2,      2,      2,      2,
              2,      2,      2,      2,      2,      2,      2,      2,      2,
              2,      2,      2,      2,      2,      2,      2,      2,      2,
              2,      2,      2,      2,      2,      2],
        [     1,   1729,    294,   2709,   5084,  21476,    365,    266,   3474,
            288,    262,   5986,    335,    278,    284,   1315,    302,    336,
            294,   5084,  21476,    330,    266,  11383,   1753,    265,    314,
            827,    266,    705,   2733,    260,   6339,   1270,    267,   9717,
            261,    278,   3295,    314,   1627,    705,   2733,    260,      2,
              2,      2,      2,      2,      2,      2,      2,      2,      2,
              2,      2,      2,      2,      2,      2,      2,      2,      2,
              2,      2,      2,      2,      2,      2,      2,      2,      2,
              2,      2,      2,      2,      2,      2,      2,      2,      2,
              2,      2,      2,      2,      2,      2,      2,      2,      2,
              2,      2,      2,      2,      2,      2,      2,      2,      2,
              2,      2,      2,      2,      2,      2,      2,      2,      2,
              2,      2,      2,      2,      2,      2,      2,      2,      2,
              2,      2,      2,      2,      2,      2],
        [     1,   1729,    294,    273,    268,  18839,  48544,    270,    262,
           1706,    272,   2178,   3877,  32914,    302,    336,    294,   3877,
          32914,   1675,    265,  24250,  17226,  23658,   8843,  48143,  26708,
              2,      2,      2,      2,      2,      2,      2,      2,      2,
              2,      2,      2,      2,      2,      2,      2,      2,      2,
              2,      2,      2,      2,      2,      2,      2,      2,      2,
              2,      2,      2,      2,      2,      2,      2,      2,      2,
              2,      2,      2,      2,      2,      2,      2,      2,      2,
              2,      2,      2,      2,      2,      2,      2,      2,      2,
              2,      2,      2,      2,      2,      2,      2,      2,      2,
              2,      2,      2,      2,      2,      2,      2,      2,      2,
              2,      2,      2,      2,      2,      2,      2,      2,      2,
              2,      2,      2,      2,      2,      2,      2,      2,      2,
              2,      2,      2,      2,      2,      2],
        [     1,   1729,    294,   2709,  32499,  20169,    649,  38405,    632,
            957,  59929,   2440,    438,    306,    462,    968,    262,   1022,
            265,   1083,    302,    336,    294,  32499,  20169,    649,  38405,
            284,    262,   1083,    265,   2378,    292,   8925,    264,   4987,
            260,   9248,   2440,    284,    262,   1083,    265,    262,    780,
           1017,    292,   1812,    264,    798,    260,      2,      2,      2,
              2,      2,      2,      2,      2,      2,      2,      2,      2,
              2,      2,      2,      2,      2,      2,      2,      2,      2,
              2,      2,      2,      2,      2,      2,      2,      2,      2,
              2,      2,      2,      2,      2,      2,      2,      2,      2,
              2,      2,      2,      2,      2,      2,      2,      2,      2,
              2,      2,      2,      2,      2,      2,      2,      2,      2,
              2,      2,      2,      2,      2,      2,      2,      2,      2,
              2,      2,      2,      2,      2,      2],
        [     1,   1729,    294,   1194,    266,  16561,    350,  17982,   1058,
            264,   2693,    302,    336,    294,  25284,    295,   4492,    292,
            937,   3955,  18145,    263,  84284,    260,      2,      2,      2,
              2,      2,      2,      2,      2,      2,      2,      2,      2,
              2,      2,      2,      2,      2,      2,      2,      2,      2,
              2,      2,      2,      2,      2,      2,      2,      2,      2,
              2,      2,      2,      2,      2,      2,      2,      2,      2,
              2,      2,      2,      2,      2,      2,      2,      2,      2,
              2,      2,      2,      2,      2,      2,      2,      2,      2,
              2,      2,      2,      2,      2,      2,      2,      2,      2,
              2,      2,      2,      2,      2,      2,      2,      2,      2,
              2,      2,      2,      2,      2,      2,      2,      2,      2,
              2,      2,      2,      2,      2,      2,      2,      2,      2,
              2,      2,      2,      2,      2,      2],
        [     1,   1729,    294,   5047,    262,  17546,   4077,  96484,   5426,
          21176,  24994,    280,    268,    556,    302,    336,    294,    279,
          17546,   4077,    269,    266,   3881,    596,    265,  77239,    268,
            272,    656,  66568,  22456,    260,  21176,  24994,    284,    262,
           4734,    265,    262,   4077,    265,    987,    918,    265,   7183,
            287,  64165,    268,   3505,   5191,    285,    260,      2,      2,
              2,      2,      2,      2,      2,      2,      2,      2,      2,
              2,      2,      2,      2,      2,      2,      2,      2,      2,
              2,      2,      2,      2,      2,      2,      2,      2,      2,
              2,      2,      2,      2,      2,      2,      2,      2,      2,
              2,      2,      2,      2,      2,      2,      2,      2,      2,
              2,      2,      2,      2,      2,      2,      2,      2,      2,
              2,      2,      2,      2,      2,      2,      2,      2,      2,
              2,      2,      2,      2,      2,      2],
        [     1,   1729,    294,    273,    268,  17520,  16830,  25119,  13454,
            267,    262,    447,    265,   5971,   4760,    302,    336,    294,
          17520,  16830,  25119,    269,    266,    371,    271,   4748,    733,
           2618,    263,   9599,    260,      2,      2,      2,      2,      2,
              2,      2,      2,      2,      2,      2,      2,      2,      2,
              2,      2,      2,      2,      2,      2,      2,      2,      2,
              2,      2,      2,      2,      2,      2,      2,      2,      2,
              2,      2,      2,      2,      2,      2,      2,      2,      2,
              2,      2,      2,      2,      2,      2,      2,      2,      2,
              2,      2,      2,      2,      2,      2,      2,      2,      2,
              2,      2,      2,      2,      2,      2,      2,      2,      2,
              2,      2,      2,      2,      2,      2,      2,      2,      2,
              2,      2,      2,      2,      2,      2,      2,      2,      2,
              2,      2,      2,      2,      2,      2],
        [     1,   1729,    294,   5047,    262,  17546,   4077,  96484,   5426,
          21176,  24994,    280,    268,    556,    302,    336,    294,    279,
          17546,   4077,    269,    266,   3881,   2765,    556,   3679,    267,
            262,    737,    989,    474,   1880,    261,    756,    270,    359,
           5560,    277,  16390,    263,   2018,    260,    279,   4077,    265,
          21176,  24994,    261,    327,    756,    283,    262,  13395,   3505,
           5191,    261,    284,   1839,    267,    262,    762,    474,   1880,
            264,    531,    599,    270,   3808,    263,   3982,  27891,    267,
            262,   4020,   4107,    260,      2,      2,      2,      2,      2,
              2,      2,      2,      2,      2,      2,      2,      2,      2,
              2,      2,      2,      2,      2,      2,      2,      2,      2,
              2,      2,      2,      2,      2,      2,      2,      2,      2,
              2,      2,      2,      2,      2,      2,      2,      2,      2,
              2,      2,      2,      2,      2,      2],
        [     1,   1729,    294,   3549,  46208,  54868,   1647,    270,   2786,
         110322,    302,    336,    294,  46208,  54868,    269,    299,    733,
           6704,    756,    270,    342,    374,    267,   2835,    263,    933,
            260,  46208,  54868,    269,    756,    270,    342,   1198,   1977,
            261,    304,    343,    269,    363,    613,   1162,    265,    342,
          39456,    289,   5147,    270,    996,   2961,    334,   2786, 110322,
            260,   2786, 110322,    269,    266,   3255,  11554,    263,    262,
            763,   6123,    265,   3561,    260,      2,      2,      2,      2,
              2,      2,      2,      2,      2,      2,      2,      2,      2,
              2,      2,      2,      2,      2,      2,      2,      2,      2,
              2,      2,      2,      2,      2,      2,      2,      2,      2,
              2,      2,      2,      2,      2,      2,      2,      2,      2,
              2,      2,      2,      2,      2,      2,      2,      2,      2,
              2,      2,      2,      2,      2,      2],
        [     1,   1729,    294,   2467,  36257,  25703,   5433,    286,    305,
            265,    262,   1273,    265,    266,  91782,    302,    336,    294,
          36257,    269,   4165,    293,    266,   2164,    271,  71553,    261,
            319,    269,    266,   8440,    275,    262,    831,    827,    265,
            266,  13732,    263,    262,   6214,    265,    266,   2082,    260,
            336,    294,    336,  91782,    269,    266,  45229,   8440,    272,
           2518,    303,   1273,    292,   1337,   2232,    261,    611,  13343,
            275,    266,  12312,    280,    268,    761,    261,    266,  13732,
            280,    268,    665,    261,    263,    266,  30056,    280,    268,
           6214,    260,      2,      2,      2,      2,      2,      2,      2,
              2,      2,      2,      2,      2,      2,      2,      2,      2,
              2,      2,      2,      2,      2,      2,      2,      2,      2,
              2,      2,      2,      2,      2,      2,      2,      2,      2,
              2,      2,      2,      2,      2,      2]], device='cuda:0')
input_id_shape: torch.Size([16, 123])
attention_mask:
tensor([[1, 1, 1, 1, 1, 1, 1, 1, 1, 1, 1, 1, 1, 1, 1, 1, 1, 1, 1, 1, 1, 1, 1, 1,
         1, 1, 1, 1, 1, 1, 1, 1, 1, 1, 1, 1, 1, 1, 1, 1, 1, 1, 1, 1, 1, 1, 1, 1,
         1, 1, 1, 0, 0, 0, 0, 0, 0, 0, 0, 0, 0, 0, 0, 0, 0, 0, 0, 0, 0, 0, 0, 0,
         0, 0, 0, 0, 0, 0, 0, 0, 0, 0, 0, 0, 0, 0, 0, 0, 0, 0, 0, 0, 0, 0, 0, 0,
         0, 0, 0, 0, 0, 0, 0, 0, 0, 0, 0, 0, 0, 0, 0, 0, 0, 0, 0, 0, 0, 0, 0, 0,
         0, 0, 0],
        [1, 1, 1, 1, 1, 1, 1, 1, 1, 1, 1, 1, 1, 1, 1, 1, 1, 1, 1, 1, 1, 1, 1, 1,
         1, 1, 1, 1, 0, 0, 0, 0, 0, 0, 0, 0, 0, 0, 0, 0, 0, 0, 0, 0, 0, 0, 0, 0,
         0, 0, 0, 0, 0, 0, 0, 0, 0, 0, 0, 0, 0, 0, 0, 0, 0, 0, 0, 0, 0, 0, 0, 0,
         0, 0, 0, 0, 0, 0, 0, 0, 0, 0, 0, 0, 0, 0, 0, 0, 0, 0, 0, 0, 0, 0, 0, 0,
         0, 0, 0, 0, 0, 0, 0, 0, 0, 0, 0, 0, 0, 0, 0, 0, 0, 0, 0, 0, 0, 0, 0, 0,
         0, 0, 0],
        [1, 1, 1, 1, 1, 1, 1, 1, 1, 1, 1, 1, 1, 1, 1, 1, 1, 1, 1, 1, 1, 1, 1, 1,
         1, 1, 1, 1, 1, 1, 1, 1, 1, 1, 1, 1, 1, 1, 1, 1, 1, 1, 1, 1, 1, 1, 1, 1,
         1, 1, 0, 0, 0, 0, 0, 0, 0, 0, 0, 0, 0, 0, 0, 0, 0, 0, 0, 0, 0, 0, 0, 0,
         0, 0, 0, 0, 0, 0, 0, 0, 0, 0, 0, 0, 0, 0, 0, 0, 0, 0, 0, 0, 0, 0, 0, 0,
         0, 0, 0, 0, 0, 0, 0, 0, 0, 0, 0, 0, 0, 0, 0, 0, 0, 0, 0, 0, 0, 0, 0, 0,
         0, 0, 0],
        [1, 1, 1, 1, 1, 1, 1, 1, 1, 1, 1, 1, 1, 1, 1, 1, 1, 1, 1, 1, 1, 1, 1, 1,
         1, 1, 1, 1, 1, 1, 1, 1, 1, 1, 1, 1, 1, 1, 1, 1, 1, 0, 0, 0, 0, 0, 0, 0,
         0, 0, 0, 0, 0, 0, 0, 0, 0, 0, 0, 0, 0, 0, 0, 0, 0, 0, 0, 0, 0, 0, 0, 0,
         0, 0, 0, 0, 0, 0, 0, 0, 0, 0, 0, 0, 0, 0, 0, 0, 0, 0, 0, 0, 0, 0, 0, 0,
         0, 0, 0, 0, 0, 0, 0, 0, 0, 0, 0, 0, 0, 0, 0, 0, 0, 0, 0, 0, 0, 0, 0, 0,
         0, 0, 0],
        [1, 1, 1, 1, 1, 1, 1, 1, 1, 1, 1, 1, 1, 1, 1, 1, 1, 1, 1, 1, 1, 1, 1, 1,
         1, 1, 0, 0, 0, 0, 0, 0, 0, 0, 0, 0, 0, 0, 0, 0, 0, 0, 0, 0, 0, 0, 0, 0,
         0, 0, 0, 0, 0, 0, 0, 0, 0, 0, 0, 0, 0, 0, 0, 0, 0, 0, 0, 0, 0, 0, 0, 0,
         0, 0, 0, 0, 0, 0, 0, 0, 0, 0, 0, 0, 0, 0, 0, 0, 0, 0, 0, 0, 0, 0, 0, 0,
         0, 0, 0, 0, 0, 0, 0, 0, 0, 0, 0, 0, 0, 0, 0, 0, 0, 0, 0, 0, 0, 0, 0, 0,
         0, 0, 0],
        [1, 1, 1, 1, 1, 1, 1, 1, 1, 1, 1, 1, 1, 1, 1, 1, 1, 1, 1, 1, 1, 1, 1, 1,
         1, 1, 1, 1, 1, 1, 1, 1, 1, 1, 1, 1, 1, 1, 1, 1, 1, 1, 1, 1, 1, 1, 1, 1,
         1, 1, 1, 1, 1, 1, 1, 1, 1, 1, 1, 1, 1, 1, 1, 1, 1, 1, 1, 1, 1, 1, 1, 1,
         1, 0, 0, 0, 0, 0, 0, 0, 0, 0, 0, 0, 0, 0, 0, 0, 0, 0, 0, 0, 0, 0, 0, 0,
         0, 0, 0, 0, 0, 0, 0, 0, 0, 0, 0, 0, 0, 0, 0, 0, 0, 0, 0, 0, 0, 0, 0, 0,
         0, 0, 0],
        [1, 1, 1, 1, 1, 1, 1, 1, 1, 1, 1, 1, 1, 1, 1, 1, 1, 1, 1, 1, 1, 1, 1, 1,
         1, 1, 1, 1, 1, 1, 1, 1, 1, 0, 0, 0, 0, 0, 0, 0, 0, 0, 0, 0, 0, 0, 0, 0,
         0, 0, 0, 0, 0, 0, 0, 0, 0, 0, 0, 0, 0, 0, 0, 0, 0, 0, 0, 0, 0, 0, 0, 0,
         0, 0, 0, 0, 0, 0, 0, 0, 0, 0, 0, 0, 0, 0, 0, 0, 0, 0, 0, 0, 0, 0, 0, 0,
         0, 0, 0, 0, 0, 0, 0, 0, 0, 0, 0, 0, 0, 0, 0, 0, 0, 0, 0, 0, 0, 0, 0, 0,
         0, 0, 0],
        [1, 1, 1, 1, 1, 1, 1, 1, 1, 1, 1, 1, 1, 1, 1, 1, 1, 1, 1, 1, 1, 1, 1, 1,
         1, 1, 1, 1, 1, 1, 1, 1, 1, 1, 1, 1, 1, 1, 1, 1, 1, 1, 1, 1, 1, 0, 0, 0,
         0, 0, 0, 0, 0, 0, 0, 0, 0, 0, 0, 0, 0, 0, 0, 0, 0, 0, 0, 0, 0, 0, 0, 0,
         0, 0, 0, 0, 0, 0, 0, 0, 0, 0, 0, 0, 0, 0, 0, 0, 0, 0, 0, 0, 0, 0, 0, 0,
         0, 0, 0, 0, 0, 0, 0, 0, 0, 0, 0, 0, 0, 0, 0, 0, 0, 0, 0, 0, 0, 0, 0, 0,
         0, 0, 0],
        [1, 1, 1, 1, 1, 1, 1, 1, 1, 1, 1, 1, 1, 1, 1, 1, 1, 1, 1, 1, 1, 1, 1, 1,
         1, 1, 1, 1, 0, 0, 0, 0, 0, 0, 0, 0, 0, 0, 0, 0, 0, 0, 0, 0, 0, 0, 0, 0,
         0, 0, 0, 0, 0, 0, 0, 0, 0, 0, 0, 0, 0, 0, 0, 0, 0, 0, 0, 0, 0, 0, 0, 0,
         0, 0, 0, 0, 0, 0, 0, 0, 0, 0, 0, 0, 0, 0, 0, 0, 0, 0, 0, 0, 0, 0, 0, 0,
         0, 0, 0, 0, 0, 0, 0, 0, 0, 0, 0, 0, 0, 0, 0, 0, 0, 0, 0, 0, 0, 0, 0, 0,
         0, 0, 0],
        [1, 1, 1, 1, 1, 1, 1, 1, 1, 1, 1, 1, 1, 1, 1, 1, 1, 1, 1, 1, 1, 1, 1, 1,
         1, 1, 1, 1, 1, 1, 1, 1, 1, 1, 1, 1, 1, 1, 1, 1, 1, 1, 1, 1, 1, 1, 1, 1,
         1, 1, 1, 1, 0, 0, 0, 0, 0, 0, 0, 0, 0, 0, 0, 0, 0, 0, 0, 0, 0, 0, 0, 0,
         0, 0, 0, 0, 0, 0, 0, 0, 0, 0, 0, 0, 0, 0, 0, 0, 0, 0, 0, 0, 0, 0, 0, 0,
         0, 0, 0, 0, 0, 0, 0, 0, 0, 0, 0, 0, 0, 0, 0, 0, 0, 0, 0, 0, 0, 0, 0, 0,
         0, 0, 0],
        [1, 1, 1, 1, 1, 1, 1, 1, 1, 1, 1, 1, 1, 1, 1, 1, 1, 1, 1, 1, 1, 1, 1, 1,
         1, 0, 0, 0, 0, 0, 0, 0, 0, 0, 0, 0, 0, 0, 0, 0, 0, 0, 0, 0, 0, 0, 0, 0,
         0, 0, 0, 0, 0, 0, 0, 0, 0, 0, 0, 0, 0, 0, 0, 0, 0, 0, 0, 0, 0, 0, 0, 0,
         0, 0, 0, 0, 0, 0, 0, 0, 0, 0, 0, 0, 0, 0, 0, 0, 0, 0, 0, 0, 0, 0, 0, 0,
         0, 0, 0, 0, 0, 0, 0, 0, 0, 0, 0, 0, 0, 0, 0, 0, 0, 0, 0, 0, 0, 0, 0, 0,
         0, 0, 0],
        [1, 1, 1, 1, 1, 1, 1, 1, 1, 1, 1, 1, 1, 1, 1, 1, 1, 1, 1, 1, 1, 1, 1, 1,
         1, 1, 1, 1, 1, 1, 1, 1, 1, 1, 1, 1, 1, 1, 1, 1, 1, 1, 1, 1, 1, 1, 1, 1,
         1, 1, 1, 1, 1, 0, 0, 0, 0, 0, 0, 0, 0, 0, 0, 0, 0, 0, 0, 0, 0, 0, 0, 0,
         0, 0, 0, 0, 0, 0, 0, 0, 0, 0, 0, 0, 0, 0, 0, 0, 0, 0, 0, 0, 0, 0, 0, 0,
         0, 0, 0, 0, 0, 0, 0, 0, 0, 0, 0, 0, 0, 0, 0, 0, 0, 0, 0, 0, 0, 0, 0, 0,
         0, 0, 0],
        [1, 1, 1, 1, 1, 1, 1, 1, 1, 1, 1, 1, 1, 1, 1, 1, 1, 1, 1, 1, 1, 1, 1, 1,
         1, 1, 1, 1, 1, 1, 1, 1, 0, 0, 0, 0, 0, 0, 0, 0, 0, 0, 0, 0, 0, 0, 0, 0,
         0, 0, 0, 0, 0, 0, 0, 0, 0, 0, 0, 0, 0, 0, 0, 0, 0, 0, 0, 0, 0, 0, 0, 0,
         0, 0, 0, 0, 0, 0, 0, 0, 0, 0, 0, 0, 0, 0, 0, 0, 0, 0, 0, 0, 0, 0, 0, 0,
         0, 0, 0, 0, 0, 0, 0, 0, 0, 0, 0, 0, 0, 0, 0, 0, 0, 0, 0, 0, 0, 0, 0, 0,
         0, 0, 0],
        [1, 1, 1, 1, 1, 1, 1, 1, 1, 1, 1, 1, 1, 1, 1, 1, 1, 1, 1, 1, 1, 1, 1, 1,
         1, 1, 1, 1, 1, 1, 1, 1, 1, 1, 1, 1, 1, 1, 1, 1, 1, 1, 1, 1, 1, 1, 1, 1,
         1, 1, 1, 1, 1, 1, 1, 1, 1, 1, 1, 1, 1, 1, 1, 1, 1, 1, 1, 1, 1, 1, 1, 1,
         1, 1, 1, 1, 1, 0, 0, 0, 0, 0, 0, 0, 0, 0, 0, 0, 0, 0, 0, 0, 0, 0, 0, 0,
         0, 0, 0, 0, 0, 0, 0, 0, 0, 0, 0, 0, 0, 0, 0, 0, 0, 0, 0, 0, 0, 0, 0, 0,
         0, 0, 0],
        [1, 1, 1, 1, 1, 1, 1, 1, 1, 1, 1, 1, 1, 1, 1, 1, 1, 1, 1, 1, 1, 1, 1, 1,
         1, 1, 1, 1, 1, 1, 1, 1, 1, 1, 1, 1, 1, 1, 1, 1, 1, 1, 1, 1, 1, 1, 1, 1,
         1, 1, 1, 1, 1, 1, 1, 1, 1, 1, 1, 1, 1, 1, 1, 1, 1, 1, 1, 1, 1, 0, 0, 0,
         0, 0, 0, 0, 0, 0, 0, 0, 0, 0, 0, 0, 0, 0, 0, 0, 0, 0, 0, 0, 0, 0, 0, 0,
         0, 0, 0, 0, 0, 0, 0, 0, 0, 0, 0, 0, 0, 0, 0, 0, 0, 0, 0, 0, 0, 0, 0, 0,
         0, 0, 0],
        [1, 1, 1, 1, 1, 1, 1, 1, 1, 1, 1, 1, 1, 1, 1, 1, 1, 1, 1, 1, 1, 1, 1, 1,
         1, 1, 1, 1, 1, 1, 1, 1, 1, 1, 1, 1, 1, 1, 1, 1, 1, 1, 1, 1, 1, 1, 1, 1,
         1, 1, 1, 1, 1, 1, 1, 1, 1, 1, 1, 1, 1, 1, 1, 1, 1, 1, 1, 1, 1, 1, 1, 1,
         1, 1, 1, 1, 1, 1, 1, 1, 1, 1, 1, 1, 0, 0, 0, 0, 0, 0, 0, 0, 0, 0, 0, 0,
         0, 0, 0, 0, 0, 0, 0, 0, 0, 0, 0, 0, 0, 0, 0, 0, 0, 0, 0, 0, 0, 0, 0, 0,
         0, 0, 0]], device='cuda:0')
logits:
tensor([[ 0.0318],
        [-0.0056],
        [-0.0097],
        [-0.0075],
        [ 0.0256],
        [ 0.0106],
        [-0.0118],
        [ 0.0199],
        [-0.0282],
        [-0.0083],
        [ 0.0083],
        [ 0.0170],
        [-0.0141],
        [ 0.0041],
        [ 0.0113],
        [-0.0101]], device='cuda:0', grad_fn=<SumBackward1>), shape:
torch.Size([16, 1])
positive_energy:
torch.Size([8])
negative_energy:
torch.Size([8])
argmax_logit:
tensor([0, 0, 0, 0, 0, 0, 0, 0, 0, 0, 0, 0, 0, 0, 0, 0], device='cuda:0')
max_logit:
tensor([ 0.0318, -0.0056, -0.0097, -0.0075,  0.0256,  0.0106, -0.0118,  0.0199,
        -0.0282, -0.0083,  0.0083,  0.0170, -0.0141,  0.0041,  0.0113, -0.0101],
       device='cuda:0', grad_fn=<SqueezeBackward1>)

====================

input_ids:
tensor([[     1,   1729,    294,   3549,    266,   4473,  31067,   8425,    282,
            878,    264,    286,    266,  35723,    265,    262,  84764,   1013,
            302,    336,    294,  31067,   8425,    303,    266,   2130,    265,
           2156,    261,    528,    355,    260,    279,  84764,    332,    299,
           7494,    596,    272,   8407,    262,    989,    474,    263,    936,
            474,   6156,    260,  95329,   6784,    284,    262,   4734,    265,
            262,  63494,   6251,    260,      2,      2,      2,      2,      2,
              2,      2,      2,      2,      2,      2,      2,      2,      2,
              2,      2,      2,      2,      2,      2,      2,      2,      2,
              2,      2,      2,      2,      2,      2,      2,      2,      2,
              2,      2,      2,      2,      2,      2,      2,      2,      2,
              2,      2,      2,      2,      2,      2,      2,      2,      2,
              2,      2,      2,      2,      2,      2,      2,      2,      2,
              2,      2,      2,      2,      2,      2],
        [     1,   1729,    294,   2467,  25062,  16363,    286,    310,    572,
            354,  27012,  37200,    302,    336,    294,  25062,  16363,    303,
            266,   1047,    265,    574,    572,    260,  27012,  37200,    303,
            266,   1047,    265,    578,    572,    260,      2,      2,      2,
              2,      2,      2,      2,      2,      2,      2,      2,      2,
              2,      2,      2,      2,      2,      2,      2,      2,      2,
              2,      2,      2,      2,      2,      2,      2,      2,      2,
              2,      2,      2,      2,      2,      2,      2,      2,      2,
              2,      2,      2,      2,      2,      2,      2,      2,      2,
              2,      2,      2,      2,      2,      2,      2,      2,      2,
              2,      2,      2,      2,      2,      2,      2,      2,      2,
              2,      2,      2,      2,      2,      2,      2,      2,      2,
              2,      2,      2,      2,      2,      2,      2,      2,      2,
              2,      2,      2,      2,      2,      2],
        [     1,   1729,    294,   3549,    274,   1446,    625,    277,    290,
            645,    288,  40787,    354,    288,  11068,  11262,    302,    336,
            294,    336,    294,  40787,    269,    756,    270,    359,    759,
           1428,    263,   1753,    271,   4299,   6663,   1027,    260,      2,
              2,      2,      2,      2,      2,      2,      2,      2,      2,
              2,      2,      2,      2,      2,      2,      2,      2,      2,
              2,      2,      2,      2,      2,      2,      2,      2,      2,
              2,      2,      2,      2,      2,      2,      2,      2,      2,
              2,      2,      2,      2,      2,      2,      2,      2,      2,
              2,      2,      2,      2,      2,      2,      2,      2,      2,
              2,      2,      2,      2,      2,      2,      2,      2,      2,
              2,      2,      2,      2,      2,      2,      2,      2,      2,
              2,      2,      2,      2,      2,      2,      2,      2,      2,
              2,      2,      2,      2,      2,      2],
        [     1,   1729,    294,   1396,  50017,  22014,    265,   1163,    412,
            293,   6978,  54083,    263,  16962,   2250,    302,    336,    294,
            336,    294,  14219,    268,    281,   7302,    263,  49886,  12875,
            272,    868,    292,    262,  68652,    261,  28929,    261,    263,
           6817,    265,    731,    267,    529,  36151,    261,   1512,    266,
           5830,    265,   2250,    267,    262,   3907,    260,      2,      2,
              2,      2,      2,      2,      2,      2,      2,      2,      2,
              2,      2,      2,      2,      2,      2,      2,      2,      2,
              2,      2,      2,      2,      2,      2,      2,      2,      2,
              2,      2,      2,      2,      2,      2,      2,      2,      2,
              2,      2,      2,      2,      2,      2,      2,      2,      2,
              2,      2,      2,      2,      2,      2,      2,      2,      2,
              2,      2,      2,      2,      2,      2,      2,      2,      2,
              2,      2,      2,      2,      2,      2],
        [     1,   1729,    294,   5047,    262,  17546,   4077,  96484,   5426,
          21176,  24994,    280,    268,    556,    302,    336,    294,    279,
          17546,   4077,    269,    266,   3881,   2765,    556,   3679,    267,
            262,    737,    989,    474,   1880,    261,    756,    270,    359,
           5560,    277,  16390,    263,   2018,    260,      2,      2,      2,
              2,      2,      2,      2,      2,      2,      2,      2,      2,
              2,      2,      2,      2,      2,      2,      2,      2,      2,
              2,      2,      2,      2,      2,      2,      2,      2,      2,
              2,      2,      2,      2,      2,      2,      2,      2,      2,
              2,      2,      2,      2,      2,      2,      2,      2,      2,
              2,      2,      2,      2,      2,      2,      2,      2,      2,
              2,      2,      2,      2,      2,      2,      2,      2,      2,
              2,      2,      2,      2,      2,      2,      2,      2,      2,
              2,      2,      2,      2,      2,      2],
        [     1,   1729,    294,   2467,  36257,  25703,   5433,    286,    305,
            265,    262,   1273,    265,    266,  91782,    302,    336,    294,
            279,  36257,  25703,   5433,    269,    266,   2164,  13732,    319,
           4091,    265,    294,    266,  13732,    261,    263,    266,   2082,
            260,      2,      2,      2,      2,      2,      2,      2,      2,
              2,      2,      2,      2,      2,      2,      2,      2,      2,
              2,      2,      2,      2,      2,      2,      2,      2,      2,
              2,      2,      2,      2,      2,      2,      2,      2,      2,
              2,      2,      2,      2,      2,      2,      2,      2,      2,
              2,      2,      2,      2,      2,      2,      2,      2,      2,
              2,      2,      2,      2,      2,      2,      2,      2,      2,
              2,      2,      2,      2,      2,      2,      2,      2,      2,
              2,      2,      2,      2,      2,      2,      2,      2,      2,
              2,      2,      2,      2,      2,      2],
        [     1,   1729,    294,   4638,   8235,  31012,    280,    268,    370,
           2167,   1470,    632,    331,    267,    299,  15317,   2036,    663,
            302,    336,    294,   8235,  31012,    269,    370,   2167,    270,
            315,    550,    279,   7671,    265,  49585,   7564,    260,  49585,
           7564,    269,    266,    874,  65788,    272,    269,    262,    872,
           1470,    265,    279,   7671,    265,  49585,   7564,    260,      2,
              2,      2,      2,      2,      2,      2,      2,      2,      2,
              2,      2,      2,      2,      2,      2,      2,      2,      2,
              2,      2,      2,      2,      2,      2,      2,      2,      2,
              2,      2,      2,      2,      2,      2,      2,      2,      2,
              2,      2,      2,      2,      2,      2,      2,      2,      2,
              2,      2,      2,      2,      2,      2,      2,      2,      2,
              2,      2,      2,      2,      2,      2,      2,      2,      2,
              2,      2,      2,      2,      2,      2],
        [     1,   1729,    294,    771,  11929,    355,   1248,    264,    262,
           4358,   9700,   5112,    611,    302,    336,    294,    279,   4358,
           9700,   5112,    269,    311,    265,    262,    370,   1123,   5997,
           4393,    267,    262,   2222,    260,  25144,    269,    611,   2044,
            293,   3567,   4399,    260,      2,      2,      2,      2,      2,
              2,      2,      2,      2,      2,      2,      2,      2,      2,
              2,      2,      2,      2,      2,      2,      2,      2,      2,
              2,      2,      2,      2,      2,      2,      2,      2,      2,
              2,      2,      2,      2,      2,      2,      2,      2,      2,
              2,      2,      2,      2,      2,      2,      2,      2,      2,
              2,      2,      2,      2,      2,      2,      2,      2,      2,
              2,      2,      2,      2,      2,      2,      2,      2,      2,
              2,      2,      2,      2,      2,      2,      2,      2,      2,
              2,      2,      2,      2,      2,      2],
        [     1,   1729,    294,   1194,    266,   1220,    277,   1210,    286,
            266,   1483,    416,   8099,   4637,  19609,    302,    336,    294,
            279,   1210,    326,    278,   1046,    270,    266,   1220,    264,
            527,   2665,    269,    712,    740,    260,  20349,   1046,    457,
            574,    264,    578,    740,    264,   8839,    260,      2,      2,
              2,      2,      2,      2,      2,      2,      2,      2,      2,
              2,      2,      2,      2,      2,      2,      2,      2,      2,
              2,      2,      2,      2,      2,      2,      2,      2,      2,
              2,      2,      2,      2,      2,      2,      2,      2,      2,
              2,      2,      2,      2,      2,      2,      2,      2,      2,
              2,      2,      2,      2,      2,      2,      2,      2,      2,
              2,      2,      2,      2,      2,      2,      2,      2,      2,
              2,      2,      2,      2,      2,      2,      2,      2,      2,
              2,      2,      2,      2,      2,      2],
        [     1,   1729,    294,    771,  11929,    355,   1248,    264,    262,
           4358,   9700,   5112,    611,    302,    336,    294, 110163,    355,
            372,   2603,    321,   1536,    272,  23068,    275,    308,   3582,
            289,    531,    266,   1100,    265,  27199,    260,    279,   4358,
           9700,   5112,    269,    266,    371,    271,   4748,  11395,    267,
           1395,   3619,    261,   1482,    260,      2,      2,      2,      2,
              2,      2,      2,      2,      2,      2,      2,      2,      2,
              2,      2,      2,      2,      2,      2,      2,      2,      2,
              2,      2,      2,      2,      2,      2,      2,      2,      2,
              2,      2,      2,      2,      2,      2,      2,      2,      2,
              2,      2,      2,      2,      2,      2,      2,      2,      2,
              2,      2,      2,      2,      2,      2,      2,      2,      2,
              2,      2,      2,      2,      2,      2,      2,      2,      2,
              2,      2,      2,      2,      2,      2],
        [     1,   1729,    294,   2709,  32499,  20169,    649,  38405,    632,
            957,  59929,   2440,    438,    306,    462,    968,    262,   1022,
            265,   1083,    302,    336,    294,  32499,  20169,    649,  38405,
            284,    262,   1083,    265,   2378,    292,   8925,    264,   4987,
            260,   9248,   2440,    284,    262,   1083,    265,    262,    780,
           1017,    292,   1812,    264,    798,    260,  32499,  20169,    649,
          38405,    280,    268,  11820,   2026,    267,   4987,    261,    438,
           9248,   2440,    280,    268,  11820,   1196,    267,   1812,    260,
           3089,    261,    306,    332,    518,    267,    832,    288,    262,
            454,    326,    260,    953,   2669,   2669,   2669,    585,    260,
              2,      2,      2,      2,      2,      2,      2,      2,      2,
              2,      2,      2,      2,      2,      2,      2,      2,      2,
              2,      2,      2,      2,      2,      2,      2,      2,      2,
              2,      2,      2,      2,      2,      2],
        [     1,   1729,    294,   4638,  25628,  15069,    280,    268,  46312,
           1594,    302,    336,    294,    486,  25628,  15069,    284,    400,
           3358,    261,    313,    284,   2117,  80716,    260,  25628,  15069,
            490,    298,    553,    356,   2729,    265,  80716,    283,    265,
           5070,    260,      2,      2,      2,      2,      2,      2,      2,
              2,      2,      2,      2,      2,      2,      2,      2,      2,
              2,      2,      2,      2,      2,      2,      2,      2,      2,
              2,      2,      2,      2,      2,      2,      2,      2,      2,
              2,      2,      2,      2,      2,      2,      2,      2,      2,
              2,      2,      2,      2,      2,      2,      2,      2,      2,
              2,      2,      2,      2,      2,      2,      2,      2,      2,
              2,      2,      2,      2,      2,      2,      2,      2,      2,
              2,      2,      2,      2,      2,      2,      2,      2,      2,
              2,      2,      2,      2,      2,      2],
        [     1,   1729,    294,   5047,    760,    275,   1399,   3434,    719,
            808,   1591,    292,    299,   9436,   6125,   4709,    302,    336,
            294,    336,    294,   7227,   3434,    719,    808,    295,    365,
            278,   1179,    270,   1500,    264,    380,   1264,   6125,  15911,
           2864,    260,    816,   9436,   6125,   4709,    295,    282,    972,
            264,   5478,   1500,    275,   1399,   3434,    719,    808,    293,
           1306,   1821,   5258,    289,    266,    310,  21657,   5728,    260,
            329,    295,    408,   1684,    262,   6812,    263,   1300,  11389,
            270,    421,   1500,    260,      2,      2,      2,      2,      2,
              2,      2,      2,      2,      2,      2,      2,      2,      2,
              2,      2,      2,      2,      2,      2,      2,      2,      2,
              2,      2,      2,      2,      2,      2,      2,      2,      2,
              2,      2,      2,      2,      2,      2,      2,      2,      2,
              2,      2,      2,      2,      2,      2],
        [     1,   1729,    294,    273,    268,  17520,  16830,  25119,  13454,
            267,    262,    447,    265,   5971,   4760,    302,    336,    294,
          17520,  16830,  25119,    280,    268,    898,    303,  16530,    270,
            360,   3732,    388,    260,      2,      2,      2,      2,      2,
              2,      2,      2,      2,      2,      2,      2,      2,      2,
              2,      2,      2,      2,      2,      2,      2,      2,      2,
              2,      2,      2,      2,      2,      2,      2,      2,      2,
              2,      2,      2,      2,      2,      2,      2,      2,      2,
              2,      2,      2,      2,      2,      2,      2,      2,      2,
              2,      2,      2,      2,      2,      2,      2,      2,      2,
              2,      2,      2,      2,      2,      2,      2,      2,      2,
              2,      2,      2,      2,      2,      2,      2,      2,      2,
              2,      2,      2,      2,      2,      2,      2,      2,      2,
              2,      2,      2,      2,      2,      2],
        [     1,   1729,    294,   1194,   9522,   1248,    264,    262,  14825,
            465,    265,    262,   1552,   3284,    302,    336,    294,    279,
           1552,   3284,    303,    266,   2380,   3613,    265,    314,    392,
            261,  24771,   5580,    287,    819,    261,  36511,   1526,    285,
            260,  57339,    295,  19641,    529,    264,    266,    991,   3613,
            261,    304,    359,   6764,  13994,    275,   3613,    260,    279,
           2380,   3613,    265,    262,   1552,   3284,    269,   1318,    261,
            263,   1703,    553,    272,   9522,    295,    364,  19641,    264,
            314,   2290,   5580,    287,  46924,   1526,    285,    267,    913,
            529,    260,    953,   2669,   2669,   2669,   1595,    260,      2,
              2,      2,      2,      2,      2,      2,      2,      2,      2,
              2,      2,      2,      2,      2,      2,      2,      2,      2,
              2,      2,      2,      2,      2,      2,      2,      2,      2,
              2,      2,      2,      2,      2,      2],
        [     1,   1729,    294,   1194,    266,   1220,    277,   1210,    286,
            266,   1483,    416,   8099,   4637,  19609,    302,    336,    294,
            336,    294,    279,   1210,    857,  42615,    926,    270,    266,
           1220,    269,    314,    712,    740,    287,  32209,   1297,   1033,
            285,    260,  20349,   2518,   1046,    314,    453,    264,    525,
            740,    264,   1618,    292,   4637,    264,   8839,    261,   2719,
            277,    262,   1261,    263,   1479,   1232,    260,    502,   2003,
            337,    266,   1220,    295,    286,    266,   1483,    416,   8099,
           4637,  19609,    261,    301,    389,    264,   3656,    262,   1210,
          42615,    926,    265,    266,   1220,    275,    262,   1074,    926,
            265,   8099,    260,      2,      2,      2,      2,      2,      2,
              2,      2,      2,      2,      2,      2,      2,      2,      2,
              2,      2,      2,      2,      2,      2,      2,      2,      2,
              2,      2,      2,      2,      2,      2]], device='cuda:0')
input_id_shape: torch.Size([16, 123])
attention_mask:
tensor([[1, 1, 1, 1, 1, 1, 1, 1, 1, 1, 1, 1, 1, 1, 1, 1, 1, 1, 1, 1, 1, 1, 1, 1,
         1, 1, 1, 1, 1, 1, 1, 1, 1, 1, 1, 1, 1, 1, 1, 1, 1, 1, 1, 1, 1, 1, 1, 1,
         1, 1, 1, 1, 1, 1, 1, 1, 1, 1, 1, 0, 0, 0, 0, 0, 0, 0, 0, 0, 0, 0, 0, 0,
         0, 0, 0, 0, 0, 0, 0, 0, 0, 0, 0, 0, 0, 0, 0, 0, 0, 0, 0, 0, 0, 0, 0, 0,
         0, 0, 0, 0, 0, 0, 0, 0, 0, 0, 0, 0, 0, 0, 0, 0, 0, 0, 0, 0, 0, 0, 0, 0,
         0, 0, 0],
        [1, 1, 1, 1, 1, 1, 1, 1, 1, 1, 1, 1, 1, 1, 1, 1, 1, 1, 1, 1, 1, 1, 1, 1,
         1, 1, 1, 1, 1, 1, 1, 1, 1, 1, 0, 0, 0, 0, 0, 0, 0, 0, 0, 0, 0, 0, 0, 0,
         0, 0, 0, 0, 0, 0, 0, 0, 0, 0, 0, 0, 0, 0, 0, 0, 0, 0, 0, 0, 0, 0, 0, 0,
         0, 0, 0, 0, 0, 0, 0, 0, 0, 0, 0, 0, 0, 0, 0, 0, 0, 0, 0, 0, 0, 0, 0, 0,
         0, 0, 0, 0, 0, 0, 0, 0, 0, 0, 0, 0, 0, 0, 0, 0, 0, 0, 0, 0, 0, 0, 0, 0,
         0, 0, 0],
        [1, 1, 1, 1, 1, 1, 1, 1, 1, 1, 1, 1, 1, 1, 1, 1, 1, 1, 1, 1, 1, 1, 1, 1,
         1, 1, 1, 1, 1, 1, 1, 1, 1, 1, 1, 1, 0, 0, 0, 0, 0, 0, 0, 0, 0, 0, 0, 0,
         0, 0, 0, 0, 0, 0, 0, 0, 0, 0, 0, 0, 0, 0, 0, 0, 0, 0, 0, 0, 0, 0, 0, 0,
         0, 0, 0, 0, 0, 0, 0, 0, 0, 0, 0, 0, 0, 0, 0, 0, 0, 0, 0, 0, 0, 0, 0, 0,
         0, 0, 0, 0, 0, 0, 0, 0, 0, 0, 0, 0, 0, 0, 0, 0, 0, 0, 0, 0, 0, 0, 0, 0,
         0, 0, 0],
        [1, 1, 1, 1, 1, 1, 1, 1, 1, 1, 1, 1, 1, 1, 1, 1, 1, 1, 1, 1, 1, 1, 1, 1,
         1, 1, 1, 1, 1, 1, 1, 1, 1, 1, 1, 1, 1, 1, 1, 1, 1, 1, 1, 1, 1, 1, 1, 1,
         1, 1, 1, 1, 1, 0, 0, 0, 0, 0, 0, 0, 0, 0, 0, 0, 0, 0, 0, 0, 0, 0, 0, 0,
         0, 0, 0, 0, 0, 0, 0, 0, 0, 0, 0, 0, 0, 0, 0, 0, 0, 0, 0, 0, 0, 0, 0, 0,
         0, 0, 0, 0, 0, 0, 0, 0, 0, 0, 0, 0, 0, 0, 0, 0, 0, 0, 0, 0, 0, 0, 0, 0,
         0, 0, 0],
        [1, 1, 1, 1, 1, 1, 1, 1, 1, 1, 1, 1, 1, 1, 1, 1, 1, 1, 1, 1, 1, 1, 1, 1,
         1, 1, 1, 1, 1, 1, 1, 1, 1, 1, 1, 1, 1, 1, 1, 1, 1, 1, 1, 0, 0, 0, 0, 0,
         0, 0, 0, 0, 0, 0, 0, 0, 0, 0, 0, 0, 0, 0, 0, 0, 0, 0, 0, 0, 0, 0, 0, 0,
         0, 0, 0, 0, 0, 0, 0, 0, 0, 0, 0, 0, 0, 0, 0, 0, 0, 0, 0, 0, 0, 0, 0, 0,
         0, 0, 0, 0, 0, 0, 0, 0, 0, 0, 0, 0, 0, 0, 0, 0, 0, 0, 0, 0, 0, 0, 0, 0,
         0, 0, 0],
        [1, 1, 1, 1, 1, 1, 1, 1, 1, 1, 1, 1, 1, 1, 1, 1, 1, 1, 1, 1, 1, 1, 1, 1,
         1, 1, 1, 1, 1, 1, 1, 1, 1, 1, 1, 1, 1, 1, 0, 0, 0, 0, 0, 0, 0, 0, 0, 0,
         0, 0, 0, 0, 0, 0, 0, 0, 0, 0, 0, 0, 0, 0, 0, 0, 0, 0, 0, 0, 0, 0, 0, 0,
         0, 0, 0, 0, 0, 0, 0, 0, 0, 0, 0, 0, 0, 0, 0, 0, 0, 0, 0, 0, 0, 0, 0, 0,
         0, 0, 0, 0, 0, 0, 0, 0, 0, 0, 0, 0, 0, 0, 0, 0, 0, 0, 0, 0, 0, 0, 0, 0,
         0, 0, 0],
        [1, 1, 1, 1, 1, 1, 1, 1, 1, 1, 1, 1, 1, 1, 1, 1, 1, 1, 1, 1, 1, 1, 1, 1,
         1, 1, 1, 1, 1, 1, 1, 1, 1, 1, 1, 1, 1, 1, 1, 1, 1, 1, 1, 1, 1, 1, 1, 1,
         1, 1, 1, 1, 1, 1, 0, 0, 0, 0, 0, 0, 0, 0, 0, 0, 0, 0, 0, 0, 0, 0, 0, 0,
         0, 0, 0, 0, 0, 0, 0, 0, 0, 0, 0, 0, 0, 0, 0, 0, 0, 0, 0, 0, 0, 0, 0, 0,
         0, 0, 0, 0, 0, 0, 0, 0, 0, 0, 0, 0, 0, 0, 0, 0, 0, 0, 0, 0, 0, 0, 0, 0,
         0, 0, 0],
        [1, 1, 1, 1, 1, 1, 1, 1, 1, 1, 1, 1, 1, 1, 1, 1, 1, 1, 1, 1, 1, 1, 1, 1,
         1, 1, 1, 1, 1, 1, 1, 1, 1, 1, 1, 1, 1, 1, 1, 1, 1, 0, 0, 0, 0, 0, 0, 0,
         0, 0, 0, 0, 0, 0, 0, 0, 0, 0, 0, 0, 0, 0, 0, 0, 0, 0, 0, 0, 0, 0, 0, 0,
         0, 0, 0, 0, 0, 0, 0, 0, 0, 0, 0, 0, 0, 0, 0, 0, 0, 0, 0, 0, 0, 0, 0, 0,
         0, 0, 0, 0, 0, 0, 0, 0, 0, 0, 0, 0, 0, 0, 0, 0, 0, 0, 0, 0, 0, 0, 0, 0,
         0, 0, 0],
        [1, 1, 1, 1, 1, 1, 1, 1, 1, 1, 1, 1, 1, 1, 1, 1, 1, 1, 1, 1, 1, 1, 1, 1,
         1, 1, 1, 1, 1, 1, 1, 1, 1, 1, 1, 1, 1, 1, 1, 1, 1, 1, 1, 1, 0, 0, 0, 0,
         0, 0, 0, 0, 0, 0, 0, 0, 0, 0, 0, 0, 0, 0, 0, 0, 0, 0, 0, 0, 0, 0, 0, 0,
         0, 0, 0, 0, 0, 0, 0, 0, 0, 0, 0, 0, 0, 0, 0, 0, 0, 0, 0, 0, 0, 0, 0, 0,
         0, 0, 0, 0, 0, 0, 0, 0, 0, 0, 0, 0, 0, 0, 0, 0, 0, 0, 0, 0, 0, 0, 0, 0,
         0, 0, 0],
        [1, 1, 1, 1, 1, 1, 1, 1, 1, 1, 1, 1, 1, 1, 1, 1, 1, 1, 1, 1, 1, 1, 1, 1,
         1, 1, 1, 1, 1, 1, 1, 1, 1, 1, 1, 1, 1, 1, 1, 1, 1, 1, 1, 1, 1, 1, 1, 1,
         1, 1, 1, 0, 0, 0, 0, 0, 0, 0, 0, 0, 0, 0, 0, 0, 0, 0, 0, 0, 0, 0, 0, 0,
         0, 0, 0, 0, 0, 0, 0, 0, 0, 0, 0, 0, 0, 0, 0, 0, 0, 0, 0, 0, 0, 0, 0, 0,
         0, 0, 0, 0, 0, 0, 0, 0, 0, 0, 0, 0, 0, 0, 0, 0, 0, 0, 0, 0, 0, 0, 0, 0,
         0, 0, 0],
        [1, 1, 1, 1, 1, 1, 1, 1, 1, 1, 1, 1, 1, 1, 1, 1, 1, 1, 1, 1, 1, 1, 1, 1,
         1, 1, 1, 1, 1, 1, 1, 1, 1, 1, 1, 1, 1, 1, 1, 1, 1, 1, 1, 1, 1, 1, 1, 1,
         1, 1, 1, 1, 1, 1, 1, 1, 1, 1, 1, 1, 1, 1, 1, 1, 1, 1, 1, 1, 1, 1, 1, 1,
         1, 1, 1, 1, 1, 1, 1, 1, 1, 1, 1, 1, 1, 1, 1, 1, 1, 1, 1, 0, 0, 0, 0, 0,
         0, 0, 0, 0, 0, 0, 0, 0, 0, 0, 0, 0, 0, 0, 0, 0, 0, 0, 0, 0, 0, 0, 0, 0,
         0, 0, 0],
        [1, 1, 1, 1, 1, 1, 1, 1, 1, 1, 1, 1, 1, 1, 1, 1, 1, 1, 1, 1, 1, 1, 1, 1,
         1, 1, 1, 1, 1, 1, 1, 1, 1, 1, 1, 1, 1, 1, 1, 0, 0, 0, 0, 0, 0, 0, 0, 0,
         0, 0, 0, 0, 0, 0, 0, 0, 0, 0, 0, 0, 0, 0, 0, 0, 0, 0, 0, 0, 0, 0, 0, 0,
         0, 0, 0, 0, 0, 0, 0, 0, 0, 0, 0, 0, 0, 0, 0, 0, 0, 0, 0, 0, 0, 0, 0, 0,
         0, 0, 0, 0, 0, 0, 0, 0, 0, 0, 0, 0, 0, 0, 0, 0, 0, 0, 0, 0, 0, 0, 0, 0,
         0, 0, 0],
        [1, 1, 1, 1, 1, 1, 1, 1, 1, 1, 1, 1, 1, 1, 1, 1, 1, 1, 1, 1, 1, 1, 1, 1,
         1, 1, 1, 1, 1, 1, 1, 1, 1, 1, 1, 1, 1, 1, 1, 1, 1, 1, 1, 1, 1, 1, 1, 1,
         1, 1, 1, 1, 1, 1, 1, 1, 1, 1, 1, 1, 1, 1, 1, 1, 1, 1, 1, 1, 1, 1, 1, 1,
         1, 1, 1, 1, 1, 0, 0, 0, 0, 0, 0, 0, 0, 0, 0, 0, 0, 0, 0, 0, 0, 0, 0, 0,
         0, 0, 0, 0, 0, 0, 0, 0, 0, 0, 0, 0, 0, 0, 0, 0, 0, 0, 0, 0, 0, 0, 0, 0,
         0, 0, 0],
        [1, 1, 1, 1, 1, 1, 1, 1, 1, 1, 1, 1, 1, 1, 1, 1, 1, 1, 1, 1, 1, 1, 1, 1,
         1, 1, 1, 1, 1, 1, 1, 1, 0, 0, 0, 0, 0, 0, 0, 0, 0, 0, 0, 0, 0, 0, 0, 0,
         0, 0, 0, 0, 0, 0, 0, 0, 0, 0, 0, 0, 0, 0, 0, 0, 0, 0, 0, 0, 0, 0, 0, 0,
         0, 0, 0, 0, 0, 0, 0, 0, 0, 0, 0, 0, 0, 0, 0, 0, 0, 0, 0, 0, 0, 0, 0, 0,
         0, 0, 0, 0, 0, 0, 0, 0, 0, 0, 0, 0, 0, 0, 0, 0, 0, 0, 0, 0, 0, 0, 0, 0,
         0, 0, 0],
        [1, 1, 1, 1, 1, 1, 1, 1, 1, 1, 1, 1, 1, 1, 1, 1, 1, 1, 1, 1, 1, 1, 1, 1,
         1, 1, 1, 1, 1, 1, 1, 1, 1, 1, 1, 1, 1, 1, 1, 1, 1, 1, 1, 1, 1, 1, 1, 1,
         1, 1, 1, 1, 1, 1, 1, 1, 1, 1, 1, 1, 1, 1, 1, 1, 1, 1, 1, 1, 1, 1, 1, 1,
         1, 1, 1, 1, 1, 1, 1, 1, 1, 1, 1, 1, 1, 1, 1, 1, 1, 1, 0, 0, 0, 0, 0, 0,
         0, 0, 0, 0, 0, 0, 0, 0, 0, 0, 0, 0, 0, 0, 0, 0, 0, 0, 0, 0, 0, 0, 0, 0,
         0, 0, 0],
        [1, 1, 1, 1, 1, 1, 1, 1, 1, 1, 1, 1, 1, 1, 1, 1, 1, 1, 1, 1, 1, 1, 1, 1,
         1, 1, 1, 1, 1, 1, 1, 1, 1, 1, 1, 1, 1, 1, 1, 1, 1, 1, 1, 1, 1, 1, 1, 1,
         1, 1, 1, 1, 1, 1, 1, 1, 1, 1, 1, 1, 1, 1, 1, 1, 1, 1, 1, 1, 1, 1, 1, 1,
         1, 1, 1, 1, 1, 1, 1, 1, 1, 1, 1, 1, 1, 1, 1, 1, 1, 1, 1, 1, 1, 1, 0, 0,
         0, 0, 0, 0, 0, 0, 0, 0, 0, 0, 0, 0, 0, 0, 0, 0, 0, 0, 0, 0, 0, 0, 0, 0,
         0, 0, 0]], device='cuda:0')
logits:
tensor([[ 0.0085],
        [ 0.0327],
        [-0.0082],
        [-0.0013],
        [-0.0066],
        [ 0.0067],
        [ 0.0038],
        [ 0.0059],
        [ 0.0070],
        [-0.0063],
        [-0.0124],
        [-0.0087],
        [ 0.0247],
        [ 0.0072],
        [ 0.0254],
        [-0.0135]], device='cuda:0', grad_fn=<SumBackward1>), shape:
torch.Size([16, 1])
positive_energy:
torch.Size([8])
negative_energy:
torch.Size([8])
argmax_logit:
tensor([0, 0, 0, 0, 0, 0, 0, 0, 0, 0, 0, 0, 0, 0, 0, 0], device='cuda:0')
max_logit:
tensor([ 0.0085,  0.0327, -0.0082, -0.0013, -0.0066,  0.0067,  0.0038,  0.0059,
         0.0070, -0.0063, -0.0124, -0.0087,  0.0247,  0.0072,  0.0254, -0.0135],
       device='cuda:0', grad_fn=<SqueezeBackward1>)

====================

input_ids:
tensor([[     1,   1729,    294,  26003,    284,    266,    465,    265,   5878,
            262,   1447,    280,    268,   1228,    302,    336,    294,  26003,
            269,    266,    707,    267,   1252,    406,   4146,    260,  25005,
          56623,    284,    299,   3297,   3403,   1137,    267,    339,    269,
            394,  26003,    260,   5878,    262,   1447,  19735,    315,   6700,
            267,  25005,  56623,    277,    315,    384,    264,  24034,    260,
           5878,    262,   1447,   6824,  37533,    263,  22457,  24034,    416,
           5647,    315,  10990,    260,    953,   2669,   2669,   2669,   1595,
            260,      2,      2,      2,      2,      2,      2,      2,      2,
              2,      2,      2,      2,      2,      2,      2,      2,      2,
              2,      2,      2,      2,      2,      2,      2,      2,      2,
              2,      2,      2,      2,      2,      2,      2,      2,      2,
              2,      2,      2,      2,      2,      2,      2,      2,      2,
              2,      2,      2,      2,      2,      2],
        [     1,   1729,    294,   4638,   8235,  31012,    280,    268,    370,
           2167,   1470,    632,    331,    267,    299,  15317,   2036,    663,
            302,    336,    294,   8235,  31012,    269,    756,    270,    315,
            612,    307,    635,  42735,    265,   3555,  63258,    261,    309,
            319,    830,    262,   1470,   3173,  60940,    260,   3173,  60940,
            269,    266,   5367,   1470,    267,   8235,  31012,    280,    268,
            885,    261,   1601,    267,    307,    635,  42735,    265,   3555,
          63258,    260,    309,  15317,   2036,    269,    266,   1796,   6704,
            756,    270,    342,   3930,    267,    847,   3107,    263,   2835,
            813,    260,      2,      2,      2,      2,      2,      2,      2,
              2,      2,      2,      2,      2,      2,      2,      2,      2,
              2,      2,      2,      2,      2,      2,      2,      2,      2,
              2,      2,      2,      2,      2,      2,      2,      2,      2,
              2,      2,      2,      2,      2,      2],
        [     1,   1729,    294,   1194,    266,   2164,  18828,    612,   6588,
            478,    266,   6588,  30627,    302,    336,    294,    336,    294,
           3284,  20440,    281,   6342,  32171,    272,    685,    267,    262,
           4383,    260,   3284,  20440,    333,    298,    286,    262,   1468,
           5890,    264,   1229,    289,    380,    266,   6588,  30627,    260,
            450,   1838,    262,   1241,  16151,    263,  44782,    264,  13385,
           3296,    334,   3691,    333,    260,      2,      2,      2,      2,
              2,      2,      2,      2,      2,      2,      2,      2,      2,
              2,      2,      2,      2,      2,      2,      2,      2,      2,
              2,      2,      2,      2,      2,      2,      2,      2,      2,
              2,      2,      2,      2,      2,      2,      2,      2,      2,
              2,      2,      2,      2,      2,      2,      2,      2,      2,
              2,      2,      2,      2,      2,      2,      2,      2,      2,
              2,      2,      2,      2,      2,      2],
        [     1,   1729,    294,    771,  11929,    355,   1248,    264,    262,
           4358,   9700,   5112,    611,    302,    336,    294,    279,   4358,
           9700,   5112,    269,    311,    265,    262,    370,   1123,   5997,
           4393,    267,    262,   2222,    260,  25144,    269,    611,   2044,
            293,   3567,   4399,    260,    953,   2669,   2669,   2669,   1595,
            260,      2,      2,      2,      2,      2,      2,      2,      2,
              2,      2,      2,      2,      2,      2,      2,      2,      2,
              2,      2,      2,      2,      2,      2,      2,      2,      2,
              2,      2,      2,      2,      2,      2,      2,      2,      2,
              2,      2,      2,      2,      2,      2,      2,      2,      2,
              2,      2,      2,      2,      2,      2,      2,      2,      2,
              2,      2,      2,      2,      2,      2,      2,      2,      2,
              2,      2,      2,      2,      2,      2,      2,      2,      2,
              2,      2,      2,      2,      2,      2],
        [     1,   1729,    294,   3549,    278,    282,   1019,    264,    433,
            266,  36171,    267,   4618,    302,    336,    294,    336,    294,
          24702,    281,   3576,    505,    267,    262,   3511,  32145,    261,
            869,    267,  24169,    263,   2911,   7080,    260,   1258,   2260,
            265,  34689,    281,   8033,    264,   1762,  29182,    263,    281,
            298,   3276,    264,   7176,   3791,    260,      2,      2,      2,
              2,      2,      2,      2,      2,      2,      2,      2,      2,
              2,      2,      2,      2,      2,      2,      2,      2,      2,
              2,      2,      2,      2,      2,      2,      2,      2,      2,
              2,      2,      2,      2,      2,      2,      2,      2,      2,
              2,      2,      2,      2,      2,      2,      2,      2,      2,
              2,      2,      2,      2,      2,      2,      2,      2,      2,
              2,      2,      2,      2,      2,      2,      2,      2,      2,
              2,      2,      2,      2,      2,      2],
        [     1,   1729,    294,  26003,    284,    266,    465,    265,   5878,
            262,   1447,    280,    268,   1228,    302,    336,    294,  26003,
            269,    266,    707,    267,   1252,    271,   1900,   4146,    260,
          25005,  56623,    284,    299,   3297,   3403,   1137,    267,    339,
            269,    394,  26003,    260,   5878,    262,   1447,  19735,    315,
           6700,    267,  25005,  56623,    277,    315,    384,    264,  24034,
            260,    953,   2669,   2669,   2669,    585,    260,      2,      2,
              2,      2,      2,      2,      2,      2,      2,      2,      2,
              2,      2,      2,      2,      2,      2,      2,      2,      2,
              2,      2,      2,      2,      2,      2,      2,      2,      2,
              2,      2,      2,      2,      2,      2,      2,      2,      2,
              2,      2,      2,      2,      2,      2,      2,      2,      2,
              2,      2,      2,      2,      2,      2,      2,      2,      2,
              2,      2,      2,      2,      2,      2],
        [     1,   1729,    294,   5047,    760,    275,   1399,   3434,    719,
            808,   1591,    292,    299,   9436,   6125,   4709,    302,    336,
            294,   7227,   3434,    719,   3960,    570,    536,    261,   5964,
           5247,    334,   3111,    289,  11491,    260,    279,   1264,   6125,
           4709,    269,    972,    264,    282,    427,    293,    760,    497,
            356,   3434,    719,    808,    260,    443,    281,   5054,  23951,
            270,   1337,   1361,    265,   6431,    260,      2,      2,      2,
              2,      2,      2,      2,      2,      2,      2,      2,      2,
              2,      2,      2,      2,      2,      2,      2,      2,      2,
              2,      2,      2,      2,      2,      2,      2,      2,      2,
              2,      2,      2,      2,      2,      2,      2,      2,      2,
              2,      2,      2,      2,      2,      2,      2,      2,      2,
              2,      2,      2,      2,      2,      2,      2,      2,      2,
              2,      2,      2,      2,      2,      2],
        [     1,   1729,    294,   2709,   5084,  21476,    365,    266,   3474,
            288,    262,   5986,    335,    278,    284,   1315,    302,    336,
            294,   5084,  21476,    284,   1315,    267,   9717,    260,   5084,
          21476,    284,   1920,    277,    266,   1753,    265,   2407,    419,
           4895,    261,    528,    260,      2,      2,      2,      2,      2,
              2,      2,      2,      2,      2,      2,      2,      2,      2,
              2,      2,      2,      2,      2,      2,      2,      2,      2,
              2,      2,      2,      2,      2,      2,      2,      2,      2,
              2,      2,      2,      2,      2,      2,      2,      2,      2,
              2,      2,      2,      2,      2,      2,      2,      2,      2,
              2,      2,      2,      2,      2,      2,      2,      2,      2,
              2,      2,      2,      2,      2,      2,      2,      2,      2,
              2,      2,      2,      2,      2,      2,      2,      2,      2,
              2,      2,      2,      2,      2,      2],
        [     1,   1729,    294,   1887,   7316,   6962,    282,  61626,    364,
            704,    482,   1083,   1002,    280,    268,    362,   1384,    302,
            336,    294,   7316,   6962,    269,    266,   3809,    263,   7538,
           6203,   1137,    267,   7316,    261,   2392,    260,   7316,   6962,
            284,   1797,    267,  13650,    263,    303,  17699,    656,  76525,
           2422,    515,    393,    260,      2,      2,      2,      2,      2,
              2,      2,      2,      2,      2,      2,      2,      2,      2,
              2,      2,      2,      2,      2,      2,      2,      2,      2,
              2,      2,      2,      2,      2,      2,      2,      2,      2,
              2,      2,      2,      2,      2,      2,      2,      2,      2,
              2,      2,      2,      2,      2,      2,      2,      2,      2,
              2,      2,      2,      2,      2,      2,      2,      2,      2,
              2,      2,      2,      2,      2,      2,      2,      2,      2,
              2,      2,      2,      2,      2,      2],
        [     1,   1729,    294,   4045,   5189,  14093,    266,  18272,    265,
          43386,    302,    336,    294,   5189,  14093,    284,    266,   3881,
          32487,    260,  90816,    269,    262,   5026,    265,   4312,    267,
            266,   2609,    608,    260,      2,      2,      2,      2,      2,
              2,      2,      2,      2,      2,      2,      2,      2,      2,
              2,      2,      2,      2,      2,      2,      2,      2,      2,
              2,      2,      2,      2,      2,      2,      2,      2,      2,
              2,      2,      2,      2,      2,      2,      2,      2,      2,
              2,      2,      2,      2,      2,      2,      2,      2,      2,
              2,      2,      2,      2,      2,      2,      2,      2,      2,
              2,      2,      2,      2,      2,      2,      2,      2,      2,
              2,      2,      2,      2,      2,      2,      2,      2,      2,
              2,      2,      2,      2,      2,      2,      2,      2,      2,
              2,      2,      2,      2,      2,      2],
        [     1,   1729,    294,   4045,   5189,  14093,    266,  18272,    265,
          43386,    302,    336,    294,   5189,  14093,    284,    266,   3881,
          32487,    260,  90816,    269,    262,   5026,    265,   4312,    267,
            266,   2609,    608,    260,  16927,    770,    267,    262,   4020,
          11214,    261,    319,    269,    266,   5190,    265,    627,    260,
              2,      2,      2,      2,      2,      2,      2,      2,      2,
              2,      2,      2,      2,      2,      2,      2,      2,      2,
              2,      2,      2,      2,      2,      2,      2,      2,      2,
              2,      2,      2,      2,      2,      2,      2,      2,      2,
              2,      2,      2,      2,      2,      2,      2,      2,      2,
              2,      2,      2,      2,      2,      2,      2,      2,      2,
              2,      2,      2,      2,      2,      2,      2,      2,      2,
              2,      2,      2,      2,      2,      2,      2,      2,      2,
              2,      2,      2,      2,      2,      2],
        [     1,   1729,    294,    771,  11929,    355,   1248,    264,    262,
           4358,   9700,   5112,    611,    302,    336,    294, 110163,    355,
            372,   2603,    321,   1536,    272,  23068,    275,    308,   3582,
            289,    531,    266,   1100,    265,  27199,    260,    279,   4358,
           9700,   5112,    269,    266,    371,    271,   4748,  11395,    267,
           1395,   3619,    261,   1482,    260,    325,    269,    266,   1123,
           6182,   3508,    261,  12471,    386,   2369,    261,    500,    421,
            328,    372,    282,   1439,  11929,    260,      2,      2,      2,
              2,      2,      2,      2,      2,      2,      2,      2,      2,
              2,      2,      2,      2,      2,      2,      2,      2,      2,
              2,      2,      2,      2,      2,      2,      2,      2,      2,
              2,      2,      2,      2,      2,      2,      2,      2,      2,
              2,      2,      2,      2,      2,      2,      2,      2,      2,
              2,      2,      2,      2,      2,      2],
        [     1,   1729,    294,   1194,    266,   2164,  18828,    612,   6588,
            478,    266,   6588,  30627,    302,    336,    294,    264,    612,
           6588,    261,    266,    857,    271,   2207,    721,    269,    858,
            264,   2497,   1229,    262,   6588,  30627,   2164,  20440,    286,
          85854,    263,    298,    857,    271,   2207,   1312,    953,   2669,
           2669,   2669,    585,    260,      2,      2,      2,      2,      2,
              2,      2,      2,      2,      2,      2,      2,      2,      2,
              2,      2,      2,      2,      2,      2,      2,      2,      2,
              2,      2,      2,      2,      2,      2,      2,      2,      2,
              2,      2,      2,      2,      2,      2,      2,      2,      2,
              2,      2,      2,      2,      2,      2,      2,      2,      2,
              2,      2,      2,      2,      2,      2,      2,      2,      2,
              2,      2,      2,      2,      2,      2,      2,      2,      2,
              2,      2,      2,      2,      2,      2],
        [     1,   1729,    294,   1194,   9522,   1248,    264,    262,  14825,
            465,    265,    262,   1552,   3284,    302,    336,    294,    279,
           1552,   3284,    303,    266,   2380,   3613,    265,    314,    392,
            261,  24771,   5580,    287,    819,    261,  36511,   1526,    285,
            260,  57339,    295,  19641,    529,    264,    266,    991,   3613,
            261,    304,    359,   6764,  13994,    275,   3613,    260,    279,
           2380,   3613,    265,    262,   1552,   3284,    269,   1318,    261,
            263,   1703,    553,    272,   9522,    295,    364,  19641,    264,
            314,   2290,   5580,    287,  46924,   1526,    285,    267,    913,
            529,    260,      2,      2,      2,      2,      2,      2,      2,
              2,      2,      2,      2,      2,      2,      2,      2,      2,
              2,      2,      2,      2,      2,      2,      2,      2,      2,
              2,      2,      2,      2,      2,      2,      2,      2,      2,
              2,      2,      2,      2,      2,      2],
        [     1,   1729,    294,   5047,    262,  17546,   4077,  96484,   5426,
          21176,  24994,    280,    268,    556,    302,    336,    294,    279,
          17546,   4077,    269,    266,   3881,   2765,    556,   3679,    267,
            262,    737,    989,    474,   1880,    261,    756,    270,    359,
           5560,    277,  16390,    263,   2018,    260,    279,   4077,    265,
          21176,  24994,    261,    327,    756,    283,    262,  13395,   3505,
           5191,    261,    284,   1839,    267,    262,    762,    474,   1880,
            264,    531,    599,    270,   3808,    263,   3982,  27891,    267,
            262,   4020,   4107,    260,    279,  17546,   4077,    263,    262,
          13395,   3505,   5191,    286,    467,   8864,    263,   2928,  15171,
            260,    953,   2669,   2669,   2669,    585,    260,      2,      2,
              2,      2,      2,      2,      2,      2,      2,      2,      2,
              2,      2,      2,      2,      2,      2,      2,      2,      2,
              2,      2,      2,      2,      2,      2],
        [     1,   1729,    294,   5047,    266,   2780,  23525,    527,   2665,
            475,    631,    267,    266,    777,    395,    302,    336,    294,
            336,    294,    279,   2780,  23525,    269,    266,   2260,    265,
           3022,  13732,    505,    267,   2332,   2875,    263,    262,  37024,
            260,      2,      2,      2,      2,      2,      2,      2,      2,
              2,      2,      2,      2,      2,      2,      2,      2,      2,
              2,      2,      2,      2,      2,      2,      2,      2,      2,
              2,      2,      2,      2,      2,      2,      2,      2,      2,
              2,      2,      2,      2,      2,      2,      2,      2,      2,
              2,      2,      2,      2,      2,      2,      2,      2,      2,
              2,      2,      2,      2,      2,      2,      2,      2,      2,
              2,      2,      2,      2,      2,      2,      2,      2,      2,
              2,      2,      2,      2,      2,      2,      2,      2,      2,
              2,      2,      2,      2,      2,      2]], device='cuda:0')
input_id_shape: torch.Size([16, 123])
attention_mask:
tensor([[1, 1, 1, 1, 1, 1, 1, 1, 1, 1, 1, 1, 1, 1, 1, 1, 1, 1, 1, 1, 1, 1, 1, 1,
         1, 1, 1, 1, 1, 1, 1, 1, 1, 1, 1, 1, 1, 1, 1, 1, 1, 1, 1, 1, 1, 1, 1, 1,
         1, 1, 1, 1, 1, 1, 1, 1, 1, 1, 1, 1, 1, 1, 1, 1, 1, 1, 1, 1, 1, 1, 1, 1,
         1, 1, 0, 0, 0, 0, 0, 0, 0, 0, 0, 0, 0, 0, 0, 0, 0, 0, 0, 0, 0, 0, 0, 0,
         0, 0, 0, 0, 0, 0, 0, 0, 0, 0, 0, 0, 0, 0, 0, 0, 0, 0, 0, 0, 0, 0, 0, 0,
         0, 0, 0],
        [1, 1, 1, 1, 1, 1, 1, 1, 1, 1, 1, 1, 1, 1, 1, 1, 1, 1, 1, 1, 1, 1, 1, 1,
         1, 1, 1, 1, 1, 1, 1, 1, 1, 1, 1, 1, 1, 1, 1, 1, 1, 1, 1, 1, 1, 1, 1, 1,
         1, 1, 1, 1, 1, 1, 1, 1, 1, 1, 1, 1, 1, 1, 1, 1, 1, 1, 1, 1, 1, 1, 1, 1,
         1, 1, 1, 1, 1, 1, 1, 1, 1, 1, 1, 1, 0, 0, 0, 0, 0, 0, 0, 0, 0, 0, 0, 0,
         0, 0, 0, 0, 0, 0, 0, 0, 0, 0, 0, 0, 0, 0, 0, 0, 0, 0, 0, 0, 0, 0, 0, 0,
         0, 0, 0],
        [1, 1, 1, 1, 1, 1, 1, 1, 1, 1, 1, 1, 1, 1, 1, 1, 1, 1, 1, 1, 1, 1, 1, 1,
         1, 1, 1, 1, 1, 1, 1, 1, 1, 1, 1, 1, 1, 1, 1, 1, 1, 1, 1, 1, 1, 1, 1, 1,
         1, 1, 1, 1, 1, 1, 1, 1, 1, 1, 1, 1, 0, 0, 0, 0, 0, 0, 0, 0, 0, 0, 0, 0,
         0, 0, 0, 0, 0, 0, 0, 0, 0, 0, 0, 0, 0, 0, 0, 0, 0, 0, 0, 0, 0, 0, 0, 0,
         0, 0, 0, 0, 0, 0, 0, 0, 0, 0, 0, 0, 0, 0, 0, 0, 0, 0, 0, 0, 0, 0, 0, 0,
         0, 0, 0],
        [1, 1, 1, 1, 1, 1, 1, 1, 1, 1, 1, 1, 1, 1, 1, 1, 1, 1, 1, 1, 1, 1, 1, 1,
         1, 1, 1, 1, 1, 1, 1, 1, 1, 1, 1, 1, 1, 1, 1, 1, 1, 1, 1, 1, 1, 1, 1, 0,
         0, 0, 0, 0, 0, 0, 0, 0, 0, 0, 0, 0, 0, 0, 0, 0, 0, 0, 0, 0, 0, 0, 0, 0,
         0, 0, 0, 0, 0, 0, 0, 0, 0, 0, 0, 0, 0, 0, 0, 0, 0, 0, 0, 0, 0, 0, 0, 0,
         0, 0, 0, 0, 0, 0, 0, 0, 0, 0, 0, 0, 0, 0, 0, 0, 0, 0, 0, 0, 0, 0, 0, 0,
         0, 0, 0],
        [1, 1, 1, 1, 1, 1, 1, 1, 1, 1, 1, 1, 1, 1, 1, 1, 1, 1, 1, 1, 1, 1, 1, 1,
         1, 1, 1, 1, 1, 1, 1, 1, 1, 1, 1, 1, 1, 1, 1, 1, 1, 1, 1, 1, 1, 1, 1, 1,
         1, 1, 1, 1, 0, 0, 0, 0, 0, 0, 0, 0, 0, 0, 0, 0, 0, 0, 0, 0, 0, 0, 0, 0,
         0, 0, 0, 0, 0, 0, 0, 0, 0, 0, 0, 0, 0, 0, 0, 0, 0, 0, 0, 0, 0, 0, 0, 0,
         0, 0, 0, 0, 0, 0, 0, 0, 0, 0, 0, 0, 0, 0, 0, 0, 0, 0, 0, 0, 0, 0, 0, 0,
         0, 0, 0],
        [1, 1, 1, 1, 1, 1, 1, 1, 1, 1, 1, 1, 1, 1, 1, 1, 1, 1, 1, 1, 1, 1, 1, 1,
         1, 1, 1, 1, 1, 1, 1, 1, 1, 1, 1, 1, 1, 1, 1, 1, 1, 1, 1, 1, 1, 1, 1, 1,
         1, 1, 1, 1, 1, 1, 1, 1, 1, 1, 1, 1, 1, 1, 0, 0, 0, 0, 0, 0, 0, 0, 0, 0,
         0, 0, 0, 0, 0, 0, 0, 0, 0, 0, 0, 0, 0, 0, 0, 0, 0, 0, 0, 0, 0, 0, 0, 0,
         0, 0, 0, 0, 0, 0, 0, 0, 0, 0, 0, 0, 0, 0, 0, 0, 0, 0, 0, 0, 0, 0, 0, 0,
         0, 0, 0],
        [1, 1, 1, 1, 1, 1, 1, 1, 1, 1, 1, 1, 1, 1, 1, 1, 1, 1, 1, 1, 1, 1, 1, 1,
         1, 1, 1, 1, 1, 1, 1, 1, 1, 1, 1, 1, 1, 1, 1, 1, 1, 1, 1, 1, 1, 1, 1, 1,
         1, 1, 1, 1, 1, 1, 1, 1, 1, 1, 1, 1, 1, 0, 0, 0, 0, 0, 0, 0, 0, 0, 0, 0,
         0, 0, 0, 0, 0, 0, 0, 0, 0, 0, 0, 0, 0, 0, 0, 0, 0, 0, 0, 0, 0, 0, 0, 0,
         0, 0, 0, 0, 0, 0, 0, 0, 0, 0, 0, 0, 0, 0, 0, 0, 0, 0, 0, 0, 0, 0, 0, 0,
         0, 0, 0],
        [1, 1, 1, 1, 1, 1, 1, 1, 1, 1, 1, 1, 1, 1, 1, 1, 1, 1, 1, 1, 1, 1, 1, 1,
         1, 1, 1, 1, 1, 1, 1, 1, 1, 1, 1, 1, 1, 1, 1, 1, 1, 0, 0, 0, 0, 0, 0, 0,
         0, 0, 0, 0, 0, 0, 0, 0, 0, 0, 0, 0, 0, 0, 0, 0, 0, 0, 0, 0, 0, 0, 0, 0,
         0, 0, 0, 0, 0, 0, 0, 0, 0, 0, 0, 0, 0, 0, 0, 0, 0, 0, 0, 0, 0, 0, 0, 0,
         0, 0, 0, 0, 0, 0, 0, 0, 0, 0, 0, 0, 0, 0, 0, 0, 0, 0, 0, 0, 0, 0, 0, 0,
         0, 0, 0],
        [1, 1, 1, 1, 1, 1, 1, 1, 1, 1, 1, 1, 1, 1, 1, 1, 1, 1, 1, 1, 1, 1, 1, 1,
         1, 1, 1, 1, 1, 1, 1, 1, 1, 1, 1, 1, 1, 1, 1, 1, 1, 1, 1, 1, 1, 1, 1, 1,
         1, 1, 0, 0, 0, 0, 0, 0, 0, 0, 0, 0, 0, 0, 0, 0, 0, 0, 0, 0, 0, 0, 0, 0,
         0, 0, 0, 0, 0, 0, 0, 0, 0, 0, 0, 0, 0, 0, 0, 0, 0, 0, 0, 0, 0, 0, 0, 0,
         0, 0, 0, 0, 0, 0, 0, 0, 0, 0, 0, 0, 0, 0, 0, 0, 0, 0, 0, 0, 0, 0, 0, 0,
         0, 0, 0],
        [1, 1, 1, 1, 1, 1, 1, 1, 1, 1, 1, 1, 1, 1, 1, 1, 1, 1, 1, 1, 1, 1, 1, 1,
         1, 1, 1, 1, 1, 1, 1, 1, 0, 0, 0, 0, 0, 0, 0, 0, 0, 0, 0, 0, 0, 0, 0, 0,
         0, 0, 0, 0, 0, 0, 0, 0, 0, 0, 0, 0, 0, 0, 0, 0, 0, 0, 0, 0, 0, 0, 0, 0,
         0, 0, 0, 0, 0, 0, 0, 0, 0, 0, 0, 0, 0, 0, 0, 0, 0, 0, 0, 0, 0, 0, 0, 0,
         0, 0, 0, 0, 0, 0, 0, 0, 0, 0, 0, 0, 0, 0, 0, 0, 0, 0, 0, 0, 0, 0, 0, 0,
         0, 0, 0],
        [1, 1, 1, 1, 1, 1, 1, 1, 1, 1, 1, 1, 1, 1, 1, 1, 1, 1, 1, 1, 1, 1, 1, 1,
         1, 1, 1, 1, 1, 1, 1, 1, 1, 1, 1, 1, 1, 1, 1, 1, 1, 1, 1, 1, 1, 1, 0, 0,
         0, 0, 0, 0, 0, 0, 0, 0, 0, 0, 0, 0, 0, 0, 0, 0, 0, 0, 0, 0, 0, 0, 0, 0,
         0, 0, 0, 0, 0, 0, 0, 0, 0, 0, 0, 0, 0, 0, 0, 0, 0, 0, 0, 0, 0, 0, 0, 0,
         0, 0, 0, 0, 0, 0, 0, 0, 0, 0, 0, 0, 0, 0, 0, 0, 0, 0, 0, 0, 0, 0, 0, 0,
         0, 0, 0],
        [1, 1, 1, 1, 1, 1, 1, 1, 1, 1, 1, 1, 1, 1, 1, 1, 1, 1, 1, 1, 1, 1, 1, 1,
         1, 1, 1, 1, 1, 1, 1, 1, 1, 1, 1, 1, 1, 1, 1, 1, 1, 1, 1, 1, 1, 1, 1, 1,
         1, 1, 1, 1, 1, 1, 1, 1, 1, 1, 1, 1, 1, 1, 1, 1, 1, 1, 1, 1, 1, 1, 0, 0,
         0, 0, 0, 0, 0, 0, 0, 0, 0, 0, 0, 0, 0, 0, 0, 0, 0, 0, 0, 0, 0, 0, 0, 0,
         0, 0, 0, 0, 0, 0, 0, 0, 0, 0, 0, 0, 0, 0, 0, 0, 0, 0, 0, 0, 0, 0, 0, 0,
         0, 0, 0],
        [1, 1, 1, 1, 1, 1, 1, 1, 1, 1, 1, 1, 1, 1, 1, 1, 1, 1, 1, 1, 1, 1, 1, 1,
         1, 1, 1, 1, 1, 1, 1, 1, 1, 1, 1, 1, 1, 1, 1, 1, 1, 1, 1, 1, 1, 1, 1, 1,
         1, 1, 0, 0, 0, 0, 0, 0, 0, 0, 0, 0, 0, 0, 0, 0, 0, 0, 0, 0, 0, 0, 0, 0,
         0, 0, 0, 0, 0, 0, 0, 0, 0, 0, 0, 0, 0, 0, 0, 0, 0, 0, 0, 0, 0, 0, 0, 0,
         0, 0, 0, 0, 0, 0, 0, 0, 0, 0, 0, 0, 0, 0, 0, 0, 0, 0, 0, 0, 0, 0, 0, 0,
         0, 0, 0],
        [1, 1, 1, 1, 1, 1, 1, 1, 1, 1, 1, 1, 1, 1, 1, 1, 1, 1, 1, 1, 1, 1, 1, 1,
         1, 1, 1, 1, 1, 1, 1, 1, 1, 1, 1, 1, 1, 1, 1, 1, 1, 1, 1, 1, 1, 1, 1, 1,
         1, 1, 1, 1, 1, 1, 1, 1, 1, 1, 1, 1, 1, 1, 1, 1, 1, 1, 1, 1, 1, 1, 1, 1,
         1, 1, 1, 1, 1, 1, 1, 1, 1, 1, 1, 1, 0, 0, 0, 0, 0, 0, 0, 0, 0, 0, 0, 0,
         0, 0, 0, 0, 0, 0, 0, 0, 0, 0, 0, 0, 0, 0, 0, 0, 0, 0, 0, 0, 0, 0, 0, 0,
         0, 0, 0],
        [1, 1, 1, 1, 1, 1, 1, 1, 1, 1, 1, 1, 1, 1, 1, 1, 1, 1, 1, 1, 1, 1, 1, 1,
         1, 1, 1, 1, 1, 1, 1, 1, 1, 1, 1, 1, 1, 1, 1, 1, 1, 1, 1, 1, 1, 1, 1, 1,
         1, 1, 1, 1, 1, 1, 1, 1, 1, 1, 1, 1, 1, 1, 1, 1, 1, 1, 1, 1, 1, 1, 1, 1,
         1, 1, 1, 1, 1, 1, 1, 1, 1, 1, 1, 1, 1, 1, 1, 1, 1, 1, 1, 1, 1, 1, 1, 1,
         1, 1, 0, 0, 0, 0, 0, 0, 0, 0, 0, 0, 0, 0, 0, 0, 0, 0, 0, 0, 0, 0, 0, 0,
         0, 0, 0],
        [1, 1, 1, 1, 1, 1, 1, 1, 1, 1, 1, 1, 1, 1, 1, 1, 1, 1, 1, 1, 1, 1, 1, 1,
         1, 1, 1, 1, 1, 1, 1, 1, 1, 1, 1, 1, 1, 1, 0, 0, 0, 0, 0, 0, 0, 0, 0, 0,
         0, 0, 0, 0, 0, 0, 0, 0, 0, 0, 0, 0, 0, 0, 0, 0, 0, 0, 0, 0, 0, 0, 0, 0,
         0, 0, 0, 0, 0, 0, 0, 0, 0, 0, 0, 0, 0, 0, 0, 0, 0, 0, 0, 0, 0, 0, 0, 0,
         0, 0, 0, 0, 0, 0, 0, 0, 0, 0, 0, 0, 0, 0, 0, 0, 0, 0, 0, 0, 0, 0, 0, 0,
         0, 0, 0]], device='cuda:0')
logits:
tensor([[ 0.0178],
        [ 0.0004],
        [-0.0054],
        [ 0.0022],
        [ 0.0119],
        [ 0.0239],
        [-0.0178],
        [ 0.0090],
        [ 0.0247],
        [-0.0031],
        [-0.0031],
        [ 0.0305],
        [-0.0108],
        [-0.0033],
        [ 0.0066],
        [ 0.0187]], device='cuda:0', grad_fn=<SumBackward1>), shape:
torch.Size([16, 1])
positive_energy:
torch.Size([7])
negative_energy:
torch.Size([9])
argmax_logit:
tensor([0, 0, 0, 0, 0, 0, 0, 0, 0, 0, 0, 0, 0, 0, 0, 0], device='cuda:0')
max_logit:
tensor([ 0.0178,  0.0004, -0.0054,  0.0022,  0.0119,  0.0239, -0.0178,  0.0090,
         0.0247, -0.0031, -0.0031,  0.0305, -0.0108, -0.0033,  0.0066,  0.0187],
       device='cuda:0', grad_fn=<SqueezeBackward1>)

====================

input_ids:
tensor([[     1,   1729,    294,   3549,    262,   1210,    733,    495,    433,
           4121,  53793,    280,    268,    425,    264,    282,    461,    536,
            302,    336,    294,    279,   1210,    733,    495,    303,    314,
            404,    355,    267,    278,    260,      2,      2,      2,      2,
              2,      2,      2,      2,      2,      2,      2,      2,      2,
              2,      2,      2,      2,      2,      2,      2,      2,      2,
              2,      2,      2,      2,      2,      2,      2,      2,      2,
              2,      2,      2,      2,      2,      2,      2,      2,      2,
              2,      2,      2,      2,      2,      2,      2,      2,      2,
              2,      2,      2,      2,      2,      2,      2,      2,      2,
              2,      2,      2,      2,      2,      2,      2,      2,      2,
              2,      2,      2,      2,      2,      2,      2,      2,      2,
              2,      2,      2,      2,      2,      2,      2,      2,      2,
              2,      2,      2,      2,      2,      2],
        [     1,   1729,    294,   2709,  32499,  20169,    649,  38405,    632,
            957,  59929,   2440,    438,    306,    462,    968,    262,   1022,
            265,   1083,    302,    336,    294,  32499,  20169,    649,  38405,
            284,    262,   1083,    265,   2378,    292,   8925,    264,   4987,
            260,   9248,   2440,    284,    262,   1083,    265,    262,    780,
           1017,    292,   1812,    264,    798,    260,  32499,  20169,    649,
          38405,    280,    268,  11820,   2026,    267,   4987,    261,    438,
           9248,   2440,    280,    268,  11820,   1196,    267,   1812,    260,
           3089,    261,    306,    332,    518,    267,    832,    288,    262,
            454,    326,    260,      2,      2,      2,      2,      2,      2,
              2,      2,      2,      2,      2,      2,      2,      2,      2,
              2,      2,      2,      2,      2,      2,      2,      2,      2,
              2,      2,      2,      2,      2,      2,      2,      2,      2,
              2,      2,      2,      2,      2,      2],
        [     1,   1729,    294,   3549,  46208,  54868,   1647,    270,   2786,
         110322,    302,    336,    294,  46208,  54868,    269,    299,    733,
           6704,    756,    270,    342,    374,    267,   2835,    263,    933,
            260,      2,      2,      2,      2,      2,      2,      2,      2,
              2,      2,      2,      2,      2,      2,      2,      2,      2,
              2,      2,      2,      2,      2,      2,      2,      2,      2,
              2,      2,      2,      2,      2,      2,      2,      2,      2,
              2,      2,      2,      2,      2,      2,      2,      2,      2,
              2,      2,      2,      2,      2,      2,      2,      2,      2,
              2,      2,      2,      2,      2,      2,      2,      2,      2,
              2,      2,      2,      2,      2,      2,      2,      2,      2,
              2,      2,      2,      2,      2,      2,      2,      2,      2,
              2,      2,      2,      2,      2,      2,      2,      2,      2,
              2,      2,      2,      2,      2,      2],
        [     1,   1729,    294,   1194,    266,   1220,    277,   1210,    286,
            266,   1483,    416,   8099,   4637,  19609,    302,    336,    294,
            336,    294,    279,   1210,    857,  42615,    926,    270,    266,
           1220,    269,    314,    712,    740,    287,  32209,   1297,   1033,
            285,    260,  20349,   2518,   1046,    314,    453,    264,    525,
            740,    264,   1618,    292,   4637,    264,   8839,    261,   2719,
            277,    262,   1261,    263,   1479,   1232,    260,      2,      2,
              2,      2,      2,      2,      2,      2,      2,      2,      2,
              2,      2,      2,      2,      2,      2,      2,      2,      2,
              2,      2,      2,      2,      2,      2,      2,      2,      2,
              2,      2,      2,      2,      2,      2,      2,      2,      2,
              2,      2,      2,      2,      2,      2,      2,      2,      2,
              2,      2,      2,      2,      2,      2,      2,      2,      2,
              2,      2,      2,      2,      2,      2],
        [     1,   1729,    294,   3549,    278,    282,   1019,    264,    433,
            266,  36171,    267,   4618,    302,    336,    294,  24702,    281,
           3276,    264,    262,   1539,    261,    379,   1762,   1273,    265,
            262,   4313,  25650,    260,      2,      2,      2,      2,      2,
              2,      2,      2,      2,      2,      2,      2,      2,      2,
              2,      2,      2,      2,      2,      2,      2,      2,      2,
              2,      2,      2,      2,      2,      2,      2,      2,      2,
              2,      2,      2,      2,      2,      2,      2,      2,      2,
              2,      2,      2,      2,      2,      2,      2,      2,      2,
              2,      2,      2,      2,      2,      2,      2,      2,      2,
              2,      2,      2,      2,      2,      2,      2,      2,      2,
              2,      2,      2,      2,      2,      2,      2,      2,      2,
              2,      2,      2,      2,      2,      2,      2,      2,      2,
              2,      2,      2,      2,      2,      2],
        [     1,   1729,    294,   3549,    262,   1210,    733,    495,    433,
           4121,  53793,    280,    268,    425,    264,    282,    461,    536,
            302,    336,    294,    279,   1210,    733,    495,    303,    314,
            404,    355,    267,    278,    260,   4121,  53793,    280,    268,
            425,    303,    936,   6060,    263,    574,   9062,    260,      2,
              2,      2,      2,      2,      2,      2,      2,      2,      2,
              2,      2,      2,      2,      2,      2,      2,      2,      2,
              2,      2,      2,      2,      2,      2,      2,      2,      2,
              2,      2,      2,      2,      2,      2,      2,      2,      2,
              2,      2,      2,      2,      2,      2,      2,      2,      2,
              2,      2,      2,      2,      2,      2,      2,      2,      2,
              2,      2,      2,      2,      2,      2,      2,      2,      2,
              2,      2,      2,      2,      2,      2,      2,      2,      2,
              2,      2,      2,      2,      2,      2],
        [     1,   1729,    294,   1396,  50017,  22014,    265,   1163,    412,
            293,   6978,  54083,    263,  16962,   2250,    302,    336,    294,
          28701,    263,  12314,    281,    266,  11963,   1918,   2133,   4165,
            293,    262,   1163,    937,    263,    881,    260,      2,      2,
              2,      2,      2,      2,      2,      2,      2,      2,      2,
              2,      2,      2,      2,      2,      2,      2,      2,      2,
              2,      2,      2,      2,      2,      2,      2,      2,      2,
              2,      2,      2,      2,      2,      2,      2,      2,      2,
              2,      2,      2,      2,      2,      2,      2,      2,      2,
              2,      2,      2,      2,      2,      2,      2,      2,      2,
              2,      2,      2,      2,      2,      2,      2,      2,      2,
              2,      2,      2,      2,      2,      2,      2,      2,      2,
              2,      2,      2,      2,      2,      2,      2,      2,      2,
              2,      2,      2,      2,      2,      2],
        [     1,   1729,    294,   4045,    916,    260,   1098,    260, 118032,
            280,    268,   1237,    550,    279,  23766,   3819,    302,    336,
            294,    916,    260,   1098,    260, 118032,   1675,    267,   9370,
            260,    279,  23766,   3819,    284,   1378,    267,   1817,    260,
            953,   2669,   2669,   2669,    585,    260,      2,      2,      2,
              2,      2,      2,      2,      2,      2,      2,      2,      2,
              2,      2,      2,      2,      2,      2,      2,      2,      2,
              2,      2,      2,      2,      2,      2,      2,      2,      2,
              2,      2,      2,      2,      2,      2,      2,      2,      2,
              2,      2,      2,      2,      2,      2,      2,      2,      2,
              2,      2,      2,      2,      2,      2,      2,      2,      2,
              2,      2,      2,      2,      2,      2,      2,      2,      2,
              2,      2,      2,      2,      2,      2,      2,      2,      2,
              2,      2,      2,      2,      2,      2],
        [     1,   1729,    294,   2709,   5084,  21476,    365,    266,   3474,
            288,    262,   5986,    335,    278,    284,   1315,    302,    336,
            294,   5084,  21476,    284,   1315,    267,   9717,    260,      2,
              2,      2,      2,      2,      2,      2,      2,      2,      2,
              2,      2,      2,      2,      2,      2,      2,      2,      2,
              2,      2,      2,      2,      2,      2,      2,      2,      2,
              2,      2,      2,      2,      2,      2,      2,      2,      2,
              2,      2,      2,      2,      2,      2,      2,      2,      2,
              2,      2,      2,      2,      2,      2,      2,      2,      2,
              2,      2,      2,      2,      2,      2,      2,      2,      2,
              2,      2,      2,      2,      2,      2,      2,      2,      2,
              2,      2,      2,      2,      2,      2,      2,      2,      2,
              2,      2,      2,      2,      2,      2,      2,      2,      2,
              2,      2,      2,      2,      2,      2],
        [     1,   1729,    294,   3549,    262,  22021,  12155,   4680,    299,
            630,    265,    484,  24402,  36760,    633,    302,    336,    294,
            279,  22021,  12155,    269,    266,   1470,    292,    262,    572,
            280,    268,   2835,    553,    307, 118054,   1556,    260,    309,
            323,    279,  22021,  12155,    269,    756,    270,    315,    472,
            265,   3718,    263,   7103,    260,    383,    269,    611,  13343,
            283,    411,    379,  10208,    314,   2342,   3718,    260,    953,
           2669,   2669,   2669,   1595,    260,      2,      2,      2,      2,
              2,      2,      2,      2,      2,      2,      2,      2,      2,
              2,      2,      2,      2,      2,      2,      2,      2,      2,
              2,      2,      2,      2,      2,      2,      2,      2,      2,
              2,      2,      2,      2,      2,      2,      2,      2,      2,
              2,      2,      2,      2,      2,      2,      2,      2,      2,
              2,      2,      2,      2,      2,      2],
        [     1,   1729,    294,   5047,    262,  17546,   4077,  96484,   5426,
          21176,  24994,    280,    268,    556,    302,    336,    294,    279,
          17546,   4077,    269,    266,   3881,    596,    265,  77239,    268,
            272,    656,  66568,  22456,    260,  21176,  24994,    284,    262,
           4734,    265,    262,   4077,    265,    987,    918,    265,   7183,
            287,  64165,    268,   3505,   5191,    285,    260,    279,   4077,
            265,    987,    918,    265,   7183,    287,  64165,    268,   3505,
           5191,    285,    332,    266,    371,   3266,   3881,   1681,    556,
            272,   6218,    267,    262,  74348,    260,    953,   2669,   2669,
           2669,    585,    260,      2,      2,      2,      2,      2,      2,
              2,      2,      2,      2,      2,      2,      2,      2,      2,
              2,      2,      2,      2,      2,      2,      2,      2,      2,
              2,      2,      2,      2,      2,      2,      2,      2,      2,
              2,      2,      2,      2,      2,      2],
        [     1,   1729,    294,   3549,    262,  22021,  12155,   4680,    299,
            630,    265,    484,  24402,  36760,    633,    302,    336,    294,
            279,  22021,  12155,    303,    299,   5944,  10523,    263,  16380,
            270,   3718,    260,    279,  24402,  36760,   1679,    269,    299,
            733,   6742,    263,  34490,   3595,    260,    953,   2669,   2669,
           2669,    585,    260,      2,      2,      2,      2,      2,      2,
              2,      2,      2,      2,      2,      2,      2,      2,      2,
              2,      2,      2,      2,      2,      2,      2,      2,      2,
              2,      2,      2,      2,      2,      2,      2,      2,      2,
              2,      2,      2,      2,      2,      2,      2,      2,      2,
              2,      2,      2,      2,      2,      2,      2,      2,      2,
              2,      2,      2,      2,      2,      2,      2,      2,      2,
              2,      2,      2,      2,      2,      2,      2,      2,      2,
              2,      2,      2,      2,      2,      2],
        [     1,   1729,    294,  26003,    284,    266,    465,    265,   5878,
            262,   1447,    280,    268,   1228,    302,    336,    294,  26003,
            269,    266,    707,    267,   1252,    406,   4146,    260,  25005,
          56623,    284,    299,   3297,   3403,   1137,    267,    339,    269,
            394,  26003,    260,   5878,    262,   1447,  19735,    315,   6700,
            267,  25005,  56623,    277,    315,    384,    264,  24034,    260,
              2,      2,      2,      2,      2,      2,      2,      2,      2,
              2,      2,      2,      2,      2,      2,      2,      2,      2,
              2,      2,      2,      2,      2,      2,      2,      2,      2,
              2,      2,      2,      2,      2,      2,      2,      2,      2,
              2,      2,      2,      2,      2,      2,      2,      2,      2,
              2,      2,      2,      2,      2,      2,      2,      2,      2,
              2,      2,      2,      2,      2,      2,      2,      2,      2,
              2,      2,      2,      2,      2,      2],
        [     1,   1729,    294,   1194,    274,   1314,   6654,    263,  77112,
            267,  45511,  48135,    302,    336,    294,    279,  45511,  48135,
            269,    262,  14825,    465,    265,    262,    447,    280,    268,
          17220,    261,   1137,    267,    262,   4494,   3771,   5598,    260,
            325,    269,    299,  12545,   1250,    263,    490,    298,    286,
           2196,    270,   2106,   2835,    289,   5917,   1057,    260,      2,
              2,      2,      2,      2,      2,      2,      2,      2,      2,
              2,      2,      2,      2,      2,      2,      2,      2,      2,
              2,      2,      2,      2,      2,      2,      2,      2,      2,
              2,      2,      2,      2,      2,      2,      2,      2,      2,
              2,      2,      2,      2,      2,      2,      2,      2,      2,
              2,      2,      2,      2,      2,      2,      2,      2,      2,
              2,      2,      2,      2,      2,      2,      2,      2,      2,
              2,      2,      2,      2,      2,      2],
        [     1,   1729,    294,   3549,    266,   4473,  31067,   8425,    282,
            878,    264,    286,    266,  35723,    265,    262,  84764,   1013,
            302,    336,    294,    336,    294,  31067,   6557,    269,   1137,
            267,   1336,    261,   1991,    261,    263,    269,   3576,    427,
            270,   2242,   3904,    263,    340,    976,    260,    279,  63494,
           6251,   7950,    292,    262,    989,    474,    264,    262,    936,
            474,   1880,    261,    263,    359,  17885,    338,    282,    355,
            265,  42516,  12300,    289,    421,    328,    295,   8505,    308,
          23432,    396,    264,    262,  63494,  12724,    260,    279,   1755,
            265,   1252,   1336,    269,   3397,    261,    275,    386,  51963,
            263,   9126,   4165,    260,    953,   2669,   2669,   2669,    585,
            260,      2,      2,      2,      2,      2,      2,      2,      2,
              2,      2,      2,      2,      2,      2,      2,      2,      2,
              2,      2,      2,      2,      2,      2],
        [     1,   1729,    294,   4638,   8235,  31012,    280,    268,    370,
           2167,   1470,    632,    331,    267,    299,  15317,   2036,    663,
            302,    336,    294,   8235,  31012,    269,    370,   2167,    270,
            315,    550,    279,   7671,    265,  49585,   7564,    260,  49585,
           7564,    269,    266,    874,  65788,    272,    269,    262,    872,
           1470,    265,    279,   7671,    265,  49585,   7564,    260,  99094,
           6704,    261,  15317,   2036,    303,  16569,    267,   2217,   3107,
            263,   1341,   1057,    500,  15584, 118732,    260,  49585,   7564,
          35127,    268,    275,  20362,  43633,    267,    262,  15584, 118732,
           2861,    261,   7305,   6074,    260,  20362,  43633,    269,   1313,
            293,  15317,   2036,    260,    953,   2669,   2669,   2669,   1595,
            260,      2,      2,      2,      2,      2,      2,      2,      2,
              2,      2,      2,      2,      2,      2,      2,      2,      2,
              2,      2,      2,      2,      2,      2]], device='cuda:0')
input_id_shape: torch.Size([16, 123])
attention_mask:
tensor([[1, 1, 1, 1, 1, 1, 1, 1, 1, 1, 1, 1, 1, 1, 1, 1, 1, 1, 1, 1, 1, 1, 1, 1,
         1, 1, 1, 1, 1, 1, 1, 1, 1, 0, 0, 0, 0, 0, 0, 0, 0, 0, 0, 0, 0, 0, 0, 0,
         0, 0, 0, 0, 0, 0, 0, 0, 0, 0, 0, 0, 0, 0, 0, 0, 0, 0, 0, 0, 0, 0, 0, 0,
         0, 0, 0, 0, 0, 0, 0, 0, 0, 0, 0, 0, 0, 0, 0, 0, 0, 0, 0, 0, 0, 0, 0, 0,
         0, 0, 0, 0, 0, 0, 0, 0, 0, 0, 0, 0, 0, 0, 0, 0, 0, 0, 0, 0, 0, 0, 0, 0,
         0, 0, 0],
        [1, 1, 1, 1, 1, 1, 1, 1, 1, 1, 1, 1, 1, 1, 1, 1, 1, 1, 1, 1, 1, 1, 1, 1,
         1, 1, 1, 1, 1, 1, 1, 1, 1, 1, 1, 1, 1, 1, 1, 1, 1, 1, 1, 1, 1, 1, 1, 1,
         1, 1, 1, 1, 1, 1, 1, 1, 1, 1, 1, 1, 1, 1, 1, 1, 1, 1, 1, 1, 1, 1, 1, 1,
         1, 1, 1, 1, 1, 1, 1, 1, 1, 1, 1, 1, 1, 0, 0, 0, 0, 0, 0, 0, 0, 0, 0, 0,
         0, 0, 0, 0, 0, 0, 0, 0, 0, 0, 0, 0, 0, 0, 0, 0, 0, 0, 0, 0, 0, 0, 0, 0,
         0, 0, 0],
        [1, 1, 1, 1, 1, 1, 1, 1, 1, 1, 1, 1, 1, 1, 1, 1, 1, 1, 1, 1, 1, 1, 1, 1,
         1, 1, 1, 1, 1, 0, 0, 0, 0, 0, 0, 0, 0, 0, 0, 0, 0, 0, 0, 0, 0, 0, 0, 0,
         0, 0, 0, 0, 0, 0, 0, 0, 0, 0, 0, 0, 0, 0, 0, 0, 0, 0, 0, 0, 0, 0, 0, 0,
         0, 0, 0, 0, 0, 0, 0, 0, 0, 0, 0, 0, 0, 0, 0, 0, 0, 0, 0, 0, 0, 0, 0, 0,
         0, 0, 0, 0, 0, 0, 0, 0, 0, 0, 0, 0, 0, 0, 0, 0, 0, 0, 0, 0, 0, 0, 0, 0,
         0, 0, 0],
        [1, 1, 1, 1, 1, 1, 1, 1, 1, 1, 1, 1, 1, 1, 1, 1, 1, 1, 1, 1, 1, 1, 1, 1,
         1, 1, 1, 1, 1, 1, 1, 1, 1, 1, 1, 1, 1, 1, 1, 1, 1, 1, 1, 1, 1, 1, 1, 1,
         1, 1, 1, 1, 1, 1, 1, 1, 1, 1, 1, 1, 1, 1, 0, 0, 0, 0, 0, 0, 0, 0, 0, 0,
         0, 0, 0, 0, 0, 0, 0, 0, 0, 0, 0, 0, 0, 0, 0, 0, 0, 0, 0, 0, 0, 0, 0, 0,
         0, 0, 0, 0, 0, 0, 0, 0, 0, 0, 0, 0, 0, 0, 0, 0, 0, 0, 0, 0, 0, 0, 0, 0,
         0, 0, 0],
        [1, 1, 1, 1, 1, 1, 1, 1, 1, 1, 1, 1, 1, 1, 1, 1, 1, 1, 1, 1, 1, 1, 1, 1,
         1, 1, 1, 1, 1, 1, 1, 1, 0, 0, 0, 0, 0, 0, 0, 0, 0, 0, 0, 0, 0, 0, 0, 0,
         0, 0, 0, 0, 0, 0, 0, 0, 0, 0, 0, 0, 0, 0, 0, 0, 0, 0, 0, 0, 0, 0, 0, 0,
         0, 0, 0, 0, 0, 0, 0, 0, 0, 0, 0, 0, 0, 0, 0, 0, 0, 0, 0, 0, 0, 0, 0, 0,
         0, 0, 0, 0, 0, 0, 0, 0, 0, 0, 0, 0, 0, 0, 0, 0, 0, 0, 0, 0, 0, 0, 0, 0,
         0, 0, 0],
        [1, 1, 1, 1, 1, 1, 1, 1, 1, 1, 1, 1, 1, 1, 1, 1, 1, 1, 1, 1, 1, 1, 1, 1,
         1, 1, 1, 1, 1, 1, 1, 1, 1, 1, 1, 1, 1, 1, 1, 1, 1, 1, 1, 1, 1, 0, 0, 0,
         0, 0, 0, 0, 0, 0, 0, 0, 0, 0, 0, 0, 0, 0, 0, 0, 0, 0, 0, 0, 0, 0, 0, 0,
         0, 0, 0, 0, 0, 0, 0, 0, 0, 0, 0, 0, 0, 0, 0, 0, 0, 0, 0, 0, 0, 0, 0, 0,
         0, 0, 0, 0, 0, 0, 0, 0, 0, 0, 0, 0, 0, 0, 0, 0, 0, 0, 0, 0, 0, 0, 0, 0,
         0, 0, 0],
        [1, 1, 1, 1, 1, 1, 1, 1, 1, 1, 1, 1, 1, 1, 1, 1, 1, 1, 1, 1, 1, 1, 1, 1,
         1, 1, 1, 1, 1, 1, 1, 1, 1, 1, 1, 0, 0, 0, 0, 0, 0, 0, 0, 0, 0, 0, 0, 0,
         0, 0, 0, 0, 0, 0, 0, 0, 0, 0, 0, 0, 0, 0, 0, 0, 0, 0, 0, 0, 0, 0, 0, 0,
         0, 0, 0, 0, 0, 0, 0, 0, 0, 0, 0, 0, 0, 0, 0, 0, 0, 0, 0, 0, 0, 0, 0, 0,
         0, 0, 0, 0, 0, 0, 0, 0, 0, 0, 0, 0, 0, 0, 0, 0, 0, 0, 0, 0, 0, 0, 0, 0,
         0, 0, 0],
        [1, 1, 1, 1, 1, 1, 1, 1, 1, 1, 1, 1, 1, 1, 1, 1, 1, 1, 1, 1, 1, 1, 1, 1,
         1, 1, 1, 1, 1, 1, 1, 1, 1, 1, 1, 1, 1, 1, 1, 1, 1, 1, 1, 0, 0, 0, 0, 0,
         0, 0, 0, 0, 0, 0, 0, 0, 0, 0, 0, 0, 0, 0, 0, 0, 0, 0, 0, 0, 0, 0, 0, 0,
         0, 0, 0, 0, 0, 0, 0, 0, 0, 0, 0, 0, 0, 0, 0, 0, 0, 0, 0, 0, 0, 0, 0, 0,
         0, 0, 0, 0, 0, 0, 0, 0, 0, 0, 0, 0, 0, 0, 0, 0, 0, 0, 0, 0, 0, 0, 0, 0,
         0, 0, 0],
        [1, 1, 1, 1, 1, 1, 1, 1, 1, 1, 1, 1, 1, 1, 1, 1, 1, 1, 1, 1, 1, 1, 1, 1,
         1, 1, 1, 0, 0, 0, 0, 0, 0, 0, 0, 0, 0, 0, 0, 0, 0, 0, 0, 0, 0, 0, 0, 0,
         0, 0, 0, 0, 0, 0, 0, 0, 0, 0, 0, 0, 0, 0, 0, 0, 0, 0, 0, 0, 0, 0, 0, 0,
         0, 0, 0, 0, 0, 0, 0, 0, 0, 0, 0, 0, 0, 0, 0, 0, 0, 0, 0, 0, 0, 0, 0, 0,
         0, 0, 0, 0, 0, 0, 0, 0, 0, 0, 0, 0, 0, 0, 0, 0, 0, 0, 0, 0, 0, 0, 0, 0,
         0, 0, 0],
        [1, 1, 1, 1, 1, 1, 1, 1, 1, 1, 1, 1, 1, 1, 1, 1, 1, 1, 1, 1, 1, 1, 1, 1,
         1, 1, 1, 1, 1, 1, 1, 1, 1, 1, 1, 1, 1, 1, 1, 1, 1, 1, 1, 1, 1, 1, 1, 1,
         1, 1, 1, 1, 1, 1, 1, 1, 1, 1, 1, 1, 1, 1, 1, 1, 1, 1, 1, 1, 1, 0, 0, 0,
         0, 0, 0, 0, 0, 0, 0, 0, 0, 0, 0, 0, 0, 0, 0, 0, 0, 0, 0, 0, 0, 0, 0, 0,
         0, 0, 0, 0, 0, 0, 0, 0, 0, 0, 0, 0, 0, 0, 0, 0, 0, 0, 0, 0, 0, 0, 0, 0,
         0, 0, 0],
        [1, 1, 1, 1, 1, 1, 1, 1, 1, 1, 1, 1, 1, 1, 1, 1, 1, 1, 1, 1, 1, 1, 1, 1,
         1, 1, 1, 1, 1, 1, 1, 1, 1, 1, 1, 1, 1, 1, 1, 1, 1, 1, 1, 1, 1, 1, 1, 1,
         1, 1, 1, 1, 1, 1, 1, 1, 1, 1, 1, 1, 1, 1, 1, 1, 1, 1, 1, 1, 1, 1, 1, 1,
         1, 1, 1, 1, 1, 1, 1, 1, 1, 1, 1, 1, 1, 0, 0, 0, 0, 0, 0, 0, 0, 0, 0, 0,
         0, 0, 0, 0, 0, 0, 0, 0, 0, 0, 0, 0, 0, 0, 0, 0, 0, 0, 0, 0, 0, 0, 0, 0,
         0, 0, 0],
        [1, 1, 1, 1, 1, 1, 1, 1, 1, 1, 1, 1, 1, 1, 1, 1, 1, 1, 1, 1, 1, 1, 1, 1,
         1, 1, 1, 1, 1, 1, 1, 1, 1, 1, 1, 1, 1, 1, 1, 1, 1, 1, 1, 1, 1, 1, 1, 1,
         1, 0, 0, 0, 0, 0, 0, 0, 0, 0, 0, 0, 0, 0, 0, 0, 0, 0, 0, 0, 0, 0, 0, 0,
         0, 0, 0, 0, 0, 0, 0, 0, 0, 0, 0, 0, 0, 0, 0, 0, 0, 0, 0, 0, 0, 0, 0, 0,
         0, 0, 0, 0, 0, 0, 0, 0, 0, 0, 0, 0, 0, 0, 0, 0, 0, 0, 0, 0, 0, 0, 0, 0,
         0, 0, 0],
        [1, 1, 1, 1, 1, 1, 1, 1, 1, 1, 1, 1, 1, 1, 1, 1, 1, 1, 1, 1, 1, 1, 1, 1,
         1, 1, 1, 1, 1, 1, 1, 1, 1, 1, 1, 1, 1, 1, 1, 1, 1, 1, 1, 1, 1, 1, 1, 1,
         1, 1, 1, 1, 1, 1, 1, 0, 0, 0, 0, 0, 0, 0, 0, 0, 0, 0, 0, 0, 0, 0, 0, 0,
         0, 0, 0, 0, 0, 0, 0, 0, 0, 0, 0, 0, 0, 0, 0, 0, 0, 0, 0, 0, 0, 0, 0, 0,
         0, 0, 0, 0, 0, 0, 0, 0, 0, 0, 0, 0, 0, 0, 0, 0, 0, 0, 0, 0, 0, 0, 0, 0,
         0, 0, 0],
        [1, 1, 1, 1, 1, 1, 1, 1, 1, 1, 1, 1, 1, 1, 1, 1, 1, 1, 1, 1, 1, 1, 1, 1,
         1, 1, 1, 1, 1, 1, 1, 1, 1, 1, 1, 1, 1, 1, 1, 1, 1, 1, 1, 1, 1, 1, 1, 1,
         1, 1, 1, 1, 1, 1, 0, 0, 0, 0, 0, 0, 0, 0, 0, 0, 0, 0, 0, 0, 0, 0, 0, 0,
         0, 0, 0, 0, 0, 0, 0, 0, 0, 0, 0, 0, 0, 0, 0, 0, 0, 0, 0, 0, 0, 0, 0, 0,
         0, 0, 0, 0, 0, 0, 0, 0, 0, 0, 0, 0, 0, 0, 0, 0, 0, 0, 0, 0, 0, 0, 0, 0,
         0, 0, 0],
        [1, 1, 1, 1, 1, 1, 1, 1, 1, 1, 1, 1, 1, 1, 1, 1, 1, 1, 1, 1, 1, 1, 1, 1,
         1, 1, 1, 1, 1, 1, 1, 1, 1, 1, 1, 1, 1, 1, 1, 1, 1, 1, 1, 1, 1, 1, 1, 1,
         1, 1, 1, 1, 1, 1, 1, 1, 1, 1, 1, 1, 1, 1, 1, 1, 1, 1, 1, 1, 1, 1, 1, 1,
         1, 1, 1, 1, 1, 1, 1, 1, 1, 1, 1, 1, 1, 1, 1, 1, 1, 1, 1, 1, 1, 1, 1, 1,
         1, 1, 1, 1, 1, 0, 0, 0, 0, 0, 0, 0, 0, 0, 0, 0, 0, 0, 0, 0, 0, 0, 0, 0,
         0, 0, 0],
        [1, 1, 1, 1, 1, 1, 1, 1, 1, 1, 1, 1, 1, 1, 1, 1, 1, 1, 1, 1, 1, 1, 1, 1,
         1, 1, 1, 1, 1, 1, 1, 1, 1, 1, 1, 1, 1, 1, 1, 1, 1, 1, 1, 1, 1, 1, 1, 1,
         1, 1, 1, 1, 1, 1, 1, 1, 1, 1, 1, 1, 1, 1, 1, 1, 1, 1, 1, 1, 1, 1, 1, 1,
         1, 1, 1, 1, 1, 1, 1, 1, 1, 1, 1, 1, 1, 1, 1, 1, 1, 1, 1, 1, 1, 1, 1, 1,
         1, 1, 1, 1, 1, 0, 0, 0, 0, 0, 0, 0, 0, 0, 0, 0, 0, 0, 0, 0, 0, 0, 0, 0,
         0, 0, 0]], device='cuda:0')
logits:
tensor([[-0.0154],
        [-0.0326],
        [ 0.0135],
        [-0.0097],
        [ 0.0040],
        [ 0.0153],
        [ 0.0110],
        [ 0.0280],
        [-0.0061],
        [ 0.0296],
        [ 0.0025],
        [ 0.0039],
        [ 0.0045],
        [-0.0175],
        [-0.0225],
        [ 0.0034]], device='cuda:0', grad_fn=<SumBackward1>), shape:
torch.Size([16, 1])
positive_energy:
torch.Size([9])
negative_energy:
torch.Size([7])
argmax_logit:
tensor([0, 0, 0, 0, 0, 0, 0, 0, 0, 0, 0, 0, 0, 0, 0, 0], device='cuda:0')
max_logit:
tensor([-0.0154, -0.0326,  0.0135, -0.0097,  0.0040,  0.0153,  0.0110,  0.0280,
        -0.0061,  0.0296,  0.0025,  0.0039,  0.0045, -0.0175, -0.0225,  0.0034],
       device='cuda:0', grad_fn=<SqueezeBackward1>)

====================

input_ids:
tensor([[     1,   1729,    294,   1194,    266,  16561,    350,  17982,   1058,
            264,   2693,    302,    336,    294,    336,    294,  74489,    281,
            266,    810,    265,   2879,    272,   7401,    277,   2239,    260,
          74489,    281,    298,   2232,    346,    306,    281,   2239,    260,
          69473,    281,   2518,   1635,    275,   2232,    261,   1601,  55215,
            334,   2693,    261,    319,    295,    286,  23694,    260,    953,
           2669,   2669,   2669,    585,    260,      2,      2,      2,      2,
              2,      2,      2,      2,      2,      2,      2,      2,      2,
              2,      2,      2,      2,      2,      2,      2,      2,      2,
              2,      2,      2,      2,      2,      2,      2,      2,      2,
              2,      2,      2,      2,      2,      2,      2,      2,      2,
              2,      2,      2,      2,      2,      2,      2,      2,      2,
              2,      2,      2,      2,      2,      2,      2,      2,      2,
              2,      2,      2,      2,      2,      2],
        [     1,   1729,    294,   1396,    305,   1361,    265,  17279,   1295,
            264,   3712,    267,    302,    336,    294,    336,    294,  34394,
            295,    282,    412,    292,    847,   1375,    261,    500,  97354,
            261,  70046,    261,    263,  15652,    260,      2,      2,      2,
              2,      2,      2,      2,      2,      2,      2,      2,      2,
              2,      2,      2,      2,      2,      2,      2,      2,      2,
              2,      2,      2,      2,      2,      2,      2,      2,      2,
              2,      2,      2,      2,      2,      2,      2,      2,      2,
              2,      2,      2,      2,      2,      2,      2,      2,      2,
              2,      2,      2,      2,      2,      2,      2,      2,      2,
              2,      2,      2,      2,      2,      2,      2,      2,      2,
              2,      2,      2,      2,      2,      2,      2,      2,      2,
              2,      2,      2,      2,      2,      2,      2,      2,      2,
              2,      2,      2,      2,      2,      2],
        [     1,   1729,    294,   2467,  25062,  16363,    286,    310,    572,
            354,  27012,  37200,    302,    336,    294,  25062,  16363,    303,
            266,   1047,    265,    574,    572,    260,      2,      2,      2,
              2,      2,      2,      2,      2,      2,      2,      2,      2,
              2,      2,      2,      2,      2,      2,      2,      2,      2,
              2,      2,      2,      2,      2,      2,      2,      2,      2,
              2,      2,      2,      2,      2,      2,      2,      2,      2,
              2,      2,      2,      2,      2,      2,      2,      2,      2,
              2,      2,      2,      2,      2,      2,      2,      2,      2,
              2,      2,      2,      2,      2,      2,      2,      2,      2,
              2,      2,      2,      2,      2,      2,      2,      2,      2,
              2,      2,      2,      2,      2,      2,      2,      2,      2,
              2,      2,      2,      2,      2,      2,      2,      2,      2,
              2,      2,      2,      2,      2,      2],
        [     1,   1729,    294,   3549,    274,   1446,    625,    277,    290,
            645,    288,  40787,    354,    288,  11068,  11262,    302,    336,
            294,  11068,  11262,    269,    756,    270,  14383,    466,    271,
           1435,    440,    310,    354,    340,   2507,    260,  40787,    269,
            756,    270,    591,   4264,  11270,    645,    263,    425,   3345,
            260,    953,   2669,   2669,   2669,   1595,    260,      2,      2,
              2,      2,      2,      2,      2,      2,      2,      2,      2,
              2,      2,      2,      2,      2,      2,      2,      2,      2,
              2,      2,      2,      2,      2,      2,      2,      2,      2,
              2,      2,      2,      2,      2,      2,      2,      2,      2,
              2,      2,      2,      2,      2,      2,      2,      2,      2,
              2,      2,      2,      2,      2,      2,      2,      2,      2,
              2,      2,      2,      2,      2,      2,      2,      2,      2,
              2,      2,      2,      2,      2,      2],
        [     1,   1729,    294,   3549,    266,   4473,  31067,   8425,    282,
            878,    264,    286,    266,  35723,    265,    262,  84764,   1013,
            302,    336,    294,  31067,   8425,    303,    266,   2130,    265,
           2156,    261,    528,    355,    260,    279,  84764,    332,    299,
           7494,    596,    272,   8407,    262,    989,    474,    263,    936,
            474,   6156,    260,  95329,   6784,    284,    262,   4734,    265,
            262,  63494,   6251,    260,  24764,   6467,    286,   2662,    272,
            376,    267,    469,   2290,    842,    281,  18871,    292,  95329,
           6784,    260,    953,   2669,   2669,   2669,   1595,    260,      2,
              2,      2,      2,      2,      2,      2,      2,      2,      2,
              2,      2,      2,      2,      2,      2,      2,      2,      2,
              2,      2,      2,      2,      2,      2,      2,      2,      2,
              2,      2,      2,      2,      2,      2,      2,      2,      2,
              2,      2,      2,      2,      2,      2],
        [     1,   1729,    294,  11304,  57049,   1190,    267,    262,   1142,
            265,    266,   1034,    265,    262,   7364,    495,    302,    336,
            294,  12475,  10874,    284,    411,  13621,    293,  57049,    335,
            342,   1508,    284,   1190,    267,    266,   9329,   2992,    260,
          12475,  10874,    284,    756,    283,    382,  54491,  12475,    280,
            263,    284,    262,   8170,    265,   5583,    260,      2,      2,
              2,      2,      2,      2,      2,      2,      2,      2,      2,
              2,      2,      2,      2,      2,      2,      2,      2,      2,
              2,      2,      2,      2,      2,      2,      2,      2,      2,
              2,      2,      2,      2,      2,      2,      2,      2,      2,
              2,      2,      2,      2,      2,      2,      2,      2,      2,
              2,      2,      2,      2,      2,      2,      2,      2,      2,
              2,      2,      2,      2,      2,      2,      2,      2,      2,
              2,      2,      2,      2,      2,      2],
        [     1,   1729,    294,   3549,    262,   1210,    733,    495,    433,
           4121,  53793,    280,    268,    425,    264,    282,    461,    536,
            302,    336,    294,   4121,  53793,    269,    266,    371,    271,
           4748,   4435,    263,  16253,    260,      2,      2,      2,      2,
              2,      2,      2,      2,      2,      2,      2,      2,      2,
              2,      2,      2,      2,      2,      2,      2,      2,      2,
              2,      2,      2,      2,      2,      2,      2,      2,      2,
              2,      2,      2,      2,      2,      2,      2,      2,      2,
              2,      2,      2,      2,      2,      2,      2,      2,      2,
              2,      2,      2,      2,      2,      2,      2,      2,      2,
              2,      2,      2,      2,      2,      2,      2,      2,      2,
              2,      2,      2,      2,      2,      2,      2,      2,      2,
              2,      2,      2,      2,      2,      2,      2,      2,      2,
              2,      2,      2,      2,      2,      2],
        [     1,   1729,    294,   1194,    266,  16561,    350,  17982,   1058,
            264,   2693,    302,    336,    294,  25284,    295,   4492,    292,
            937,   3955,  18145,    263,  84284,    260,  11770,    295,   4492,
            292,    266,   1261,    265,  17982,    500,   1489,  36086,    272,
           3975,   4167,    277,    349,    260,  89951,    297,  61332,    281,
          23694,    272,    281,    327,    650,   1489,  36086,    263,    283,
           5991,  26657,    260,  89951,    297,  61332,    281,  23694,    272,
           2975,    442,    265,  16561,   2239,    260,      2,      2,      2,
              2,      2,      2,      2,      2,      2,      2,      2,      2,
              2,      2,      2,      2,      2,      2,      2,      2,      2,
              2,      2,      2,      2,      2,      2,      2,      2,      2,
              2,      2,      2,      2,      2,      2,      2,      2,      2,
              2,      2,      2,      2,      2,      2,      2,      2,      2,
              2,      2,      2,      2,      2,      2],
        [     1,   1729,    294,   1887,   7316,   6962,    282,  61626,    364,
            704,    482,   1083,   1002,    280,    268,    362,   1384,    302,
            336,    294,   7316,   6962,    269,  61626,    469,    773,    388,
              2,      2,      2,      2,      2,      2,      2,      2,      2,
              2,      2,      2,      2,      2,      2,      2,      2,      2,
              2,      2,      2,      2,      2,      2,      2,      2,      2,
              2,      2,      2,      2,      2,      2,      2,      2,      2,
              2,      2,      2,      2,      2,      2,      2,      2,      2,
              2,      2,      2,      2,      2,      2,      2,      2,      2,
              2,      2,      2,      2,      2,      2,      2,      2,      2,
              2,      2,      2,      2,      2,      2,      2,      2,      2,
              2,      2,      2,      2,      2,      2,      2,      2,      2,
              2,      2,      2,      2,      2,      2,      2,      2,      2,
              2,      2,      2,      2,      2,      2],
        [     1,   1729,    294,   5047,    266,   9925,   1750,   9498,  12808,
            302,    336,    294,   9498,  12808,    284,    266,    857,    411,
            260,  73813,    281,    298,    857,  10765,    260,   2370,    857,
          10765,    295,   1750,  18042,    319,    281,    327,    857,  10765,
            260,      2,      2,      2,      2,      2,      2,      2,      2,
              2,      2,      2,      2,      2,      2,      2,      2,      2,
              2,      2,      2,      2,      2,      2,      2,      2,      2,
              2,      2,      2,      2,      2,      2,      2,      2,      2,
              2,      2,      2,      2,      2,      2,      2,      2,      2,
              2,      2,      2,      2,      2,      2,      2,      2,      2,
              2,      2,      2,      2,      2,      2,      2,      2,      2,
              2,      2,      2,      2,      2,      2,      2,      2,      2,
              2,      2,      2,      2,      2,      2,      2,      2,      2,
              2,      2,      2,      2,      2,      2],
        [     1,   1729,    294,    273,    268,  18839,  48544,    270,    262,
           1706,    272,   2178,   3877,  32914,    302,    336,    294,    336,
            294,   3877,  32914,   1675,    292,   8452,   1144,    264,  26708,
            261,    266,    810,    265,   1158,   1771,    260,  93187,    269,
            266,   1721,    726,    265,   1158,   1771,    272,    295,    282,
           6640,    293,   2119,   3534,    260,  72408,    269,    972,    264,
           1746,    262,   1158,    292,   6687,   9048,  12346,    261,    319,
            295,   3649,    264,    262,    727,    265,   1158,   1771,    261,
            500,  26708,    260,      2,      2,      2,      2,      2,      2,
              2,      2,      2,      2,      2,      2,      2,      2,      2,
              2,      2,      2,      2,      2,      2,      2,      2,      2,
              2,      2,      2,      2,      2,      2,      2,      2,      2,
              2,      2,      2,      2,      2,      2,      2,      2,      2,
              2,      2,      2,      2,      2,      2],
        [     1,   1729,    294,   1194,    274,   1314,   6654,    263,  77112,
            267,  45511,  48135,    302,    336,    294,   6654,    263,  77112,
            269,    499,    267,  43444,    271,   5797,   2475,    260,    367,
            295,    612,  43444,    271,   5797,    277,    266,   4411,   1214,
            325,    269,    628,    264,    424,    264,  45511,  48135,   1013,
            266,   1539,    271,  72065,  59345,   1508,    275,    266,   4411,
            260,    953,   2669,   2669,   2669,   1595,    260,      2,      2,
              2,      2,      2,      2,      2,      2,      2,      2,      2,
              2,      2,      2,      2,      2,      2,      2,      2,      2,
              2,      2,      2,      2,      2,      2,      2,      2,      2,
              2,      2,      2,      2,      2,      2,      2,      2,      2,
              2,      2,      2,      2,      2,      2,      2,      2,      2,
              2,      2,      2,      2,      2,      2,      2,      2,      2,
              2,      2,      2,      2,      2,      2],
        [     1,   1729,    294,   1887,   7316,   6962,    282,  61626,    364,
            704,    482,   1083,   1002,    280,    268,    362,   1384,    302,
            336,    294,   7316,   6962,    269,  61626,    469,    773,    388,
            279,    437,  76525,   1196,    267,    692,      2,      2,      2,
              2,      2,      2,      2,      2,      2,      2,      2,      2,
              2,      2,      2,      2,      2,      2,      2,      2,      2,
              2,      2,      2,      2,      2,      2,      2,      2,      2,
              2,      2,      2,      2,      2,      2,      2,      2,      2,
              2,      2,      2,      2,      2,      2,      2,      2,      2,
              2,      2,      2,      2,      2,      2,      2,      2,      2,
              2,      2,      2,      2,      2,      2,      2,      2,      2,
              2,      2,      2,      2,      2,      2,      2,      2,      2,
              2,      2,      2,      2,      2,      2,      2,      2,      2,
              2,      2,      2,      2,      2,      2],
        [     1,   1729,    294,   4045,    916,    260,   1098,    260, 118032,
            280,    268,   1237,    550,    279,  23766,   3819,    302,    336,
            294,    916,    260,      2,      2,      2,      2,      2,      2,
              2,      2,      2,      2,      2,      2,      2,      2,      2,
              2,      2,      2,      2,      2,      2,      2,      2,      2,
              2,      2,      2,      2,      2,      2,      2,      2,      2,
              2,      2,      2,      2,      2,      2,      2,      2,      2,
              2,      2,      2,      2,      2,      2,      2,      2,      2,
              2,      2,      2,      2,      2,      2,      2,      2,      2,
              2,      2,      2,      2,      2,      2,      2,      2,      2,
              2,      2,      2,      2,      2,      2,      2,      2,      2,
              2,      2,      2,      2,      2,      2,      2,      2,      2,
              2,      2,      2,      2,      2,      2,      2,      2,      2,
              2,      2,      2,      2,      2,      2],
        [     1,   1729,    294,    273,    268,  18839,  48544,    270,    262,
           1706,    272,   2178,   3877,  32914,    302,    336,    294,    336,
            294,   3877,  32914,   1675,    292,   8452,   1144,    264,  26708,
            261,    266,    810,    265,   1158,   1771,    260,  93187,    269,
            266,   1721,    726,    265,   1158,   1771,    272,    295,    282,
           6640,    293,   2119,   3534,    260,      2,      2,      2,      2,
              2,      2,      2,      2,      2,      2,      2,      2,      2,
              2,      2,      2,      2,      2,      2,      2,      2,      2,
              2,      2,      2,      2,      2,      2,      2,      2,      2,
              2,      2,      2,      2,      2,      2,      2,      2,      2,
              2,      2,      2,      2,      2,      2,      2,      2,      2,
              2,      2,      2,      2,      2,      2,      2,      2,      2,
              2,      2,      2,      2,      2,      2,      2,      2,      2,
              2,      2,      2,      2,      2,      2],
        [     1,   1729,    294,   2709,   5084,  21476,    365,    266,   3474,
            288,    262,   5986,    335,    278,    284,   1315,    302,    336,
            294,   5084,  21476,    284,   1315,    267,   9717,    260,   5084,
          21476,    284,   1920,    277,    266,   1753,    265,   2407,    419,
           4895,    261,    528,    260,   5084,  21476,  51308,    360,    419,
           3346,    705,    288,    262,   1352,    832,    482,    359,  15870,
            684,    260,      2,      2,      2,      2,      2,      2,      2,
              2,      2,      2,      2,      2,      2,      2,      2,      2,
              2,      2,      2,      2,      2,      2,      2,      2,      2,
              2,      2,      2,      2,      2,      2,      2,      2,      2,
              2,      2,      2,      2,      2,      2,      2,      2,      2,
              2,      2,      2,      2,      2,      2,      2,      2,      2,
              2,      2,      2,      2,      2,      2,      2,      2,      2,
              2,      2,      2,      2,      2,      2]], device='cuda:0')
input_id_shape: torch.Size([16, 123])
attention_mask:
tensor([[1, 1, 1, 1, 1, 1, 1, 1, 1, 1, 1, 1, 1, 1, 1, 1, 1, 1, 1, 1, 1, 1, 1, 1,
         1, 1, 1, 1, 1, 1, 1, 1, 1, 1, 1, 1, 1, 1, 1, 1, 1, 1, 1, 1, 1, 1, 1, 1,
         1, 1, 1, 1, 1, 1, 1, 1, 1, 1, 1, 1, 0, 0, 0, 0, 0, 0, 0, 0, 0, 0, 0, 0,
         0, 0, 0, 0, 0, 0, 0, 0, 0, 0, 0, 0, 0, 0, 0, 0, 0, 0, 0, 0, 0, 0, 0, 0,
         0, 0, 0, 0, 0, 0, 0, 0, 0, 0, 0, 0, 0, 0, 0, 0, 0, 0, 0, 0, 0, 0, 0, 0,
         0, 0, 0],
        [1, 1, 1, 1, 1, 1, 1, 1, 1, 1, 1, 1, 1, 1, 1, 1, 1, 1, 1, 1, 1, 1, 1, 1,
         1, 1, 1, 1, 1, 1, 1, 1, 1, 1, 0, 0, 0, 0, 0, 0, 0, 0, 0, 0, 0, 0, 0, 0,
         0, 0, 0, 0, 0, 0, 0, 0, 0, 0, 0, 0, 0, 0, 0, 0, 0, 0, 0, 0, 0, 0, 0, 0,
         0, 0, 0, 0, 0, 0, 0, 0, 0, 0, 0, 0, 0, 0, 0, 0, 0, 0, 0, 0, 0, 0, 0, 0,
         0, 0, 0, 0, 0, 0, 0, 0, 0, 0, 0, 0, 0, 0, 0, 0, 0, 0, 0, 0, 0, 0, 0, 0,
         0, 0, 0],
        [1, 1, 1, 1, 1, 1, 1, 1, 1, 1, 1, 1, 1, 1, 1, 1, 1, 1, 1, 1, 1, 1, 1, 1,
         1, 0, 0, 0, 0, 0, 0, 0, 0, 0, 0, 0, 0, 0, 0, 0, 0, 0, 0, 0, 0, 0, 0, 0,
         0, 0, 0, 0, 0, 0, 0, 0, 0, 0, 0, 0, 0, 0, 0, 0, 0, 0, 0, 0, 0, 0, 0, 0,
         0, 0, 0, 0, 0, 0, 0, 0, 0, 0, 0, 0, 0, 0, 0, 0, 0, 0, 0, 0, 0, 0, 0, 0,
         0, 0, 0, 0, 0, 0, 0, 0, 0, 0, 0, 0, 0, 0, 0, 0, 0, 0, 0, 0, 0, 0, 0, 0,
         0, 0, 0],
        [1, 1, 1, 1, 1, 1, 1, 1, 1, 1, 1, 1, 1, 1, 1, 1, 1, 1, 1, 1, 1, 1, 1, 1,
         1, 1, 1, 1, 1, 1, 1, 1, 1, 1, 1, 1, 1, 1, 1, 1, 1, 1, 1, 1, 1, 1, 1, 1,
         1, 1, 1, 1, 1, 0, 0, 0, 0, 0, 0, 0, 0, 0, 0, 0, 0, 0, 0, 0, 0, 0, 0, 0,
         0, 0, 0, 0, 0, 0, 0, 0, 0, 0, 0, 0, 0, 0, 0, 0, 0, 0, 0, 0, 0, 0, 0, 0,
         0, 0, 0, 0, 0, 0, 0, 0, 0, 0, 0, 0, 0, 0, 0, 0, 0, 0, 0, 0, 0, 0, 0, 0,
         0, 0, 0],
        [1, 1, 1, 1, 1, 1, 1, 1, 1, 1, 1, 1, 1, 1, 1, 1, 1, 1, 1, 1, 1, 1, 1, 1,
         1, 1, 1, 1, 1, 1, 1, 1, 1, 1, 1, 1, 1, 1, 1, 1, 1, 1, 1, 1, 1, 1, 1, 1,
         1, 1, 1, 1, 1, 1, 1, 1, 1, 1, 1, 1, 1, 1, 1, 1, 1, 1, 1, 1, 1, 1, 1, 1,
         1, 1, 1, 1, 1, 1, 1, 1, 1, 0, 0, 0, 0, 0, 0, 0, 0, 0, 0, 0, 0, 0, 0, 0,
         0, 0, 0, 0, 0, 0, 0, 0, 0, 0, 0, 0, 0, 0, 0, 0, 0, 0, 0, 0, 0, 0, 0, 0,
         0, 0, 0],
        [1, 1, 1, 1, 1, 1, 1, 1, 1, 1, 1, 1, 1, 1, 1, 1, 1, 1, 1, 1, 1, 1, 1, 1,
         1, 1, 1, 1, 1, 1, 1, 1, 1, 1, 1, 1, 1, 1, 1, 1, 1, 1, 1, 1, 1, 1, 1, 1,
         1, 1, 1, 1, 1, 0, 0, 0, 0, 0, 0, 0, 0, 0, 0, 0, 0, 0, 0, 0, 0, 0, 0, 0,
         0, 0, 0, 0, 0, 0, 0, 0, 0, 0, 0, 0, 0, 0, 0, 0, 0, 0, 0, 0, 0, 0, 0, 0,
         0, 0, 0, 0, 0, 0, 0, 0, 0, 0, 0, 0, 0, 0, 0, 0, 0, 0, 0, 0, 0, 0, 0, 0,
         0, 0, 0],
        [1, 1, 1, 1, 1, 1, 1, 1, 1, 1, 1, 1, 1, 1, 1, 1, 1, 1, 1, 1, 1, 1, 1, 1,
         1, 1, 1, 1, 1, 1, 1, 1, 1, 0, 0, 0, 0, 0, 0, 0, 0, 0, 0, 0, 0, 0, 0, 0,
         0, 0, 0, 0, 0, 0, 0, 0, 0, 0, 0, 0, 0, 0, 0, 0, 0, 0, 0, 0, 0, 0, 0, 0,
         0, 0, 0, 0, 0, 0, 0, 0, 0, 0, 0, 0, 0, 0, 0, 0, 0, 0, 0, 0, 0, 0, 0, 0,
         0, 0, 0, 0, 0, 0, 0, 0, 0, 0, 0, 0, 0, 0, 0, 0, 0, 0, 0, 0, 0, 0, 0, 0,
         0, 0, 0],
        [1, 1, 1, 1, 1, 1, 1, 1, 1, 1, 1, 1, 1, 1, 1, 1, 1, 1, 1, 1, 1, 1, 1, 1,
         1, 1, 1, 1, 1, 1, 1, 1, 1, 1, 1, 1, 1, 1, 1, 1, 1, 1, 1, 1, 1, 1, 1, 1,
         1, 1, 1, 1, 1, 1, 1, 1, 1, 1, 1, 1, 1, 1, 1, 1, 1, 1, 1, 1, 1, 1, 0, 0,
         0, 0, 0, 0, 0, 0, 0, 0, 0, 0, 0, 0, 0, 0, 0, 0, 0, 0, 0, 0, 0, 0, 0, 0,
         0, 0, 0, 0, 0, 0, 0, 0, 0, 0, 0, 0, 0, 0, 0, 0, 0, 0, 0, 0, 0, 0, 0, 0,
         0, 0, 0],
        [1, 1, 1, 1, 1, 1, 1, 1, 1, 1, 1, 1, 1, 1, 1, 1, 1, 1, 1, 1, 1, 1, 1, 1,
         1, 1, 1, 1, 0, 0, 0, 0, 0, 0, 0, 0, 0, 0, 0, 0, 0, 0, 0, 0, 0, 0, 0, 0,
         0, 0, 0, 0, 0, 0, 0, 0, 0, 0, 0, 0, 0, 0, 0, 0, 0, 0, 0, 0, 0, 0, 0, 0,
         0, 0, 0, 0, 0, 0, 0, 0, 0, 0, 0, 0, 0, 0, 0, 0, 0, 0, 0, 0, 0, 0, 0, 0,
         0, 0, 0, 0, 0, 0, 0, 0, 0, 0, 0, 0, 0, 0, 0, 0, 0, 0, 0, 0, 0, 0, 0, 0,
         0, 0, 0],
        [1, 1, 1, 1, 1, 1, 1, 1, 1, 1, 1, 1, 1, 1, 1, 1, 1, 1, 1, 1, 1, 1, 1, 1,
         1, 1, 1, 1, 1, 1, 1, 1, 1, 1, 1, 1, 1, 1, 0, 0, 0, 0, 0, 0, 0, 0, 0, 0,
         0, 0, 0, 0, 0, 0, 0, 0, 0, 0, 0, 0, 0, 0, 0, 0, 0, 0, 0, 0, 0, 0, 0, 0,
         0, 0, 0, 0, 0, 0, 0, 0, 0, 0, 0, 0, 0, 0, 0, 0, 0, 0, 0, 0, 0, 0, 0, 0,
         0, 0, 0, 0, 0, 0, 0, 0, 0, 0, 0, 0, 0, 0, 0, 0, 0, 0, 0, 0, 0, 0, 0, 0,
         0, 0, 0],
        [1, 1, 1, 1, 1, 1, 1, 1, 1, 1, 1, 1, 1, 1, 1, 1, 1, 1, 1, 1, 1, 1, 1, 1,
         1, 1, 1, 1, 1, 1, 1, 1, 1, 1, 1, 1, 1, 1, 1, 1, 1, 1, 1, 1, 1, 1, 1, 1,
         1, 1, 1, 1, 1, 1, 1, 1, 1, 1, 1, 1, 1, 1, 1, 1, 1, 1, 1, 1, 1, 1, 1, 1,
         1, 1, 1, 1, 0, 0, 0, 0, 0, 0, 0, 0, 0, 0, 0, 0, 0, 0, 0, 0, 0, 0, 0, 0,
         0, 0, 0, 0, 0, 0, 0, 0, 0, 0, 0, 0, 0, 0, 0, 0, 0, 0, 0, 0, 0, 0, 0, 0,
         0, 0, 0],
        [1, 1, 1, 1, 1, 1, 1, 1, 1, 1, 1, 1, 1, 1, 1, 1, 1, 1, 1, 1, 1, 1, 1, 1,
         1, 1, 1, 1, 1, 1, 1, 1, 1, 1, 1, 1, 1, 1, 1, 1, 1, 1, 1, 1, 1, 1, 1, 1,
         1, 1, 1, 1, 1, 1, 1, 1, 1, 1, 1, 1, 1, 1, 0, 0, 0, 0, 0, 0, 0, 0, 0, 0,
         0, 0, 0, 0, 0, 0, 0, 0, 0, 0, 0, 0, 0, 0, 0, 0, 0, 0, 0, 0, 0, 0, 0, 0,
         0, 0, 0, 0, 0, 0, 0, 0, 0, 0, 0, 0, 0, 0, 0, 0, 0, 0, 0, 0, 0, 0, 0, 0,
         0, 0, 0],
        [1, 1, 1, 1, 1, 1, 1, 1, 1, 1, 1, 1, 1, 1, 1, 1, 1, 1, 1, 1, 1, 1, 1, 1,
         1, 1, 1, 1, 1, 1, 1, 1, 1, 1, 0, 0, 0, 0, 0, 0, 0, 0, 0, 0, 0, 0, 0, 0,
         0, 0, 0, 0, 0, 0, 0, 0, 0, 0, 0, 0, 0, 0, 0, 0, 0, 0, 0, 0, 0, 0, 0, 0,
         0, 0, 0, 0, 0, 0, 0, 0, 0, 0, 0, 0, 0, 0, 0, 0, 0, 0, 0, 0, 0, 0, 0, 0,
         0, 0, 0, 0, 0, 0, 0, 0, 0, 0, 0, 0, 0, 0, 0, 0, 0, 0, 0, 0, 0, 0, 0, 0,
         0, 0, 0],
        [1, 1, 1, 1, 1, 1, 1, 1, 1, 1, 1, 1, 1, 1, 1, 1, 1, 1, 1, 1, 1, 1, 0, 0,
         0, 0, 0, 0, 0, 0, 0, 0, 0, 0, 0, 0, 0, 0, 0, 0, 0, 0, 0, 0, 0, 0, 0, 0,
         0, 0, 0, 0, 0, 0, 0, 0, 0, 0, 0, 0, 0, 0, 0, 0, 0, 0, 0, 0, 0, 0, 0, 0,
         0, 0, 0, 0, 0, 0, 0, 0, 0, 0, 0, 0, 0, 0, 0, 0, 0, 0, 0, 0, 0, 0, 0, 0,
         0, 0, 0, 0, 0, 0, 0, 0, 0, 0, 0, 0, 0, 0, 0, 0, 0, 0, 0, 0, 0, 0, 0, 0,
         0, 0, 0],
        [1, 1, 1, 1, 1, 1, 1, 1, 1, 1, 1, 1, 1, 1, 1, 1, 1, 1, 1, 1, 1, 1, 1, 1,
         1, 1, 1, 1, 1, 1, 1, 1, 1, 1, 1, 1, 1, 1, 1, 1, 1, 1, 1, 1, 1, 1, 1, 1,
         1, 1, 1, 0, 0, 0, 0, 0, 0, 0, 0, 0, 0, 0, 0, 0, 0, 0, 0, 0, 0, 0, 0, 0,
         0, 0, 0, 0, 0, 0, 0, 0, 0, 0, 0, 0, 0, 0, 0, 0, 0, 0, 0, 0, 0, 0, 0, 0,
         0, 0, 0, 0, 0, 0, 0, 0, 0, 0, 0, 0, 0, 0, 0, 0, 0, 0, 0, 0, 0, 0, 0, 0,
         0, 0, 0],
        [1, 1, 1, 1, 1, 1, 1, 1, 1, 1, 1, 1, 1, 1, 1, 1, 1, 1, 1, 1, 1, 1, 1, 1,
         1, 1, 1, 1, 1, 1, 1, 1, 1, 1, 1, 1, 1, 1, 1, 1, 1, 1, 1, 1, 1, 1, 1, 1,
         1, 1, 1, 1, 1, 1, 1, 1, 1, 0, 0, 0, 0, 0, 0, 0, 0, 0, 0, 0, 0, 0, 0, 0,
         0, 0, 0, 0, 0, 0, 0, 0, 0, 0, 0, 0, 0, 0, 0, 0, 0, 0, 0, 0, 0, 0, 0, 0,
         0, 0, 0, 0, 0, 0, 0, 0, 0, 0, 0, 0, 0, 0, 0, 0, 0, 0, 0, 0, 0, 0, 0, 0,
         0, 0, 0]], device='cuda:0')
logits:
tensor([[-0.0058],
        [-0.0395],
        [-0.0015],
        [-0.0117],
        [-0.0153],
        [-0.0002],
        [-0.0218],
        [-0.0142],
        [-0.0092],
        [-0.0432],
        [ 0.0146],
        [-0.0169],
        [-0.0174],
        [-0.0140],
        [-0.0216],
        [-0.0162]], device='cuda:0', grad_fn=<SumBackward1>), shape:
torch.Size([16, 1])
positive_energy:
torch.Size([8])
negative_energy:
torch.Size([8])
argmax_logit:
tensor([0, 0, 0, 0, 0, 0, 0, 0, 0, 0, 0, 0, 0, 0, 0, 0], device='cuda:0')
max_logit:
tensor([-0.0058, -0.0395, -0.0015, -0.0117, -0.0153, -0.0002, -0.0218, -0.0142,
        -0.0092, -0.0432,  0.0146, -0.0169, -0.0174, -0.0140, -0.0216, -0.0162],
       device='cuda:0', grad_fn=<SqueezeBackward1>)

====================

input_ids:
tensor([[     1,   1729,    294,   5047,    760,    275,   1399,   3434,    719,
            808,   1591,    292,    299,   9436,   6125,   4709,    302,    336,
            294,    336,    294,   7227,   3434,    719,    808,    295,    365,
            278,   1179,    270,   1500,    264,    380,   1264,   6125,  15911,
           2864,    260,      2,      2,      2,      2,      2,      2,      2,
              2,      2,      2,      2,      2,      2,      2,      2,      2,
              2,      2,      2,      2,      2,      2,      2,      2,      2,
              2,      2,      2,      2,      2,      2,      2,      2,      2,
              2,      2,      2,      2,      2,      2,      2,      2,      2,
              2,      2,      2,      2,      2,      2,      2,      2,      2,
              2,      2,      2,      2,      2,      2,      2,      2,      2,
              2,      2,      2,      2,      2,      2,      2,      2,      2,
              2,      2,      2,      2,      2,      2,      2,      2,      2,
              2,      2,      2,      2,      2,      2],
        [     1,   1729,    294,   5047,    760,    275,   1399,   3434,    719,
            808,   1591,    292,    299,   9436,   6125,   4709,    302,    336,
            294,   7227,   3434,    719,   3960,    570,    536,    261,   5964,
           5247,    334,   3111,    289,  11491,    260,      2,      2,      2,
              2,      2,      2,      2,      2,      2,      2,      2,      2,
              2,      2,      2,      2,      2,      2,      2,      2,      2,
              2,      2,      2,      2,      2,      2,      2,      2,      2,
              2,      2,      2,      2,      2,      2,      2,      2,      2,
              2,      2,      2,      2,      2,      2,      2,      2,      2,
              2,      2,      2,      2,      2,      2,      2,      2,      2,
              2,      2,      2,      2,      2,      2,      2,      2,      2,
              2,      2,      2,      2,      2,      2,      2,      2,      2,
              2,      2,      2,      2,      2,      2,      2,      2,      2,
              2,      2,      2,      2,      2,      2],
        [     1,   1729,    294,    273,    268,  17520,  16830,  25119,  13454,
            267,    262,    447,    265,   5971,   4760,    302,    336,    294,
          17520,  16830,  25119,    280,    268,    898,    303,  16530,    270,
            360,   3732,    388,    260,  17520,  16830,  25119,    280,    268,
           5971,    898,    303,    331,   1140,    267,   4258,   5546,    270,
           2646,    260,    953,   2669,   2669,   2669,    585,    260,      2,
              2,      2,      2,      2,      2,      2,      2,      2,      2,
              2,      2,      2,      2,      2,      2,      2,      2,      2,
              2,      2,      2,      2,      2,      2,      2,      2,      2,
              2,      2,      2,      2,      2,      2,      2,      2,      2,
              2,      2,      2,      2,      2,      2,      2,      2,      2,
              2,      2,      2,      2,      2,      2,      2,      2,      2,
              2,      2,      2,      2,      2,      2,      2,      2,      2,
              2,      2,      2,      2,      2,      2],
        [     1,   1729,    294,   3549,    278,    282,   1019,    264,    433,
            266,  36171,    267,   4618,    302,    336,    294,    336,    294,
          24702,    281,   3576,    505,    267,    262,   3511,  32145,    261,
            869,    267,  24169,    263,   2911,   7080,    260,   1258,   2260,
            265,  34689,    281,   8033,    264,   1762,  29182,    263,    281,
            298,   3276,    264,   7176,   3791,    260,    344,   4618,    261,
            262,   2424,    269,   7176,    263,   1926,    261,    319,    269,
            298,   2714,    270,  34689,    260,      2,      2,      2,      2,
              2,      2,      2,      2,      2,      2,      2,      2,      2,
              2,      2,      2,      2,      2,      2,      2,      2,      2,
              2,      2,      2,      2,      2,      2,      2,      2,      2,
              2,      2,      2,      2,      2,      2,      2,      2,      2,
              2,      2,      2,      2,      2,      2,      2,      2,      2,
              2,      2,      2,      2,      2,      2],
        [     1,   1729,    294,   5047,    266,   2780,  23525,    527,   2665,
            475,    631,    267,    266,    777,    395,    302,    336,    294,
            279,  42615,    926,    265,    266,   2780,  23525,    437,    268,
          14907,    958,  17368,    538,    260,    443,    281,  10620,    538,
            267,    266,    395,    260,    953,   2669,   2669,   2669,    585,
            260,      2,      2,      2,      2,      2,      2,      2,      2,
              2,      2,      2,      2,      2,      2,      2,      2,      2,
              2,      2,      2,      2,      2,      2,      2,      2,      2,
              2,      2,      2,      2,      2,      2,      2,      2,      2,
              2,      2,      2,      2,      2,      2,      2,      2,      2,
              2,      2,      2,      2,      2,      2,      2,      2,      2,
              2,      2,      2,      2,      2,      2,      2,      2,      2,
              2,      2,      2,      2,      2,      2,      2,      2,      2,
              2,      2,      2,      2,      2,      2],
        [     1,   1729,    294,   1194,    266,  16561,    350,  17982,   1058,
            264,   2693,    302,    336,    294,    336,    294,  74489,    281,
            266,    810,    265,   2879,    272,   7401,    277,   2239,    260,
          74489,    281,    298,   2232,    346,    306,    281,   2239,    260,
          69473,    281,   2518,   1635,    275,   2232,    261,   1601,  55215,
            334,   2693,    261,    319,    295,    286,  23694,    260,      2,
              2,      2,      2,      2,      2,      2,      2,      2,      2,
              2,      2,      2,      2,      2,      2,      2,      2,      2,
              2,      2,      2,      2,      2,      2,      2,      2,      2,
              2,      2,      2,      2,      2,      2,      2,      2,      2,
              2,      2,      2,      2,      2,      2,      2,      2,      2,
              2,      2,      2,      2,      2,      2,      2,      2,      2,
              2,      2,      2,      2,      2,      2,      2,      2,      2,
              2,      2,      2,      2,      2,      2],
        [     1,   1729,    294,  11304,  57049,   1190,    267,    262,   1142,
            265,    266,   1034,    265,    262,   7364,    495,    302,    336,
            294,  12475,  10874,    284,    411,  13621,    293,  57049,    335,
            342,   1508,    284,   1190,    267,    266,   9329,   2992,    260,
              2,      2,      2,      2,      2,      2,      2,      2,      2,
              2,      2,      2,      2,      2,      2,      2,      2,      2,
              2,      2,      2,      2,      2,      2,      2,      2,      2,
              2,      2,      2,      2,      2,      2,      2,      2,      2,
              2,      2,      2,      2,      2,      2,      2,      2,      2,
              2,      2,      2,      2,      2,      2,      2,      2,      2,
              2,      2,      2,      2,      2,      2,      2,      2,      2,
              2,      2,      2,      2,      2,      2,      2,      2,      2,
              2,      2,      2,      2,      2,      2,      2,      2,      2,
              2,      2,      2,      2,      2,      2],
        [     1,   1729,    294,   4045,   5189,  14093,    266,  18272,    265,
          43386,    302,    336,    294,   5189,  14093,    284,    266,   3881,
          32487,    260,      2,      2,      2,      2,      2,      2,      2,
              2,      2,      2,      2,      2,      2,      2,      2,      2,
              2,      2,      2,      2,      2,      2,      2,      2,      2,
              2,      2,      2,      2,      2,      2,      2,      2,      2,
              2,      2,      2,      2,      2,      2,      2,      2,      2,
              2,      2,      2,      2,      2,      2,      2,      2,      2,
              2,      2,      2,      2,      2,      2,      2,      2,      2,
              2,      2,      2,      2,      2,      2,      2,      2,      2,
              2,      2,      2,      2,      2,      2,      2,      2,      2,
              2,      2,      2,      2,      2,      2,      2,      2,      2,
              2,      2,      2,      2,      2,      2,      2,      2,      2,
              2,      2,      2,      2,      2,      2],
        [     1,   1729,    294,   3549,    262,  22021,  12155,   4680,    299,
            630,    265,    484,  24402,  36760,    633,    302,    336,    294,
            279,  22021,  12155,    269,    266,   1470,    292,    262,    572,
            280,    268,   2835,    553,    307, 118054,   1556,    260,    309,
            323,    279,  22021,  12155,    269,    756,    270,    315,    472,
            265,   3718,    263,   7103,    260,      2,      2,      2,      2,
              2,      2,      2,      2,      2,      2,      2,      2,      2,
              2,      2,      2,      2,      2,      2,      2,      2,      2,
              2,      2,      2,      2,      2,      2,      2,      2,      2,
              2,      2,      2,      2,      2,      2,      2,      2,      2,
              2,      2,      2,      2,      2,      2,      2,      2,      2,
              2,      2,      2,      2,      2,      2,      2,      2,      2,
              2,      2,      2,      2,      2,      2,      2,      2,      2,
              2,      2,      2,      2,      2,      2],
        [     1,   1729,    294,   1194,    266,   1220,    277,   1210,    286,
            266,   1483,    416,   8099,   4637,  19609,    302,    336,    294,
            279,   1210,    326,    278,   1046,    270,    266,   1220,    264,
            527,   2665,    269,    712,    740,    260,  20349,   1046,    457,
            574,    264,    578,    740,    264,   8839,    260,    953,   2669,
           2669,   2669,    585,    260,      2,      2,      2,      2,      2,
              2,      2,      2,      2,      2,      2,      2,      2,      2,
              2,      2,      2,      2,      2,      2,      2,      2,      2,
              2,      2,      2,      2,      2,      2,      2,      2,      2,
              2,      2,      2,      2,      2,      2,      2,      2,      2,
              2,      2,      2,      2,      2,      2,      2,      2,      2,
              2,      2,      2,      2,      2,      2,      2,      2,      2,
              2,      2,      2,      2,      2,      2,      2,      2,      2,
              2,      2,      2,      2,      2,      2],
        [     1,   1729,    294,   1396,    305,   1361,    265,  17279,   1295,
            264,   3712,    267,    302,    336,    294,    336,    294,  34394,
            295,    282,    412,    292,    847,   1375,    261,    500,  97354,
            261,  70046,    261,    263,  15652,    260,   9339,   1361,    265,
          17279,    286,    467,   2206,    263,   1343,   2039,    260,      2,
              2,      2,      2,      2,      2,      2,      2,      2,      2,
              2,      2,      2,      2,      2,      2,      2,      2,      2,
              2,      2,      2,      2,      2,      2,      2,      2,      2,
              2,      2,      2,      2,      2,      2,      2,      2,      2,
              2,      2,      2,      2,      2,      2,      2,      2,      2,
              2,      2,      2,      2,      2,      2,      2,      2,      2,
              2,      2,      2,      2,      2,      2,      2,      2,      2,
              2,      2,      2,      2,      2,      2,      2,      2,      2,
              2,      2,      2,      2,      2,      2],
        [     1,   1729,    294,   4045,    916,    260,   1098,    260, 118032,
            280,    268,   1237,    550,    279,  23766,   3819,    302,    336,
            294,    916,    260,   1098,    260, 118032,   1675,    267,   9370,
            260,    279,  23766,   3819,    284,   1378,    267,   1817,    260,
              2,      2,      2,      2,      2,      2,      2,      2,      2,
              2,      2,      2,      2,      2,      2,      2,      2,      2,
              2,      2,      2,      2,      2,      2,      2,      2,      2,
              2,      2,      2,      2,      2,      2,      2,      2,      2,
              2,      2,      2,      2,      2,      2,      2,      2,      2,
              2,      2,      2,      2,      2,      2,      2,      2,      2,
              2,      2,      2,      2,      2,      2,      2,      2,      2,
              2,      2,      2,      2,      2,      2,      2,      2,      2,
              2,      2,      2,      2,      2,      2,      2,      2,      2,
              2,      2,      2,      2,      2,      2],
        [     1,   1729,    294,   1396,  50017,  22014,    265,   1163,    412,
            293,   6978,  54083,    263,  16962,   2250,    302,    336,    294,
            336,    294,  14219,    268,    281,   7302,    263,  49886,  12875,
            272,    868,    292,    262,  68652,    261,  28929,    261,    263,
           6817,    265,    731,    267,    529,  36151,    261,   1512,    266,
           5830,    265,   2250,    267,    262,   3907,    260,  14219,    268,
            281,   2518,   6057,    265,    266,   5830,    265,   2250,    261,
            500,   1267,    261,   4455,    261,   3237,    261,   1509,    261,
           1707,    261,  46482,    261,    263,  27495,    260,      2,      2,
              2,      2,      2,      2,      2,      2,      2,      2,      2,
              2,      2,      2,      2,      2,      2,      2,      2,      2,
              2,      2,      2,      2,      2,      2,      2,      2,      2,
              2,      2,      2,      2,      2,      2,      2,      2,      2,
              2,      2,      2,      2,      2,      2],
        [     1,   1729,    294,   1396,    305,   1361,    265,  17279,   1295,
            264,   3712,    267,    302,    336,    294,    879,   1361,    265,
          17279,  21005,    281,  15264,    270,    789,    275,    645,   2238,
            270,    857,   4003,    260,  18865,  17279,   1888,    372,    286,
          11891,   1262,    265,    917,    267,    349,    260,    953,   2669,
           2669,   2669,    585,    260,      2,      2,      2,      2,      2,
              2,      2,      2,      2,      2,      2,      2,      2,      2,
              2,      2,      2,      2,      2,      2,      2,      2,      2,
              2,      2,      2,      2,      2,      2,      2,      2,      2,
              2,      2,      2,      2,      2,      2,      2,      2,      2,
              2,      2,      2,      2,      2,      2,      2,      2,      2,
              2,      2,      2,      2,      2,      2,      2,      2,      2,
              2,      2,      2,      2,      2,      2,      2,      2,      2,
              2,      2,      2,      2,      2,      2],
        [     1,   1729,    294,    273,    268,  18839,  48544,    270,    262,
           1706,    272,   2178,   3877,  32914,    302,    336,    294,   3877,
          32914,   1675,    265,  24250,  17226,  23658,   8843,  48143,  26708,
          22305,  17226,  23658,   8843,  48143,  26708,   4407,    277,   1158,
            272,    372,    298,    286,    356,   2119,   3534,      2,      2,
              2,      2,      2,      2,      2,      2,      2,      2,      2,
              2,      2,      2,      2,      2,      2,      2,      2,      2,
              2,      2,      2,      2,      2,      2,      2,      2,      2,
              2,      2,      2,      2,      2,      2,      2,      2,      2,
              2,      2,      2,      2,      2,      2,      2,      2,      2,
              2,      2,      2,      2,      2,      2,      2,      2,      2,
              2,      2,      2,      2,      2,      2,      2,      2,      2,
              2,      2,      2,      2,      2,      2,      2,      2,      2,
              2,      2,      2,      2,      2,      2],
        [     1,   1729,    294,   4638,  25628,  15069,    280,    268,  46312,
           1594,    302,    336,    294,  25628,  15069,    269,    266,    371,
            271,   4748,   9870,    263,   3033,    265,    766,    334,   9727,
            263,  28085,    260,  25628,  15069,    303,    331,    267,    262,
            613,   1572,    270,    386,    388,    260,    443,    281,   2217,
           1485,    263,   2340,    265,  25628,  15069,    292,    467,    911,
            267,    326,    260,      2,      2,      2,      2,      2,      2,
              2,      2,      2,      2,      2,      2,      2,      2,      2,
              2,      2,      2,      2,      2,      2,      2,      2,      2,
              2,      2,      2,      2,      2,      2,      2,      2,      2,
              2,      2,      2,      2,      2,      2,      2,      2,      2,
              2,      2,      2,      2,      2,      2,      2,      2,      2,
              2,      2,      2,      2,      2,      2,      2,      2,      2,
              2,      2,      2,      2,      2,      2]], device='cuda:0')
input_id_shape: torch.Size([16, 123])
attention_mask:
tensor([[1, 1, 1, 1, 1, 1, 1, 1, 1, 1, 1, 1, 1, 1, 1, 1, 1, 1, 1, 1, 1, 1, 1, 1,
         1, 1, 1, 1, 1, 1, 1, 1, 1, 1, 1, 1, 1, 1, 1, 0, 0, 0, 0, 0, 0, 0, 0, 0,
         0, 0, 0, 0, 0, 0, 0, 0, 0, 0, 0, 0, 0, 0, 0, 0, 0, 0, 0, 0, 0, 0, 0, 0,
         0, 0, 0, 0, 0, 0, 0, 0, 0, 0, 0, 0, 0, 0, 0, 0, 0, 0, 0, 0, 0, 0, 0, 0,
         0, 0, 0, 0, 0, 0, 0, 0, 0, 0, 0, 0, 0, 0, 0, 0, 0, 0, 0, 0, 0, 0, 0, 0,
         0, 0, 0],
        [1, 1, 1, 1, 1, 1, 1, 1, 1, 1, 1, 1, 1, 1, 1, 1, 1, 1, 1, 1, 1, 1, 1, 1,
         1, 1, 1, 1, 1, 1, 1, 1, 1, 1, 0, 0, 0, 0, 0, 0, 0, 0, 0, 0, 0, 0, 0, 0,
         0, 0, 0, 0, 0, 0, 0, 0, 0, 0, 0, 0, 0, 0, 0, 0, 0, 0, 0, 0, 0, 0, 0, 0,
         0, 0, 0, 0, 0, 0, 0, 0, 0, 0, 0, 0, 0, 0, 0, 0, 0, 0, 0, 0, 0, 0, 0, 0,
         0, 0, 0, 0, 0, 0, 0, 0, 0, 0, 0, 0, 0, 0, 0, 0, 0, 0, 0, 0, 0, 0, 0, 0,
         0, 0, 0],
        [1, 1, 1, 1, 1, 1, 1, 1, 1, 1, 1, 1, 1, 1, 1, 1, 1, 1, 1, 1, 1, 1, 1, 1,
         1, 1, 1, 1, 1, 1, 1, 1, 1, 1, 1, 1, 1, 1, 1, 1, 1, 1, 1, 1, 1, 1, 1, 1,
         1, 1, 1, 1, 1, 1, 0, 0, 0, 0, 0, 0, 0, 0, 0, 0, 0, 0, 0, 0, 0, 0, 0, 0,
         0, 0, 0, 0, 0, 0, 0, 0, 0, 0, 0, 0, 0, 0, 0, 0, 0, 0, 0, 0, 0, 0, 0, 0,
         0, 0, 0, 0, 0, 0, 0, 0, 0, 0, 0, 0, 0, 0, 0, 0, 0, 0, 0, 0, 0, 0, 0, 0,
         0, 0, 0],
        [1, 1, 1, 1, 1, 1, 1, 1, 1, 1, 1, 1, 1, 1, 1, 1, 1, 1, 1, 1, 1, 1, 1, 1,
         1, 1, 1, 1, 1, 1, 1, 1, 1, 1, 1, 1, 1, 1, 1, 1, 1, 1, 1, 1, 1, 1, 1, 1,
         1, 1, 1, 1, 1, 1, 1, 1, 1, 1, 1, 1, 1, 1, 1, 1, 1, 1, 1, 1, 1, 0, 0, 0,
         0, 0, 0, 0, 0, 0, 0, 0, 0, 0, 0, 0, 0, 0, 0, 0, 0, 0, 0, 0, 0, 0, 0, 0,
         0, 0, 0, 0, 0, 0, 0, 0, 0, 0, 0, 0, 0, 0, 0, 0, 0, 0, 0, 0, 0, 0, 0, 0,
         0, 0, 0],
        [1, 1, 1, 1, 1, 1, 1, 1, 1, 1, 1, 1, 1, 1, 1, 1, 1, 1, 1, 1, 1, 1, 1, 1,
         1, 1, 1, 1, 1, 1, 1, 1, 1, 1, 1, 1, 1, 1, 1, 1, 1, 1, 1, 1, 1, 1, 1, 0,
         0, 0, 0, 0, 0, 0, 0, 0, 0, 0, 0, 0, 0, 0, 0, 0, 0, 0, 0, 0, 0, 0, 0, 0,
         0, 0, 0, 0, 0, 0, 0, 0, 0, 0, 0, 0, 0, 0, 0, 0, 0, 0, 0, 0, 0, 0, 0, 0,
         0, 0, 0, 0, 0, 0, 0, 0, 0, 0, 0, 0, 0, 0, 0, 0, 0, 0, 0, 0, 0, 0, 0, 0,
         0, 0, 0],
        [1, 1, 1, 1, 1, 1, 1, 1, 1, 1, 1, 1, 1, 1, 1, 1, 1, 1, 1, 1, 1, 1, 1, 1,
         1, 1, 1, 1, 1, 1, 1, 1, 1, 1, 1, 1, 1, 1, 1, 1, 1, 1, 1, 1, 1, 1, 1, 1,
         1, 1, 1, 1, 1, 1, 0, 0, 0, 0, 0, 0, 0, 0, 0, 0, 0, 0, 0, 0, 0, 0, 0, 0,
         0, 0, 0, 0, 0, 0, 0, 0, 0, 0, 0, 0, 0, 0, 0, 0, 0, 0, 0, 0, 0, 0, 0, 0,
         0, 0, 0, 0, 0, 0, 0, 0, 0, 0, 0, 0, 0, 0, 0, 0, 0, 0, 0, 0, 0, 0, 0, 0,
         0, 0, 0],
        [1, 1, 1, 1, 1, 1, 1, 1, 1, 1, 1, 1, 1, 1, 1, 1, 1, 1, 1, 1, 1, 1, 1, 1,
         1, 1, 1, 1, 1, 1, 1, 1, 1, 1, 1, 1, 1, 0, 0, 0, 0, 0, 0, 0, 0, 0, 0, 0,
         0, 0, 0, 0, 0, 0, 0, 0, 0, 0, 0, 0, 0, 0, 0, 0, 0, 0, 0, 0, 0, 0, 0, 0,
         0, 0, 0, 0, 0, 0, 0, 0, 0, 0, 0, 0, 0, 0, 0, 0, 0, 0, 0, 0, 0, 0, 0, 0,
         0, 0, 0, 0, 0, 0, 0, 0, 0, 0, 0, 0, 0, 0, 0, 0, 0, 0, 0, 0, 0, 0, 0, 0,
         0, 0, 0],
        [1, 1, 1, 1, 1, 1, 1, 1, 1, 1, 1, 1, 1, 1, 1, 1, 1, 1, 1, 1, 1, 0, 0, 0,
         0, 0, 0, 0, 0, 0, 0, 0, 0, 0, 0, 0, 0, 0, 0, 0, 0, 0, 0, 0, 0, 0, 0, 0,
         0, 0, 0, 0, 0, 0, 0, 0, 0, 0, 0, 0, 0, 0, 0, 0, 0, 0, 0, 0, 0, 0, 0, 0,
         0, 0, 0, 0, 0, 0, 0, 0, 0, 0, 0, 0, 0, 0, 0, 0, 0, 0, 0, 0, 0, 0, 0, 0,
         0, 0, 0, 0, 0, 0, 0, 0, 0, 0, 0, 0, 0, 0, 0, 0, 0, 0, 0, 0, 0, 0, 0, 0,
         0, 0, 0],
        [1, 1, 1, 1, 1, 1, 1, 1, 1, 1, 1, 1, 1, 1, 1, 1, 1, 1, 1, 1, 1, 1, 1, 1,
         1, 1, 1, 1, 1, 1, 1, 1, 1, 1, 1, 1, 1, 1, 1, 1, 1, 1, 1, 1, 1, 1, 1, 1,
         1, 1, 1, 0, 0, 0, 0, 0, 0, 0, 0, 0, 0, 0, 0, 0, 0, 0, 0, 0, 0, 0, 0, 0,
         0, 0, 0, 0, 0, 0, 0, 0, 0, 0, 0, 0, 0, 0, 0, 0, 0, 0, 0, 0, 0, 0, 0, 0,
         0, 0, 0, 0, 0, 0, 0, 0, 0, 0, 0, 0, 0, 0, 0, 0, 0, 0, 0, 0, 0, 0, 0, 0,
         0, 0, 0],
        [1, 1, 1, 1, 1, 1, 1, 1, 1, 1, 1, 1, 1, 1, 1, 1, 1, 1, 1, 1, 1, 1, 1, 1,
         1, 1, 1, 1, 1, 1, 1, 1, 1, 1, 1, 1, 1, 1, 1, 1, 1, 1, 1, 1, 1, 1, 1, 1,
         1, 1, 0, 0, 0, 0, 0, 0, 0, 0, 0, 0, 0, 0, 0, 0, 0, 0, 0, 0, 0, 0, 0, 0,
         0, 0, 0, 0, 0, 0, 0, 0, 0, 0, 0, 0, 0, 0, 0, 0, 0, 0, 0, 0, 0, 0, 0, 0,
         0, 0, 0, 0, 0, 0, 0, 0, 0, 0, 0, 0, 0, 0, 0, 0, 0, 0, 0, 0, 0, 0, 0, 0,
         0, 0, 0],
        [1, 1, 1, 1, 1, 1, 1, 1, 1, 1, 1, 1, 1, 1, 1, 1, 1, 1, 1, 1, 1, 1, 1, 1,
         1, 1, 1, 1, 1, 1, 1, 1, 1, 1, 1, 1, 1, 1, 1, 1, 1, 1, 1, 1, 1, 0, 0, 0,
         0, 0, 0, 0, 0, 0, 0, 0, 0, 0, 0, 0, 0, 0, 0, 0, 0, 0, 0, 0, 0, 0, 0, 0,
         0, 0, 0, 0, 0, 0, 0, 0, 0, 0, 0, 0, 0, 0, 0, 0, 0, 0, 0, 0, 0, 0, 0, 0,
         0, 0, 0, 0, 0, 0, 0, 0, 0, 0, 0, 0, 0, 0, 0, 0, 0, 0, 0, 0, 0, 0, 0, 0,
         0, 0, 0],
        [1, 1, 1, 1, 1, 1, 1, 1, 1, 1, 1, 1, 1, 1, 1, 1, 1, 1, 1, 1, 1, 1, 1, 1,
         1, 1, 1, 1, 1, 1, 1, 1, 1, 1, 1, 1, 1, 0, 0, 0, 0, 0, 0, 0, 0, 0, 0, 0,
         0, 0, 0, 0, 0, 0, 0, 0, 0, 0, 0, 0, 0, 0, 0, 0, 0, 0, 0, 0, 0, 0, 0, 0,
         0, 0, 0, 0, 0, 0, 0, 0, 0, 0, 0, 0, 0, 0, 0, 0, 0, 0, 0, 0, 0, 0, 0, 0,
         0, 0, 0, 0, 0, 0, 0, 0, 0, 0, 0, 0, 0, 0, 0, 0, 0, 0, 0, 0, 0, 0, 0, 0,
         0, 0, 0],
        [1, 1, 1, 1, 1, 1, 1, 1, 1, 1, 1, 1, 1, 1, 1, 1, 1, 1, 1, 1, 1, 1, 1, 1,
         1, 1, 1, 1, 1, 1, 1, 1, 1, 1, 1, 1, 1, 1, 1, 1, 1, 1, 1, 1, 1, 1, 1, 1,
         1, 1, 1, 1, 1, 1, 1, 1, 1, 1, 1, 1, 1, 1, 1, 1, 1, 1, 1, 1, 1, 1, 1, 1,
         1, 1, 1, 1, 1, 1, 1, 1, 0, 0, 0, 0, 0, 0, 0, 0, 0, 0, 0, 0, 0, 0, 0, 0,
         0, 0, 0, 0, 0, 0, 0, 0, 0, 0, 0, 0, 0, 0, 0, 0, 0, 0, 0, 0, 0, 0, 0, 0,
         0, 0, 0],
        [1, 1, 1, 1, 1, 1, 1, 1, 1, 1, 1, 1, 1, 1, 1, 1, 1, 1, 1, 1, 1, 1, 1, 1,
         1, 1, 1, 1, 1, 1, 1, 1, 1, 1, 1, 1, 1, 1, 1, 1, 1, 1, 1, 1, 1, 1, 1, 1,
         1, 1, 0, 0, 0, 0, 0, 0, 0, 0, 0, 0, 0, 0, 0, 0, 0, 0, 0, 0, 0, 0, 0, 0,
         0, 0, 0, 0, 0, 0, 0, 0, 0, 0, 0, 0, 0, 0, 0, 0, 0, 0, 0, 0, 0, 0, 0, 0,
         0, 0, 0, 0, 0, 0, 0, 0, 0, 0, 0, 0, 0, 0, 0, 0, 0, 0, 0, 0, 0, 0, 0, 0,
         0, 0, 0],
        [1, 1, 1, 1, 1, 1, 1, 1, 1, 1, 1, 1, 1, 1, 1, 1, 1, 1, 1, 1, 1, 1, 1, 1,
         1, 1, 1, 1, 1, 1, 1, 1, 1, 1, 1, 1, 1, 1, 1, 1, 1, 1, 1, 1, 0, 0, 0, 0,
         0, 0, 0, 0, 0, 0, 0, 0, 0, 0, 0, 0, 0, 0, 0, 0, 0, 0, 0, 0, 0, 0, 0, 0,
         0, 0, 0, 0, 0, 0, 0, 0, 0, 0, 0, 0, 0, 0, 0, 0, 0, 0, 0, 0, 0, 0, 0, 0,
         0, 0, 0, 0, 0, 0, 0, 0, 0, 0, 0, 0, 0, 0, 0, 0, 0, 0, 0, 0, 0, 0, 0, 0,
         0, 0, 0],
        [1, 1, 1, 1, 1, 1, 1, 1, 1, 1, 1, 1, 1, 1, 1, 1, 1, 1, 1, 1, 1, 1, 1, 1,
         1, 1, 1, 1, 1, 1, 1, 1, 1, 1, 1, 1, 1, 1, 1, 1, 1, 1, 1, 1, 1, 1, 1, 1,
         1, 1, 1, 1, 1, 1, 1, 1, 1, 1, 0, 0, 0, 0, 0, 0, 0, 0, 0, 0, 0, 0, 0, 0,
         0, 0, 0, 0, 0, 0, 0, 0, 0, 0, 0, 0, 0, 0, 0, 0, 0, 0, 0, 0, 0, 0, 0, 0,
         0, 0, 0, 0, 0, 0, 0, 0, 0, 0, 0, 0, 0, 0, 0, 0, 0, 0, 0, 0, 0, 0, 0, 0,
         0, 0, 0]], device='cuda:0')
logits:
tensor([[ 0.0072],
        [ 0.0026],
        [ 0.0144],
        [-0.0069],
        [-0.0048],
        [ 0.0396],
        [-0.0110],
        [-0.0115],
        [-0.0178],
        [-0.0041],
        [-0.0179],
        [ 0.0278],
        [ 0.0012],
        [ 0.0181],
        [-0.0106],
        [-0.0069]], device='cuda:0', grad_fn=<SumBackward1>), shape:
torch.Size([16, 1])
positive_energy:
torch.Size([9])
negative_energy:
torch.Size([7])
argmax_logit:
tensor([0, 0, 0, 0, 0, 0, 0, 0, 0, 0, 0, 0, 0, 0, 0, 0], device='cuda:0')
max_logit:
tensor([ 0.0072,  0.0026,  0.0144, -0.0069, -0.0048,  0.0396, -0.0110, -0.0115,
        -0.0178, -0.0041, -0.0179,  0.0278,  0.0012,  0.0181, -0.0106, -0.0069],
       device='cuda:0', grad_fn=<SqueezeBackward1>)

====================

input_ids:
tensor([[     1,   1729,    294,    273,    268,  17520,  16830,  25119,  13454,
            267,    262,    447,    265,   5971,   4760,    302,    336,    294,
          17520,  16830,  25119,    269,    266,    371,    271,   4748,    733,
           2618,    263,   9599,    260,    383,    269,    611,   7163,    283,
            266,  13278,    265,    262,   5971,   6176,    260,      2,      2,
              2,      2,      2,      2,      2,      2,      2,      2,      2,
              2,      2,      2,      2,      2,      2,      2,      2,      2,
              2,      2,      2,      2,      2,      2,      2,      2,      2,
              2,      2,      2,      2,      2,      2,      2,      2,      2,
              2,      2,      2,      2,      2,      2,      2,      2,      2,
              2,      2,      2,      2,      2,      2,      2,      2,      2,
              2,      2,      2,      2,      2,      2,      2,      2,      2,
              2,      2,      2,      2,      2,      2,      2,      2,      2,
              2,      2,      2,      2,      2,      2],
        [     1,   1729,    294,   5047,    266,   9925,   1750,   9498,  12808,
            302,    336,    294,    336,    294,   9498,  12808,    284,    266,
           5367,   4733,   1335,   9664,    263,  11554,    328,   1735,    277,
            262,   1395,   3619,   1910,    265,  36106,    260,    336,    294,
           9498,  12808,    269,    298,    266,    714,    272,    295,    282,
           1920,    346,    313,    284,    266,    857,    411,    260,    336,
            294,  73813,    281,   2232,    272,   1750,   3016,    261,    319,
            269,    266,   7953,    714,    260,    953,   2669,   2669,   2669,
            585,    260,      2,      2,      2,      2,      2,      2,      2,
              2,      2,      2,      2,      2,      2,      2,      2,      2,
              2,      2,      2,      2,      2,      2,      2,      2,      2,
              2,      2,      2,      2,      2,      2,      2,      2,      2,
              2,      2,      2,      2,      2,      2,      2,      2,      2,
              2,      2,      2,      2,      2,      2],
        [     1,   1729,    294,   3549,    278,    282,   1019,    264,    433,
            266,  36171,    267,   4618,    302,    336,    294,    336,    294,
          24702,    281,   3576,    505,    267,    262,   3511,  32145,    261,
            869,    267,  24169,    263,   2911,   7080,    260,   1258,   2260,
            265,  34689,    281,   8033,    264,   1762,  29182,    263,    281,
            298,   3276,    264,   7176,   3791,    260,    344,   4618,    261,
            262,   2424,    269,   7176,    263,   1926,    261,    319,    269,
            298,   2714,    270,  34689,    260,    953,   2669,   2669,   2669,
            585,    260,      2,      2,      2,      2,      2,      2,      2,
              2,      2,      2,      2,      2,      2,      2,      2,      2,
              2,      2,      2,      2,      2,      2,      2,      2,      2,
              2,      2,      2,      2,      2,      2,      2,      2,      2,
              2,      2,      2,      2,      2,      2,      2,      2,      2,
              2,      2,      2,      2,      2,      2],
        [     1,   1729,    294,   1396,  50017,  22014,    265,   1163,    412,
            293,   6978,  54083,    263,  16962,   2250,    302,    336,    294,
            336,    294,  14219,    268,    281,   7302,    263,  49886,  12875,
            272,    868,    292,    262,  68652,    261,  28929,    261,    263,
           6817,    265,    731,    267,    529,  36151,    261,   1512,    266,
           5830,    265,   2250,    267,    262,   3907,    260,  14219,    268,
            281,   2518,   6057,    265,    266,   5830,    265,   2250,    261,
            500,   1267,    261,   4455,    261,   3237,    261,   1509,    261,
           1707,    261,  46482,    261,    263,  27495,    260,    279,   2133,
            265,  54083,    263,  16962,  30431,    292,   1918,   4562,    263,
           3329,  89168,    261,    399,   3680,   2499,    281,  24352,    263,
          59219,    260,    953,   2669,   2669,   2669,    585,    260,      2,
              2,      2,      2,      2,      2,      2,      2,      2,      2,
              2,      2,      2,      2,      2,      2],
        [     1,   1729,    294,   4638,   8235,  31012,    280,    268,    370,
           2167,   1470,    632,    331,    267,    299,  15317,   2036,    663,
            302,    336,    294,   8235,  31012,    269,    370,   2167,    270,
            315,    550,    279,   7671,    265,  49585,   7564,    260,  49585,
           7564,    269,    266,    874,  65788,    272,    269,    262,    872,
           1470,    265,    279,   7671,    265,  49585,   7564,    260,  99094,
           6704,    261,  15317,   2036,    303,  16569,    267,   2217,   3107,
            263,   1341,   1057,    500,  15584, 118732,    260,  49585,   7564,
          35127,    268,    275,  20362,  43633,    267,    262,  15584, 118732,
           2861,    261,   7305,   6074,    260,      2,      2,      2,      2,
              2,      2,      2,      2,      2,      2,      2,      2,      2,
              2,      2,      2,      2,      2,      2,      2,      2,      2,
              2,      2,      2,      2,      2,      2,      2,      2,      2,
              2,      2,      2,      2,      2,      2],
        [     1,   1729,    294,   4638,  25628,  15069,    280,    268,  46312,
           1594,    302,    336,    294,  25628,  15069,    269,    266,    371,
            271,   4748,   9870,    263,   3033,    265,    766,    334,   9727,
            263,  28085,    260,  25628,  15069,    303,    331,    267,    262,
            613,   1572,    270,    386,    388,    260,    443,    281,   2217,
           1485,    263,   2340,    265,  25628,  15069,    292,    467,    911,
            267,    326,    260,    953,   2669,   2669,   2669,    585,    260,
              2,      2,      2,      2,      2,      2,      2,      2,      2,
              2,      2,      2,      2,      2,      2,      2,      2,      2,
              2,      2,      2,      2,      2,      2,      2,      2,      2,
              2,      2,      2,      2,      2,      2,      2,      2,      2,
              2,      2,      2,      2,      2,      2,      2,      2,      2,
              2,      2,      2,      2,      2,      2,      2,      2,      2,
              2,      2,      2,      2,      2,      2],
        [     1,   1729,    294,   1194,    266,  16561,    350,  17982,   1058,
            264,   2693,    302,    336,    294,    336,    294,  74489,    281,
            266,    810,    265,   2879,    272,   7401,    277,   2239,    260,
              2,      2,      2,      2,      2,      2,      2,      2,      2,
              2,      2,      2,      2,      2,      2,      2,      2,      2,
              2,      2,      2,      2,      2,      2,      2,      2,      2,
              2,      2,      2,      2,      2,      2,      2,      2,      2,
              2,      2,      2,      2,      2,      2,      2,      2,      2,
              2,      2,      2,      2,      2,      2,      2,      2,      2,
              2,      2,      2,      2,      2,      2,      2,      2,      2,
              2,      2,      2,      2,      2,      2,      2,      2,      2,
              2,      2,      2,      2,      2,      2,      2,      2,      2,
              2,      2,      2,      2,      2,      2,      2,      2,      2,
              2,      2,      2,      2,      2,      2],
        [     1,   1729,    294,  11304,  57049,   1190,    267,    262,   1142,
            265,    266,   1034,    265,    262,   7364,    495,    302,    336,
            294,    336,    294,    279,   1384,    307,  65800, 116727,    309,
           5843,    264,  10097,    328,    413,  22007,   1631,    265,  10421,
            263,    613,   3312,    261,    611,    267,  30469,   1029,    260,
              2,      2,      2,      2,      2,      2,      2,      2,      2,
              2,      2,      2,      2,      2,      2,      2,      2,      2,
              2,      2,      2,      2,      2,      2,      2,      2,      2,
              2,      2,      2,      2,      2,      2,      2,      2,      2,
              2,      2,      2,      2,      2,      2,      2,      2,      2,
              2,      2,      2,      2,      2,      2,      2,      2,      2,
              2,      2,      2,      2,      2,      2,      2,      2,      2,
              2,      2,      2,      2,      2,      2,      2,      2,      2,
              2,      2,      2,      2,      2,      2],
        [     1,   1729,    294,   3549,    262,  22021,  12155,   4680,    299,
            630,    265,    484,  24402,  36760,    633,    302,    336,    294,
            279,  22021,  12155,    269,    266,   1470,    292,    262,    572,
            280,    268,   2835,    553,    307, 118054,   1556,    260,    309,
            323,      2,      2,      2,      2,      2,      2,      2,      2,
              2,      2,      2,      2,      2,      2,      2,      2,      2,
              2,      2,      2,      2,      2,      2,      2,      2,      2,
              2,      2,      2,      2,      2,      2,      2,      2,      2,
              2,      2,      2,      2,      2,      2,      2,      2,      2,
              2,      2,      2,      2,      2,      2,      2,      2,      2,
              2,      2,      2,      2,      2,      2,      2,      2,      2,
              2,      2,      2,      2,      2,      2,      2,      2,      2,
              2,      2,      2,      2,      2,      2,      2,      2,      2,
              2,      2,      2,      2,      2,      2],
        [     1,   1729,    294,   2467,  36257,  25703,   5433,    286,    305,
            265,    262,   1273,    265,    266,  91782,    302,    336,    294,
          36257,    269,   4165,    293,    266,   2164,    271,  71553,    261,
            319,    269,    266,   8440,    275,    262,    831,    827,    265,
            266,  13732,    263,    262,   6214,    265,    266,   2082,    260,
              2,      2,      2,      2,      2,      2,      2,      2,      2,
              2,      2,      2,      2,      2,      2,      2,      2,      2,
              2,      2,      2,      2,      2,      2,      2,      2,      2,
              2,      2,      2,      2,      2,      2,      2,      2,      2,
              2,      2,      2,      2,      2,      2,      2,      2,      2,
              2,      2,      2,      2,      2,      2,      2,      2,      2,
              2,      2,      2,      2,      2,      2,      2,      2,      2,
              2,      2,      2,      2,      2,      2,      2,      2,      2,
              2,      2,      2,      2,      2,      2],
        [     1,   1729,    294,   4638,  25628,  15069,    280,    268,  46312,
           1594,    302,    336,    294,  25628,  15069,    269,    266,    371,
            271,   4748,   9870,    263,   3033,    265,    766,    334,   9727,
            263,  28085,    260,      2,      2,      2,      2,      2,      2,
              2,      2,      2,      2,      2,      2,      2,      2,      2,
              2,      2,      2,      2,      2,      2,      2,      2,      2,
              2,      2,      2,      2,      2,      2,      2,      2,      2,
              2,      2,      2,      2,      2,      2,      2,      2,      2,
              2,      2,      2,      2,      2,      2,      2,      2,      2,
              2,      2,      2,      2,      2,      2,      2,      2,      2,
              2,      2,      2,      2,      2,      2,      2,      2,      2,
              2,      2,      2,      2,      2,      2,      2,      2,      2,
              2,      2,      2,      2,      2,      2,      2,      2,      2,
              2,      2,      2,      2,      2,      2],
        [     1,   1729,    294,   1194,   9522,   1248,    264,    262,  14825,
            465,    265,    262,   1552,   3284,    302,    336,    294,    279,
           1552,   3284,    303,    266,   2380,   3613,    265,    392,    261,
          24771,   5580,  57339,    490,    298,  19641,    529,    748,   4985,
           5580,    953,   2669,   2669,   2669,    585,    260,      2,      2,
              2,      2,      2,      2,      2,      2,      2,      2,      2,
              2,      2,      2,      2,      2,      2,      2,      2,      2,
              2,      2,      2,      2,      2,      2,      2,      2,      2,
              2,      2,      2,      2,      2,      2,      2,      2,      2,
              2,      2,      2,      2,      2,      2,      2,      2,      2,
              2,      2,      2,      2,      2,      2,      2,      2,      2,
              2,      2,      2,      2,      2,      2,      2,      2,      2,
              2,      2,      2,      2,      2,      2,      2,      2,      2,
              2,      2,      2,      2,      2,      2],
        [     1,   1729,    294,   1194,    266,  16561,    350,  17982,   1058,
            264,   2693,    302,    336,    294,  25284,    295,   4492,    292,
            937,   3955,  18145,    263,  84284,    260,  11770,    295,   4492,
            292,    266,   1261,    265,  17982,    500,   1489,  36086,    272,
           3975,   4167,    277,    349,    260,      2,      2,      2,      2,
              2,      2,      2,      2,      2,      2,      2,      2,      2,
              2,      2,      2,      2,      2,      2,      2,      2,      2,
              2,      2,      2,      2,      2,      2,      2,      2,      2,
              2,      2,      2,      2,      2,      2,      2,      2,      2,
              2,      2,      2,      2,      2,      2,      2,      2,      2,
              2,      2,      2,      2,      2,      2,      2,      2,      2,
              2,      2,      2,      2,      2,      2,      2,      2,      2,
              2,      2,      2,      2,      2,      2,      2,      2,      2,
              2,      2,      2,      2,      2,      2],
        [     1,   1729,    294,   4638,   8235,  31012,    280,    268,    370,
           2167,   1470,    632,    331,    267,    299,  15317,   2036,    663,
            302,    336,    294,   8235,  31012,    269,    370,   2167,    270,
            315,    550,    279,   7671,    265,  49585,   7564,    260,      2,
              2,      2,      2,      2,      2,      2,      2,      2,      2,
              2,      2,      2,      2,      2,      2,      2,      2,      2,
              2,      2,      2,      2,      2,      2,      2,      2,      2,
              2,      2,      2,      2,      2,      2,      2,      2,      2,
              2,      2,      2,      2,      2,      2,      2,      2,      2,
              2,      2,      2,      2,      2,      2,      2,      2,      2,
              2,      2,      2,      2,      2,      2,      2,      2,      2,
              2,      2,      2,      2,      2,      2,      2,      2,      2,
              2,      2,      2,      2,      2,      2,      2,      2,      2,
              2,      2,      2,      2,      2,      2],
        [     1,   1729,    294,   5047,    266,   9925,   1750,   9498,  12808,
            302,    336,    294,    336,    294,   9498,  12808,    284,    266,
           5367,   4733,   1335,   9664,    263,  11554,    328,   1735,    277,
            262,   1395,   3619,   1910,    265,  36106,    260,    336,    294,
           9498,  12808,    269,    298,    266,    714,    272,    295,    282,
           1920,    346,    313,    284,    266,    857,    411,    260,      2,
              2,      2,      2,      2,      2,      2,      2,      2,      2,
              2,      2,      2,      2,      2,      2,      2,      2,      2,
              2,      2,      2,      2,      2,      2,      2,      2,      2,
              2,      2,      2,      2,      2,      2,      2,      2,      2,
              2,      2,      2,      2,      2,      2,      2,      2,      2,
              2,      2,      2,      2,      2,      2,      2,      2,      2,
              2,      2,      2,      2,      2,      2,      2,      2,      2,
              2,      2,      2,      2,      2,      2],
        [     1,   1729,    294,   3549,    262,  22021,  12155,   4680,    299,
            630,    265,    484,  24402,  36760,    633,    302,    336,    294,
            279,  22021,  12155,    269,    266,   1470,    292,    262,    572,
            280,    268,   2835,    553,    307, 118054,   1556,    260,    309,
            323,    279,  22021,  12155,    269,    756,    270,    315,    472,
            265,   3718,    263,   7103,    260,    383,    269,    611,  13343,
            283,    411,    379,  10208,    314,   2342,   3718,    260,      2,
              2,      2,      2,      2,      2,      2,      2,      2,      2,
              2,      2,      2,      2,      2,      2,      2,      2,      2,
              2,      2,      2,      2,      2,      2,      2,      2,      2,
              2,      2,      2,      2,      2,      2,      2,      2,      2,
              2,      2,      2,      2,      2,      2,      2,      2,      2,
              2,      2,      2,      2,      2,      2,      2,      2,      2,
              2,      2,      2,      2,      2,      2]], device='cuda:0')
input_id_shape: torch.Size([16, 123])
attention_mask:
tensor([[1, 1, 1, 1, 1, 1, 1, 1, 1, 1, 1, 1, 1, 1, 1, 1, 1, 1, 1, 1, 1, 1, 1, 1,
         1, 1, 1, 1, 1, 1, 1, 1, 1, 1, 1, 1, 1, 1, 1, 1, 1, 1, 1, 1, 0, 0, 0, 0,
         0, 0, 0, 0, 0, 0, 0, 0, 0, 0, 0, 0, 0, 0, 0, 0, 0, 0, 0, 0, 0, 0, 0, 0,
         0, 0, 0, 0, 0, 0, 0, 0, 0, 0, 0, 0, 0, 0, 0, 0, 0, 0, 0, 0, 0, 0, 0, 0,
         0, 0, 0, 0, 0, 0, 0, 0, 0, 0, 0, 0, 0, 0, 0, 0, 0, 0, 0, 0, 0, 0, 0, 0,
         0, 0, 0],
        [1, 1, 1, 1, 1, 1, 1, 1, 1, 1, 1, 1, 1, 1, 1, 1, 1, 1, 1, 1, 1, 1, 1, 1,
         1, 1, 1, 1, 1, 1, 1, 1, 1, 1, 1, 1, 1, 1, 1, 1, 1, 1, 1, 1, 1, 1, 1, 1,
         1, 1, 1, 1, 1, 1, 1, 1, 1, 1, 1, 1, 1, 1, 1, 1, 1, 1, 1, 1, 1, 1, 1, 1,
         1, 1, 1, 0, 0, 0, 0, 0, 0, 0, 0, 0, 0, 0, 0, 0, 0, 0, 0, 0, 0, 0, 0, 0,
         0, 0, 0, 0, 0, 0, 0, 0, 0, 0, 0, 0, 0, 0, 0, 0, 0, 0, 0, 0, 0, 0, 0, 0,
         0, 0, 0],
        [1, 1, 1, 1, 1, 1, 1, 1, 1, 1, 1, 1, 1, 1, 1, 1, 1, 1, 1, 1, 1, 1, 1, 1,
         1, 1, 1, 1, 1, 1, 1, 1, 1, 1, 1, 1, 1, 1, 1, 1, 1, 1, 1, 1, 1, 1, 1, 1,
         1, 1, 1, 1, 1, 1, 1, 1, 1, 1, 1, 1, 1, 1, 1, 1, 1, 1, 1, 1, 1, 1, 1, 1,
         1, 1, 1, 0, 0, 0, 0, 0, 0, 0, 0, 0, 0, 0, 0, 0, 0, 0, 0, 0, 0, 0, 0, 0,
         0, 0, 0, 0, 0, 0, 0, 0, 0, 0, 0, 0, 0, 0, 0, 0, 0, 0, 0, 0, 0, 0, 0, 0,
         0, 0, 0],
        [1, 1, 1, 1, 1, 1, 1, 1, 1, 1, 1, 1, 1, 1, 1, 1, 1, 1, 1, 1, 1, 1, 1, 1,
         1, 1, 1, 1, 1, 1, 1, 1, 1, 1, 1, 1, 1, 1, 1, 1, 1, 1, 1, 1, 1, 1, 1, 1,
         1, 1, 1, 1, 1, 1, 1, 1, 1, 1, 1, 1, 1, 1, 1, 1, 1, 1, 1, 1, 1, 1, 1, 1,
         1, 1, 1, 1, 1, 1, 1, 1, 1, 1, 1, 1, 1, 1, 1, 1, 1, 1, 1, 1, 1, 1, 1, 1,
         1, 1, 1, 1, 1, 1, 1, 1, 1, 1, 1, 1, 0, 0, 0, 0, 0, 0, 0, 0, 0, 0, 0, 0,
         0, 0, 0],
        [1, 1, 1, 1, 1, 1, 1, 1, 1, 1, 1, 1, 1, 1, 1, 1, 1, 1, 1, 1, 1, 1, 1, 1,
         1, 1, 1, 1, 1, 1, 1, 1, 1, 1, 1, 1, 1, 1, 1, 1, 1, 1, 1, 1, 1, 1, 1, 1,
         1, 1, 1, 1, 1, 1, 1, 1, 1, 1, 1, 1, 1, 1, 1, 1, 1, 1, 1, 1, 1, 1, 1, 1,
         1, 1, 1, 1, 1, 1, 1, 1, 1, 1, 1, 1, 1, 1, 1, 0, 0, 0, 0, 0, 0, 0, 0, 0,
         0, 0, 0, 0, 0, 0, 0, 0, 0, 0, 0, 0, 0, 0, 0, 0, 0, 0, 0, 0, 0, 0, 0, 0,
         0, 0, 0],
        [1, 1, 1, 1, 1, 1, 1, 1, 1, 1, 1, 1, 1, 1, 1, 1, 1, 1, 1, 1, 1, 1, 1, 1,
         1, 1, 1, 1, 1, 1, 1, 1, 1, 1, 1, 1, 1, 1, 1, 1, 1, 1, 1, 1, 1, 1, 1, 1,
         1, 1, 1, 1, 1, 1, 1, 1, 1, 1, 1, 1, 1, 1, 1, 1, 0, 0, 0, 0, 0, 0, 0, 0,
         0, 0, 0, 0, 0, 0, 0, 0, 0, 0, 0, 0, 0, 0, 0, 0, 0, 0, 0, 0, 0, 0, 0, 0,
         0, 0, 0, 0, 0, 0, 0, 0, 0, 0, 0, 0, 0, 0, 0, 0, 0, 0, 0, 0, 0, 0, 0, 0,
         0, 0, 0],
        [1, 1, 1, 1, 1, 1, 1, 1, 1, 1, 1, 1, 1, 1, 1, 1, 1, 1, 1, 1, 1, 1, 1, 1,
         1, 1, 1, 1, 0, 0, 0, 0, 0, 0, 0, 0, 0, 0, 0, 0, 0, 0, 0, 0, 0, 0, 0, 0,
         0, 0, 0, 0, 0, 0, 0, 0, 0, 0, 0, 0, 0, 0, 0, 0, 0, 0, 0, 0, 0, 0, 0, 0,
         0, 0, 0, 0, 0, 0, 0, 0, 0, 0, 0, 0, 0, 0, 0, 0, 0, 0, 0, 0, 0, 0, 0, 0,
         0, 0, 0, 0, 0, 0, 0, 0, 0, 0, 0, 0, 0, 0, 0, 0, 0, 0, 0, 0, 0, 0, 0, 0,
         0, 0, 0],
        [1, 1, 1, 1, 1, 1, 1, 1, 1, 1, 1, 1, 1, 1, 1, 1, 1, 1, 1, 1, 1, 1, 1, 1,
         1, 1, 1, 1, 1, 1, 1, 1, 1, 1, 1, 1, 1, 1, 1, 1, 1, 1, 1, 1, 1, 1, 0, 0,
         0, 0, 0, 0, 0, 0, 0, 0, 0, 0, 0, 0, 0, 0, 0, 0, 0, 0, 0, 0, 0, 0, 0, 0,
         0, 0, 0, 0, 0, 0, 0, 0, 0, 0, 0, 0, 0, 0, 0, 0, 0, 0, 0, 0, 0, 0, 0, 0,
         0, 0, 0, 0, 0, 0, 0, 0, 0, 0, 0, 0, 0, 0, 0, 0, 0, 0, 0, 0, 0, 0, 0, 0,
         0, 0, 0],
        [1, 1, 1, 1, 1, 1, 1, 1, 1, 1, 1, 1, 1, 1, 1, 1, 1, 1, 1, 1, 1, 1, 1, 1,
         1, 1, 1, 1, 1, 1, 1, 1, 1, 1, 1, 1, 1, 1, 0, 0, 0, 0, 0, 0, 0, 0, 0, 0,
         0, 0, 0, 0, 0, 0, 0, 0, 0, 0, 0, 0, 0, 0, 0, 0, 0, 0, 0, 0, 0, 0, 0, 0,
         0, 0, 0, 0, 0, 0, 0, 0, 0, 0, 0, 0, 0, 0, 0, 0, 0, 0, 0, 0, 0, 0, 0, 0,
         0, 0, 0, 0, 0, 0, 0, 0, 0, 0, 0, 0, 0, 0, 0, 0, 0, 0, 0, 0, 0, 0, 0, 0,
         0, 0, 0],
        [1, 1, 1, 1, 1, 1, 1, 1, 1, 1, 1, 1, 1, 1, 1, 1, 1, 1, 1, 1, 1, 1, 1, 1,
         1, 1, 1, 1, 1, 1, 1, 1, 1, 1, 1, 1, 1, 1, 1, 1, 1, 1, 1, 1, 1, 1, 0, 0,
         0, 0, 0, 0, 0, 0, 0, 0, 0, 0, 0, 0, 0, 0, 0, 0, 0, 0, 0, 0, 0, 0, 0, 0,
         0, 0, 0, 0, 0, 0, 0, 0, 0, 0, 0, 0, 0, 0, 0, 0, 0, 0, 0, 0, 0, 0, 0, 0,
         0, 0, 0, 0, 0, 0, 0, 0, 0, 0, 0, 0, 0, 0, 0, 0, 0, 0, 0, 0, 0, 0, 0, 0,
         0, 0, 0],
        [1, 1, 1, 1, 1, 1, 1, 1, 1, 1, 1, 1, 1, 1, 1, 1, 1, 1, 1, 1, 1, 1, 1, 1,
         1, 1, 1, 1, 1, 1, 1, 0, 0, 0, 0, 0, 0, 0, 0, 0, 0, 0, 0, 0, 0, 0, 0, 0,
         0, 0, 0, 0, 0, 0, 0, 0, 0, 0, 0, 0, 0, 0, 0, 0, 0, 0, 0, 0, 0, 0, 0, 0,
         0, 0, 0, 0, 0, 0, 0, 0, 0, 0, 0, 0, 0, 0, 0, 0, 0, 0, 0, 0, 0, 0, 0, 0,
         0, 0, 0, 0, 0, 0, 0, 0, 0, 0, 0, 0, 0, 0, 0, 0, 0, 0, 0, 0, 0, 0, 0, 0,
         0, 0, 0],
        [1, 1, 1, 1, 1, 1, 1, 1, 1, 1, 1, 1, 1, 1, 1, 1, 1, 1, 1, 1, 1, 1, 1, 1,
         1, 1, 1, 1, 1, 1, 1, 1, 1, 1, 1, 1, 1, 1, 1, 1, 1, 1, 1, 1, 0, 0, 0, 0,
         0, 0, 0, 0, 0, 0, 0, 0, 0, 0, 0, 0, 0, 0, 0, 0, 0, 0, 0, 0, 0, 0, 0, 0,
         0, 0, 0, 0, 0, 0, 0, 0, 0, 0, 0, 0, 0, 0, 0, 0, 0, 0, 0, 0, 0, 0, 0, 0,
         0, 0, 0, 0, 0, 0, 0, 0, 0, 0, 0, 0, 0, 0, 0, 0, 0, 0, 0, 0, 0, 0, 0, 0,
         0, 0, 0],
        [1, 1, 1, 1, 1, 1, 1, 1, 1, 1, 1, 1, 1, 1, 1, 1, 1, 1, 1, 1, 1, 1, 1, 1,
         1, 1, 1, 1, 1, 1, 1, 1, 1, 1, 1, 1, 1, 1, 1, 1, 1, 1, 0, 0, 0, 0, 0, 0,
         0, 0, 0, 0, 0, 0, 0, 0, 0, 0, 0, 0, 0, 0, 0, 0, 0, 0, 0, 0, 0, 0, 0, 0,
         0, 0, 0, 0, 0, 0, 0, 0, 0, 0, 0, 0, 0, 0, 0, 0, 0, 0, 0, 0, 0, 0, 0, 0,
         0, 0, 0, 0, 0, 0, 0, 0, 0, 0, 0, 0, 0, 0, 0, 0, 0, 0, 0, 0, 0, 0, 0, 0,
         0, 0, 0],
        [1, 1, 1, 1, 1, 1, 1, 1, 1, 1, 1, 1, 1, 1, 1, 1, 1, 1, 1, 1, 1, 1, 1, 1,
         1, 1, 1, 1, 1, 1, 1, 1, 1, 1, 1, 1, 0, 0, 0, 0, 0, 0, 0, 0, 0, 0, 0, 0,
         0, 0, 0, 0, 0, 0, 0, 0, 0, 0, 0, 0, 0, 0, 0, 0, 0, 0, 0, 0, 0, 0, 0, 0,
         0, 0, 0, 0, 0, 0, 0, 0, 0, 0, 0, 0, 0, 0, 0, 0, 0, 0, 0, 0, 0, 0, 0, 0,
         0, 0, 0, 0, 0, 0, 0, 0, 0, 0, 0, 0, 0, 0, 0, 0, 0, 0, 0, 0, 0, 0, 0, 0,
         0, 0, 0],
        [1, 1, 1, 1, 1, 1, 1, 1, 1, 1, 1, 1, 1, 1, 1, 1, 1, 1, 1, 1, 1, 1, 1, 1,
         1, 1, 1, 1, 1, 1, 1, 1, 1, 1, 1, 1, 1, 1, 1, 1, 1, 1, 1, 1, 1, 1, 1, 1,
         1, 1, 1, 1, 1, 1, 0, 0, 0, 0, 0, 0, 0, 0, 0, 0, 0, 0, 0, 0, 0, 0, 0, 0,
         0, 0, 0, 0, 0, 0, 0, 0, 0, 0, 0, 0, 0, 0, 0, 0, 0, 0, 0, 0, 0, 0, 0, 0,
         0, 0, 0, 0, 0, 0, 0, 0, 0, 0, 0, 0, 0, 0, 0, 0, 0, 0, 0, 0, 0, 0, 0, 0,
         0, 0, 0],
        [1, 1, 1, 1, 1, 1, 1, 1, 1, 1, 1, 1, 1, 1, 1, 1, 1, 1, 1, 1, 1, 1, 1, 1,
         1, 1, 1, 1, 1, 1, 1, 1, 1, 1, 1, 1, 1, 1, 1, 1, 1, 1, 1, 1, 1, 1, 1, 1,
         1, 1, 1, 1, 1, 1, 1, 1, 1, 1, 1, 1, 1, 1, 1, 0, 0, 0, 0, 0, 0, 0, 0, 0,
         0, 0, 0, 0, 0, 0, 0, 0, 0, 0, 0, 0, 0, 0, 0, 0, 0, 0, 0, 0, 0, 0, 0, 0,
         0, 0, 0, 0, 0, 0, 0, 0, 0, 0, 0, 0, 0, 0, 0, 0, 0, 0, 0, 0, 0, 0, 0, 0,
         0, 0, 0]], device='cuda:0')
logits:
tensor([[ 0.0133],
        [-0.0012],
        [ 0.0185],
        [-0.0034],
        [-0.0102],
        [-0.0061],
        [ 0.0055],
        [-0.0106],
        [ 0.0102],
        [ 0.0379],
        [-0.0032],
        [-0.0145],
        [-0.0045],
        [-0.0033],
        [ 0.0036],
        [-0.0021]], device='cuda:0', grad_fn=<SumBackward1>), shape:
torch.Size([16, 1])
positive_energy:
torch.Size([6])
negative_energy:
torch.Size([10])
argmax_logit:
tensor([0, 0, 0, 0, 0, 0, 0, 0, 0, 0, 0, 0, 0, 0, 0, 0], device='cuda:0')
max_logit:
tensor([ 0.0133, -0.0012,  0.0185, -0.0034, -0.0102, -0.0061,  0.0055, -0.0106,
         0.0102,  0.0379, -0.0032, -0.0145, -0.0045, -0.0033,  0.0036, -0.0021],
       device='cuda:0', grad_fn=<SqueezeBackward1>)

====================

input_ids:
tensor([[     1,   1729,    294,   3549,    262,   1210,    733,    495,    433,
           4121,  53793,    280,    268,    425,    264,    282,    461,    536,
            302,    336,    294,    279,   1210,    733,    495,    303,    314,
            404,    355,    267,    278,    260,   4121,  53793,    280,    268,
            425,    303,    936,   6060,    263,    574,   9062,    260,    953,
           2669,   2669,   2669,    585,    260,      2,      2,      2,      2,
              2,      2,      2,      2,      2,      2,      2,      2,      2,
              2,      2,      2,      2,      2,      2,      2,      2,      2,
              2,      2,      2,      2,      2,      2,      2,      2,      2,
              2,      2,      2,      2,      2,      2,      2,      2,      2,
              2,      2,      2,      2,      2,      2,      2,      2,      2,
              2,      2,      2,      2,      2,      2,      2,      2,      2,
              2,      2,      2,      2,      2,      2,      2,      2,      2,
              2,      2,      2,      2,      2,      2],
        [     1,   1729,    294,   4638,  25628,  15069,    280,    268,  46312,
           1594,    302,    336,    294,  25628,  15069,    269,    266,    371,
            271,   4748,   9870,    263,   3033,    265,    766,    334,   9727,
            263,  28085,    260,  25628,  15069,    303,    331,    267,    262,
            613,   1572,    270,    386,    388,    260,      2,      2,      2,
              2,      2,      2,      2,      2,      2,      2,      2,      2,
              2,      2,      2,      2,      2,      2,      2,      2,      2,
              2,      2,      2,      2,      2,      2,      2,      2,      2,
              2,      2,      2,      2,      2,      2,      2,      2,      2,
              2,      2,      2,      2,      2,      2,      2,      2,      2,
              2,      2,      2,      2,      2,      2,      2,      2,      2,
              2,      2,      2,      2,      2,      2,      2,      2,      2,
              2,      2,      2,      2,      2,      2,      2,      2,      2,
              2,      2,      2,      2,      2,      2],
        [     1,   1729,    294,   1194,    266,   2164,  18828,    612,   6588,
            478,    266,   6588,  30627,    302,    336,    294,    264,    612,
           6588,    261,    266,    857,    271,   2207,    721,    269,    858,
            264,   2497,   1229,    262,   6588,  30627,   2164,  20440,    286,
          85854,    263,    298,    857,    271,   2207,   1312,      2,      2,
              2,      2,      2,      2,      2,      2,      2,      2,      2,
              2,      2,      2,      2,      2,      2,      2,      2,      2,
              2,      2,      2,      2,      2,      2,      2,      2,      2,
              2,      2,      2,      2,      2,      2,      2,      2,      2,
              2,      2,      2,      2,      2,      2,      2,      2,      2,
              2,      2,      2,      2,      2,      2,      2,      2,      2,
              2,      2,      2,      2,      2,      2,      2,      2,      2,
              2,      2,      2,      2,      2,      2,      2,      2,      2,
              2,      2,      2,      2,      2,      2],
        [     1,   1729,    294,   1396,  50017,  22014,    265,   1163,    412,
            293,   6978,  54083,    263,  16962,   2250,    302,    336,    294,
          28701,    263,  12314,    281,    266,  11963,   1918,   2133,   4165,
            293,    262,   1163,    937,    263,    881,    260,   1552,    263,
            881,    335,   3230,    603,    676,    262,   1163,   6019,    260,
              2,      2,      2,      2,      2,      2,      2,      2,      2,
              2,      2,      2,      2,      2,      2,      2,      2,      2,
              2,      2,      2,      2,      2,      2,      2,      2,      2,
              2,      2,      2,      2,      2,      2,      2,      2,      2,
              2,      2,      2,      2,      2,      2,      2,      2,      2,
              2,      2,      2,      2,      2,      2,      2,      2,      2,
              2,      2,      2,      2,      2,      2,      2,      2,      2,
              2,      2,      2,      2,      2,      2,      2,      2,      2,
              2,      2,      2,      2,      2,      2],
        [     1,   1729,    294,   5047,    266,   2780,  23525,    527,   2665,
            475,    631,    267,    266,    777,    395,    302,    336,    294,
            279,  42615,    926,    265,    266,   2780,  23525,    437,    268,
          14907,    958,  17368,    538,    260,    443,    281,  10620,    538,
            267,    266,    395,    260,      2,      2,      2,      2,      2,
              2,      2,      2,      2,      2,      2,      2,      2,      2,
              2,      2,      2,      2,      2,      2,      2,      2,      2,
              2,      2,      2,      2,      2,      2,      2,      2,      2,
              2,      2,      2,      2,      2,      2,      2,      2,      2,
              2,      2,      2,      2,      2,      2,      2,      2,      2,
              2,      2,      2,      2,      2,      2,      2,      2,      2,
              2,      2,      2,      2,      2,      2,      2,      2,      2,
              2,      2,      2,      2,      2,      2,      2,      2,      2,
              2,      2,      2,      2,      2,      2],
        [     1,   1729,    294,   1194,   9522,   1248,    264,    262,  14825,
            465,    265,    262,   1552,   3284,    302,    336,    294,    279,
           1552,   3284,    303,    266,   2380,   3613,    265,    392,    261,
          24771,   5580,      2,      2,      2,      2,      2,      2,      2,
              2,      2,      2,      2,      2,      2,      2,      2,      2,
              2,      2,      2,      2,      2,      2,      2,      2,      2,
              2,      2,      2,      2,      2,      2,      2,      2,      2,
              2,      2,      2,      2,      2,      2,      2,      2,      2,
              2,      2,      2,      2,      2,      2,      2,      2,      2,
              2,      2,      2,      2,      2,      2,      2,      2,      2,
              2,      2,      2,      2,      2,      2,      2,      2,      2,
              2,      2,      2,      2,      2,      2,      2,      2,      2,
              2,      2,      2,      2,      2,      2,      2,      2,      2,
              2,      2,      2,      2,      2,      2],
        [     1,   1729,    294,    771,  11929,    355,   1248,    264,    262,
           4358,   9700,   5112,    611,    302,    336,    294,    279,   4358,
           9700,   5112,    269,    311,    265,    262,    370,   1123,   5997,
           4393,    267,    262,   2222,    260,      2,      2,      2,      2,
              2,      2,      2,      2,      2,      2,      2,      2,      2,
              2,      2,      2,      2,      2,      2,      2,      2,      2,
              2,      2,      2,      2,      2,      2,      2,      2,      2,
              2,      2,      2,      2,      2,      2,      2,      2,      2,
              2,      2,      2,      2,      2,      2,      2,      2,      2,
              2,      2,      2,      2,      2,      2,      2,      2,      2,
              2,      2,      2,      2,      2,      2,      2,      2,      2,
              2,      2,      2,      2,      2,      2,      2,      2,      2,
              2,      2,      2,      2,      2,      2,      2,      2,      2,
              2,      2,      2,      2,      2,      2],
        [     1,   1729,    294,   2467,    787,   5756,  26641,  12351,  26711,
            843,    302,    336,    294,  21008,  26641,    269,    266,   2722,
           1384,    272,   5843,    264,    262,   1105,    265,   3928,   5044,
            267,  11755,   3683,    260,  21008,  26641,   3960,   2244,    272,
           1052,    266,  11427,    264,  10003,    263,  45094,    262,    843,
            292,    266,   1394,    260,    486,    266,  11427,   8993,   5756,
          26641,    261,    306,    380,    996,   5247,    264,   2862,    289,
           1464,    308,   1394,    261,    319,   1530,    264,   1684,    262,
           1239,    263,   2225,    265,  26711,    843,    260,      2,      2,
              2,      2,      2,      2,      2,      2,      2,      2,      2,
              2,      2,      2,      2,      2,      2,      2,      2,      2,
              2,      2,      2,      2,      2,      2,      2,      2,      2,
              2,      2,      2,      2,      2,      2,      2,      2,      2,
              2,      2,      2,      2,      2,      2],
        [     1,   1729,    294,   2709,   5084,  21476,    365,    266,   3474,
            288,    262,   5986,    335,    278,    284,   1315,    302,    336,
            294,   5084,  21476,    330,    266,  11383,   1753,    265,    314,
            827,    266,    705,   2733,    260,   6339,   1270,    267,   9717,
            261,    278,   3295,    314,   1627,    705,   2733,    260,    953,
           2669,   2669,   2669,   1595,    260,      2,      2,      2,      2,
              2,      2,      2,      2,      2,      2,      2,      2,      2,
              2,      2,      2,      2,      2,      2,      2,      2,      2,
              2,      2,      2,      2,      2,      2,      2,      2,      2,
              2,      2,      2,      2,      2,      2,      2,      2,      2,
              2,      2,      2,      2,      2,      2,      2,      2,      2,
              2,      2,      2,      2,      2,      2,      2,      2,      2,
              2,      2,      2,      2,      2,      2,      2,      2,      2,
              2,      2,      2,      2,      2,      2],
        [     1,   1729,    294,   2709,   5084,  21476,    365,    266,   3474,
            288,    262,   5986,    335,    278,    284,   1315,    302,    336,
            294,   5084,  21476,    330,    266,  11383,   1753,    265,    314,
            827,    266,    705,   2733,    260,      2,      2,      2,      2,
              2,      2,      2,      2,      2,      2,      2,      2,      2,
              2,      2,      2,      2,      2,      2,      2,      2,      2,
              2,      2,      2,      2,      2,      2,      2,      2,      2,
              2,      2,      2,      2,      2,      2,      2,      2,      2,
              2,      2,      2,      2,      2,      2,      2,      2,      2,
              2,      2,      2,      2,      2,      2,      2,      2,      2,
              2,      2,      2,      2,      2,      2,      2,      2,      2,
              2,      2,      2,      2,      2,      2,      2,      2,      2,
              2,      2,      2,      2,      2,      2,      2,      2,      2,
              2,      2,      2,      2,      2,      2],
        [     1,   1729,    294,   2467,    787,   5756,  26641,  12351,  26711,
            843,    302,    336,    294,    307,  63107,   5756,  26641,    309,
           5843,    264,    262,    973,    265,   3928,    289,   2971,    267,
          11755,   3683,      2,      2,      2,      2,      2,      2,      2,
              2,      2,      2,      2,      2,      2,      2,      2,      2,
              2,      2,      2,      2,      2,      2,      2,      2,      2,
              2,      2,      2,      2,      2,      2,      2,      2,      2,
              2,      2,      2,      2,      2,      2,      2,      2,      2,
              2,      2,      2,      2,      2,      2,      2,      2,      2,
              2,      2,      2,      2,      2,      2,      2,      2,      2,
              2,      2,      2,      2,      2,      2,      2,      2,      2,
              2,      2,      2,      2,      2,      2,      2,      2,      2,
              2,      2,      2,      2,      2,      2,      2,      2,      2,
              2,      2,      2,      2,      2,      2],
        [     1,   1729,    294,   2709,  32499,  20169,    649,  38405,    632,
            957,  59929,   2440,    438,    306,    462,    968,    262,   1022,
            265,   1083,    302,    336,    294,  20169,    649,    715,    284,
           1083,    265,   2378,    292,   8925,    390,   4987,    260,   2440,
            284,   1083,    265,    262,    780,   1017,    292,   1812,    264,
            798,      2,      2,      2,      2,      2,      2,      2,      2,
              2,      2,      2,      2,      2,      2,      2,      2,      2,
              2,      2,      2,      2,      2,      2,      2,      2,      2,
              2,      2,      2,      2,      2,      2,      2,      2,      2,
              2,      2,      2,      2,      2,      2,      2,      2,      2,
              2,      2,      2,      2,      2,      2,      2,      2,      2,
              2,      2,      2,      2,      2,      2,      2,      2,      2,
              2,      2,      2,      2,      2,      2,      2,      2,      2,
              2,      2,      2,      2,      2,      2],
        [     1,   1729,    294,   1194,    266,  16561,    350,  17982,   1058,
            264,   2693,    302,    336,    294,  25284,    295,   4492,    292,
            937,   3955,  18145,    263,  84284,    260,  11770,    295,   4492,
            292,    266,   1261,    265,  17982,    500,   1489,  36086,    272,
           3975,   4167,    277,    349,    260,  89951,    297,  61332,    281,
          23694,    272,    281,    327,    650,   1489,  36086,    263,    283,
           5991,  26657,    260,      2,      2,      2,      2,      2,      2,
              2,      2,      2,      2,      2,      2,      2,      2,      2,
              2,      2,      2,      2,      2,      2,      2,      2,      2,
              2,      2,      2,      2,      2,      2,      2,      2,      2,
              2,      2,      2,      2,      2,      2,      2,      2,      2,
              2,      2,      2,      2,      2,      2,      2,      2,      2,
              2,      2,      2,      2,      2,      2,      2,      2,      2,
              2,      2,      2,      2,      2,      2],
        [     1,   1729,    294,   4045,   5189,  14093,    266,  18272,    265,
          43386,    302,    336,    294,   5189,  14093,    284,    266,   3881,
          32487,    260,  90816,    269,    262,   5026,    265,   4312,    267,
            266,   2609,    608,    260,  16927,    770,    267,    262,   4020,
          11214,    261,    319,    269,    266,   5190,    265,    627,    260,
            953,   2669,   2669,   2669,    585,    260,      2,      2,      2,
              2,      2,      2,      2,      2,      2,      2,      2,      2,
              2,      2,      2,      2,      2,      2,      2,      2,      2,
              2,      2,      2,      2,      2,      2,      2,      2,      2,
              2,      2,      2,      2,      2,      2,      2,      2,      2,
              2,      2,      2,      2,      2,      2,      2,      2,      2,
              2,      2,      2,      2,      2,      2,      2,      2,      2,
              2,      2,      2,      2,      2,      2,      2,      2,      2,
              2,      2,      2,      2,      2,      2],
        [     1,   1729,    294,    273,    268,  17520,  16830,  25119,  13454,
            267,    262,    447,    265,   5971,   4760,    302,    336,    294,
          17520,  16830,  25119,    269,    266,    371,    271,   4748,    733,
           2618,    263,   9599,    260,    383,    269,    611,   7163,    283,
            266,  13278,    265,    262,   5971,   6176,    260,    383,    269,
           2167,    270,    885,    405,    283,    307,    635,   6095,    271,
         108129,   5018,    309,    263,    307,    635,  18977,    260,    309,
            260,      2,      2,      2,      2,      2,      2,      2,      2,
              2,      2,      2,      2,      2,      2,      2,      2,      2,
              2,      2,      2,      2,      2,      2,      2,      2,      2,
              2,      2,      2,      2,      2,      2,      2,      2,      2,
              2,      2,      2,      2,      2,      2,      2,      2,      2,
              2,      2,      2,      2,      2,      2,      2,      2,      2,
              2,      2,      2,      2,      2,      2],
        [     1,   1729,    294,    771,  11929,    355,   1248,    264,    262,
           4358,   9700,   5112,    611,    302,    336,    294, 110163,    355,
            372,   2603,    321,   1536,    272,  23068,    275,    308,   3582,
            289,    531,    266,   1100,    265,  27199,    260,    279,   4358,
           9700,   5112,    269,    266,    371,    271,   4748,  11395,    267,
           1395,   3619,    261,   1482,    260,    325,    269,    266,   1123,
           6182,   3508,    261,  12471,    386,   2369,    261,    500,    421,
            328,    372,    282,   1439,  11929,    260,    953,   2669,   2669,
           2669,    585,    260,      2,      2,      2,      2,      2,      2,
              2,      2,      2,      2,      2,      2,      2,      2,      2,
              2,      2,      2,      2,      2,      2,      2,      2,      2,
              2,      2,      2,      2,      2,      2,      2,      2,      2,
              2,      2,      2,      2,      2,      2,      2,      2,      2,
              2,      2,      2,      2,      2,      2]], device='cuda:0')
input_id_shape: torch.Size([16, 123])
attention_mask:
tensor([[1, 1, 1, 1, 1, 1, 1, 1, 1, 1, 1, 1, 1, 1, 1, 1, 1, 1, 1, 1, 1, 1, 1, 1,
         1, 1, 1, 1, 1, 1, 1, 1, 1, 1, 1, 1, 1, 1, 1, 1, 1, 1, 1, 1, 1, 1, 1, 1,
         1, 1, 1, 0, 0, 0, 0, 0, 0, 0, 0, 0, 0, 0, 0, 0, 0, 0, 0, 0, 0, 0, 0, 0,
         0, 0, 0, 0, 0, 0, 0, 0, 0, 0, 0, 0, 0, 0, 0, 0, 0, 0, 0, 0, 0, 0, 0, 0,
         0, 0, 0, 0, 0, 0, 0, 0, 0, 0, 0, 0, 0, 0, 0, 0, 0, 0, 0, 0, 0, 0, 0, 0,
         0, 0, 0],
        [1, 1, 1, 1, 1, 1, 1, 1, 1, 1, 1, 1, 1, 1, 1, 1, 1, 1, 1, 1, 1, 1, 1, 1,
         1, 1, 1, 1, 1, 1, 1, 1, 1, 1, 1, 1, 1, 1, 1, 1, 1, 1, 1, 0, 0, 0, 0, 0,
         0, 0, 0, 0, 0, 0, 0, 0, 0, 0, 0, 0, 0, 0, 0, 0, 0, 0, 0, 0, 0, 0, 0, 0,
         0, 0, 0, 0, 0, 0, 0, 0, 0, 0, 0, 0, 0, 0, 0, 0, 0, 0, 0, 0, 0, 0, 0, 0,
         0, 0, 0, 0, 0, 0, 0, 0, 0, 0, 0, 0, 0, 0, 0, 0, 0, 0, 0, 0, 0, 0, 0, 0,
         0, 0, 0],
        [1, 1, 1, 1, 1, 1, 1, 1, 1, 1, 1, 1, 1, 1, 1, 1, 1, 1, 1, 1, 1, 1, 1, 1,
         1, 1, 1, 1, 1, 1, 1, 1, 1, 1, 1, 1, 1, 1, 1, 1, 1, 1, 1, 1, 0, 0, 0, 0,
         0, 0, 0, 0, 0, 0, 0, 0, 0, 0, 0, 0, 0, 0, 0, 0, 0, 0, 0, 0, 0, 0, 0, 0,
         0, 0, 0, 0, 0, 0, 0, 0, 0, 0, 0, 0, 0, 0, 0, 0, 0, 0, 0, 0, 0, 0, 0, 0,
         0, 0, 0, 0, 0, 0, 0, 0, 0, 0, 0, 0, 0, 0, 0, 0, 0, 0, 0, 0, 0, 0, 0, 0,
         0, 0, 0],
        [1, 1, 1, 1, 1, 1, 1, 1, 1, 1, 1, 1, 1, 1, 1, 1, 1, 1, 1, 1, 1, 1, 1, 1,
         1, 1, 1, 1, 1, 1, 1, 1, 1, 1, 1, 1, 1, 1, 1, 1, 1, 1, 1, 1, 1, 1, 0, 0,
         0, 0, 0, 0, 0, 0, 0, 0, 0, 0, 0, 0, 0, 0, 0, 0, 0, 0, 0, 0, 0, 0, 0, 0,
         0, 0, 0, 0, 0, 0, 0, 0, 0, 0, 0, 0, 0, 0, 0, 0, 0, 0, 0, 0, 0, 0, 0, 0,
         0, 0, 0, 0, 0, 0, 0, 0, 0, 0, 0, 0, 0, 0, 0, 0, 0, 0, 0, 0, 0, 0, 0, 0,
         0, 0, 0],
        [1, 1, 1, 1, 1, 1, 1, 1, 1, 1, 1, 1, 1, 1, 1, 1, 1, 1, 1, 1, 1, 1, 1, 1,
         1, 1, 1, 1, 1, 1, 1, 1, 1, 1, 1, 1, 1, 1, 1, 1, 1, 0, 0, 0, 0, 0, 0, 0,
         0, 0, 0, 0, 0, 0, 0, 0, 0, 0, 0, 0, 0, 0, 0, 0, 0, 0, 0, 0, 0, 0, 0, 0,
         0, 0, 0, 0, 0, 0, 0, 0, 0, 0, 0, 0, 0, 0, 0, 0, 0, 0, 0, 0, 0, 0, 0, 0,
         0, 0, 0, 0, 0, 0, 0, 0, 0, 0, 0, 0, 0, 0, 0, 0, 0, 0, 0, 0, 0, 0, 0, 0,
         0, 0, 0],
        [1, 1, 1, 1, 1, 1, 1, 1, 1, 1, 1, 1, 1, 1, 1, 1, 1, 1, 1, 1, 1, 1, 1, 1,
         1, 1, 1, 1, 1, 1, 0, 0, 0, 0, 0, 0, 0, 0, 0, 0, 0, 0, 0, 0, 0, 0, 0, 0,
         0, 0, 0, 0, 0, 0, 0, 0, 0, 0, 0, 0, 0, 0, 0, 0, 0, 0, 0, 0, 0, 0, 0, 0,
         0, 0, 0, 0, 0, 0, 0, 0, 0, 0, 0, 0, 0, 0, 0, 0, 0, 0, 0, 0, 0, 0, 0, 0,
         0, 0, 0, 0, 0, 0, 0, 0, 0, 0, 0, 0, 0, 0, 0, 0, 0, 0, 0, 0, 0, 0, 0, 0,
         0, 0, 0],
        [1, 1, 1, 1, 1, 1, 1, 1, 1, 1, 1, 1, 1, 1, 1, 1, 1, 1, 1, 1, 1, 1, 1, 1,
         1, 1, 1, 1, 1, 1, 1, 1, 1, 0, 0, 0, 0, 0, 0, 0, 0, 0, 0, 0, 0, 0, 0, 0,
         0, 0, 0, 0, 0, 0, 0, 0, 0, 0, 0, 0, 0, 0, 0, 0, 0, 0, 0, 0, 0, 0, 0, 0,
         0, 0, 0, 0, 0, 0, 0, 0, 0, 0, 0, 0, 0, 0, 0, 0, 0, 0, 0, 0, 0, 0, 0, 0,
         0, 0, 0, 0, 0, 0, 0, 0, 0, 0, 0, 0, 0, 0, 0, 0, 0, 0, 0, 0, 0, 0, 0, 0,
         0, 0, 0],
        [1, 1, 1, 1, 1, 1, 1, 1, 1, 1, 1, 1, 1, 1, 1, 1, 1, 1, 1, 1, 1, 1, 1, 1,
         1, 1, 1, 1, 1, 1, 1, 1, 1, 1, 1, 1, 1, 1, 1, 1, 1, 1, 1, 1, 1, 1, 1, 1,
         1, 1, 1, 1, 1, 1, 1, 1, 1, 1, 1, 1, 1, 1, 1, 1, 1, 1, 1, 1, 1, 1, 1, 1,
         1, 1, 1, 1, 1, 1, 1, 1, 0, 0, 0, 0, 0, 0, 0, 0, 0, 0, 0, 0, 0, 0, 0, 0,
         0, 0, 0, 0, 0, 0, 0, 0, 0, 0, 0, 0, 0, 0, 0, 0, 0, 0, 0, 0, 0, 0, 0, 0,
         0, 0, 0],
        [1, 1, 1, 1, 1, 1, 1, 1, 1, 1, 1, 1, 1, 1, 1, 1, 1, 1, 1, 1, 1, 1, 1, 1,
         1, 1, 1, 1, 1, 1, 1, 1, 1, 1, 1, 1, 1, 1, 1, 1, 1, 1, 1, 1, 1, 1, 1, 1,
         1, 1, 1, 0, 0, 0, 0, 0, 0, 0, 0, 0, 0, 0, 0, 0, 0, 0, 0, 0, 0, 0, 0, 0,
         0, 0, 0, 0, 0, 0, 0, 0, 0, 0, 0, 0, 0, 0, 0, 0, 0, 0, 0, 0, 0, 0, 0, 0,
         0, 0, 0, 0, 0, 0, 0, 0, 0, 0, 0, 0, 0, 0, 0, 0, 0, 0, 0, 0, 0, 0, 0, 0,
         0, 0, 0],
        [1, 1, 1, 1, 1, 1, 1, 1, 1, 1, 1, 1, 1, 1, 1, 1, 1, 1, 1, 1, 1, 1, 1, 1,
         1, 1, 1, 1, 1, 1, 1, 1, 1, 0, 0, 0, 0, 0, 0, 0, 0, 0, 0, 0, 0, 0, 0, 0,
         0, 0, 0, 0, 0, 0, 0, 0, 0, 0, 0, 0, 0, 0, 0, 0, 0, 0, 0, 0, 0, 0, 0, 0,
         0, 0, 0, 0, 0, 0, 0, 0, 0, 0, 0, 0, 0, 0, 0, 0, 0, 0, 0, 0, 0, 0, 0, 0,
         0, 0, 0, 0, 0, 0, 0, 0, 0, 0, 0, 0, 0, 0, 0, 0, 0, 0, 0, 0, 0, 0, 0, 0,
         0, 0, 0],
        [1, 1, 1, 1, 1, 1, 1, 1, 1, 1, 1, 1, 1, 1, 1, 1, 1, 1, 1, 1, 1, 1, 1, 1,
         1, 1, 1, 1, 1, 1, 0, 0, 0, 0, 0, 0, 0, 0, 0, 0, 0, 0, 0, 0, 0, 0, 0, 0,
         0, 0, 0, 0, 0, 0, 0, 0, 0, 0, 0, 0, 0, 0, 0, 0, 0, 0, 0, 0, 0, 0, 0, 0,
         0, 0, 0, 0, 0, 0, 0, 0, 0, 0, 0, 0, 0, 0, 0, 0, 0, 0, 0, 0, 0, 0, 0, 0,
         0, 0, 0, 0, 0, 0, 0, 0, 0, 0, 0, 0, 0, 0, 0, 0, 0, 0, 0, 0, 0, 0, 0, 0,
         0, 0, 0],
        [1, 1, 1, 1, 1, 1, 1, 1, 1, 1, 1, 1, 1, 1, 1, 1, 1, 1, 1, 1, 1, 1, 1, 1,
         1, 1, 1, 1, 1, 1, 1, 1, 1, 1, 1, 1, 1, 1, 1, 1, 1, 1, 1, 1, 1, 1, 1, 0,
         0, 0, 0, 0, 0, 0, 0, 0, 0, 0, 0, 0, 0, 0, 0, 0, 0, 0, 0, 0, 0, 0, 0, 0,
         0, 0, 0, 0, 0, 0, 0, 0, 0, 0, 0, 0, 0, 0, 0, 0, 0, 0, 0, 0, 0, 0, 0, 0,
         0, 0, 0, 0, 0, 0, 0, 0, 0, 0, 0, 0, 0, 0, 0, 0, 0, 0, 0, 0, 0, 0, 0, 0,
         0, 0, 0],
        [1, 1, 1, 1, 1, 1, 1, 1, 1, 1, 1, 1, 1, 1, 1, 1, 1, 1, 1, 1, 1, 1, 1, 1,
         1, 1, 1, 1, 1, 1, 1, 1, 1, 1, 1, 1, 1, 1, 1, 1, 1, 1, 1, 1, 1, 1, 1, 1,
         1, 1, 1, 1, 1, 1, 1, 1, 1, 1, 0, 0, 0, 0, 0, 0, 0, 0, 0, 0, 0, 0, 0, 0,
         0, 0, 0, 0, 0, 0, 0, 0, 0, 0, 0, 0, 0, 0, 0, 0, 0, 0, 0, 0, 0, 0, 0, 0,
         0, 0, 0, 0, 0, 0, 0, 0, 0, 0, 0, 0, 0, 0, 0, 0, 0, 0, 0, 0, 0, 0, 0, 0,
         0, 0, 0],
        [1, 1, 1, 1, 1, 1, 1, 1, 1, 1, 1, 1, 1, 1, 1, 1, 1, 1, 1, 1, 1, 1, 1, 1,
         1, 1, 1, 1, 1, 1, 1, 1, 1, 1, 1, 1, 1, 1, 1, 1, 1, 1, 1, 1, 1, 1, 1, 1,
         1, 1, 1, 1, 0, 0, 0, 0, 0, 0, 0, 0, 0, 0, 0, 0, 0, 0, 0, 0, 0, 0, 0, 0,
         0, 0, 0, 0, 0, 0, 0, 0, 0, 0, 0, 0, 0, 0, 0, 0, 0, 0, 0, 0, 0, 0, 0, 0,
         0, 0, 0, 0, 0, 0, 0, 0, 0, 0, 0, 0, 0, 0, 0, 0, 0, 0, 0, 0, 0, 0, 0, 0,
         0, 0, 0],
        [1, 1, 1, 1, 1, 1, 1, 1, 1, 1, 1, 1, 1, 1, 1, 1, 1, 1, 1, 1, 1, 1, 1, 1,
         1, 1, 1, 1, 1, 1, 1, 1, 1, 1, 1, 1, 1, 1, 1, 1, 1, 1, 1, 1, 1, 1, 1, 1,
         1, 1, 1, 1, 1, 1, 1, 1, 1, 1, 1, 1, 1, 1, 1, 1, 1, 0, 0, 0, 0, 0, 0, 0,
         0, 0, 0, 0, 0, 0, 0, 0, 0, 0, 0, 0, 0, 0, 0, 0, 0, 0, 0, 0, 0, 0, 0, 0,
         0, 0, 0, 0, 0, 0, 0, 0, 0, 0, 0, 0, 0, 0, 0, 0, 0, 0, 0, 0, 0, 0, 0, 0,
         0, 0, 0],
        [1, 1, 1, 1, 1, 1, 1, 1, 1, 1, 1, 1, 1, 1, 1, 1, 1, 1, 1, 1, 1, 1, 1, 1,
         1, 1, 1, 1, 1, 1, 1, 1, 1, 1, 1, 1, 1, 1, 1, 1, 1, 1, 1, 1, 1, 1, 1, 1,
         1, 1, 1, 1, 1, 1, 1, 1, 1, 1, 1, 1, 1, 1, 1, 1, 1, 1, 1, 1, 1, 1, 1, 1,
         1, 1, 1, 1, 0, 0, 0, 0, 0, 0, 0, 0, 0, 0, 0, 0, 0, 0, 0, 0, 0, 0, 0, 0,
         0, 0, 0, 0, 0, 0, 0, 0, 0, 0, 0, 0, 0, 0, 0, 0, 0, 0, 0, 0, 0, 0, 0, 0,
         0, 0, 0]], device='cuda:0')
logits:
tensor([[ 0.0099],
        [ 0.0483],
        [-0.0129],
        [-0.0202],
        [ 0.0200],
        [ 0.0040],
        [ 0.0060],
        [-0.0285],
        [ 0.0072],
        [ 0.0025],
        [-0.0063],
        [-0.0241],
        [ 0.0136],
        [ 0.0254],
        [ 0.0185],
        [-0.0166]], device='cuda:0', grad_fn=<SumBackward1>), shape:
torch.Size([16, 1])
positive_energy:
torch.Size([12])
negative_energy:
torch.Size([4])
argmax_logit:
tensor([0, 0, 0, 0, 0, 0, 0, 0, 0, 0, 0, 0, 0, 0, 0, 0], device='cuda:0')
max_logit:
tensor([ 0.0099,  0.0483, -0.0129, -0.0202,  0.0200,  0.0040,  0.0060, -0.0285,
         0.0072,  0.0025, -0.0063, -0.0241,  0.0136,  0.0254,  0.0185, -0.0166],
       device='cuda:0', grad_fn=<SqueezeBackward1>)

====================

input_ids:
tensor([[     1,   1729,    294,   3549,    274,   1446,    625,    277,    290,
            645,    288,  40787,    354,    288,  11068,  11262,    302,    336,
            294,  11068,  11262,    269,    756,    270,  14383,    466,    271,
           1435,    440,    310,    354,    340,   2507,    260,      2,      2,
              2,      2,      2,      2,      2,      2,      2,      2,      2,
              2,      2,      2,      2,      2,      2,      2,      2,      2,
              2,      2,      2,      2,      2,      2,      2,      2,      2,
              2,      2,      2,      2,      2,      2,      2,      2,      2,
              2,      2,      2,      2,      2,      2,      2,      2,      2,
              2,      2,      2,      2,      2,      2,      2,      2,      2,
              2,      2,      2,      2,      2,      2,      2,      2,      2,
              2,      2,      2,      2,      2,      2,      2,      2,      2,
              2,      2,      2,      2,      2,      2,      2,      2,      2,
              2,      2,      2,      2,      2,      2],
        [     1,   1729,    294,   3549,    262,   1210,    733,    495,    433,
           4121,  53793,    280,    268,    425,    264,    282,    461,    536,
            302,    336,    294,   4121,  53793,    269,    266,    371,    271,
           4748,   4435,    263,  16253,    260,   4121,  53793,    269,    756,
            270,    315,   1473,   1206,    267,    933,    263,   2835,    260,
           4121,  53793,    303,    266,    614,    425,    267,   2595,   2903,
            261,   1482,    260,      2,      2,      2,      2,      2,      2,
              2,      2,      2,      2,      2,      2,      2,      2,      2,
              2,      2,      2,      2,      2,      2,      2,      2,      2,
              2,      2,      2,      2,      2,      2,      2,      2,      2,
              2,      2,      2,      2,      2,      2,      2,      2,      2,
              2,      2,      2,      2,      2,      2,      2,      2,      2,
              2,      2,      2,      2,      2,      2,      2,      2,      2,
              2,      2,      2,      2,      2,      2],
        [     1,   1729,    294,   2467,  36257,  25703,   5433,    286,    305,
            265,    262,   1273,    265,    266,  91782,    302,    336,    294,
          36257,    269,   4165,    293,    266,   2164,    271,  71553,    261,
            319,    269,    266,   8440,    275,    262,    831,    827,    265,
            266,  13732,    263,    262,   6214,    265,    266,   2082,    260,
            336,    294,    336,  91782,    269,    266,  45229,   8440,    272,
           2518,    303,   1273,    292,   1337,   2232,    261,    611,  13343,
            275,    266,  12312,    280,    268,    761,    261,    266,  13732,
            280,    268,    665,    261,    263,    266,  30056,    280,    268,
           6214,    260,    336,    294,    279,   2164,    271,  71553,    261,
           5161,  36257,    261,    490,    298,    680,    305,    262,   1273,
            265,    266,  91782,    260,    953,   2669,   2669,   2669,    585,
            260,      2,      2,      2,      2,      2,      2,      2,      2,
              2,      2,      2,      2,      2,      2],
        [     1,   1729,    294,   1194,    274,   1314,   6654,    263,  77112,
            267,  45511,  48135,    302,    336,    294,    279,  45511,  48135,
            269,    262,  14825,    465,    265,    262,    447,    280,    268,
          17220,    261,   1137,    267,    262,   4494,   3771,   5598,    260,
              2,      2,      2,      2,      2,      2,      2,      2,      2,
              2,      2,      2,      2,      2,      2,      2,      2,      2,
              2,      2,      2,      2,      2,      2,      2,      2,      2,
              2,      2,      2,      2,      2,      2,      2,      2,      2,
              2,      2,      2,      2,      2,      2,      2,      2,      2,
              2,      2,      2,      2,      2,      2,      2,      2,      2,
              2,      2,      2,      2,      2,      2,      2,      2,      2,
              2,      2,      2,      2,      2,      2,      2,      2,      2,
              2,      2,      2,      2,      2,      2,      2,      2,      2,
              2,      2,      2,      2,      2,      2],
        [     1,   1729,    294,   3549,    274,   1446,    625,    277,    290,
            645,    288,  40787,    354,    288,  11068,  11262,    302,    336,
            294,    336,    294,  40787,    269,    756,    270,    359,    759,
           1428,    263,   1753,    271,   4299,   6663,   1027,    260,    336,
            294,  11068,  11262,    269,    756,    270,    359,   1026,   1428,
            263,   3349,   3195,    633,    260,    336,    294,   1304,   2888,
            815,    272,   2017,    288,  40787,   2518,    793,    267,   1215,
           6663,   4053,   1659,    264,   2017,    288,  11068,  11262,    260,
            953,   2669,   2669,   2669,    585,    260,      2,      2,      2,
              2,      2,      2,      2,      2,      2,      2,      2,      2,
              2,      2,      2,      2,      2,      2,      2,      2,      2,
              2,      2,      2,      2,      2,      2,      2,      2,      2,
              2,      2,      2,      2,      2,      2,      2,      2,      2,
              2,      2,      2,      2,      2,      2],
        [     1,   1729,    294,   3549,    278,    282,   1019,    264,    433,
            266,  36171,    267,   4618,    302,    336,    294,  24702,    281,
           3276,    264,    262,   1539,    261,    379,   1762,   1273,    265,
            262,   4313,  25650,    260,   4618,    269,   1137,    267,    262,
           4570,  25650,    263,    303,    266,    379,   1926,   2424,    260,
            953,   2669,   2669,   2669,    585,    260,      2,      2,      2,
              2,      2,      2,      2,      2,      2,      2,      2,      2,
              2,      2,      2,      2,      2,      2,      2,      2,      2,
              2,      2,      2,      2,      2,      2,      2,      2,      2,
              2,      2,      2,      2,      2,      2,      2,      2,      2,
              2,      2,      2,      2,      2,      2,      2,      2,      2,
              2,      2,      2,      2,      2,      2,      2,      2,      2,
              2,      2,      2,      2,      2,      2,      2,      2,      2,
              2,      2,      2,      2,      2,      2],
        [     1,   1729,    294,   1396,  50017,  22014,    265,   1163,    412,
            293,   6978,  54083,    263,  16962,   2250,    302,    336,    294,
          28701,    263,  12314,    281,    266,  11963,   1918,   2133,   4165,
            293,    262,   1163,    937,    263,    881,    260,   1552,    263,
            881,    335,   3230,    603,    676,    262,   1163,   6019,    260,
            279,  13124,   2047,    262,   2250,    294,   1267,    261,   4455,
            261,   3237,    261,   1509,    261,   1707,    261,  46482,    263,
          27495,    260,    953,   2669,   2669,   2669,   1595,    260,      2,
              2,      2,      2,      2,      2,      2,      2,      2,      2,
              2,      2,      2,      2,      2,      2,      2,      2,      2,
              2,      2,      2,      2,      2,      2,      2,      2,      2,
              2,      2,      2,      2,      2,      2,      2,      2,      2,
              2,      2,      2,      2,      2,      2,      2,      2,      2,
              2,      2,      2,      2,      2,      2],
        [     1,   1729,    294,   4045,   5189,  14093,    266,  18272,    265,
          43386,    302,    336,    294,   5189,  18507,    284,    266,   4552,
           3881,  32487,    263,  20254,    260,    503,   2168,    342,    432,
            264,   2511,    262,   1970,    263,   3808,    261,    776,    262,
          12420,    265,   8477,    260,      2,      2,      2,      2,      2,
              2,      2,      2,      2,      2,      2,      2,      2,      2,
              2,      2,      2,      2,      2,      2,      2,      2,      2,
              2,      2,      2,      2,      2,      2,      2,      2,      2,
              2,      2,      2,      2,      2,      2,      2,      2,      2,
              2,      2,      2,      2,      2,      2,      2,      2,      2,
              2,      2,      2,      2,      2,      2,      2,      2,      2,
              2,      2,      2,      2,      2,      2,      2,      2,      2,
              2,      2,      2,      2,      2,      2,      2,      2,      2,
              2,      2,      2,      2,      2,      2],
        [     1,   1729,    294,  11304,  57049,   1190,    267,    262,   1142,
            265,    266,   1034,    265,    262,   7364,    495,    302,    336,
            294,  12475,  10874,    284,    411,  13621,    293,  57049,    335,
            342,   1508,    284,   1190,    267,    266,   9329,   2992,    260,
          12475,  10874,    284,    756,    283,    382,  54491,  12475,    280,
            263,    284,    262,   8170,    265,   5583,    260,    953,   2669,
           2669,   2669,   1595,    260,      2,      2,      2,      2,      2,
              2,      2,      2,      2,      2,      2,      2,      2,      2,
              2,      2,      2,      2,      2,      2,      2,      2,      2,
              2,      2,      2,      2,      2,      2,      2,      2,      2,
              2,      2,      2,      2,      2,      2,      2,      2,      2,
              2,      2,      2,      2,      2,      2,      2,      2,      2,
              2,      2,      2,      2,      2,      2,      2,      2,      2,
              2,      2,      2,      2,      2,      2],
        [     1,   1729,    294,   3549,    262,   1210,    733,    495,    433,
           4121,  53793,    280,    268,    425,    264,    282,    461,    536,
            302,    336,    294,   4121,  53793,    269,    266,    371,    271,
           4748,   4435,    263,  16253,    260,   4121,  53793,    269,    756,
            270,    315,   1473,   1206,    267,    933,    263,   2835,    260,
           4121,  53793,    303,    266,    614,    425,    267,   2595,   2903,
            261,   1482,    260,    953,   2669,   2669,   2669,   1595,    260,
              2,      2,      2,      2,      2,      2,      2,      2,      2,
              2,      2,      2,      2,      2,      2,      2,      2,      2,
              2,      2,      2,      2,      2,      2,      2,      2,      2,
              2,      2,      2,      2,      2,      2,      2,      2,      2,
              2,      2,      2,      2,      2,      2,      2,      2,      2,
              2,      2,      2,      2,      2,      2,      2,      2,      2,
              2,      2,      2,      2,      2,      2],
        [     1,   1729,    294,   4638,  25628,  15069,    280,    268,  46312,
           1594,    302,    336,    294,    486,  25628,  15069,    284,    400,
           3358,    261,    313,    284,   2117,  80716,    260,      2,      2,
              2,      2,      2,      2,      2,      2,      2,      2,      2,
              2,      2,      2,      2,      2,      2,      2,      2,      2,
              2,      2,      2,      2,      2,      2,      2,      2,      2,
              2,      2,      2,      2,      2,      2,      2,      2,      2,
              2,      2,      2,      2,      2,      2,      2,      2,      2,
              2,      2,      2,      2,      2,      2,      2,      2,      2,
              2,      2,      2,      2,      2,      2,      2,      2,      2,
              2,      2,      2,      2,      2,      2,      2,      2,      2,
              2,      2,      2,      2,      2,      2,      2,      2,      2,
              2,      2,      2,      2,      2,      2,      2,      2,      2,
              2,      2,      2,      2,      2,      2],
        [     1,   1729,    294,   3549,    266,   4473,  31067,   8425,    282,
            878,    264,    286,    266,  35723,    265,    262,  84764,   1013,
            302,    336,    294,    336,    294,  31067,   6557,    269,   1137,
            267,   1336,    261,   1991,    261,    263,    269,   3576,    427,
            270,   2242,   3904,    263,    340,    976,    260,      2,      2,
              2,      2,      2,      2,      2,      2,      2,      2,      2,
              2,      2,      2,      2,      2,      2,      2,      2,      2,
              2,      2,      2,      2,      2,      2,      2,      2,      2,
              2,      2,      2,      2,      2,      2,      2,      2,      2,
              2,      2,      2,      2,      2,      2,      2,      2,      2,
              2,      2,      2,      2,      2,      2,      2,      2,      2,
              2,      2,      2,      2,      2,      2,      2,      2,      2,
              2,      2,      2,      2,      2,      2,      2,      2,      2,
              2,      2,      2,      2,      2,      2],
        [     1,   1729,    294,   3549,    266,   4473,  31067,   8425,    282,
            878,    264,    286,    266,  35723,    265,    262,  84764,   1013,
            302,    336,    294,  31067,   8425,    303,    266,   2130,    265,
           2156,    261,    528,    355,    260,    279,  84764,    332,    299,
           7494,    596,    272,   8407,    262,    989,    474,    263,    936,
            474,   6156,    260,  95329,   6784,    284,    262,   4734,    265,
            262,  63494,   6251,    260,  24764,   6467,    286,   2662,    272,
            376,    267,    469,   2290,    842,    281,  18871,    292,  95329,
           6784,    260,      2,      2,      2,      2,      2,      2,      2,
              2,      2,      2,      2,      2,      2,      2,      2,      2,
              2,      2,      2,      2,      2,      2,      2,      2,      2,
              2,      2,      2,      2,      2,      2,      2,      2,      2,
              2,      2,      2,      2,      2,      2,      2,      2,      2,
              2,      2,      2,      2,      2,      2],
        [     1,   1729,    294,   1194,    266,   2164,  18828,    612,   6588,
            478,    266,   6588,  30627,    302,    336,    294,    336,    294,
           3284,  20440,    281,   6342,  32171,    272,    685,    267,    262,
           4383,    260,      2,      2,      2,      2,      2,      2,      2,
              2,      2,      2,      2,      2,      2,      2,      2,      2,
              2,      2,      2,      2,      2,      2,      2,      2,      2,
              2,      2,      2,      2,      2,      2,      2,      2,      2,
              2,      2,      2,      2,      2,      2,      2,      2,      2,
              2,      2,      2,      2,      2,      2,      2,      2,      2,
              2,      2,      2,      2,      2,      2,      2,      2,      2,
              2,      2,      2,      2,      2,      2,      2,      2,      2,
              2,      2,      2,      2,      2,      2,      2,      2,      2,
              2,      2,      2,      2,      2,      2,      2,      2,      2,
              2,      2,      2,      2,      2,      2],
        [     1,   1729,    294,   2709,  32499,  20169,    649,  38405,    632,
            957,  59929,   2440,    438,    306,    462,    968,    262,   1022,
            265,   1083,    302,    336,    294,  20169,    649,    715,    284,
           1083,    265,   2378,    292,   8925,    390,   4987,    260,   2440,
            284,   1083,    265,    262,    780,   1017,    292,   1812,    264,
            798,    953,   2669,   2669,   2669,    585,    260,      2,      2,
              2,      2,      2,      2,      2,      2,      2,      2,      2,
              2,      2,      2,      2,      2,      2,      2,      2,      2,
              2,      2,      2,      2,      2,      2,      2,      2,      2,
              2,      2,      2,      2,      2,      2,      2,      2,      2,
              2,      2,      2,      2,      2,      2,      2,      2,      2,
              2,      2,      2,      2,      2,      2,      2,      2,      2,
              2,      2,      2,      2,      2,      2,      2,      2,      2,
              2,      2,      2,      2,      2,      2],
        [     1,   1729,    294,   4638,   8235,  31012,    280,    268,    370,
           2167,   1470,    632,    331,    267,    299,  15317,   2036,    663,
            302,    336,    294,   8235,  31012,    269,    370,   2167,    270,
            315,    550,    279,   7671,    265,  49585,   7564,    260,  49585,
           7564,    269,    266,    874,  65788,    272,    269,    262,    872,
           1470,    265,    279,   7671,    265,  49585,   7564,    260,  99094,
           6704,    261,  15317,   2036,    303,  16569,    267,   2217,   3107,
            263,   1341,   1057,    500,  15584, 118732,    260,  49585,   7564,
          35127,    268,    275,  20362,  43633,    267,    262,  15584, 118732,
           2861,    261,   7305,   6074,    260,  20362,  43633,    269,   1313,
            293,  15317,   2036,    260,      2,      2,      2,      2,      2,
              2,      2,      2,      2,      2,      2,      2,      2,      2,
              2,      2,      2,      2,      2,      2,      2,      2,      2,
              2,      2,      2,      2,      2,      2]], device='cuda:0')
input_id_shape: torch.Size([16, 123])
attention_mask:
tensor([[1, 1, 1, 1, 1, 1, 1, 1, 1, 1, 1, 1, 1, 1, 1, 1, 1, 1, 1, 1, 1, 1, 1, 1,
         1, 1, 1, 1, 1, 1, 1, 1, 1, 1, 1, 0, 0, 0, 0, 0, 0, 0, 0, 0, 0, 0, 0, 0,
         0, 0, 0, 0, 0, 0, 0, 0, 0, 0, 0, 0, 0, 0, 0, 0, 0, 0, 0, 0, 0, 0, 0, 0,
         0, 0, 0, 0, 0, 0, 0, 0, 0, 0, 0, 0, 0, 0, 0, 0, 0, 0, 0, 0, 0, 0, 0, 0,
         0, 0, 0, 0, 0, 0, 0, 0, 0, 0, 0, 0, 0, 0, 0, 0, 0, 0, 0, 0, 0, 0, 0, 0,
         0, 0, 0],
        [1, 1, 1, 1, 1, 1, 1, 1, 1, 1, 1, 1, 1, 1, 1, 1, 1, 1, 1, 1, 1, 1, 1, 1,
         1, 1, 1, 1, 1, 1, 1, 1, 1, 1, 1, 1, 1, 1, 1, 1, 1, 1, 1, 1, 1, 1, 1, 1,
         1, 1, 1, 1, 1, 1, 1, 1, 1, 1, 0, 0, 0, 0, 0, 0, 0, 0, 0, 0, 0, 0, 0, 0,
         0, 0, 0, 0, 0, 0, 0, 0, 0, 0, 0, 0, 0, 0, 0, 0, 0, 0, 0, 0, 0, 0, 0, 0,
         0, 0, 0, 0, 0, 0, 0, 0, 0, 0, 0, 0, 0, 0, 0, 0, 0, 0, 0, 0, 0, 0, 0, 0,
         0, 0, 0],
        [1, 1, 1, 1, 1, 1, 1, 1, 1, 1, 1, 1, 1, 1, 1, 1, 1, 1, 1, 1, 1, 1, 1, 1,
         1, 1, 1, 1, 1, 1, 1, 1, 1, 1, 1, 1, 1, 1, 1, 1, 1, 1, 1, 1, 1, 1, 1, 1,
         1, 1, 1, 1, 1, 1, 1, 1, 1, 1, 1, 1, 1, 1, 1, 1, 1, 1, 1, 1, 1, 1, 1, 1,
         1, 1, 1, 1, 1, 1, 1, 1, 1, 1, 1, 1, 1, 1, 1, 1, 1, 1, 1, 1, 1, 1, 1, 1,
         1, 1, 1, 1, 1, 1, 1, 1, 1, 1, 1, 1, 1, 1, 0, 0, 0, 0, 0, 0, 0, 0, 0, 0,
         0, 0, 0],
        [1, 1, 1, 1, 1, 1, 1, 1, 1, 1, 1, 1, 1, 1, 1, 1, 1, 1, 1, 1, 1, 1, 1, 1,
         1, 1, 1, 1, 1, 1, 1, 1, 1, 1, 1, 1, 1, 0, 0, 0, 0, 0, 0, 0, 0, 0, 0, 0,
         0, 0, 0, 0, 0, 0, 0, 0, 0, 0, 0, 0, 0, 0, 0, 0, 0, 0, 0, 0, 0, 0, 0, 0,
         0, 0, 0, 0, 0, 0, 0, 0, 0, 0, 0, 0, 0, 0, 0, 0, 0, 0, 0, 0, 0, 0, 0, 0,
         0, 0, 0, 0, 0, 0, 0, 0, 0, 0, 0, 0, 0, 0, 0, 0, 0, 0, 0, 0, 0, 0, 0, 0,
         0, 0, 0],
        [1, 1, 1, 1, 1, 1, 1, 1, 1, 1, 1, 1, 1, 1, 1, 1, 1, 1, 1, 1, 1, 1, 1, 1,
         1, 1, 1, 1, 1, 1, 1, 1, 1, 1, 1, 1, 1, 1, 1, 1, 1, 1, 1, 1, 1, 1, 1, 1,
         1, 1, 1, 1, 1, 1, 1, 1, 1, 1, 1, 1, 1, 1, 1, 1, 1, 1, 1, 1, 1, 1, 1, 1,
         1, 1, 1, 1, 1, 1, 1, 0, 0, 0, 0, 0, 0, 0, 0, 0, 0, 0, 0, 0, 0, 0, 0, 0,
         0, 0, 0, 0, 0, 0, 0, 0, 0, 0, 0, 0, 0, 0, 0, 0, 0, 0, 0, 0, 0, 0, 0, 0,
         0, 0, 0],
        [1, 1, 1, 1, 1, 1, 1, 1, 1, 1, 1, 1, 1, 1, 1, 1, 1, 1, 1, 1, 1, 1, 1, 1,
         1, 1, 1, 1, 1, 1, 1, 1, 1, 1, 1, 1, 1, 1, 1, 1, 1, 1, 1, 1, 1, 1, 1, 1,
         1, 1, 1, 1, 0, 0, 0, 0, 0, 0, 0, 0, 0, 0, 0, 0, 0, 0, 0, 0, 0, 0, 0, 0,
         0, 0, 0, 0, 0, 0, 0, 0, 0, 0, 0, 0, 0, 0, 0, 0, 0, 0, 0, 0, 0, 0, 0, 0,
         0, 0, 0, 0, 0, 0, 0, 0, 0, 0, 0, 0, 0, 0, 0, 0, 0, 0, 0, 0, 0, 0, 0, 0,
         0, 0, 0],
        [1, 1, 1, 1, 1, 1, 1, 1, 1, 1, 1, 1, 1, 1, 1, 1, 1, 1, 1, 1, 1, 1, 1, 1,
         1, 1, 1, 1, 1, 1, 1, 1, 1, 1, 1, 1, 1, 1, 1, 1, 1, 1, 1, 1, 1, 1, 1, 1,
         1, 1, 1, 1, 1, 1, 1, 1, 1, 1, 1, 1, 1, 1, 1, 1, 1, 1, 1, 1, 1, 1, 1, 1,
         0, 0, 0, 0, 0, 0, 0, 0, 0, 0, 0, 0, 0, 0, 0, 0, 0, 0, 0, 0, 0, 0, 0, 0,
         0, 0, 0, 0, 0, 0, 0, 0, 0, 0, 0, 0, 0, 0, 0, 0, 0, 0, 0, 0, 0, 0, 0, 0,
         0, 0, 0],
        [1, 1, 1, 1, 1, 1, 1, 1, 1, 1, 1, 1, 1, 1, 1, 1, 1, 1, 1, 1, 1, 1, 1, 1,
         1, 1, 1, 1, 1, 1, 1, 1, 1, 1, 1, 1, 1, 1, 1, 1, 1, 0, 0, 0, 0, 0, 0, 0,
         0, 0, 0, 0, 0, 0, 0, 0, 0, 0, 0, 0, 0, 0, 0, 0, 0, 0, 0, 0, 0, 0, 0, 0,
         0, 0, 0, 0, 0, 0, 0, 0, 0, 0, 0, 0, 0, 0, 0, 0, 0, 0, 0, 0, 0, 0, 0, 0,
         0, 0, 0, 0, 0, 0, 0, 0, 0, 0, 0, 0, 0, 0, 0, 0, 0, 0, 0, 0, 0, 0, 0, 0,
         0, 0, 0],
        [1, 1, 1, 1, 1, 1, 1, 1, 1, 1, 1, 1, 1, 1, 1, 1, 1, 1, 1, 1, 1, 1, 1, 1,
         1, 1, 1, 1, 1, 1, 1, 1, 1, 1, 1, 1, 1, 1, 1, 1, 1, 1, 1, 1, 1, 1, 1, 1,
         1, 1, 1, 1, 1, 1, 1, 1, 1, 1, 1, 0, 0, 0, 0, 0, 0, 0, 0, 0, 0, 0, 0, 0,
         0, 0, 0, 0, 0, 0, 0, 0, 0, 0, 0, 0, 0, 0, 0, 0, 0, 0, 0, 0, 0, 0, 0, 0,
         0, 0, 0, 0, 0, 0, 0, 0, 0, 0, 0, 0, 0, 0, 0, 0, 0, 0, 0, 0, 0, 0, 0, 0,
         0, 0, 0],
        [1, 1, 1, 1, 1, 1, 1, 1, 1, 1, 1, 1, 1, 1, 1, 1, 1, 1, 1, 1, 1, 1, 1, 1,
         1, 1, 1, 1, 1, 1, 1, 1, 1, 1, 1, 1, 1, 1, 1, 1, 1, 1, 1, 1, 1, 1, 1, 1,
         1, 1, 1, 1, 1, 1, 1, 1, 1, 1, 1, 1, 1, 1, 1, 1, 0, 0, 0, 0, 0, 0, 0, 0,
         0, 0, 0, 0, 0, 0, 0, 0, 0, 0, 0, 0, 0, 0, 0, 0, 0, 0, 0, 0, 0, 0, 0, 0,
         0, 0, 0, 0, 0, 0, 0, 0, 0, 0, 0, 0, 0, 0, 0, 0, 0, 0, 0, 0, 0, 0, 0, 0,
         0, 0, 0],
        [1, 1, 1, 1, 1, 1, 1, 1, 1, 1, 1, 1, 1, 1, 1, 1, 1, 1, 1, 1, 1, 1, 1, 1,
         1, 1, 0, 0, 0, 0, 0, 0, 0, 0, 0, 0, 0, 0, 0, 0, 0, 0, 0, 0, 0, 0, 0, 0,
         0, 0, 0, 0, 0, 0, 0, 0, 0, 0, 0, 0, 0, 0, 0, 0, 0, 0, 0, 0, 0, 0, 0, 0,
         0, 0, 0, 0, 0, 0, 0, 0, 0, 0, 0, 0, 0, 0, 0, 0, 0, 0, 0, 0, 0, 0, 0, 0,
         0, 0, 0, 0, 0, 0, 0, 0, 0, 0, 0, 0, 0, 0, 0, 0, 0, 0, 0, 0, 0, 0, 0, 0,
         0, 0, 0],
        [1, 1, 1, 1, 1, 1, 1, 1, 1, 1, 1, 1, 1, 1, 1, 1, 1, 1, 1, 1, 1, 1, 1, 1,
         1, 1, 1, 1, 1, 1, 1, 1, 1, 1, 1, 1, 1, 1, 1, 1, 1, 1, 1, 1, 0, 0, 0, 0,
         0, 0, 0, 0, 0, 0, 0, 0, 0, 0, 0, 0, 0, 0, 0, 0, 0, 0, 0, 0, 0, 0, 0, 0,
         0, 0, 0, 0, 0, 0, 0, 0, 0, 0, 0, 0, 0, 0, 0, 0, 0, 0, 0, 0, 0, 0, 0, 0,
         0, 0, 0, 0, 0, 0, 0, 0, 0, 0, 0, 0, 0, 0, 0, 0, 0, 0, 0, 0, 0, 0, 0, 0,
         0, 0, 0],
        [1, 1, 1, 1, 1, 1, 1, 1, 1, 1, 1, 1, 1, 1, 1, 1, 1, 1, 1, 1, 1, 1, 1, 1,
         1, 1, 1, 1, 1, 1, 1, 1, 1, 1, 1, 1, 1, 1, 1, 1, 1, 1, 1, 1, 1, 1, 1, 1,
         1, 1, 1, 1, 1, 1, 1, 1, 1, 1, 1, 1, 1, 1, 1, 1, 1, 1, 1, 1, 1, 1, 1, 1,
         1, 1, 1, 0, 0, 0, 0, 0, 0, 0, 0, 0, 0, 0, 0, 0, 0, 0, 0, 0, 0, 0, 0, 0,
         0, 0, 0, 0, 0, 0, 0, 0, 0, 0, 0, 0, 0, 0, 0, 0, 0, 0, 0, 0, 0, 0, 0, 0,
         0, 0, 0],
        [1, 1, 1, 1, 1, 1, 1, 1, 1, 1, 1, 1, 1, 1, 1, 1, 1, 1, 1, 1, 1, 1, 1, 1,
         1, 1, 1, 1, 1, 1, 0, 0, 0, 0, 0, 0, 0, 0, 0, 0, 0, 0, 0, 0, 0, 0, 0, 0,
         0, 0, 0, 0, 0, 0, 0, 0, 0, 0, 0, 0, 0, 0, 0, 0, 0, 0, 0, 0, 0, 0, 0, 0,
         0, 0, 0, 0, 0, 0, 0, 0, 0, 0, 0, 0, 0, 0, 0, 0, 0, 0, 0, 0, 0, 0, 0, 0,
         0, 0, 0, 0, 0, 0, 0, 0, 0, 0, 0, 0, 0, 0, 0, 0, 0, 0, 0, 0, 0, 0, 0, 0,
         0, 0, 0],
        [1, 1, 1, 1, 1, 1, 1, 1, 1, 1, 1, 1, 1, 1, 1, 1, 1, 1, 1, 1, 1, 1, 1, 1,
         1, 1, 1, 1, 1, 1, 1, 1, 1, 1, 1, 1, 1, 1, 1, 1, 1, 1, 1, 1, 1, 1, 1, 1,
         1, 1, 1, 1, 1, 0, 0, 0, 0, 0, 0, 0, 0, 0, 0, 0, 0, 0, 0, 0, 0, 0, 0, 0,
         0, 0, 0, 0, 0, 0, 0, 0, 0, 0, 0, 0, 0, 0, 0, 0, 0, 0, 0, 0, 0, 0, 0, 0,
         0, 0, 0, 0, 0, 0, 0, 0, 0, 0, 0, 0, 0, 0, 0, 0, 0, 0, 0, 0, 0, 0, 0, 0,
         0, 0, 0],
        [1, 1, 1, 1, 1, 1, 1, 1, 1, 1, 1, 1, 1, 1, 1, 1, 1, 1, 1, 1, 1, 1, 1, 1,
         1, 1, 1, 1, 1, 1, 1, 1, 1, 1, 1, 1, 1, 1, 1, 1, 1, 1, 1, 1, 1, 1, 1, 1,
         1, 1, 1, 1, 1, 1, 1, 1, 1, 1, 1, 1, 1, 1, 1, 1, 1, 1, 1, 1, 1, 1, 1, 1,
         1, 1, 1, 1, 1, 1, 1, 1, 1, 1, 1, 1, 1, 1, 1, 1, 1, 1, 1, 1, 1, 1, 1, 0,
         0, 0, 0, 0, 0, 0, 0, 0, 0, 0, 0, 0, 0, 0, 0, 0, 0, 0, 0, 0, 0, 0, 0, 0,
         0, 0, 0]], device='cuda:0')
logits:
tensor([[-0.0133],
        [ 0.0167],
        [-0.0055],
        [ 0.0140],
        [-0.0051],
        [-0.0097],
        [-0.0108],
        [ 0.0033],
        [-0.0276],
        [ 0.0170],
        [ 0.0240],
        [ 0.0312],
        [-0.0022],
        [ 0.0010],
        [ 0.0175],
        [ 0.0059]], device='cuda:0', grad_fn=<SumBackward1>), shape:
torch.Size([16, 1])
positive_energy:
torch.Size([9])
negative_energy:
torch.Size([7])
argmax_logit:
tensor([0, 0, 0, 0, 0, 0, 0, 0, 0, 0, 0, 0, 0, 0, 0, 0], device='cuda:0')
max_logit:
tensor([-0.0133,  0.0167, -0.0055,  0.0140, -0.0051, -0.0097, -0.0108,  0.0033,
        -0.0276,  0.0170,  0.0240,  0.0312, -0.0022,  0.0010,  0.0175,  0.0059],
       device='cuda:0', grad_fn=<SqueezeBackward1>)

====================

input_ids:
tensor([[     1,   1729,    294,   4045,    916,    260,   1098,    260, 118032,
            280,    268,   1237,    550,    279,  23766,   3819,    302,    336,
            294,    916,    260,   1098,    260, 118032,   1675,    267,   9370,
            260,      2,      2,      2,      2,      2,      2,      2,      2,
              2,      2,      2,      2,      2,      2,      2,      2,      2,
              2,      2,      2,      2,      2,      2,      2,      2,      2,
              2,      2,      2,      2,      2,      2,      2,      2,      2,
              2,      2,      2,      2,      2,      2,      2,      2,      2,
              2,      2,      2,      2,      2,      2,      2,      2,      2,
              2,      2,      2,      2,      2,      2,      2,      2,      2,
              2,      2,      2,      2,      2,      2,      2,      2,      2,
              2,      2,      2,      2,      2,      2,      2,      2,      2,
              2,      2,      2,      2,      2,      2,      2,      2,      2,
              2,      2,      2,      2,      2,      2],
        [     1,   1729,    294,   2467,    787,   5756,  26641,  12351,  26711,
            843,    302,    336,    294,    307,  63107,   5756,  26641,    309,
           5843,    264,    262,    973,    265,   3928,    289,   2971,    267,
          11755,   3683,   7068,   5756,  26641,   1048,   1956,    262,    604,
            653,    278,    264,    825,    308,    665,    267,    266,    384,
            272,  35315,   2287,    261,    263,    324,    278,   1743,  26711,
            843,      2,      2,      2,      2,      2,      2,      2,      2,
              2,      2,      2,      2,      2,      2,      2,      2,      2,
              2,      2,      2,      2,      2,      2,      2,      2,      2,
              2,      2,      2,      2,      2,      2,      2,      2,      2,
              2,      2,      2,      2,      2,      2,      2,      2,      2,
              2,      2,      2,      2,      2,      2,      2,      2,      2,
              2,      2,      2,      2,      2,      2,      2,      2,      2,
              2,      2,      2,      2,      2,      2],
        [     1,   1729,    294,   3549,    266,   4473,  31067,   8425,    282,
            878,    264,    286,    266,  35723,    265,    262,  84764,   1013,
            302,    336,    294,  31067,   8425,    303,    266,   2130,    265,
           2156,    261,    528,    355,    260,    279,  84764,    332,    299,
           7494,    596,    272,   8407,    262,    989,    474,    263,    936,
            474,   6156,    260,      2,      2,      2,      2,      2,      2,
              2,      2,      2,      2,      2,      2,      2,      2,      2,
              2,      2,      2,      2,      2,      2,      2,      2,      2,
              2,      2,      2,      2,      2,      2,      2,      2,      2,
              2,      2,      2,      2,      2,      2,      2,      2,      2,
              2,      2,      2,      2,      2,      2,      2,      2,      2,
              2,      2,      2,      2,      2,      2,      2,      2,      2,
              2,      2,      2,      2,      2,      2,      2,      2,      2,
              2,      2,      2,      2,      2,      2],
        [     1,   1729,    294,   2709,   5084,  21476,    365,    266,   3474,
            288,    262,   5986,    335,    278,    284,   1315,    302,    336,
            294,   5084,  21476,    284,   1315,    267,   9717,    260,   5084,
          21476,    284,   1920,    277,    266,   1753,    265,   2407,    419,
           4895,    261,    528,    260,   5084,  21476,  51308,    360,    419,
           3346,    705,    288,    262,   1352,    832,    482,    359,  15870,
            684,    260,    953,   2669,   2669,   2669,   1595,    260,      2,
              2,      2,      2,      2,      2,      2,      2,      2,      2,
              2,      2,      2,      2,      2,      2,      2,      2,      2,
              2,      2,      2,      2,      2,      2,      2,      2,      2,
              2,      2,      2,      2,      2,      2,      2,      2,      2,
              2,      2,      2,      2,      2,      2,      2,      2,      2,
              2,      2,      2,      2,      2,      2,      2,      2,      2,
              2,      2,      2,      2,      2,      2],
        [     1,   1729,    294,  11304,  57049,   1190,    267,    262,   1142,
            265,    266,   1034,    265,    262,   7364,    495,    302,    336,
            294,    336,    294,    279,   1384,    307,  65800, 116727,    309,
           5843,    264,  10097,    328,    413,  22007,   1631,    265,  10421,
            263,    613,   3312,    261,    611,    267,  30469,   1029,    260,
          15412, 116727,    286,    331,    756,    264,   1111,    263,   6055,
            742,    265,    262,   7364,    495,    261,   1359,   1249,    264,
           3051,   3335,    260,      2,      2,      2,      2,      2,      2,
              2,      2,      2,      2,      2,      2,      2,      2,      2,
              2,      2,      2,      2,      2,      2,      2,      2,      2,
              2,      2,      2,      2,      2,      2,      2,      2,      2,
              2,      2,      2,      2,      2,      2,      2,      2,      2,
              2,      2,      2,      2,      2,      2,      2,      2,      2,
              2,      2,      2,      2,      2,      2],
        [     1,   1729,    294,   1396,    305,   1361,    265,  17279,   1295,
            264,   3712,    267,    302,    336,    294,    336,    294,  34394,
            295,    282,    412,    292,    847,   1375,    261,    500,  97354,
            261,  70046,    261,    263,  15652,    260,   9339,   1361,    265,
          17279,    286,    467,   2206,    263,   1343,   2039,    260,    879,
          17279,    269,   2542,    972,    270,   3133,    263,    269,   1295,
            264,    380,    267,  30955,    263,  58423,    261,    438,    690,
            372,   2836,   6687,   1375,    289,  79397,    272,    295,  52046,
            352,    645,    335,   7414,    260,      2,      2,      2,      2,
              2,      2,      2,      2,      2,      2,      2,      2,      2,
              2,      2,      2,      2,      2,      2,      2,      2,      2,
              2,      2,      2,      2,      2,      2,      2,      2,      2,
              2,      2,      2,      2,      2,      2,      2,      2,      2,
              2,      2,      2,      2,      2,      2],
        [     1,   1729,    294,   1194,   9522,   1248,    264,    262,  14825,
            465,    265,    262,   1552,   3284,    302,    336,    294,    279,
           1552,   3284,    303,    266,   2380,   3613,    265,    314,    392,
            261,  24771,   5580,    287,    819,    261,  36511,   1526,    285,
            260,      2,      2,      2,      2,      2,      2,      2,      2,
              2,      2,      2,      2,      2,      2,      2,      2,      2,
              2,      2,      2,      2,      2,      2,      2,      2,      2,
              2,      2,      2,      2,      2,      2,      2,      2,      2,
              2,      2,      2,      2,      2,      2,      2,      2,      2,
              2,      2,      2,      2,      2,      2,      2,      2,      2,
              2,      2,      2,      2,      2,      2,      2,      2,      2,
              2,      2,      2,      2,      2,      2,      2,      2,      2,
              2,      2,      2,      2,      2,      2,      2,      2,      2,
              2,      2,      2,      2,      2,      2],
        [     1,   1729,    294,   3549,  46208,  54868,   1647,    270,   2786,
         110322,    302,    336,    294,   2786, 110322,    269,   5928,    265,
           3561,  46208,  54868,    269,    266,   4721,    265,   1482,    953,
           2669,   2669,   2669,    585,    260,      2,      2,      2,      2,
              2,      2,      2,      2,      2,      2,      2,      2,      2,
              2,      2,      2,      2,      2,      2,      2,      2,      2,
              2,      2,      2,      2,      2,      2,      2,      2,      2,
              2,      2,      2,      2,      2,      2,      2,      2,      2,
              2,      2,      2,      2,      2,      2,      2,      2,      2,
              2,      2,      2,      2,      2,      2,      2,      2,      2,
              2,      2,      2,      2,      2,      2,      2,      2,      2,
              2,      2,      2,      2,      2,      2,      2,      2,      2,
              2,      2,      2,      2,      2,      2,      2,      2,      2,
              2,      2,      2,      2,      2,      2],
        [     1,   1729,    294,  11304,  57049,   1190,    267,    262,   1142,
            265,    266,   1034,    265,    262,   7364,    495,    302,    336,
            294,    336,    294,    279,   1384,    307,  65800, 116727,    309,
           5843,    264,  10097,    328,    413,  22007,   1631,    265,  10421,
            263,    613,   3312,    261,    611,    267,  30469,   1029,    260,
          15412, 116727,    286,    331,    756,    264,   1111,    263,   6055,
            742,    265,    262,   7364,    495,    261,   1359,   1249,    264,
           3051,   3335,    260,    344,   4655,    261,   8170,  12475,    261,
            266,   1034,    265,    262,   1668,   7364,    495,    261,   1675,
            267,    266,    640,   4325,    267,   3045,    260,      2,      2,
              2,      2,      2,      2,      2,      2,      2,      2,      2,
              2,      2,      2,      2,      2,      2,      2,      2,      2,
              2,      2,      2,      2,      2,      2,      2,      2,      2,
              2,      2,      2,      2,      2,      2],
        [     1,   1729,    294,   1887,   7316,   6962,    282,  61626,    364,
            704,    482,   1083,   1002,    280,    268,    362,   1384,    302,
            336,    294,   7316,   6962,    269,    266,   3809,    263,   7538,
           6203,   1137,    267,   7316,    261,   2392,    260,   7316,   6962,
            284,   1797,    267,  13650,    263,    303,  17699,    656,  76525,
           2422,    515,    393,    260,   1781,  41020,    265,   7316,   6962,
            269,   2518,    619,    469,    773,    388,    264,   2006,    359,
           2658,    263,   1746,    278,    292,    262,   2019,    260,    953,
           2669,   2669,   2669,   1595,    260,      2,      2,      2,      2,
              2,      2,      2,      2,      2,      2,      2,      2,      2,
              2,      2,      2,      2,      2,      2,      2,      2,      2,
              2,      2,      2,      2,      2,      2,      2,      2,      2,
              2,      2,      2,      2,      2,      2,      2,      2,      2,
              2,      2,      2,      2,      2,      2],
        [     1,   1729,    294,  26003,    284,    266,    465,    265,   5878,
            262,   1447,    280,    268,   1228,    302,    336,    294,  26003,
            269,    266,    707,    267,   1252,    271,   1900,   4146,    260,
          25005,  56623,    284,    299,   3297,   3403,   1137,    267,    339,
            269,    394,  26003,    260,      2,      2,      2,      2,      2,
              2,      2,      2,      2,      2,      2,      2,      2,      2,
              2,      2,      2,      2,      2,      2,      2,      2,      2,
              2,      2,      2,      2,      2,      2,      2,      2,      2,
              2,      2,      2,      2,      2,      2,      2,      2,      2,
              2,      2,      2,      2,      2,      2,      2,      2,      2,
              2,      2,      2,      2,      2,      2,      2,      2,      2,
              2,      2,      2,      2,      2,      2,      2,      2,      2,
              2,      2,      2,      2,      2,      2,      2,      2,      2,
              2,      2,      2,      2,      2,      2],
        [     1,   1729,    294,   5047,    262,  17546,   4077,  96484,   5426,
          21176,  24994,    280,    268,    556,    302,    336,    294,    279,
          17546,   4077,    269,    266,   3881,    596,    265,  77239,    268,
            272,    656,  66568,  22456,    260,  21176,  24994,    284,    262,
           4734,    265,    262,   4077,    265,    987,    918,    265,   7183,
            287,  64165,    268,   3505,   5191,    285,    260,    279,   4077,
            265,    987,    918,    265,   7183,    287,  64165,    268,   3505,
           5191,    285,    332,    266,    371,   3266,   3881,   1681,    556,
            272,   6218,    267,    262,  74348,    260,      2,      2,      2,
              2,      2,      2,      2,      2,      2,      2,      2,      2,
              2,      2,      2,      2,      2,      2,      2,      2,      2,
              2,      2,      2,      2,      2,      2,      2,      2,      2,
              2,      2,      2,      2,      2,      2,      2,      2,      2,
              2,      2,      2,      2,      2,      2],
        [     1,   1729,    294,   4045,    916,    260,   1098,    260, 118032,
            280,    268,   1237,    550,    279,  23766,   3819,    302,    336,
            294,    916,    260,   1098,    260, 118032,    284,    266,   1668,
           1806,    756,    270,    315,  17854,   7872,    263,   1497,    260,
              2,      2,      2,      2,      2,      2,      2,      2,      2,
              2,      2,      2,      2,      2,      2,      2,      2,      2,
              2,      2,      2,      2,      2,      2,      2,      2,      2,
              2,      2,      2,      2,      2,      2,      2,      2,      2,
              2,      2,      2,      2,      2,      2,      2,      2,      2,
              2,      2,      2,      2,      2,      2,      2,      2,      2,
              2,      2,      2,      2,      2,      2,      2,      2,      2,
              2,      2,      2,      2,      2,      2,      2,      2,      2,
              2,      2,      2,      2,      2,      2,      2,      2,      2,
              2,      2,      2,      2,      2,      2],
        [     1,   1729,    294,   2467,  25062,  16363,    286,    310,    572,
            354,  27012,  37200,    302,    336,    294,  25062,  16363,    303,
            456,    572,    283,    265,   5070,    260,  17225,  27012,  37200,
            303,    574,    572,    283,    265,   5070,    260,      2,      2,
              2,      2,      2,      2,      2,      2,      2,      2,      2,
              2,      2,      2,      2,      2,      2,      2,      2,      2,
              2,      2,      2,      2,      2,      2,      2,      2,      2,
              2,      2,      2,      2,      2,      2,      2,      2,      2,
              2,      2,      2,      2,      2,      2,      2,      2,      2,
              2,      2,      2,      2,      2,      2,      2,      2,      2,
              2,      2,      2,      2,      2,      2,      2,      2,      2,
              2,      2,      2,      2,      2,      2,      2,      2,      2,
              2,      2,      2,      2,      2,      2,      2,      2,      2,
              2,      2,      2,      2,      2,      2],
        [     1,   1729,    294,   1396,  50017,  22014,    265,   1163,    412,
            293,   6978,  54083,    263,  16962,   2250,    302,    336,    294,
            336,    294,  14219,    268,    281,   7302,    263,  49886,  12875,
            272,    868,    292,    262,  68652,    261,  28929,    261,    263,
           6817,    265,    731,    267,    529,  36151,    261,   1512,    266,
           5830,    265,   2250,    267,    262,   3907,    260,  14219,    268,
            281,   2518,   6057,    265,    266,   5830,    265,   2250,    261,
            500,   1267,    261,   4455,    261,   3237,    261,   1509,    261,
           1707,    261,  46482,    261,    263,  27495,    260,    279,   2133,
            265,  54083,    263,  16962,  30431,    292,   1918,   4562,    263,
           3329,  89168,    261,    399,   3680,   2499,    281,  24352,    263,
          59219,    260,      2,      2,      2,      2,      2,      2,      2,
              2,      2,      2,      2,      2,      2,      2,      2,      2,
              2,      2,      2,      2,      2,      2],
        [     1,   1729,    294,   1194,    266,   2164,  18828,    612,   6588,
            478,    266,   6588,  30627,    302,    336,    294,    336,    294,
           3284,  20440,    281,   6342,  32171,    272,    685,    267,    262,
           4383,    260,   3284,  20440,    333,    298,    286,    262,   1468,
           5890,    264,   1229,    289,    380,    266,   6588,  30627,    260,
              2,      2,      2,      2,      2,      2,      2,      2,      2,
              2,      2,      2,      2,      2,      2,      2,      2,      2,
              2,      2,      2,      2,      2,      2,      2,      2,      2,
              2,      2,      2,      2,      2,      2,      2,      2,      2,
              2,      2,      2,      2,      2,      2,      2,      2,      2,
              2,      2,      2,      2,      2,      2,      2,      2,      2,
              2,      2,      2,      2,      2,      2,      2,      2,      2,
              2,      2,      2,      2,      2,      2,      2,      2,      2,
              2,      2,      2,      2,      2,      2]], device='cuda:0')
input_id_shape: torch.Size([16, 123])
attention_mask:
tensor([[1, 1, 1, 1, 1, 1, 1, 1, 1, 1, 1, 1, 1, 1, 1, 1, 1, 1, 1, 1, 1, 1, 1, 1,
         1, 1, 1, 1, 1, 0, 0, 0, 0, 0, 0, 0, 0, 0, 0, 0, 0, 0, 0, 0, 0, 0, 0, 0,
         0, 0, 0, 0, 0, 0, 0, 0, 0, 0, 0, 0, 0, 0, 0, 0, 0, 0, 0, 0, 0, 0, 0, 0,
         0, 0, 0, 0, 0, 0, 0, 0, 0, 0, 0, 0, 0, 0, 0, 0, 0, 0, 0, 0, 0, 0, 0, 0,
         0, 0, 0, 0, 0, 0, 0, 0, 0, 0, 0, 0, 0, 0, 0, 0, 0, 0, 0, 0, 0, 0, 0, 0,
         0, 0, 0],
        [1, 1, 1, 1, 1, 1, 1, 1, 1, 1, 1, 1, 1, 1, 1, 1, 1, 1, 1, 1, 1, 1, 1, 1,
         1, 1, 1, 1, 1, 1, 1, 1, 1, 1, 1, 1, 1, 1, 1, 1, 1, 1, 1, 1, 1, 1, 1, 1,
         1, 1, 1, 1, 1, 1, 1, 1, 0, 0, 0, 0, 0, 0, 0, 0, 0, 0, 0, 0, 0, 0, 0, 0,
         0, 0, 0, 0, 0, 0, 0, 0, 0, 0, 0, 0, 0, 0, 0, 0, 0, 0, 0, 0, 0, 0, 0, 0,
         0, 0, 0, 0, 0, 0, 0, 0, 0, 0, 0, 0, 0, 0, 0, 0, 0, 0, 0, 0, 0, 0, 0, 0,
         0, 0, 0],
        [1, 1, 1, 1, 1, 1, 1, 1, 1, 1, 1, 1, 1, 1, 1, 1, 1, 1, 1, 1, 1, 1, 1, 1,
         1, 1, 1, 1, 1, 1, 1, 1, 1, 1, 1, 1, 1, 1, 1, 1, 1, 1, 1, 1, 1, 1, 1, 1,
         1, 0, 0, 0, 0, 0, 0, 0, 0, 0, 0, 0, 0, 0, 0, 0, 0, 0, 0, 0, 0, 0, 0, 0,
         0, 0, 0, 0, 0, 0, 0, 0, 0, 0, 0, 0, 0, 0, 0, 0, 0, 0, 0, 0, 0, 0, 0, 0,
         0, 0, 0, 0, 0, 0, 0, 0, 0, 0, 0, 0, 0, 0, 0, 0, 0, 0, 0, 0, 0, 0, 0, 0,
         0, 0, 0],
        [1, 1, 1, 1, 1, 1, 1, 1, 1, 1, 1, 1, 1, 1, 1, 1, 1, 1, 1, 1, 1, 1, 1, 1,
         1, 1, 1, 1, 1, 1, 1, 1, 1, 1, 1, 1, 1, 1, 1, 1, 1, 1, 1, 1, 1, 1, 1, 1,
         1, 1, 1, 1, 1, 1, 1, 1, 1, 1, 1, 1, 1, 1, 1, 0, 0, 0, 0, 0, 0, 0, 0, 0,
         0, 0, 0, 0, 0, 0, 0, 0, 0, 0, 0, 0, 0, 0, 0, 0, 0, 0, 0, 0, 0, 0, 0, 0,
         0, 0, 0, 0, 0, 0, 0, 0, 0, 0, 0, 0, 0, 0, 0, 0, 0, 0, 0, 0, 0, 0, 0, 0,
         0, 0, 0],
        [1, 1, 1, 1, 1, 1, 1, 1, 1, 1, 1, 1, 1, 1, 1, 1, 1, 1, 1, 1, 1, 1, 1, 1,
         1, 1, 1, 1, 1, 1, 1, 1, 1, 1, 1, 1, 1, 1, 1, 1, 1, 1, 1, 1, 1, 1, 1, 1,
         1, 1, 1, 1, 1, 1, 1, 1, 1, 1, 1, 1, 1, 1, 1, 1, 1, 1, 1, 0, 0, 0, 0, 0,
         0, 0, 0, 0, 0, 0, 0, 0, 0, 0, 0, 0, 0, 0, 0, 0, 0, 0, 0, 0, 0, 0, 0, 0,
         0, 0, 0, 0, 0, 0, 0, 0, 0, 0, 0, 0, 0, 0, 0, 0, 0, 0, 0, 0, 0, 0, 0, 0,
         0, 0, 0],
        [1, 1, 1, 1, 1, 1, 1, 1, 1, 1, 1, 1, 1, 1, 1, 1, 1, 1, 1, 1, 1, 1, 1, 1,
         1, 1, 1, 1, 1, 1, 1, 1, 1, 1, 1, 1, 1, 1, 1, 1, 1, 1, 1, 1, 1, 1, 1, 1,
         1, 1, 1, 1, 1, 1, 1, 1, 1, 1, 1, 1, 1, 1, 1, 1, 1, 1, 1, 1, 1, 1, 1, 1,
         1, 1, 1, 1, 1, 1, 0, 0, 0, 0, 0, 0, 0, 0, 0, 0, 0, 0, 0, 0, 0, 0, 0, 0,
         0, 0, 0, 0, 0, 0, 0, 0, 0, 0, 0, 0, 0, 0, 0, 0, 0, 0, 0, 0, 0, 0, 0, 0,
         0, 0, 0],
        [1, 1, 1, 1, 1, 1, 1, 1, 1, 1, 1, 1, 1, 1, 1, 1, 1, 1, 1, 1, 1, 1, 1, 1,
         1, 1, 1, 1, 1, 1, 1, 1, 1, 1, 1, 1, 1, 1, 0, 0, 0, 0, 0, 0, 0, 0, 0, 0,
         0, 0, 0, 0, 0, 0, 0, 0, 0, 0, 0, 0, 0, 0, 0, 0, 0, 0, 0, 0, 0, 0, 0, 0,
         0, 0, 0, 0, 0, 0, 0, 0, 0, 0, 0, 0, 0, 0, 0, 0, 0, 0, 0, 0, 0, 0, 0, 0,
         0, 0, 0, 0, 0, 0, 0, 0, 0, 0, 0, 0, 0, 0, 0, 0, 0, 0, 0, 0, 0, 0, 0, 0,
         0, 0, 0],
        [1, 1, 1, 1, 1, 1, 1, 1, 1, 1, 1, 1, 1, 1, 1, 1, 1, 1, 1, 1, 1, 1, 1, 1,
         1, 1, 1, 1, 1, 1, 1, 1, 1, 0, 0, 0, 0, 0, 0, 0, 0, 0, 0, 0, 0, 0, 0, 0,
         0, 0, 0, 0, 0, 0, 0, 0, 0, 0, 0, 0, 0, 0, 0, 0, 0, 0, 0, 0, 0, 0, 0, 0,
         0, 0, 0, 0, 0, 0, 0, 0, 0, 0, 0, 0, 0, 0, 0, 0, 0, 0, 0, 0, 0, 0, 0, 0,
         0, 0, 0, 0, 0, 0, 0, 0, 0, 0, 0, 0, 0, 0, 0, 0, 0, 0, 0, 0, 0, 0, 0, 0,
         0, 0, 0],
        [1, 1, 1, 1, 1, 1, 1, 1, 1, 1, 1, 1, 1, 1, 1, 1, 1, 1, 1, 1, 1, 1, 1, 1,
         1, 1, 1, 1, 1, 1, 1, 1, 1, 1, 1, 1, 1, 1, 1, 1, 1, 1, 1, 1, 1, 1, 1, 1,
         1, 1, 1, 1, 1, 1, 1, 1, 1, 1, 1, 1, 1, 1, 1, 1, 1, 1, 1, 1, 1, 1, 1, 1,
         1, 1, 1, 1, 1, 1, 1, 1, 1, 1, 1, 1, 1, 1, 1, 1, 1, 0, 0, 0, 0, 0, 0, 0,
         0, 0, 0, 0, 0, 0, 0, 0, 0, 0, 0, 0, 0, 0, 0, 0, 0, 0, 0, 0, 0, 0, 0, 0,
         0, 0, 0],
        [1, 1, 1, 1, 1, 1, 1, 1, 1, 1, 1, 1, 1, 1, 1, 1, 1, 1, 1, 1, 1, 1, 1, 1,
         1, 1, 1, 1, 1, 1, 1, 1, 1, 1, 1, 1, 1, 1, 1, 1, 1, 1, 1, 1, 1, 1, 1, 1,
         1, 1, 1, 1, 1, 1, 1, 1, 1, 1, 1, 1, 1, 1, 1, 1, 1, 1, 1, 1, 1, 1, 1, 1,
         1, 1, 1, 1, 1, 1, 0, 0, 0, 0, 0, 0, 0, 0, 0, 0, 0, 0, 0, 0, 0, 0, 0, 0,
         0, 0, 0, 0, 0, 0, 0, 0, 0, 0, 0, 0, 0, 0, 0, 0, 0, 0, 0, 0, 0, 0, 0, 0,
         0, 0, 0],
        [1, 1, 1, 1, 1, 1, 1, 1, 1, 1, 1, 1, 1, 1, 1, 1, 1, 1, 1, 1, 1, 1, 1, 1,
         1, 1, 1, 1, 1, 1, 1, 1, 1, 1, 1, 1, 1, 1, 1, 1, 1, 0, 0, 0, 0, 0, 0, 0,
         0, 0, 0, 0, 0, 0, 0, 0, 0, 0, 0, 0, 0, 0, 0, 0, 0, 0, 0, 0, 0, 0, 0, 0,
         0, 0, 0, 0, 0, 0, 0, 0, 0, 0, 0, 0, 0, 0, 0, 0, 0, 0, 0, 0, 0, 0, 0, 0,
         0, 0, 0, 0, 0, 0, 0, 0, 0, 0, 0, 0, 0, 0, 0, 0, 0, 0, 0, 0, 0, 0, 0, 0,
         0, 0, 0],
        [1, 1, 1, 1, 1, 1, 1, 1, 1, 1, 1, 1, 1, 1, 1, 1, 1, 1, 1, 1, 1, 1, 1, 1,
         1, 1, 1, 1, 1, 1, 1, 1, 1, 1, 1, 1, 1, 1, 1, 1, 1, 1, 1, 1, 1, 1, 1, 1,
         1, 1, 1, 1, 1, 1, 1, 1, 1, 1, 1, 1, 1, 1, 1, 1, 1, 1, 1, 1, 1, 1, 1, 1,
         1, 1, 1, 1, 1, 1, 1, 0, 0, 0, 0, 0, 0, 0, 0, 0, 0, 0, 0, 0, 0, 0, 0, 0,
         0, 0, 0, 0, 0, 0, 0, 0, 0, 0, 0, 0, 0, 0, 0, 0, 0, 0, 0, 0, 0, 0, 0, 0,
         0, 0, 0],
        [1, 1, 1, 1, 1, 1, 1, 1, 1, 1, 1, 1, 1, 1, 1, 1, 1, 1, 1, 1, 1, 1, 1, 1,
         1, 1, 1, 1, 1, 1, 1, 1, 1, 1, 1, 1, 1, 0, 0, 0, 0, 0, 0, 0, 0, 0, 0, 0,
         0, 0, 0, 0, 0, 0, 0, 0, 0, 0, 0, 0, 0, 0, 0, 0, 0, 0, 0, 0, 0, 0, 0, 0,
         0, 0, 0, 0, 0, 0, 0, 0, 0, 0, 0, 0, 0, 0, 0, 0, 0, 0, 0, 0, 0, 0, 0, 0,
         0, 0, 0, 0, 0, 0, 0, 0, 0, 0, 0, 0, 0, 0, 0, 0, 0, 0, 0, 0, 0, 0, 0, 0,
         0, 0, 0],
        [1, 1, 1, 1, 1, 1, 1, 1, 1, 1, 1, 1, 1, 1, 1, 1, 1, 1, 1, 1, 1, 1, 1, 1,
         1, 1, 1, 1, 1, 1, 1, 1, 1, 1, 1, 0, 0, 0, 0, 0, 0, 0, 0, 0, 0, 0, 0, 0,
         0, 0, 0, 0, 0, 0, 0, 0, 0, 0, 0, 0, 0, 0, 0, 0, 0, 0, 0, 0, 0, 0, 0, 0,
         0, 0, 0, 0, 0, 0, 0, 0, 0, 0, 0, 0, 0, 0, 0, 0, 0, 0, 0, 0, 0, 0, 0, 0,
         0, 0, 0, 0, 0, 0, 0, 0, 0, 0, 0, 0, 0, 0, 0, 0, 0, 0, 0, 0, 0, 0, 0, 0,
         0, 0, 0],
        [1, 1, 1, 1, 1, 1, 1, 1, 1, 1, 1, 1, 1, 1, 1, 1, 1, 1, 1, 1, 1, 1, 1, 1,
         1, 1, 1, 1, 1, 1, 1, 1, 1, 1, 1, 1, 1, 1, 1, 1, 1, 1, 1, 1, 1, 1, 1, 1,
         1, 1, 1, 1, 1, 1, 1, 1, 1, 1, 1, 1, 1, 1, 1, 1, 1, 1, 1, 1, 1, 1, 1, 1,
         1, 1, 1, 1, 1, 1, 1, 1, 1, 1, 1, 1, 1, 1, 1, 1, 1, 1, 1, 1, 1, 1, 1, 1,
         1, 1, 1, 1, 1, 1, 0, 0, 0, 0, 0, 0, 0, 0, 0, 0, 0, 0, 0, 0, 0, 0, 0, 0,
         0, 0, 0],
        [1, 1, 1, 1, 1, 1, 1, 1, 1, 1, 1, 1, 1, 1, 1, 1, 1, 1, 1, 1, 1, 1, 1, 1,
         1, 1, 1, 1, 1, 1, 1, 1, 1, 1, 1, 1, 1, 1, 1, 1, 1, 1, 1, 1, 1, 1, 0, 0,
         0, 0, 0, 0, 0, 0, 0, 0, 0, 0, 0, 0, 0, 0, 0, 0, 0, 0, 0, 0, 0, 0, 0, 0,
         0, 0, 0, 0, 0, 0, 0, 0, 0, 0, 0, 0, 0, 0, 0, 0, 0, 0, 0, 0, 0, 0, 0, 0,
         0, 0, 0, 0, 0, 0, 0, 0, 0, 0, 0, 0, 0, 0, 0, 0, 0, 0, 0, 0, 0, 0, 0, 0,
         0, 0, 0]], device='cuda:0')
logits:
tensor([[-0.0167],
        [ 0.0091],
        [ 0.0035],
        [ 0.0383],
        [-0.0158],
        [-0.0145],
        [ 0.0275],
        [ 0.0166],
        [-0.0028],
        [-0.0052],
        [ 0.0076],
        [ 0.0585],
        [ 0.0103],
        [-0.0125],
        [ 0.0263],
        [ 0.0022]], device='cuda:0', grad_fn=<SumBackward1>), shape:
torch.Size([16, 1])
positive_energy:
torch.Size([8])
negative_energy:
torch.Size([8])
argmax_logit:
tensor([0, 0, 0, 0, 0, 0, 0, 0, 0, 0, 0, 0, 0, 0, 0, 0], device='cuda:0')
max_logit:
tensor([-0.0167,  0.0091,  0.0035,  0.0383, -0.0158, -0.0145,  0.0275,  0.0166,
        -0.0028, -0.0052,  0.0076,  0.0585,  0.0103, -0.0125,  0.0263,  0.0022],
       device='cuda:0', grad_fn=<SqueezeBackward1>)

====================

input_ids:
tensor([[     1,   1729,    294,   2467,  36257,  25703,   5433,    286,    305,
            265,    262,   1273,    265,    266,  91782,    302,    336,    294,
          36257,    269,   4165,    293,    266,   2164,    271,  71553,    261,
            319,    269,    266,   8440,    275,    262,    831,    827,    265,
            266,  13732,    263,    262,   6214,    265,    266,   2082,    260,
            336,    294,    336,  91782,    269,    266,  45229,   8440,    272,
           2518,    303,   1273,    292,   1337,   2232,    261,    611,  13343,
            275,    266,  12312,    280,    268,    761,    261,    266,  13732,
            280,    268,    665,    261,    263,    266,  30056,    280,    268,
           6214,    260,    336,    294,    279,   2164,    271,  71553,    261,
           5161,  36257,    261,    490,    298,    680,    305,    262,   1273,
            265,    266,  91782,    260,      2,      2,      2,      2,      2,
              2,      2,      2,      2,      2,      2,      2,      2,      2,
              2,      2,      2,      2,      2,      2],
        [     1,   1729,    294,   3549,    262,  22021,  12155,   4680,    299,
            630,    265,    484,  24402,  36760,    633,    302,    336,    294,
            279,  22021,  12155,    303,    299,   5944,  10523,    263,  16380,
            270,   3718,    260,      2,      2,      2,      2,      2,      2,
              2,      2,      2,      2,      2,      2,      2,      2,      2,
              2,      2,      2,      2,      2,      2,      2,      2,      2,
              2,      2,      2,      2,      2,      2,      2,      2,      2,
              2,      2,      2,      2,      2,      2,      2,      2,      2,
              2,      2,      2,      2,      2,      2,      2,      2,      2,
              2,      2,      2,      2,      2,      2,      2,      2,      2,
              2,      2,      2,      2,      2,      2,      2,      2,      2,
              2,      2,      2,      2,      2,      2,      2,      2,      2,
              2,      2,      2,      2,      2,      2,      2,      2,      2,
              2,      2,      2,      2,      2,      2],
        [     1,   1729,    294,   3549,  46208,  54868,   1647,    270,   2786,
         110322,    302,    336,    294,   2786, 110322,    269,   5928,    265,
           3561,      2,      2,      2,      2,      2,      2,      2,      2,
              2,      2,      2,      2,      2,      2,      2,      2,      2,
              2,      2,      2,      2,      2,      2,      2,      2,      2,
              2,      2,      2,      2,      2,      2,      2,      2,      2,
              2,      2,      2,      2,      2,      2,      2,      2,      2,
              2,      2,      2,      2,      2,      2,      2,      2,      2,
              2,      2,      2,      2,      2,      2,      2,      2,      2,
              2,      2,      2,      2,      2,      2,      2,      2,      2,
              2,      2,      2,      2,      2,      2,      2,      2,      2,
              2,      2,      2,      2,      2,      2,      2,      2,      2,
              2,      2,      2,      2,      2,      2,      2,      2,      2,
              2,      2,      2,      2,      2,      2],
        [     1,   1729,    294,   4045,   5189,  14093,    266,  18272,    265,
          43386,    302,    336,    294,   5189,  18507,    284,    266,   4552,
           3881,  32487,    263,  20254,    260,    503,   2168,    342,    432,
            264,   2511,    262,   1970,    263,   3808,    261,    776,    262,
          12420,    265,   8477,    260,    503,    284,    756,    270,    342,
            986,   2322,    263,   4312,    267,    627,    260,    953,   2669,
           2669,   2669,    585,    260,      2,      2,      2,      2,      2,
              2,      2,      2,      2,      2,      2,      2,      2,      2,
              2,      2,      2,      2,      2,      2,      2,      2,      2,
              2,      2,      2,      2,      2,      2,      2,      2,      2,
              2,      2,      2,      2,      2,      2,      2,      2,      2,
              2,      2,      2,      2,      2,      2,      2,      2,      2,
              2,      2,      2,      2,      2,      2,      2,      2,      2,
              2,      2,      2,      2,      2,      2],
        [     1,   1729,    294,   2467,    787,   5756,  26641,  12351,  26711,
            843,    302,    336,    294,  21008,  26641,    269,    266,   2722,
           1384,    272,   5843,    264,    262,   1105,    265,   3928,   5044,
            267,  11755,   3683,    260,  21008,  26641,   3960,   2244,    272,
           1052,    266,  11427,    264,  10003,    263,  45094,    262,    843,
            292,    266,   1394,    260,    486,    266,  11427,   8993,   5756,
          26641,    261,    306,    380,    996,   5247,    264,   2862,    289,
           1464,    308,   1394,    261,    319,   1530,    264,   1684,    262,
           1239,    263,   2225,    265,  26711,    843,    260,    953,   2669,
           2669,   2669,   1595,    260,      2,      2,      2,      2,      2,
              2,      2,      2,      2,      2,      2,      2,      2,      2,
              2,      2,      2,      2,      2,      2,      2,      2,      2,
              2,      2,      2,      2,      2,      2,      2,      2,      2,
              2,      2,      2,      2,      2,      2],
        [     1,   1729,    294,   4045,   5189,  14093,    266,  18272,    265,
          43386,    302,    336,    294,   5189,  18507,    284,    266,   4552,
           3881,  32487,    263,  20254,    260,    503,   2168,    342,    432,
            264,   2511,    262,   1970,    263,   3808,    261,    776,    262,
          12420,    265,   8477,    260,    503,    284,    756,    270,    342,
            986,   2322,    263,   4312,    267,    627,    260,      2,      2,
              2,      2,      2,      2,      2,      2,      2,      2,      2,
              2,      2,      2,      2,      2,      2,      2,      2,      2,
              2,      2,      2,      2,      2,      2,      2,      2,      2,
              2,      2,      2,      2,      2,      2,      2,      2,      2,
              2,      2,      2,      2,      2,      2,      2,      2,      2,
              2,      2,      2,      2,      2,      2,      2,      2,      2,
              2,      2,      2,      2,      2,      2,      2,      2,      2,
              2,      2,      2,      2,      2,      2],
        [     1,   1729,    294,   3549,  46208,  54868,   1647,    270,   2786,
         110322,    302,    336,    294,  46208,  54868,    269,    299,    733,
           6704,    756,    270,    342,    374,    267,   2835,    263,    933,
            260,  46208,  54868,    269,    756,    270,    342,   1198,   1977,
            261,    304,    343,    269,    363,    613,   1162,    265,    342,
          39456,    289,   5147,    270,    996,   2961,    334,   2786, 110322,
            260,      2,      2,      2,      2,      2,      2,      2,      2,
              2,      2,      2,      2,      2,      2,      2,      2,      2,
              2,      2,      2,      2,      2,      2,      2,      2,      2,
              2,      2,      2,      2,      2,      2,      2,      2,      2,
              2,      2,      2,      2,      2,      2,      2,      2,      2,
              2,      2,      2,      2,      2,      2,      2,      2,      2,
              2,      2,      2,      2,      2,      2,      2,      2,      2,
              2,      2,      2,      2,      2,      2],
        [     1,   1729,    294,   2709,  32499,  20169,    649,  38405,    632,
            957,  59929,   2440,    438,    306,    462,    968,    262,   1022,
            265,   1083,    302,    336,    294,  32499,  20169,    649,  38405,
            284,    262,   1083,    265,   2378,    292,   8925,    264,   4987,
            260,      2,      2,      2,      2,      2,      2,      2,      2,
              2,      2,      2,      2,      2,      2,      2,      2,      2,
              2,      2,      2,      2,      2,      2,      2,      2,      2,
              2,      2,      2,      2,      2,      2,      2,      2,      2,
              2,      2,      2,      2,      2,      2,      2,      2,      2,
              2,      2,      2,      2,      2,      2,      2,      2,      2,
              2,      2,      2,      2,      2,      2,      2,      2,      2,
              2,      2,      2,      2,      2,      2,      2,      2,      2,
              2,      2,      2,      2,      2,      2,      2,      2,      2,
              2,      2,      2,      2,      2,      2],
        [     1,   1729,    294,   5047,    760,    275,   1399,   3434,    719,
            808,   1591,    292,    299,   9436,   6125,   4709,    302,    336,
            294,   7227,   3434,    719,   3960,    570,    536,    261,   5964,
           5247,    334,   3111,    289,  11491,    260,    279,   1264,   6125,
           4709,    269,    972,    264,    282,    427,    293,    760,    497,
            356,   3434,    719,    808,    260,    443,    281,   5054,  23951,
            270,   1337,   1361,    265,   6431,    260,    953,   2669,   2669,
           2669,   1595,    260,      2,      2,      2,      2,      2,      2,
              2,      2,      2,      2,      2,      2,      2,      2,      2,
              2,      2,      2,      2,      2,      2,      2,      2,      2,
              2,      2,      2,      2,      2,      2,      2,      2,      2,
              2,      2,      2,      2,      2,      2,      2,      2,      2,
              2,      2,      2,      2,      2,      2,      2,      2,      2,
              2,      2,      2,      2,      2,      2],
        [     1,   1729,    294,   5047,    760,    275,   1399,   3434,    719,
            808,   1591,    292,    299,   9436,   6125,   4709,    302,    336,
            294,   7227,   3434,    719,   3960,    570,    536,    261,   5964,
           5247,    334,   3111,    289,  11491,    260,    279,   1264,   6125,
           4709,    269,    972,    264,    282,    427,    293,    760,    497,
            356,   3434,    719,    808,    260,      2,      2,      2,      2,
              2,      2,      2,      2,      2,      2,      2,      2,      2,
              2,      2,      2,      2,      2,      2,      2,      2,      2,
              2,      2,      2,      2,      2,      2,      2,      2,      2,
              2,      2,      2,      2,      2,      2,      2,      2,      2,
              2,      2,      2,      2,      2,      2,      2,      2,      2,
              2,      2,      2,      2,      2,      2,      2,      2,      2,
              2,      2,      2,      2,      2,      2,      2,      2,      2,
              2,      2,      2,      2,      2,      2],
        [     1,   1729,    294,   1887,   7316,   6962,    282,  61626,    364,
            704,    482,   1083,   1002,    280,    268,    362,   1384,    302,
            336,    294,   7316,   6962,    269,    266,   3809,    263,   7538,
           6203,   1137,    267,   7316,    261,   2392,    260,      2,      2,
              2,      2,      2,      2,      2,      2,      2,      2,      2,
              2,      2,      2,      2,      2,      2,      2,      2,      2,
              2,      2,      2,      2,      2,      2,      2,      2,      2,
              2,      2,      2,      2,      2,      2,      2,      2,      2,
              2,      2,      2,      2,      2,      2,      2,      2,      2,
              2,      2,      2,      2,      2,      2,      2,      2,      2,
              2,      2,      2,      2,      2,      2,      2,      2,      2,
              2,      2,      2,      2,      2,      2,      2,      2,      2,
              2,      2,      2,      2,      2,      2,      2,      2,      2,
              2,      2,      2,      2,      2,      2],
        [     1,   1729,    294,   1396,    305,   1361,    265,  17279,   1295,
            264,   3712,    267,    302,    336,    294,    336,    294,  34394,
            295,    282,    412,    292,    847,   1375,    261,    500,  97354,
            261,  70046,    261,    263,  15652,    260,   9339,   1361,    265,
          17279,    286,    467,   2206,    263,   1343,   2039,    260,    879,
          17279,    269,   2542,    972,    270,   3133,    263,    269,   1295,
            264,    380,    267,  30955,    263,  58423,    261,    438,    690,
            372,   2836,   6687,   1375,    289,  79397,    272,    295,  52046,
            352,    645,    335,   7414,    260,    953,   2669,   2669,   2669,
            585,    260,      2,      2,      2,      2,      2,      2,      2,
              2,      2,      2,      2,      2,      2,      2,      2,      2,
              2,      2,      2,      2,      2,      2,      2,      2,      2,
              2,      2,      2,      2,      2,      2,      2,      2,      2,
              2,      2,      2,      2,      2,      2],
        [     1,   1729,    294,   1194,    266,   1220,    277,   1210,    286,
            266,   1483,    416,   8099,   4637,  19609,    302,    336,    294,
            336,    294,    279,   1210,    857,  42615,    926,    270,    266,
           1220,    269,    314,    712,    740,    287,  32209,   1297,   1033,
            285,    260,      2,      2,      2,      2,      2,      2,      2,
              2,      2,      2,      2,      2,      2,      2,      2,      2,
              2,      2,      2,      2,      2,      2,      2,      2,      2,
              2,      2,      2,      2,      2,      2,      2,      2,      2,
              2,      2,      2,      2,      2,      2,      2,      2,      2,
              2,      2,      2,      2,      2,      2,      2,      2,      2,
              2,      2,      2,      2,      2,      2,      2,      2,      2,
              2,      2,      2,      2,      2,      2,      2,      2,      2,
              2,      2,      2,      2,      2,      2,      2,      2,      2,
              2,      2,      2,      2,      2,      2],
        [     1,   1729,    294,   3549,    274,   1446,    625,    277,    290,
            645,    288,  40787,    354,    288,  11068,  11262,    302,    336,
            294,  11068,  11262,    269,    756,    270,  14383,    466,    271,
           1435,    440,    310,    354,    340,   2507,    260,  40787,    269,
            756,    270,    591,   4264,  11270,    645,    263,    425,   3345,
            260,      2,      2,      2,      2,      2,      2,      2,      2,
              2,      2,      2,      2,      2,      2,      2,      2,      2,
              2,      2,      2,      2,      2,      2,      2,      2,      2,
              2,      2,      2,      2,      2,      2,      2,      2,      2,
              2,      2,      2,      2,      2,      2,      2,      2,      2,
              2,      2,      2,      2,      2,      2,      2,      2,      2,
              2,      2,      2,      2,      2,      2,      2,      2,      2,
              2,      2,      2,      2,      2,      2,      2,      2,      2,
              2,      2,      2,      2,      2,      2],
        [     1,   1729,    294,   4638,   8235,  31012,    280,    268,    370,
           2167,   1470,    632,    331,    267,    299,  15317,   2036,    663,
            302,    336,    294,   8235,  31012,    269,    756,    270,    315,
            612,    307,    635,  42735,    265,   3555,  63258,    261,    309,
            319,    830,    262,   1470,   3173,  60940,    260,   3173,  60940,
            269,    266,   5367,   1470,    267,   8235,  31012,    280,    268,
            885,    261,   1601,    267,    307,    635,  42735,    265,   3555,
          63258,    260,    309,  15317,   2036,    269,    266,   1796,   6704,
            756,    270,    342,   3930,    267,    847,   3107,    263,   2835,
            813,    260,    502,   2003,    337,   8235,  31012,    280,    268,
            370,   2167,   1470,    303,    632,    331,    267,    299,  15317,
           2036,    663,    261,    301,    389,    264,   2313,    262,   1470,
            263,    807,  15317,   2036,    280,    268,  94819,    260,    953,
           2669,   2669,   2669,    585,    260,      2],
        [     1,   1729,    294,   3549,    262,  22021,  12155,   4680,    299,
            630,    265,    484,  24402,  36760,    633,    302,    336,    294,
            279,  22021,  12155,    303,    299,   5944,  10523,    263,  16380,
            270,   3718,    260,    279,  24402,  36760,   1679,    269,    299,
            733,   6742,    263,  34490,   3595,    260,      2,      2,      2,
              2,      2,      2,      2,      2,      2,      2,      2,      2,
              2,      2,      2,      2,      2,      2,      2,      2,      2,
              2,      2,      2,      2,      2,      2,      2,      2,      2,
              2,      2,      2,      2,      2,      2,      2,      2,      2,
              2,      2,      2,      2,      2,      2,      2,      2,      2,
              2,      2,      2,      2,      2,      2,      2,      2,      2,
              2,      2,      2,      2,      2,      2,      2,      2,      2,
              2,      2,      2,      2,      2,      2,      2,      2,      2,
              2,      2,      2,      2,      2,      2]], device='cuda:0')
input_id_shape: torch.Size([16, 123])
attention_mask:
tensor([[1, 1, 1, 1, 1, 1, 1, 1, 1, 1, 1, 1, 1, 1, 1, 1, 1, 1, 1, 1, 1, 1, 1, 1,
         1, 1, 1, 1, 1, 1, 1, 1, 1, 1, 1, 1, 1, 1, 1, 1, 1, 1, 1, 1, 1, 1, 1, 1,
         1, 1, 1, 1, 1, 1, 1, 1, 1, 1, 1, 1, 1, 1, 1, 1, 1, 1, 1, 1, 1, 1, 1, 1,
         1, 1, 1, 1, 1, 1, 1, 1, 1, 1, 1, 1, 1, 1, 1, 1, 1, 1, 1, 1, 1, 1, 1, 1,
         1, 1, 1, 1, 1, 1, 1, 1, 0, 0, 0, 0, 0, 0, 0, 0, 0, 0, 0, 0, 0, 0, 0, 0,
         0, 0, 0],
        [1, 1, 1, 1, 1, 1, 1, 1, 1, 1, 1, 1, 1, 1, 1, 1, 1, 1, 1, 1, 1, 1, 1, 1,
         1, 1, 1, 1, 1, 1, 1, 0, 0, 0, 0, 0, 0, 0, 0, 0, 0, 0, 0, 0, 0, 0, 0, 0,
         0, 0, 0, 0, 0, 0, 0, 0, 0, 0, 0, 0, 0, 0, 0, 0, 0, 0, 0, 0, 0, 0, 0, 0,
         0, 0, 0, 0, 0, 0, 0, 0, 0, 0, 0, 0, 0, 0, 0, 0, 0, 0, 0, 0, 0, 0, 0, 0,
         0, 0, 0, 0, 0, 0, 0, 0, 0, 0, 0, 0, 0, 0, 0, 0, 0, 0, 0, 0, 0, 0, 0, 0,
         0, 0, 0],
        [1, 1, 1, 1, 1, 1, 1, 1, 1, 1, 1, 1, 1, 1, 1, 1, 1, 1, 1, 1, 0, 0, 0, 0,
         0, 0, 0, 0, 0, 0, 0, 0, 0, 0, 0, 0, 0, 0, 0, 0, 0, 0, 0, 0, 0, 0, 0, 0,
         0, 0, 0, 0, 0, 0, 0, 0, 0, 0, 0, 0, 0, 0, 0, 0, 0, 0, 0, 0, 0, 0, 0, 0,
         0, 0, 0, 0, 0, 0, 0, 0, 0, 0, 0, 0, 0, 0, 0, 0, 0, 0, 0, 0, 0, 0, 0, 0,
         0, 0, 0, 0, 0, 0, 0, 0, 0, 0, 0, 0, 0, 0, 0, 0, 0, 0, 0, 0, 0, 0, 0, 0,
         0, 0, 0],
        [1, 1, 1, 1, 1, 1, 1, 1, 1, 1, 1, 1, 1, 1, 1, 1, 1, 1, 1, 1, 1, 1, 1, 1,
         1, 1, 1, 1, 1, 1, 1, 1, 1, 1, 1, 1, 1, 1, 1, 1, 1, 1, 1, 1, 1, 1, 1, 1,
         1, 1, 1, 1, 1, 1, 1, 1, 1, 1, 1, 0, 0, 0, 0, 0, 0, 0, 0, 0, 0, 0, 0, 0,
         0, 0, 0, 0, 0, 0, 0, 0, 0, 0, 0, 0, 0, 0, 0, 0, 0, 0, 0, 0, 0, 0, 0, 0,
         0, 0, 0, 0, 0, 0, 0, 0, 0, 0, 0, 0, 0, 0, 0, 0, 0, 0, 0, 0, 0, 0, 0, 0,
         0, 0, 0],
        [1, 1, 1, 1, 1, 1, 1, 1, 1, 1, 1, 1, 1, 1, 1, 1, 1, 1, 1, 1, 1, 1, 1, 1,
         1, 1, 1, 1, 1, 1, 1, 1, 1, 1, 1, 1, 1, 1, 1, 1, 1, 1, 1, 1, 1, 1, 1, 1,
         1, 1, 1, 1, 1, 1, 1, 1, 1, 1, 1, 1, 1, 1, 1, 1, 1, 1, 1, 1, 1, 1, 1, 1,
         1, 1, 1, 1, 1, 1, 1, 1, 1, 1, 1, 1, 1, 1, 0, 0, 0, 0, 0, 0, 0, 0, 0, 0,
         0, 0, 0, 0, 0, 0, 0, 0, 0, 0, 0, 0, 0, 0, 0, 0, 0, 0, 0, 0, 0, 0, 0, 0,
         0, 0, 0],
        [1, 1, 1, 1, 1, 1, 1, 1, 1, 1, 1, 1, 1, 1, 1, 1, 1, 1, 1, 1, 1, 1, 1, 1,
         1, 1, 1, 1, 1, 1, 1, 1, 1, 1, 1, 1, 1, 1, 1, 1, 1, 1, 1, 1, 1, 1, 1, 1,
         1, 1, 1, 1, 1, 0, 0, 0, 0, 0, 0, 0, 0, 0, 0, 0, 0, 0, 0, 0, 0, 0, 0, 0,
         0, 0, 0, 0, 0, 0, 0, 0, 0, 0, 0, 0, 0, 0, 0, 0, 0, 0, 0, 0, 0, 0, 0, 0,
         0, 0, 0, 0, 0, 0, 0, 0, 0, 0, 0, 0, 0, 0, 0, 0, 0, 0, 0, 0, 0, 0, 0, 0,
         0, 0, 0],
        [1, 1, 1, 1, 1, 1, 1, 1, 1, 1, 1, 1, 1, 1, 1, 1, 1, 1, 1, 1, 1, 1, 1, 1,
         1, 1, 1, 1, 1, 1, 1, 1, 1, 1, 1, 1, 1, 1, 1, 1, 1, 1, 1, 1, 1, 1, 1, 1,
         1, 1, 1, 1, 1, 1, 1, 1, 0, 0, 0, 0, 0, 0, 0, 0, 0, 0, 0, 0, 0, 0, 0, 0,
         0, 0, 0, 0, 0, 0, 0, 0, 0, 0, 0, 0, 0, 0, 0, 0, 0, 0, 0, 0, 0, 0, 0, 0,
         0, 0, 0, 0, 0, 0, 0, 0, 0, 0, 0, 0, 0, 0, 0, 0, 0, 0, 0, 0, 0, 0, 0, 0,
         0, 0, 0],
        [1, 1, 1, 1, 1, 1, 1, 1, 1, 1, 1, 1, 1, 1, 1, 1, 1, 1, 1, 1, 1, 1, 1, 1,
         1, 1, 1, 1, 1, 1, 1, 1, 1, 1, 1, 1, 1, 1, 0, 0, 0, 0, 0, 0, 0, 0, 0, 0,
         0, 0, 0, 0, 0, 0, 0, 0, 0, 0, 0, 0, 0, 0, 0, 0, 0, 0, 0, 0, 0, 0, 0, 0,
         0, 0, 0, 0, 0, 0, 0, 0, 0, 0, 0, 0, 0, 0, 0, 0, 0, 0, 0, 0, 0, 0, 0, 0,
         0, 0, 0, 0, 0, 0, 0, 0, 0, 0, 0, 0, 0, 0, 0, 0, 0, 0, 0, 0, 0, 0, 0, 0,
         0, 0, 0],
        [1, 1, 1, 1, 1, 1, 1, 1, 1, 1, 1, 1, 1, 1, 1, 1, 1, 1, 1, 1, 1, 1, 1, 1,
         1, 1, 1, 1, 1, 1, 1, 1, 1, 1, 1, 1, 1, 1, 1, 1, 1, 1, 1, 1, 1, 1, 1, 1,
         1, 1, 1, 1, 1, 1, 1, 1, 1, 1, 1, 1, 1, 1, 1, 1, 1, 1, 1, 0, 0, 0, 0, 0,
         0, 0, 0, 0, 0, 0, 0, 0, 0, 0, 0, 0, 0, 0, 0, 0, 0, 0, 0, 0, 0, 0, 0, 0,
         0, 0, 0, 0, 0, 0, 0, 0, 0, 0, 0, 0, 0, 0, 0, 0, 0, 0, 0, 0, 0, 0, 0, 0,
         0, 0, 0],
        [1, 1, 1, 1, 1, 1, 1, 1, 1, 1, 1, 1, 1, 1, 1, 1, 1, 1, 1, 1, 1, 1, 1, 1,
         1, 1, 1, 1, 1, 1, 1, 1, 1, 1, 1, 1, 1, 1, 1, 1, 1, 1, 1, 1, 1, 1, 1, 1,
         1, 1, 1, 0, 0, 0, 0, 0, 0, 0, 0, 0, 0, 0, 0, 0, 0, 0, 0, 0, 0, 0, 0, 0,
         0, 0, 0, 0, 0, 0, 0, 0, 0, 0, 0, 0, 0, 0, 0, 0, 0, 0, 0, 0, 0, 0, 0, 0,
         0, 0, 0, 0, 0, 0, 0, 0, 0, 0, 0, 0, 0, 0, 0, 0, 0, 0, 0, 0, 0, 0, 0, 0,
         0, 0, 0],
        [1, 1, 1, 1, 1, 1, 1, 1, 1, 1, 1, 1, 1, 1, 1, 1, 1, 1, 1, 1, 1, 1, 1, 1,
         1, 1, 1, 1, 1, 1, 1, 1, 1, 1, 1, 0, 0, 0, 0, 0, 0, 0, 0, 0, 0, 0, 0, 0,
         0, 0, 0, 0, 0, 0, 0, 0, 0, 0, 0, 0, 0, 0, 0, 0, 0, 0, 0, 0, 0, 0, 0, 0,
         0, 0, 0, 0, 0, 0, 0, 0, 0, 0, 0, 0, 0, 0, 0, 0, 0, 0, 0, 0, 0, 0, 0, 0,
         0, 0, 0, 0, 0, 0, 0, 0, 0, 0, 0, 0, 0, 0, 0, 0, 0, 0, 0, 0, 0, 0, 0, 0,
         0, 0, 0],
        [1, 1, 1, 1, 1, 1, 1, 1, 1, 1, 1, 1, 1, 1, 1, 1, 1, 1, 1, 1, 1, 1, 1, 1,
         1, 1, 1, 1, 1, 1, 1, 1, 1, 1, 1, 1, 1, 1, 1, 1, 1, 1, 1, 1, 1, 1, 1, 1,
         1, 1, 1, 1, 1, 1, 1, 1, 1, 1, 1, 1, 1, 1, 1, 1, 1, 1, 1, 1, 1, 1, 1, 1,
         1, 1, 1, 1, 1, 1, 1, 1, 1, 1, 1, 1, 0, 0, 0, 0, 0, 0, 0, 0, 0, 0, 0, 0,
         0, 0, 0, 0, 0, 0, 0, 0, 0, 0, 0, 0, 0, 0, 0, 0, 0, 0, 0, 0, 0, 0, 0, 0,
         0, 0, 0],
        [1, 1, 1, 1, 1, 1, 1, 1, 1, 1, 1, 1, 1, 1, 1, 1, 1, 1, 1, 1, 1, 1, 1, 1,
         1, 1, 1, 1, 1, 1, 1, 1, 1, 1, 1, 1, 1, 1, 1, 0, 0, 0, 0, 0, 0, 0, 0, 0,
         0, 0, 0, 0, 0, 0, 0, 0, 0, 0, 0, 0, 0, 0, 0, 0, 0, 0, 0, 0, 0, 0, 0, 0,
         0, 0, 0, 0, 0, 0, 0, 0, 0, 0, 0, 0, 0, 0, 0, 0, 0, 0, 0, 0, 0, 0, 0, 0,
         0, 0, 0, 0, 0, 0, 0, 0, 0, 0, 0, 0, 0, 0, 0, 0, 0, 0, 0, 0, 0, 0, 0, 0,
         0, 0, 0],
        [1, 1, 1, 1, 1, 1, 1, 1, 1, 1, 1, 1, 1, 1, 1, 1, 1, 1, 1, 1, 1, 1, 1, 1,
         1, 1, 1, 1, 1, 1, 1, 1, 1, 1, 1, 1, 1, 1, 1, 1, 1, 1, 1, 1, 1, 1, 1, 0,
         0, 0, 0, 0, 0, 0, 0, 0, 0, 0, 0, 0, 0, 0, 0, 0, 0, 0, 0, 0, 0, 0, 0, 0,
         0, 0, 0, 0, 0, 0, 0, 0, 0, 0, 0, 0, 0, 0, 0, 0, 0, 0, 0, 0, 0, 0, 0, 0,
         0, 0, 0, 0, 0, 0, 0, 0, 0, 0, 0, 0, 0, 0, 0, 0, 0, 0, 0, 0, 0, 0, 0, 0,
         0, 0, 0],
        [1, 1, 1, 1, 1, 1, 1, 1, 1, 1, 1, 1, 1, 1, 1, 1, 1, 1, 1, 1, 1, 1, 1, 1,
         1, 1, 1, 1, 1, 1, 1, 1, 1, 1, 1, 1, 1, 1, 1, 1, 1, 1, 1, 1, 1, 1, 1, 1,
         1, 1, 1, 1, 1, 1, 1, 1, 1, 1, 1, 1, 1, 1, 1, 1, 1, 1, 1, 1, 1, 1, 1, 1,
         1, 1, 1, 1, 1, 1, 1, 1, 1, 1, 1, 1, 1, 1, 1, 1, 1, 1, 1, 1, 1, 1, 1, 1,
         1, 1, 1, 1, 1, 1, 1, 1, 1, 1, 1, 1, 1, 1, 1, 1, 1, 1, 1, 1, 1, 1, 1, 1,
         1, 1, 1],
        [1, 1, 1, 1, 1, 1, 1, 1, 1, 1, 1, 1, 1, 1, 1, 1, 1, 1, 1, 1, 1, 1, 1, 1,
         1, 1, 1, 1, 1, 1, 1, 1, 1, 1, 1, 1, 1, 1, 1, 1, 1, 1, 1, 0, 0, 0, 0, 0,
         0, 0, 0, 0, 0, 0, 0, 0, 0, 0, 0, 0, 0, 0, 0, 0, 0, 0, 0, 0, 0, 0, 0, 0,
         0, 0, 0, 0, 0, 0, 0, 0, 0, 0, 0, 0, 0, 0, 0, 0, 0, 0, 0, 0, 0, 0, 0, 0,
         0, 0, 0, 0, 0, 0, 0, 0, 0, 0, 0, 0, 0, 0, 0, 0, 0, 0, 0, 0, 0, 0, 0, 0,
         0, 0, 0]], device='cuda:0')
logits:
tensor([[-0.0042],
        [ 0.0267],
        [-0.0005],
        [ 0.0137],
        [-0.0059],
        [-0.0290],
        [-0.0002],
        [ 0.0039],
        [-0.0006],
        [ 0.0064],
        [ 0.0212],
        [-0.0287],
        [ 0.0358],
        [ 0.0097],
        [ 0.0221],
        [ 0.0055]], device='cuda:0', grad_fn=<SumBackward1>), shape:
torch.Size([16, 1])
positive_energy:
torch.Size([8])
negative_energy:
torch.Size([8])
argmax_logit:
tensor([0, 0, 0, 0, 0, 0, 0, 0, 0, 0, 0, 0, 0, 0, 0, 0], device='cuda:0')
max_logit:
tensor([-0.0042,  0.0267, -0.0005,  0.0137, -0.0059, -0.0290, -0.0002,  0.0039,
        -0.0006,  0.0064,  0.0212, -0.0287,  0.0358,  0.0097,  0.0221,  0.0055],
       device='cuda:0', grad_fn=<SqueezeBackward1>)

====================

input_ids:
tensor([[     1,   1729,    294,   1194,    266,   2164,  18828,    612,   6588,
            478,    266,   6588,  30627,    302,    336,    294,    264,    612,
           6588,    261,    266,    857,    271,   2207,    721,    269,    858,
            264,   2497,   1229,    262,   6588,  30627,      2,      2,      2,
              2,      2,      2,      2,      2,      2,      2,      2,      2,
              2,      2,      2,      2,      2,      2,      2,      2,      2,
              2,      2,      2,      2,      2,      2,      2,      2,      2,
              2,      2,      2,      2,      2,      2,      2,      2,      2,
              2,      2,      2,      2,      2,      2,      2,      2,      2,
              2,      2,      2,      2,      2,      2,      2,      2,      2,
              2,      2,      2,      2,      2,      2,      2,      2,      2,
              2,      2,      2,      2,      2,      2,      2,      2,      2,
              2,      2,      2,      2,      2,      2,      2,      2,      2,
              2,      2,      2,      2,      2,      2],
        [     1,   1729,    294,   3549,    266,   4473,  31067,   8425,    282,
            878,    264,    286,    266,  35723,    265,    262,  84764,   1013,
            302,    336,    294,    336,    294,  31067,   6557,    269,   1137,
            267,   1336,    261,   1991,    261,    263,    269,   3576,    427,
            270,   2242,   3904,    263,    340,    976,    260,    279,  63494,
           6251,   7950,    292,    262,    989,    474,    264,    262,    936,
            474,   1880,    261,    263,    359,  17885,    338,    282,    355,
            265,  42516,  12300,    289,    421,    328,    295,   8505,    308,
          23432,    396,    264,    262,  63494,  12724,    260,    279,   1755,
            265,   1252,   1336,    269,   3397,    261,    275,    386,  51963,
            263,   9126,   4165,    260,      2,      2,      2,      2,      2,
              2,      2,      2,      2,      2,      2,      2,      2,      2,
              2,      2,      2,      2,      2,      2,      2,      2,      2,
              2,      2,      2,      2,      2,      2],
        [     1,   1729,    294,   1396,    305,   1361,    265,  17279,   1295,
            264,   3712,    267,    302,    336,    294,    879,   1361,    265,
          17279,  21005,    281,  15264,    270,    789,    275,    645,   2238,
            270,    857,   4003,    260,  18865,  17279,   1888,    372,    286,
          11891,   1262,    265,    917,    267,    349,    260,      2,      2,
              2,      2,      2,      2,      2,      2,      2,      2,      2,
              2,      2,      2,      2,      2,      2,      2,      2,      2,
              2,      2,      2,      2,      2,      2,      2,      2,      2,
              2,      2,      2,      2,      2,      2,      2,      2,      2,
              2,      2,      2,      2,      2,      2,      2,      2,      2,
              2,      2,      2,      2,      2,      2,      2,      2,      2,
              2,      2,      2,      2,      2,      2,      2,      2,      2,
              2,      2,      2,      2,      2,      2,      2,      2,      2,
              2,      2,      2,      2,      2,      2],
        [     1,   1729,    294,   1887,   7316,   6962,    282,  61626,    364,
            704,    482,   1083,   1002,    280,    268,    362,   1384,    302,
            336,    294,   7316,   6962,    269,    266,   3809,    263,   7538,
           6203,   1137,    267,   7316,    261,   2392,    260,   7316,   6962,
            284,   1797,    267,  13650,    263,    303,  17699,    656,  76525,
           2422,    515,    393,    260,   1781,  41020,    265,   7316,   6962,
            269,   2518,    619,    469,    773,    388,    264,   2006,    359,
           2658,    263,   1746,    278,    292,    262,   2019,    260,      2,
              2,      2,      2,      2,      2,      2,      2,      2,      2,
              2,      2,      2,      2,      2,      2,      2,      2,      2,
              2,      2,      2,      2,      2,      2,      2,      2,      2,
              2,      2,      2,      2,      2,      2,      2,      2,      2,
              2,      2,      2,      2,      2,      2,      2,      2,      2,
              2,      2,      2,      2,      2,      2],
        [     1,   1729,    294,   5047,    266,   9925,   1750,   9498,  12808,
            302,    336,    294,    336,    294,   9498,  12808,    284,    266,
           5367,   4733,   1335,   9664,    263,  11554,    328,   1735,    277,
            262,   1395,   3619,   1910,    265,  36106,    260,      2,      2,
              2,      2,      2,      2,      2,      2,      2,      2,      2,
              2,      2,      2,      2,      2,      2,      2,      2,      2,
              2,      2,      2,      2,      2,      2,      2,      2,      2,
              2,      2,      2,      2,      2,      2,      2,      2,      2,
              2,      2,      2,      2,      2,      2,      2,      2,      2,
              2,      2,      2,      2,      2,      2,      2,      2,      2,
              2,      2,      2,      2,      2,      2,      2,      2,      2,
              2,      2,      2,      2,      2,      2,      2,      2,      2,
              2,      2,      2,      2,      2,      2,      2,      2,      2,
              2,      2,      2,      2,      2,      2],
        [     1,   1729,    294,   1396,    305,   1361,    265,  17279,   1295,
            264,   3712,    267,    302,    336,    294,    879,   1361,    265,
          17279,  21005,    281,  15264,    270,    789,    275,    645,   2238,
            270,    857,   4003,    260,      2,      2,      2,      2,      2,
              2,      2,      2,      2,      2,      2,      2,      2,      2,
              2,      2,      2,      2,      2,      2,      2,      2,      2,
              2,      2,      2,      2,      2,      2,      2,      2,      2,
              2,      2,      2,      2,      2,      2,      2,      2,      2,
              2,      2,      2,      2,      2,      2,      2,      2,      2,
              2,      2,      2,      2,      2,      2,      2,      2,      2,
              2,      2,      2,      2,      2,      2,      2,      2,      2,
              2,      2,      2,      2,      2,      2,      2,      2,      2,
              2,      2,      2,      2,      2,      2,      2,      2,      2,
              2,      2,      2,      2,      2,      2],
        [     1,   1729,    294,   1194,    274,   1314,   6654,    263,  77112,
            267,  45511,  48135,    302,    336,    294,   6654,    263,  77112,
            269,    499,    267,  43444,    271,   5797,   2475,    260,      2,
              2,      2,      2,      2,      2,      2,      2,      2,      2,
              2,      2,      2,      2,      2,      2,      2,      2,      2,
              2,      2,      2,      2,      2,      2,      2,      2,      2,
              2,      2,      2,      2,      2,      2,      2,      2,      2,
              2,      2,      2,      2,      2,      2,      2,      2,      2,
              2,      2,      2,      2,      2,      2,      2,      2,      2,
              2,      2,      2,      2,      2,      2,      2,      2,      2,
              2,      2,      2,      2,      2,      2,      2,      2,      2,
              2,      2,      2,      2,      2,      2,      2,      2,      2,
              2,      2,      2,      2,      2,      2,      2,      2,      2,
              2,      2,      2,      2,      2,      2],
        [     1,   1729,    294,   3549,  46208,  54868,   1647,    270,   2786,
         110322,    302,    336,    294,  46208,  54868,    269,    299,    733,
           6704,    756,    270,    342,    374,    267,   2835,    263,    933,
            260,  46208,  54868,    269,    756,    270,    342,   1198,   1977,
            261,    304,    343,    269,    363,    613,   1162,    265,    342,
          39456,    289,   5147,    270,    996,   2961,    334,   2786, 110322,
            260,   2786, 110322,    269,    266,   3255,  11554,    263,    262,
            763,   6123,    265,   3561,    260,    953,   2669,   2669,   2669,
            585,    260,      2,      2,      2,      2,      2,      2,      2,
              2,      2,      2,      2,      2,      2,      2,      2,      2,
              2,      2,      2,      2,      2,      2,      2,      2,      2,
              2,      2,      2,      2,      2,      2,      2,      2,      2,
              2,      2,      2,      2,      2,      2,      2,      2,      2,
              2,      2,      2,      2,      2,      2],
        [     1,   1729,    294,  26003,    284,    266,    465,    265,   5878,
            262,   1447,    280,    268,   1228,    302,    336,    294,  26003,
            269,    266,    707,    267,   1252,    406,   4146,    260,  25005,
          56623,    284,    299,   3297,   3403,   1137,    267,    339,    269,
            394,  26003,    260,   5878,    262,   1447,  19735,    315,   6700,
            267,  25005,  56623,    277,    315,    384,    264,  24034,    260,
           5878,    262,   1447,   6824,  37533,    263,  22457,  24034,    416,
           5647,    315,  10990,    260,      2,      2,      2,      2,      2,
              2,      2,      2,      2,      2,      2,      2,      2,      2,
              2,      2,      2,      2,      2,      2,      2,      2,      2,
              2,      2,      2,      2,      2,      2,      2,      2,      2,
              2,      2,      2,      2,      2,      2,      2,      2,      2,
              2,      2,      2,      2,      2,      2,      2,      2,      2,
              2,      2,      2,      2,      2,      2],
        [     1,   1729,    294,   1396,  50017,  22014,    265,   1163,    412,
            293,   6978,  54083,    263,  16962,   2250,    302,    336,    294,
          28701,    263,  12314,    281,    266,  11963,   1918,   2133,   4165,
            293,    262,   1163,    937,    263,    881,    260,   1552,    263,
            881,    335,   3230,    603,    676,    262,   1163,   6019,    260,
            279,  13124,   2047,    262,   2250,    294,   1267,    261,   4455,
            261,   3237,    261,   1509,    261,   1707,    261,  46482,    263,
          27495,    260,      2,      2,      2,      2,      2,      2,      2,
              2,      2,      2,      2,      2,      2,      2,      2,      2,
              2,      2,      2,      2,      2,      2,      2,      2,      2,
              2,      2,      2,      2,      2,      2,      2,      2,      2,
              2,      2,      2,      2,      2,      2,      2,      2,      2,
              2,      2,      2,      2,      2,      2,      2,      2,      2,
              2,      2,      2,      2,      2,      2],
        [     1,   1729,    294,   2709,  32499,  20169,    649,  38405,    632,
            957,  59929,   2440,    438,    306,    462,    968,    262,   1022,
            265,   1083,    302,    336,    294,  20169,    649,    715,    284,
           1083,    265,   2378,    292,   8925,    390,   4987,    260,      2,
              2,      2,      2,      2,      2,      2,      2,      2,      2,
              2,      2,      2,      2,      2,      2,      2,      2,      2,
              2,      2,      2,      2,      2,      2,      2,      2,      2,
              2,      2,      2,      2,      2,      2,      2,      2,      2,
              2,      2,      2,      2,      2,      2,      2,      2,      2,
              2,      2,      2,      2,      2,      2,      2,      2,      2,
              2,      2,      2,      2,      2,      2,      2,      2,      2,
              2,      2,      2,      2,      2,      2,      2,      2,      2,
              2,      2,      2,      2,      2,      2,      2,      2,      2,
              2,      2,      2,      2,      2,      2],
        [     1,   1729,    294,   3549,    278,    282,   1019,    264,    433,
            266,  36171,    267,   4618,    302,    336,    294,    336,    294,
          24702,    281,   3576,    505,    267,    262,   3511,  32145,    261,
            869,    267,  24169,    263,   2911,   7080,    260,      2,      2,
              2,      2,      2,      2,      2,      2,      2,      2,      2,
              2,      2,      2,      2,      2,      2,      2,      2,      2,
              2,      2,      2,      2,      2,      2,      2,      2,      2,
              2,      2,      2,      2,      2,      2,      2,      2,      2,
              2,      2,      2,      2,      2,      2,      2,      2,      2,
              2,      2,      2,      2,      2,      2,      2,      2,      2,
              2,      2,      2,      2,      2,      2,      2,      2,      2,
              2,      2,      2,      2,      2,      2,      2,      2,      2,
              2,      2,      2,      2,      2,      2,      2,      2,      2,
              2,      2,      2,      2,      2,      2],
        [     1,   1729,    294,   1194,    274,   1314,   6654,    263,  77112,
            267,  45511,  48135,    302,    336,    294,   6654,    263,  77112,
            269,    499,    267,  43444,    271,   5797,   2475,    260,    367,
            295,    612,  43444,    271,   5797,    277,    266,   4411,   1214,
              2,      2,      2,      2,      2,      2,      2,      2,      2,
              2,      2,      2,      2,      2,      2,      2,      2,      2,
              2,      2,      2,      2,      2,      2,      2,      2,      2,
              2,      2,      2,      2,      2,      2,      2,      2,      2,
              2,      2,      2,      2,      2,      2,      2,      2,      2,
              2,      2,      2,      2,      2,      2,      2,      2,      2,
              2,      2,      2,      2,      2,      2,      2,      2,      2,
              2,      2,      2,      2,      2,      2,      2,      2,      2,
              2,      2,      2,      2,      2,      2,      2,      2,      2,
              2,      2,      2,      2,      2,      2],
        [     1,   1729,    294,   5047,    266,   9925,   1750,   9498,  12808,
            302,    336,    294,   9498,  12808,    284,    266,    857,    411,
            260,      2,      2,      2,      2,      2,      2,      2,      2,
              2,      2,      2,      2,      2,      2,      2,      2,      2,
              2,      2,      2,      2,      2,      2,      2,      2,      2,
              2,      2,      2,      2,      2,      2,      2,      2,      2,
              2,      2,      2,      2,      2,      2,      2,      2,      2,
              2,      2,      2,      2,      2,      2,      2,      2,      2,
              2,      2,      2,      2,      2,      2,      2,      2,      2,
              2,      2,      2,      2,      2,      2,      2,      2,      2,
              2,      2,      2,      2,      2,      2,      2,      2,      2,
              2,      2,      2,      2,      2,      2,      2,      2,      2,
              2,      2,      2,      2,      2,      2,      2,      2,      2,
              2,      2,      2,      2,      2,      2],
        [     1,   1729,    294,   5047,    760,    275,   1399,   3434,    719,
            808,   1591,    292,    299,   9436,   6125,   4709,    302,    336,
            294,    336,    294,   7227,   3434,    719,    808,    295,    365,
            278,   1179,    270,   1500,    264,    380,   1264,   6125,  15911,
           2864,    260,    816,   9436,   6125,   4709,    295,    282,    972,
            264,   5478,   1500,    275,   1399,   3434,    719,    808,    293,
           1306,   1821,   5258,    289,    266,    310,  21657,   5728,    260,
              2,      2,      2,      2,      2,      2,      2,      2,      2,
              2,      2,      2,      2,      2,      2,      2,      2,      2,
              2,      2,      2,      2,      2,      2,      2,      2,      2,
              2,      2,      2,      2,      2,      2,      2,      2,      2,
              2,      2,      2,      2,      2,      2,      2,      2,      2,
              2,      2,      2,      2,      2,      2,      2,      2,      2,
              2,      2,      2,      2,      2,      2],
        [     1,   1729,    294,   4638,   8235,  31012,    280,    268,    370,
           2167,   1470,    632,    331,    267,    299,  15317,   2036,    663,
            302,    336,    294,   8235,  31012,    269,    370,   2167,    270,
            315,    550,    279,   7671,    265,  49585,   7564,    260,  49585,
           7564,    269,    266,    874,  65788,    272,    269,    262,    872,
           1470,    265,    279,   7671,    265,  49585,   7564,    260,  99094,
           6704,    261,  15317,   2036,    303,  16569,    267,   2217,   3107,
            263,   1341,   1057,    500,  15584, 118732,    260,      2,      2,
              2,      2,      2,      2,      2,      2,      2,      2,      2,
              2,      2,      2,      2,      2,      2,      2,      2,      2,
              2,      2,      2,      2,      2,      2,      2,      2,      2,
              2,      2,      2,      2,      2,      2,      2,      2,      2,
              2,      2,      2,      2,      2,      2,      2,      2,      2,
              2,      2,      2,      2,      2,      2]], device='cuda:0')
input_id_shape: torch.Size([16, 123])
attention_mask:
tensor([[1, 1, 1, 1, 1, 1, 1, 1, 1, 1, 1, 1, 1, 1, 1, 1, 1, 1, 1, 1, 1, 1, 1, 1,
         1, 1, 1, 1, 1, 1, 1, 1, 1, 1, 0, 0, 0, 0, 0, 0, 0, 0, 0, 0, 0, 0, 0, 0,
         0, 0, 0, 0, 0, 0, 0, 0, 0, 0, 0, 0, 0, 0, 0, 0, 0, 0, 0, 0, 0, 0, 0, 0,
         0, 0, 0, 0, 0, 0, 0, 0, 0, 0, 0, 0, 0, 0, 0, 0, 0, 0, 0, 0, 0, 0, 0, 0,
         0, 0, 0, 0, 0, 0, 0, 0, 0, 0, 0, 0, 0, 0, 0, 0, 0, 0, 0, 0, 0, 0, 0, 0,
         0, 0, 0],
        [1, 1, 1, 1, 1, 1, 1, 1, 1, 1, 1, 1, 1, 1, 1, 1, 1, 1, 1, 1, 1, 1, 1, 1,
         1, 1, 1, 1, 1, 1, 1, 1, 1, 1, 1, 1, 1, 1, 1, 1, 1, 1, 1, 1, 1, 1, 1, 1,
         1, 1, 1, 1, 1, 1, 1, 1, 1, 1, 1, 1, 1, 1, 1, 1, 1, 1, 1, 1, 1, 1, 1, 1,
         1, 1, 1, 1, 1, 1, 1, 1, 1, 1, 1, 1, 1, 1, 1, 1, 1, 1, 1, 1, 1, 1, 1, 0,
         0, 0, 0, 0, 0, 0, 0, 0, 0, 0, 0, 0, 0, 0, 0, 0, 0, 0, 0, 0, 0, 0, 0, 0,
         0, 0, 0],
        [1, 1, 1, 1, 1, 1, 1, 1, 1, 1, 1, 1, 1, 1, 1, 1, 1, 1, 1, 1, 1, 1, 1, 1,
         1, 1, 1, 1, 1, 1, 1, 1, 1, 1, 1, 1, 1, 1, 1, 1, 1, 1, 1, 1, 0, 0, 0, 0,
         0, 0, 0, 0, 0, 0, 0, 0, 0, 0, 0, 0, 0, 0, 0, 0, 0, 0, 0, 0, 0, 0, 0, 0,
         0, 0, 0, 0, 0, 0, 0, 0, 0, 0, 0, 0, 0, 0, 0, 0, 0, 0, 0, 0, 0, 0, 0, 0,
         0, 0, 0, 0, 0, 0, 0, 0, 0, 0, 0, 0, 0, 0, 0, 0, 0, 0, 0, 0, 0, 0, 0, 0,
         0, 0, 0],
        [1, 1, 1, 1, 1, 1, 1, 1, 1, 1, 1, 1, 1, 1, 1, 1, 1, 1, 1, 1, 1, 1, 1, 1,
         1, 1, 1, 1, 1, 1, 1, 1, 1, 1, 1, 1, 1, 1, 1, 1, 1, 1, 1, 1, 1, 1, 1, 1,
         1, 1, 1, 1, 1, 1, 1, 1, 1, 1, 1, 1, 1, 1, 1, 1, 1, 1, 1, 1, 1, 1, 1, 1,
         0, 0, 0, 0, 0, 0, 0, 0, 0, 0, 0, 0, 0, 0, 0, 0, 0, 0, 0, 0, 0, 0, 0, 0,
         0, 0, 0, 0, 0, 0, 0, 0, 0, 0, 0, 0, 0, 0, 0, 0, 0, 0, 0, 0, 0, 0, 0, 0,
         0, 0, 0],
        [1, 1, 1, 1, 1, 1, 1, 1, 1, 1, 1, 1, 1, 1, 1, 1, 1, 1, 1, 1, 1, 1, 1, 1,
         1, 1, 1, 1, 1, 1, 1, 1, 1, 1, 1, 0, 0, 0, 0, 0, 0, 0, 0, 0, 0, 0, 0, 0,
         0, 0, 0, 0, 0, 0, 0, 0, 0, 0, 0, 0, 0, 0, 0, 0, 0, 0, 0, 0, 0, 0, 0, 0,
         0, 0, 0, 0, 0, 0, 0, 0, 0, 0, 0, 0, 0, 0, 0, 0, 0, 0, 0, 0, 0, 0, 0, 0,
         0, 0, 0, 0, 0, 0, 0, 0, 0, 0, 0, 0, 0, 0, 0, 0, 0, 0, 0, 0, 0, 0, 0, 0,
         0, 0, 0],
        [1, 1, 1, 1, 1, 1, 1, 1, 1, 1, 1, 1, 1, 1, 1, 1, 1, 1, 1, 1, 1, 1, 1, 1,
         1, 1, 1, 1, 1, 1, 1, 1, 0, 0, 0, 0, 0, 0, 0, 0, 0, 0, 0, 0, 0, 0, 0, 0,
         0, 0, 0, 0, 0, 0, 0, 0, 0, 0, 0, 0, 0, 0, 0, 0, 0, 0, 0, 0, 0, 0, 0, 0,
         0, 0, 0, 0, 0, 0, 0, 0, 0, 0, 0, 0, 0, 0, 0, 0, 0, 0, 0, 0, 0, 0, 0, 0,
         0, 0, 0, 0, 0, 0, 0, 0, 0, 0, 0, 0, 0, 0, 0, 0, 0, 0, 0, 0, 0, 0, 0, 0,
         0, 0, 0],
        [1, 1, 1, 1, 1, 1, 1, 1, 1, 1, 1, 1, 1, 1, 1, 1, 1, 1, 1, 1, 1, 1, 1, 1,
         1, 1, 1, 0, 0, 0, 0, 0, 0, 0, 0, 0, 0, 0, 0, 0, 0, 0, 0, 0, 0, 0, 0, 0,
         0, 0, 0, 0, 0, 0, 0, 0, 0, 0, 0, 0, 0, 0, 0, 0, 0, 0, 0, 0, 0, 0, 0, 0,
         0, 0, 0, 0, 0, 0, 0, 0, 0, 0, 0, 0, 0, 0, 0, 0, 0, 0, 0, 0, 0, 0, 0, 0,
         0, 0, 0, 0, 0, 0, 0, 0, 0, 0, 0, 0, 0, 0, 0, 0, 0, 0, 0, 0, 0, 0, 0, 0,
         0, 0, 0],
        [1, 1, 1, 1, 1, 1, 1, 1, 1, 1, 1, 1, 1, 1, 1, 1, 1, 1, 1, 1, 1, 1, 1, 1,
         1, 1, 1, 1, 1, 1, 1, 1, 1, 1, 1, 1, 1, 1, 1, 1, 1, 1, 1, 1, 1, 1, 1, 1,
         1, 1, 1, 1, 1, 1, 1, 1, 1, 1, 1, 1, 1, 1, 1, 1, 1, 1, 1, 1, 1, 1, 1, 1,
         1, 1, 1, 0, 0, 0, 0, 0, 0, 0, 0, 0, 0, 0, 0, 0, 0, 0, 0, 0, 0, 0, 0, 0,
         0, 0, 0, 0, 0, 0, 0, 0, 0, 0, 0, 0, 0, 0, 0, 0, 0, 0, 0, 0, 0, 0, 0, 0,
         0, 0, 0],
        [1, 1, 1, 1, 1, 1, 1, 1, 1, 1, 1, 1, 1, 1, 1, 1, 1, 1, 1, 1, 1, 1, 1, 1,
         1, 1, 1, 1, 1, 1, 1, 1, 1, 1, 1, 1, 1, 1, 1, 1, 1, 1, 1, 1, 1, 1, 1, 1,
         1, 1, 1, 1, 1, 1, 1, 1, 1, 1, 1, 1, 1, 1, 1, 1, 1, 1, 1, 1, 0, 0, 0, 0,
         0, 0, 0, 0, 0, 0, 0, 0, 0, 0, 0, 0, 0, 0, 0, 0, 0, 0, 0, 0, 0, 0, 0, 0,
         0, 0, 0, 0, 0, 0, 0, 0, 0, 0, 0, 0, 0, 0, 0, 0, 0, 0, 0, 0, 0, 0, 0, 0,
         0, 0, 0],
        [1, 1, 1, 1, 1, 1, 1, 1, 1, 1, 1, 1, 1, 1, 1, 1, 1, 1, 1, 1, 1, 1, 1, 1,
         1, 1, 1, 1, 1, 1, 1, 1, 1, 1, 1, 1, 1, 1, 1, 1, 1, 1, 1, 1, 1, 1, 1, 1,
         1, 1, 1, 1, 1, 1, 1, 1, 1, 1, 1, 1, 1, 1, 1, 1, 1, 1, 0, 0, 0, 0, 0, 0,
         0, 0, 0, 0, 0, 0, 0, 0, 0, 0, 0, 0, 0, 0, 0, 0, 0, 0, 0, 0, 0, 0, 0, 0,
         0, 0, 0, 0, 0, 0, 0, 0, 0, 0, 0, 0, 0, 0, 0, 0, 0, 0, 0, 0, 0, 0, 0, 0,
         0, 0, 0],
        [1, 1, 1, 1, 1, 1, 1, 1, 1, 1, 1, 1, 1, 1, 1, 1, 1, 1, 1, 1, 1, 1, 1, 1,
         1, 1, 1, 1, 1, 1, 1, 1, 1, 1, 1, 1, 0, 0, 0, 0, 0, 0, 0, 0, 0, 0, 0, 0,
         0, 0, 0, 0, 0, 0, 0, 0, 0, 0, 0, 0, 0, 0, 0, 0, 0, 0, 0, 0, 0, 0, 0, 0,
         0, 0, 0, 0, 0, 0, 0, 0, 0, 0, 0, 0, 0, 0, 0, 0, 0, 0, 0, 0, 0, 0, 0, 0,
         0, 0, 0, 0, 0, 0, 0, 0, 0, 0, 0, 0, 0, 0, 0, 0, 0, 0, 0, 0, 0, 0, 0, 0,
         0, 0, 0],
        [1, 1, 1, 1, 1, 1, 1, 1, 1, 1, 1, 1, 1, 1, 1, 1, 1, 1, 1, 1, 1, 1, 1, 1,
         1, 1, 1, 1, 1, 1, 1, 1, 1, 1, 1, 0, 0, 0, 0, 0, 0, 0, 0, 0, 0, 0, 0, 0,
         0, 0, 0, 0, 0, 0, 0, 0, 0, 0, 0, 0, 0, 0, 0, 0, 0, 0, 0, 0, 0, 0, 0, 0,
         0, 0, 0, 0, 0, 0, 0, 0, 0, 0, 0, 0, 0, 0, 0, 0, 0, 0, 0, 0, 0, 0, 0, 0,
         0, 0, 0, 0, 0, 0, 0, 0, 0, 0, 0, 0, 0, 0, 0, 0, 0, 0, 0, 0, 0, 0, 0, 0,
         0, 0, 0],
        [1, 1, 1, 1, 1, 1, 1, 1, 1, 1, 1, 1, 1, 1, 1, 1, 1, 1, 1, 1, 1, 1, 1, 1,
         1, 1, 1, 1, 1, 1, 1, 1, 1, 1, 1, 1, 1, 0, 0, 0, 0, 0, 0, 0, 0, 0, 0, 0,
         0, 0, 0, 0, 0, 0, 0, 0, 0, 0, 0, 0, 0, 0, 0, 0, 0, 0, 0, 0, 0, 0, 0, 0,
         0, 0, 0, 0, 0, 0, 0, 0, 0, 0, 0, 0, 0, 0, 0, 0, 0, 0, 0, 0, 0, 0, 0, 0,
         0, 0, 0, 0, 0, 0, 0, 0, 0, 0, 0, 0, 0, 0, 0, 0, 0, 0, 0, 0, 0, 0, 0, 0,
         0, 0, 0],
        [1, 1, 1, 1, 1, 1, 1, 1, 1, 1, 1, 1, 1, 1, 1, 1, 1, 1, 1, 1, 0, 0, 0, 0,
         0, 0, 0, 0, 0, 0, 0, 0, 0, 0, 0, 0, 0, 0, 0, 0, 0, 0, 0, 0, 0, 0, 0, 0,
         0, 0, 0, 0, 0, 0, 0, 0, 0, 0, 0, 0, 0, 0, 0, 0, 0, 0, 0, 0, 0, 0, 0, 0,
         0, 0, 0, 0, 0, 0, 0, 0, 0, 0, 0, 0, 0, 0, 0, 0, 0, 0, 0, 0, 0, 0, 0, 0,
         0, 0, 0, 0, 0, 0, 0, 0, 0, 0, 0, 0, 0, 0, 0, 0, 0, 0, 0, 0, 0, 0, 0, 0,
         0, 0, 0],
        [1, 1, 1, 1, 1, 1, 1, 1, 1, 1, 1, 1, 1, 1, 1, 1, 1, 1, 1, 1, 1, 1, 1, 1,
         1, 1, 1, 1, 1, 1, 1, 1, 1, 1, 1, 1, 1, 1, 1, 1, 1, 1, 1, 1, 1, 1, 1, 1,
         1, 1, 1, 1, 1, 1, 1, 1, 1, 1, 1, 1, 1, 1, 1, 1, 0, 0, 0, 0, 0, 0, 0, 0,
         0, 0, 0, 0, 0, 0, 0, 0, 0, 0, 0, 0, 0, 0, 0, 0, 0, 0, 0, 0, 0, 0, 0, 0,
         0, 0, 0, 0, 0, 0, 0, 0, 0, 0, 0, 0, 0, 0, 0, 0, 0, 0, 0, 0, 0, 0, 0, 0,
         0, 0, 0],
        [1, 1, 1, 1, 1, 1, 1, 1, 1, 1, 1, 1, 1, 1, 1, 1, 1, 1, 1, 1, 1, 1, 1, 1,
         1, 1, 1, 1, 1, 1, 1, 1, 1, 1, 1, 1, 1, 1, 1, 1, 1, 1, 1, 1, 1, 1, 1, 1,
         1, 1, 1, 1, 1, 1, 1, 1, 1, 1, 1, 1, 1, 1, 1, 1, 1, 1, 1, 1, 1, 1, 1, 0,
         0, 0, 0, 0, 0, 0, 0, 0, 0, 0, 0, 0, 0, 0, 0, 0, 0, 0, 0, 0, 0, 0, 0, 0,
         0, 0, 0, 0, 0, 0, 0, 0, 0, 0, 0, 0, 0, 0, 0, 0, 0, 0, 0, 0, 0, 0, 0, 0,
         0, 0, 0]], device='cuda:0')
logits:
tensor([[ 0.0209],
        [-0.0349],
        [-0.0028],
        [ 0.0060],
        [-0.0078],
        [ 0.0323],
        [ 0.0148],
        [-0.0060],
        [-0.0026],
        [ 0.0169],
        [-0.0027],
        [ 0.0257],
        [ 0.0004],
        [-0.0063],
        [-0.0142],
        [ 0.0205]], device='cuda:0', grad_fn=<SumBackward1>), shape:
torch.Size([16, 1])
positive_energy:
torch.Size([11])
negative_energy:
torch.Size([5])
argmax_logit:
tensor([0, 0, 0, 0, 0, 0, 0, 0, 0, 0, 0, 0, 0, 0, 0, 0], device='cuda:0')
max_logit:
tensor([ 0.0209, -0.0349, -0.0028,  0.0060, -0.0078,  0.0323,  0.0148, -0.0060,
        -0.0026,  0.0169, -0.0027,  0.0257,  0.0004, -0.0063, -0.0142,  0.0205],
       device='cuda:0', grad_fn=<SqueezeBackward1>)

====================

input_ids:
tensor([[     1,   1729,    294,    273,    268,  18839,  48544,    270,    262,
           1706,    272,   2178,   3877,  32914,    302,    336,    294,    336,
            294,   3877,  32914,   1675,    292,   8452,   1144,    264,  26708,
            261,    266,    810,    265,   1158,   1771,    260,      2,      2,
              2,      2,      2,      2,      2,      2,      2,      2,      2,
              2,      2,      2,      2,      2,      2,      2,      2,      2,
              2,      2,      2,      2,      2,      2,      2,      2,      2,
              2,      2,      2,      2,      2,      2,      2,      2,      2,
              2,      2,      2,      2,      2,      2,      2,      2,      2,
              2,      2,      2,      2,      2,      2,      2,      2,      2,
              2,      2,      2,      2,      2,      2,      2,      2,      2,
              2,      2,      2,      2,      2,      2,      2,      2,      2,
              2,      2,      2,      2,      2,      2,      2,      2,      2,
              2,      2,      2,      2,      2,      2],
        [     1,   1729,    294,   3549,    278,    282,   1019,    264,    433,
            266,  36171,    267,   4618,    302,    336,    294,  24702,    281,
           3276,    264,    262,   1539,    261,    379,   1762,   1273,    265,
            262,   4313,  25650,    260,   4618,    269,   1137,    267,    262,
           4570,  25650,    263,    303,    266,    379,   1926,   2424,    260,
              2,      2,      2,      2,      2,      2,      2,      2,      2,
              2,      2,      2,      2,      2,      2,      2,      2,      2,
              2,      2,      2,      2,      2,      2,      2,      2,      2,
              2,      2,      2,      2,      2,      2,      2,      2,      2,
              2,      2,      2,      2,      2,      2,      2,      2,      2,
              2,      2,      2,      2,      2,      2,      2,      2,      2,
              2,      2,      2,      2,      2,      2,      2,      2,      2,
              2,      2,      2,      2,      2,      2,      2,      2,      2,
              2,      2,      2,      2,      2,      2],
        [     1,   1729,    294,   1194,    266,   2164,  18828,    612,   6588,
            478,    266,   6588,  30627,    302,    336,    294,    336,    294,
           3284,  20440,    281,   6342,  32171,    272,    685,    267,    262,
           4383,    260,   3284,  20440,    333,    298,    286,    262,   1468,
           5890,    264,   1229,    289,    380,    266,   6588,  30627,    260,
            450,   1838,    262,   1241,  16151,    263,  44782,    264,  13385,
           3296,    334,   3691,    333,    260,    953,   2669,   2669,   2669,
            585,    260,      2,      2,      2,      2,      2,      2,      2,
              2,      2,      2,      2,      2,      2,      2,      2,      2,
              2,      2,      2,      2,      2,      2,      2,      2,      2,
              2,      2,      2,      2,      2,      2,      2,      2,      2,
              2,      2,      2,      2,      2,      2,      2,      2,      2,
              2,      2,      2,      2,      2,      2,      2,      2,      2,
              2,      2,      2,      2,      2,      2],
        [     1,   1729,    294,   5047,    266,   9925,   1750,   9498,  12808,
            302,    336,    294,    336,    294,   9498,  12808,    284,    266,
           5367,   4733,   1335,   9664,    263,  11554,    328,   1735,    277,
            262,   1395,   3619,   1910,    265,  36106,    260,    336,    294,
           9498,  12808,    269,    298,    266,    714,    272,    295,    282,
           1920,    346,    313,    284,    266,    857,    411,    260,    336,
            294,  73813,    281,   2232,    272,   1750,   3016,    261,    319,
            269,    266,   7953,    714,    260,      2,      2,      2,      2,
              2,      2,      2,      2,      2,      2,      2,      2,      2,
              2,      2,      2,      2,      2,      2,      2,      2,      2,
              2,      2,      2,      2,      2,      2,      2,      2,      2,
              2,      2,      2,      2,      2,      2,      2,      2,      2,
              2,      2,      2,      2,      2,      2,      2,      2,      2,
              2,      2,      2,      2,      2,      2],
        [     1,   1729,    294,   4638,  25628,  15069,    280,    268,  46312,
           1594,    302,    336,    294,    486,  25628,  15069,    284,    400,
           3358,    261,    313,    284,   2117,  80716,    260,  25628,  15069,
            490,    298,    553,    356,   2729,    265,  80716,    283,    265,
           5070,    260,    953,   2669,   2669,   2669,   1595,    260,      2,
              2,      2,      2,      2,      2,      2,      2,      2,      2,
              2,      2,      2,      2,      2,      2,      2,      2,      2,
              2,      2,      2,      2,      2,      2,      2,      2,      2,
              2,      2,      2,      2,      2,      2,      2,      2,      2,
              2,      2,      2,      2,      2,      2,      2,      2,      2,
              2,      2,      2,      2,      2,      2,      2,      2,      2,
              2,      2,      2,      2,      2,      2,      2,      2,      2,
              2,      2,      2,      2,      2,      2,      2,      2,      2,
              2,      2,      2,      2,      2,      2],
        [     1,   1729,    294,   5047,    760,    275,   1399,   3434,    719,
            808,   1591,    292,    299,   9436,   6125,   4709,    302,    336,
            294,    336,    294,   7227,   3434,    719,    808,    295,    365,
            278,   1179,    270,   1500,    264,    380,   1264,   6125,  15911,
           2864,    260,    816,   9436,   6125,   4709,    295,    282,    972,
            264,   5478,   1500,    275,   1399,   3434,    719,    808,    293,
           1306,   1821,   5258,    289,    266,    310,  21657,   5728,    260,
            329,    295,    408,   1684,    262,   6812,    263,   1300,  11389,
            270,    421,   1500,    260,    953,   2669,   2669,   2669,    585,
            260,      2,      2,      2,      2,      2,      2,      2,      2,
              2,      2,      2,      2,      2,      2,      2,      2,      2,
              2,      2,      2,      2,      2,      2,      2,      2,      2,
              2,      2,      2,      2,      2,      2,      2,      2,      2,
              2,      2,      2,      2,      2,      2],
        [     1,   1729,    294,   5047,    266,   2780,  23525,    527,   2665,
            475,    631,    267,    266,    777,    395,    302,    336,    294,
            336,    294,    279,   2780,  23525,    269,    266,   2260,    265,
           3022,  13732,    505,    267,   2332,   2875,    263,    262,  37024,
            260,    279,   2780,  23525,   2518,    303,    266,  42615,    926,
            265,    314,    456,    264,    525,    740,    260,    279,   2780,
          23525,   1048,   1360,   2665,    264,    311,   3221,    288,    266,
            326,    260,      2,      2,      2,      2,      2,      2,      2,
              2,      2,      2,      2,      2,      2,      2,      2,      2,
              2,      2,      2,      2,      2,      2,      2,      2,      2,
              2,      2,      2,      2,      2,      2,      2,      2,      2,
              2,      2,      2,      2,      2,      2,      2,      2,      2,
              2,      2,      2,      2,      2,      2,      2,      2,      2,
              2,      2,      2,      2,      2,      2],
        [     1,   1729,    294,   2467,  36257,  25703,   5433,    286,    305,
            265,    262,   1273,    265,    266,  91782,    302,    336,    294,
            279,  36257,  25703,   5433,    269,    266,   2164,  13732,    319,
           4091,    265,    294,    266,  13732,    261,    263,    266,   2082,
            260,    336,  91782,    269,    266,   7591,  11256,    272,    269,
            412,    322,    265,    294,    266,  12312,    261,    266,  13732,
            261,    263,    266,  11345,    260,      2,      2,      2,      2,
              2,      2,      2,      2,      2,      2,      2,      2,      2,
              2,      2,      2,      2,      2,      2,      2,      2,      2,
              2,      2,      2,      2,      2,      2,      2,      2,      2,
              2,      2,      2,      2,      2,      2,      2,      2,      2,
              2,      2,      2,      2,      2,      2,      2,      2,      2,
              2,      2,      2,      2,      2,      2,      2,      2,      2,
              2,      2,      2,      2,      2,      2],
        [     1,   1729,    294,   4638,   8235,  31012,    280,    268,    370,
           2167,   1470,    632,    331,    267,    299,  15317,   2036,    663,
            302,    336,    294,   8235,  31012,    269,    756,    270,    315,
            612,    307,    635,  42735,    265,   3555,  63258,    261,    309,
            319,    830,    262,   1470,   3173,  60940,    260,      2,      2,
              2,      2,      2,      2,      2,      2,      2,      2,      2,
              2,      2,      2,      2,      2,      2,      2,      2,      2,
              2,      2,      2,      2,      2,      2,      2,      2,      2,
              2,      2,      2,      2,      2,      2,      2,      2,      2,
              2,      2,      2,      2,      2,      2,      2,      2,      2,
              2,      2,      2,      2,      2,      2,      2,      2,      2,
              2,      2,      2,      2,      2,      2,      2,      2,      2,
              2,      2,      2,      2,      2,      2,      2,      2,      2,
              2,      2,      2,      2,      2,      2],
        [     1,   1729,    294,   2467,    787,   5756,  26641,  12351,  26711,
            843,    302,    336,    294,    307,  63107,   5756,  26641,    309,
           5843,    264,    262,    973,    265,   3928,    289,   2971,    267,
          11755,   3683,   7068,   5756,  26641,   1048,   1956,    262,    604,
            653,    278,    264,    825,    308,    665,    267,    266,    384,
            272,  35315,   2287,    261,    263,    324,    278,   1743,  26711,
            843,    953,   2669,   2669,   2669,    585,    260,      2,      2,
              2,      2,      2,      2,      2,      2,      2,      2,      2,
              2,      2,      2,      2,      2,      2,      2,      2,      2,
              2,      2,      2,      2,      2,      2,      2,      2,      2,
              2,      2,      2,      2,      2,      2,      2,      2,      2,
              2,      2,      2,      2,      2,      2,      2,      2,      2,
              2,      2,      2,      2,      2,      2,      2,      2,      2,
              2,      2,      2,      2,      2,      2],
        [     1,   1729,    294,   2467,    787,   5756,  26641,  12351,  26711,
            843,    302,    336,    294,  21008,  26641,    269,    266,   2722,
           1384,    272,   5843,    264,    262,   1105,    265,   3928,   5044,
            267,  11755,   3683,    260,      2,      2,      2,      2,      2,
              2,      2,      2,      2,      2,      2,      2,      2,      2,
              2,      2,      2,      2,      2,      2,      2,      2,      2,
              2,      2,      2,      2,      2,      2,      2,      2,      2,
              2,      2,      2,      2,      2,      2,      2,      2,      2,
              2,      2,      2,      2,      2,      2,      2,      2,      2,
              2,      2,      2,      2,      2,      2,      2,      2,      2,
              2,      2,      2,      2,      2,      2,      2,      2,      2,
              2,      2,      2,      2,      2,      2,      2,      2,      2,
              2,      2,      2,      2,      2,      2,      2,      2,      2,
              2,      2,      2,      2,      2,      2],
        [     1,   1729,    294,   3549,  46208,  54868,   1647,    270,   2786,
         110322,    302,    336,    294,   2786, 110322,    269,   5928,    265,
           3561,  46208,  54868,    269,    266,   4721,    265,   1482,      2,
              2,      2,      2,      2,      2,      2,      2,      2,      2,
              2,      2,      2,      2,      2,      2,      2,      2,      2,
              2,      2,      2,      2,      2,      2,      2,      2,      2,
              2,      2,      2,      2,      2,      2,      2,      2,      2,
              2,      2,      2,      2,      2,      2,      2,      2,      2,
              2,      2,      2,      2,      2,      2,      2,      2,      2,
              2,      2,      2,      2,      2,      2,      2,      2,      2,
              2,      2,      2,      2,      2,      2,      2,      2,      2,
              2,      2,      2,      2,      2,      2,      2,      2,      2,
              2,      2,      2,      2,      2,      2,      2,      2,      2,
              2,      2,      2,      2,      2,      2],
        [     1,   1729,    294,    273,    268,  17520,  16830,  25119,  13454,
            267,    262,    447,    265,   5971,   4760,    302,    336,    294,
          17520,  16830,  25119,    269,    266,    371,    271,   4748,    733,
           2618,    263,   9599,    260,    383,    269,    611,   7163,    283,
            266,  13278,    265,    262,   5971,   6176,    260,    383,    269,
           2167,    270,    885,    405,    283,    307,    635,   6095,    271,
         108129,   5018,    309,    263,    307,    635,  18977,    260,    309,
            260,    953,   2669,   2669,   2669,   1595,    260,      2,      2,
              2,      2,      2,      2,      2,      2,      2,      2,      2,
              2,      2,      2,      2,      2,      2,      2,      2,      2,
              2,      2,      2,      2,      2,      2,      2,      2,      2,
              2,      2,      2,      2,      2,      2,      2,      2,      2,
              2,      2,      2,      2,      2,      2,      2,      2,      2,
              2,      2,      2,      2,      2,      2],
        [     1,   1729,    294,    273,    268,  18839,  48544,    270,    262,
           1706,    272,   2178,   3877,  32914,    302,    336,    294,    336,
            294,   3877,  32914,   1675,    292,   8452,   1144,    264,  26708,
            261,    266,    810,    265,   1158,   1771,    260,  93187,    269,
            266,   1721,    726,    265,   1158,   1771,    272,    295,    282,
           6640,    293,   2119,   3534,    260,  72408,    269,    972,    264,
           1746,    262,   1158,    292,   6687,   9048,  12346,    261,    319,
            295,   3649,    264,    262,    727,    265,   1158,   1771,    261,
            500,  26708,    260,    953,   2669,   2669,   2669,    585,    260,
              2,      2,      2,      2,      2,      2,      2,      2,      2,
              2,      2,      2,      2,      2,      2,      2,      2,      2,
              2,      2,      2,      2,      2,      2,      2,      2,      2,
              2,      2,      2,      2,      2,      2,      2,      2,      2,
              2,      2,      2,      2,      2,      2],
        [     1,   1729,    294,   2467,  25062,  16363,    286,    310,    572,
            354,  27012,  37200,    302,    336,    294,  25062,  16363,    303,
            266,   1047,    265,    574,    572,    260,  27012,  37200,    303,
            266,   1047,    265,    578,    572,    260,    336,    294,    502,
           3656,    262,    496,    265,    572,    261,    301,   1521,    272,
          25062,  16363,    303,    574,    572,    260,    953,   2669,   2669,
           2669,   1595,    260,      2,      2,      2,      2,      2,      2,
              2,      2,      2,      2,      2,      2,      2,      2,      2,
              2,      2,      2,      2,      2,      2,      2,      2,      2,
              2,      2,      2,      2,      2,      2,      2,      2,      2,
              2,      2,      2,      2,      2,      2,      2,      2,      2,
              2,      2,      2,      2,      2,      2,      2,      2,      2,
              2,      2,      2,      2,      2,      2,      2,      2,      2,
              2,      2,      2,      2,      2,      2]], device='cuda:0')
input_id_shape: torch.Size([15, 123])
attention_mask:
tensor([[1, 1, 1, 1, 1, 1, 1, 1, 1, 1, 1, 1, 1, 1, 1, 1, 1, 1, 1, 1, 1, 1, 1, 1,
         1, 1, 1, 1, 1, 1, 1, 1, 1, 1, 1, 0, 0, 0, 0, 0, 0, 0, 0, 0, 0, 0, 0, 0,
         0, 0, 0, 0, 0, 0, 0, 0, 0, 0, 0, 0, 0, 0, 0, 0, 0, 0, 0, 0, 0, 0, 0, 0,
         0, 0, 0, 0, 0, 0, 0, 0, 0, 0, 0, 0, 0, 0, 0, 0, 0, 0, 0, 0, 0, 0, 0, 0,
         0, 0, 0, 0, 0, 0, 0, 0, 0, 0, 0, 0, 0, 0, 0, 0, 0, 0, 0, 0, 0, 0, 0, 0,
         0, 0, 0],
        [1, 1, 1, 1, 1, 1, 1, 1, 1, 1, 1, 1, 1, 1, 1, 1, 1, 1, 1, 1, 1, 1, 1, 1,
         1, 1, 1, 1, 1, 1, 1, 1, 1, 1, 1, 1, 1, 1, 1, 1, 1, 1, 1, 1, 1, 1, 0, 0,
         0, 0, 0, 0, 0, 0, 0, 0, 0, 0, 0, 0, 0, 0, 0, 0, 0, 0, 0, 0, 0, 0, 0, 0,
         0, 0, 0, 0, 0, 0, 0, 0, 0, 0, 0, 0, 0, 0, 0, 0, 0, 0, 0, 0, 0, 0, 0, 0,
         0, 0, 0, 0, 0, 0, 0, 0, 0, 0, 0, 0, 0, 0, 0, 0, 0, 0, 0, 0, 0, 0, 0, 0,
         0, 0, 0],
        [1, 1, 1, 1, 1, 1, 1, 1, 1, 1, 1, 1, 1, 1, 1, 1, 1, 1, 1, 1, 1, 1, 1, 1,
         1, 1, 1, 1, 1, 1, 1, 1, 1, 1, 1, 1, 1, 1, 1, 1, 1, 1, 1, 1, 1, 1, 1, 1,
         1, 1, 1, 1, 1, 1, 1, 1, 1, 1, 1, 1, 1, 1, 1, 1, 1, 1, 0, 0, 0, 0, 0, 0,
         0, 0, 0, 0, 0, 0, 0, 0, 0, 0, 0, 0, 0, 0, 0, 0, 0, 0, 0, 0, 0, 0, 0, 0,
         0, 0, 0, 0, 0, 0, 0, 0, 0, 0, 0, 0, 0, 0, 0, 0, 0, 0, 0, 0, 0, 0, 0, 0,
         0, 0, 0],
        [1, 1, 1, 1, 1, 1, 1, 1, 1, 1, 1, 1, 1, 1, 1, 1, 1, 1, 1, 1, 1, 1, 1, 1,
         1, 1, 1, 1, 1, 1, 1, 1, 1, 1, 1, 1, 1, 1, 1, 1, 1, 1, 1, 1, 1, 1, 1, 1,
         1, 1, 1, 1, 1, 1, 1, 1, 1, 1, 1, 1, 1, 1, 1, 1, 1, 1, 1, 1, 1, 0, 0, 0,
         0, 0, 0, 0, 0, 0, 0, 0, 0, 0, 0, 0, 0, 0, 0, 0, 0, 0, 0, 0, 0, 0, 0, 0,
         0, 0, 0, 0, 0, 0, 0, 0, 0, 0, 0, 0, 0, 0, 0, 0, 0, 0, 0, 0, 0, 0, 0, 0,
         0, 0, 0],
        [1, 1, 1, 1, 1, 1, 1, 1, 1, 1, 1, 1, 1, 1, 1, 1, 1, 1, 1, 1, 1, 1, 1, 1,
         1, 1, 1, 1, 1, 1, 1, 1, 1, 1, 1, 1, 1, 1, 1, 1, 1, 1, 1, 1, 1, 0, 0, 0,
         0, 0, 0, 0, 0, 0, 0, 0, 0, 0, 0, 0, 0, 0, 0, 0, 0, 0, 0, 0, 0, 0, 0, 0,
         0, 0, 0, 0, 0, 0, 0, 0, 0, 0, 0, 0, 0, 0, 0, 0, 0, 0, 0, 0, 0, 0, 0, 0,
         0, 0, 0, 0, 0, 0, 0, 0, 0, 0, 0, 0, 0, 0, 0, 0, 0, 0, 0, 0, 0, 0, 0, 0,
         0, 0, 0],
        [1, 1, 1, 1, 1, 1, 1, 1, 1, 1, 1, 1, 1, 1, 1, 1, 1, 1, 1, 1, 1, 1, 1, 1,
         1, 1, 1, 1, 1, 1, 1, 1, 1, 1, 1, 1, 1, 1, 1, 1, 1, 1, 1, 1, 1, 1, 1, 1,
         1, 1, 1, 1, 1, 1, 1, 1, 1, 1, 1, 1, 1, 1, 1, 1, 1, 1, 1, 1, 1, 1, 1, 1,
         1, 1, 1, 1, 1, 1, 1, 1, 1, 1, 1, 0, 0, 0, 0, 0, 0, 0, 0, 0, 0, 0, 0, 0,
         0, 0, 0, 0, 0, 0, 0, 0, 0, 0, 0, 0, 0, 0, 0, 0, 0, 0, 0, 0, 0, 0, 0, 0,
         0, 0, 0],
        [1, 1, 1, 1, 1, 1, 1, 1, 1, 1, 1, 1, 1, 1, 1, 1, 1, 1, 1, 1, 1, 1, 1, 1,
         1, 1, 1, 1, 1, 1, 1, 1, 1, 1, 1, 1, 1, 1, 1, 1, 1, 1, 1, 1, 1, 1, 1, 1,
         1, 1, 1, 1, 1, 1, 1, 1, 1, 1, 1, 1, 1, 1, 1, 1, 1, 1, 0, 0, 0, 0, 0, 0,
         0, 0, 0, 0, 0, 0, 0, 0, 0, 0, 0, 0, 0, 0, 0, 0, 0, 0, 0, 0, 0, 0, 0, 0,
         0, 0, 0, 0, 0, 0, 0, 0, 0, 0, 0, 0, 0, 0, 0, 0, 0, 0, 0, 0, 0, 0, 0, 0,
         0, 0, 0],
        [1, 1, 1, 1, 1, 1, 1, 1, 1, 1, 1, 1, 1, 1, 1, 1, 1, 1, 1, 1, 1, 1, 1, 1,
         1, 1, 1, 1, 1, 1, 1, 1, 1, 1, 1, 1, 1, 1, 1, 1, 1, 1, 1, 1, 1, 1, 1, 1,
         1, 1, 1, 1, 1, 1, 1, 1, 1, 1, 1, 1, 0, 0, 0, 0, 0, 0, 0, 0, 0, 0, 0, 0,
         0, 0, 0, 0, 0, 0, 0, 0, 0, 0, 0, 0, 0, 0, 0, 0, 0, 0, 0, 0, 0, 0, 0, 0,
         0, 0, 0, 0, 0, 0, 0, 0, 0, 0, 0, 0, 0, 0, 0, 0, 0, 0, 0, 0, 0, 0, 0, 0,
         0, 0, 0],
        [1, 1, 1, 1, 1, 1, 1, 1, 1, 1, 1, 1, 1, 1, 1, 1, 1, 1, 1, 1, 1, 1, 1, 1,
         1, 1, 1, 1, 1, 1, 1, 1, 1, 1, 1, 1, 1, 1, 1, 1, 1, 1, 1, 1, 0, 0, 0, 0,
         0, 0, 0, 0, 0, 0, 0, 0, 0, 0, 0, 0, 0, 0, 0, 0, 0, 0, 0, 0, 0, 0, 0, 0,
         0, 0, 0, 0, 0, 0, 0, 0, 0, 0, 0, 0, 0, 0, 0, 0, 0, 0, 0, 0, 0, 0, 0, 0,
         0, 0, 0, 0, 0, 0, 0, 0, 0, 0, 0, 0, 0, 0, 0, 0, 0, 0, 0, 0, 0, 0, 0, 0,
         0, 0, 0],
        [1, 1, 1, 1, 1, 1, 1, 1, 1, 1, 1, 1, 1, 1, 1, 1, 1, 1, 1, 1, 1, 1, 1, 1,
         1, 1, 1, 1, 1, 1, 1, 1, 1, 1, 1, 1, 1, 1, 1, 1, 1, 1, 1, 1, 1, 1, 1, 1,
         1, 1, 1, 1, 1, 1, 1, 1, 1, 1, 1, 1, 1, 1, 0, 0, 0, 0, 0, 0, 0, 0, 0, 0,
         0, 0, 0, 0, 0, 0, 0, 0, 0, 0, 0, 0, 0, 0, 0, 0, 0, 0, 0, 0, 0, 0, 0, 0,
         0, 0, 0, 0, 0, 0, 0, 0, 0, 0, 0, 0, 0, 0, 0, 0, 0, 0, 0, 0, 0, 0, 0, 0,
         0, 0, 0],
        [1, 1, 1, 1, 1, 1, 1, 1, 1, 1, 1, 1, 1, 1, 1, 1, 1, 1, 1, 1, 1, 1, 1, 1,
         1, 1, 1, 1, 1, 1, 1, 1, 0, 0, 0, 0, 0, 0, 0, 0, 0, 0, 0, 0, 0, 0, 0, 0,
         0, 0, 0, 0, 0, 0, 0, 0, 0, 0, 0, 0, 0, 0, 0, 0, 0, 0, 0, 0, 0, 0, 0, 0,
         0, 0, 0, 0, 0, 0, 0, 0, 0, 0, 0, 0, 0, 0, 0, 0, 0, 0, 0, 0, 0, 0, 0, 0,
         0, 0, 0, 0, 0, 0, 0, 0, 0, 0, 0, 0, 0, 0, 0, 0, 0, 0, 0, 0, 0, 0, 0, 0,
         0, 0, 0],
        [1, 1, 1, 1, 1, 1, 1, 1, 1, 1, 1, 1, 1, 1, 1, 1, 1, 1, 1, 1, 1, 1, 1, 1,
         1, 1, 1, 0, 0, 0, 0, 0, 0, 0, 0, 0, 0, 0, 0, 0, 0, 0, 0, 0, 0, 0, 0, 0,
         0, 0, 0, 0, 0, 0, 0, 0, 0, 0, 0, 0, 0, 0, 0, 0, 0, 0, 0, 0, 0, 0, 0, 0,
         0, 0, 0, 0, 0, 0, 0, 0, 0, 0, 0, 0, 0, 0, 0, 0, 0, 0, 0, 0, 0, 0, 0, 0,
         0, 0, 0, 0, 0, 0, 0, 0, 0, 0, 0, 0, 0, 0, 0, 0, 0, 0, 0, 0, 0, 0, 0, 0,
         0, 0, 0],
        [1, 1, 1, 1, 1, 1, 1, 1, 1, 1, 1, 1, 1, 1, 1, 1, 1, 1, 1, 1, 1, 1, 1, 1,
         1, 1, 1, 1, 1, 1, 1, 1, 1, 1, 1, 1, 1, 1, 1, 1, 1, 1, 1, 1, 1, 1, 1, 1,
         1, 1, 1, 1, 1, 1, 1, 1, 1, 1, 1, 1, 1, 1, 1, 1, 1, 1, 1, 1, 1, 1, 1, 0,
         0, 0, 0, 0, 0, 0, 0, 0, 0, 0, 0, 0, 0, 0, 0, 0, 0, 0, 0, 0, 0, 0, 0, 0,
         0, 0, 0, 0, 0, 0, 0, 0, 0, 0, 0, 0, 0, 0, 0, 0, 0, 0, 0, 0, 0, 0, 0, 0,
         0, 0, 0],
        [1, 1, 1, 1, 1, 1, 1, 1, 1, 1, 1, 1, 1, 1, 1, 1, 1, 1, 1, 1, 1, 1, 1, 1,
         1, 1, 1, 1, 1, 1, 1, 1, 1, 1, 1, 1, 1, 1, 1, 1, 1, 1, 1, 1, 1, 1, 1, 1,
         1, 1, 1, 1, 1, 1, 1, 1, 1, 1, 1, 1, 1, 1, 1, 1, 1, 1, 1, 1, 1, 1, 1, 1,
         1, 1, 1, 1, 1, 1, 1, 1, 1, 1, 0, 0, 0, 0, 0, 0, 0, 0, 0, 0, 0, 0, 0, 0,
         0, 0, 0, 0, 0, 0, 0, 0, 0, 0, 0, 0, 0, 0, 0, 0, 0, 0, 0, 0, 0, 0, 0, 0,
         0, 0, 0],
        [1, 1, 1, 1, 1, 1, 1, 1, 1, 1, 1, 1, 1, 1, 1, 1, 1, 1, 1, 1, 1, 1, 1, 1,
         1, 1, 1, 1, 1, 1, 1, 1, 1, 1, 1, 1, 1, 1, 1, 1, 1, 1, 1, 1, 1, 1, 1, 1,
         1, 1, 1, 1, 1, 1, 1, 1, 1, 1, 0, 0, 0, 0, 0, 0, 0, 0, 0, 0, 0, 0, 0, 0,
         0, 0, 0, 0, 0, 0, 0, 0, 0, 0, 0, 0, 0, 0, 0, 0, 0, 0, 0, 0, 0, 0, 0, 0,
         0, 0, 0, 0, 0, 0, 0, 0, 0, 0, 0, 0, 0, 0, 0, 0, 0, 0, 0, 0, 0, 0, 0, 0,
         0, 0, 0]], device='cuda:0')
logits:
tensor([[-0.0334],
        [-0.0339],
        [-0.0369],
        [-0.0232],
        [-0.0360],
        [ 0.0071],
        [-0.0035],
        [-0.0234],
        [-0.0214],
        [-0.0241],
        [ 0.0112],
        [ 0.0263],
        [ 0.0332],
        [-0.0012],
        [-0.0173]], device='cuda:0', grad_fn=<SumBackward1>), shape:
torch.Size([15, 1])
positive_energy:
torch.Size([6])
negative_energy:
torch.Size([9])
argmax_logit:
tensor([0, 0, 0, 0, 0, 0, 0, 0, 0, 0, 0, 0, 0, 0, 0], device='cuda:0')
max_logit:
tensor([-0.0334, -0.0339, -0.0369, -0.0232, -0.0360,  0.0071, -0.0035, -0.0234,
        -0.0214, -0.0241,  0.0112,  0.0263,  0.0332, -0.0012, -0.0173],
       device='cuda:0', grad_fn=<SqueezeBackward1>)
