
====================
epoch 0 | idx 0

====================

pos_len: 204
neg_len: 507

Q: Can sunlight travel to the deepest part of the Black Sea?

A: The Black Sea has a maximum depth of 2,212 meters (Label: 1.0)

--------------------

Q: Can sunlight travel to the deepest part of the Black Sea?

A: The Black Sea has a maximum depth of 2,212 meters
Sunlight does not penetrate water below 1000 meters (Label: 1.0)

--------------------

Q: Can sunlight travel to the deepest part of the Black Sea?

A: The Black Sea has a maximum depth of 2,212 meters
Sunlight does not penetrate water below 1000 meters
#### No. (Label: 1.0)

--------------------

Q: Has Oscar Wilde's most famous character ever been in an Eva Green project?

A: Oscar Wilde is most famous for his book The Picture of Dorian Gray. (Label: 1.0)

--------------------

Q: Has Oscar Wilde's most famous character ever been in an Eva Green project?

A: Oscar Wilde is most famous for his book The Picture of Dorian Gray.
Dorian Gray is a beautiful socialite that is the main character of The Picture of Dorian Gray. (Label: 1.0)

--------------------

Q: Has Oscar Wilde's most famous character ever been in an Eva Green project?

A: Oscar Wilde is most famous for his book The Picture of Dorian Gray.
Dorian Gray is a beautiful socialite that is the main character of The Picture of Dorian Gray.
Acclaimed actress, Eva Green has starred in numerous films and TV shows including Penny Dreadful. (Label: 1.0)

--------------------

Q: Has Oscar Wilde's most famous character ever been in an Eva Green project?

A: Oscar Wilde is most famous for his book The Picture of Dorian Gray.
Dorian Gray is a beautiful socialite that is the main character of The Picture of Dorian Gray.
Acclaimed actress, Eva Green has starred in numerous films and TV shows including Penny Dreadful.
Dorian Gray flirts with Vanessa Ives in the Penny Dreadful episode, Seance. (Label: 1.0)

--------------------

Q: Has Oscar Wilde's most famous character ever been in an Eva Green project?

A: Oscar Wilde is most famous for his book The Picture of Dorian Gray.
Dorian Gray is a beautiful socialite that is the main character of The Picture of Dorian Gray.
Acclaimed actress, Eva Green has starred in numerous films and TV shows including Penny Dreadful.
Dorian Gray flirts with Vanessa Ives in the Penny Dreadful episode, Seance.
Vanessa Ives is played by Eva Green. (Label: 1.0)

--------------------

Q: Has Oscar Wilde's most famous character ever been in an Eva Green project?

A: Oscar Wilde is most famous for his book The Picture of Dorian Gray.
Dorian Gray is a beautiful socialite that is the main character of The Picture of Dorian Gray.
Acclaimed actress, Eva Green has starred in numerous films and TV shows including Penny Dreadful.
Dorian Gray flirts with Vanessa Ives in the Penny Dreadful episode, Seance.
Vanessa Ives is played by Eva Green.
#### Yes. (Label: 1.0)

--------------------

Q: Was Mother Theresa a follower of atheism?

A: Mother Theresa was a Catholic nun. (Label: 1.0)

--------------------

Q: Was Mother Theresa a follower of atheism?

A: Mother Theresa was a Catholic nun.
Atheism is the absence of belief in a diety. (Label: 1.0)

--------------------

Q: Was Mother Theresa a follower of atheism?

A: Mother Theresa was a Catholic nun.
Atheism is the absence of belief in a diety.
Catholics believe in the Holy Trinity, which is a representation of God. (Label: 1.0)

--------------------

Q: Was Mother Theresa a follower of atheism?

A: Mother Theresa was a Catholic nun.
Atheism is the absence of belief in a diety.
Catholics believe in the Holy Trinity, which is a representation of God.
#### No. (Label: 1.0)

--------------------

Q: Has Elon Musk's hairline changed?

A: When Elon Musk was much younger, he was clearly balding. (Label: 1.0)

--------------------

Q: Has Elon Musk's hairline changed?

A: When Elon Musk was much younger, he was clearly balding.
Elon Musk does not show any signs of balding as of 2020. (Label: 1.0)

--------------------

Q: Has Elon Musk's hairline changed?

A: When Elon Musk was much younger, he was clearly balding.
Elon Musk does not show any signs of balding as of 2020.
#### Yes. (Label: 1.0)

--------------------

Q: Can a sea turtle play tennis using a tennis racket?

A: to play tennis, a human-like hand is needed to properly hold the tennis racket (Label: 1.0)

--------------------

Q: Can a sea turtle play tennis using a tennis racket?

A: to play tennis, a human-like hand is needed to properly hold the tennis racket
sea turtles have flippers and not human-like hands (Label: 1.0)

--------------------

Q: Can a sea turtle play tennis using a tennis racket?

A: to play tennis, a human-like hand is needed to properly hold the tennis racket
sea turtles have flippers and not human-like hands
#### No. (Label: 1.0)

--------------------

Q: Can a woman on average have a baby before wheat seed blooms?

A: The average time it takes for a woman to give birth is 9 months. (Label: 1.0)

--------------------

Q: Can a woman on average have a baby before wheat seed blooms?

A: The average time it takes for a woman to give birth is 9 months.
Wheat takes between 7 to 8 months to harvest. (Label: 1.0)

--------------------

Q: Can a woman on average have a baby before wheat seed blooms?

A: The average time it takes for a woman to give birth is 9 months.
Wheat takes between 7 to 8 months to harvest.
#### No. (Label: 1.0)

--------------------

Q: Are rainbows devoid of color made by mixing yin and yang colors?

A: Yin and Yang are a philosophical Chinese concept represented by the color black and white. (Label: 1.0)

--------------------

Q: Are rainbows devoid of color made by mixing yin and yang colors?

A: Yin and Yang are a philosophical Chinese concept represented by the color black and white.
Black and white when mixed together create the color gray. (Label: 1.0)

--------------------

Q: Are rainbows devoid of color made by mixing yin and yang colors?

A: Yin and Yang are a philosophical Chinese concept represented by the color black and white.
Black and white when mixed together create the color gray.
The rainbow contains the colors: red, orange, yellow, green, blue, indigo and violet. (Label: 1.0)

--------------------

Q: Are rainbows devoid of color made by mixing yin and yang colors?

A: Yin and Yang are a philosophical Chinese concept represented by the color black and white.
Black and white when mixed together create the color gray.
The rainbow contains the colors: red, orange, yellow, green, blue, indigo and violet.
#### Yes. (Label: 1.0)

--------------------

Q: Is Edgar Allan Poe obscure in the world of horror fiction?

A: Edgar Allan Poe's writing has endured for over 150 years.  (Label: 1.0)

--------------------

Q: Is Edgar Allan Poe obscure in the world of horror fiction?

A: Edgar Allan Poe's writing has endured for over 150 years. 
Edgar Allan Poe's horror writing has been included in classroom curriculum for decades.   (Label: 1.0)

--------------------

Q: Is Edgar Allan Poe obscure in the world of horror fiction?

A: Edgar Allan Poe's writing has endured for over 150 years. 
Edgar Allan Poe's horror writing has been included in classroom curriculum for decades.  
#### No. (Label: 1.0)

--------------------

Q: Could the Dominican Order hypothetically defeat Blessed Gerard's order?

A: The Dominican Order is a Catholic group of friars that several priestly vows. (Label: 1.0)

--------------------

Q: Could the Dominican Order hypothetically defeat Blessed Gerard's order?

A: The Dominican Order is a Catholic group of friars that several priestly vows.
Blessed Gerard was the founder of the Order of St John of Jerusalem (Knights Hospitaller). (Label: 1.0)

--------------------

Q: Could the Dominican Order hypothetically defeat Blessed Gerard's order?

A: The Dominican Order is a Catholic group of friars that several priestly vows.
Blessed Gerard was the founder of the Order of St John of Jerusalem (Knights Hospitaller).
 The Order of St John of Jerusalem (Knights Hospitaller) were a well trained Catholic military order that fought in the Crusades. (Label: 1.0)

--------------------

Q: Could the Dominican Order hypothetically defeat Blessed Gerard's order?

A: The Dominican Order is a Catholic group of friars that several priestly vows.
Blessed Gerard was the founder of the Order of St John of Jerusalem (Knights Hospitaller).
 The Order of St John of Jerusalem (Knights Hospitaller) were a well trained Catholic military order that fought in the Crusades.
#### No. (Label: 1.0)

--------------------

Q: Does taking ukemi halt kinetic energy?

A: "Taking ukemi" refers to the art of falling or receiving in martial arts (Label: 1.0)

--------------------

Q: Does taking ukemi halt kinetic energy?

A: "Taking ukemi" refers to the art of falling or receiving in martial arts
Taking ukemi usually requires the person doing it to move their body in a way that minimizes injury, and so it uses kinetic energy (Label: 1.0)

--------------------

Q: Does taking ukemi halt kinetic energy?

A: "Taking ukemi" refers to the art of falling or receiving in martial arts
Taking ukemi usually requires the person doing it to move their body in a way that minimizes injury, and so it uses kinetic energy
#### No. (Label: 1.0)

--------------------

Q: Do depressed people travel to the Golden Gate Bridge often?

A: The Golden Gate Bridge is one of the most popular suicide spots in the USA. (Label: 1.0)

--------------------

Q: Do depressed people travel to the Golden Gate Bridge often?

A: The Golden Gate Bridge is one of the most popular suicide spots in the USA.
Suicide is often caused by severe depression. (Label: 1.0)

--------------------

Q: Do depressed people travel to the Golden Gate Bridge often?

A: The Golden Gate Bridge is one of the most popular suicide spots in the USA.
Suicide is often caused by severe depression.
#### Yes. (Label: 1.0)

--------------------

Q: Will Tokyo Tower be repainted only once during President Trump's first term?

A: Tokyo Tower is repainted every five years  (Label: 1.0)

--------------------

Q: Will Tokyo Tower be repainted only once during President Trump's first term?

A: Tokyo Tower is repainted every five years 
The last repainting began in 2018 (Label: 1.0)

--------------------

Q: Will Tokyo Tower be repainted only once during President Trump's first term?

A: Tokyo Tower is repainted every five years 
The last repainting began in 2018
Trump's first presidential term is from 2017 to 2021 (Label: 1.0)

--------------------

Q: Will Tokyo Tower be repainted only once during President Trump's first term?

A: Tokyo Tower is repainted every five years 
The last repainting began in 2018
Trump's first presidential term is from 2017 to 2021
#### Yes. (Label: 1.0)

--------------------

Q: Could a cow produce Harvey Milk?

A: Harvey Milk was a human being. (Label: 1.0)

--------------------

Q: Could a cow produce Harvey Milk?

A: Harvey Milk was a human being.
Cows are not human beings. (Label: 1.0)

--------------------

Q: Could a cow produce Harvey Milk?

A: Harvey Milk was a human being.
Cows are not human beings.
Only human beings can produce offspring which are also human beings. (Label: 1.0)

--------------------

Q: Could a cow produce Harvey Milk?

A: Harvey Milk was a human being.
Cows are not human beings.
Only human beings can produce offspring which are also human beings.
#### No. (Label: 1.0)

--------------------

Q: Would the average American family find Adam Sandler's home to be too small?

A: The average American family has about 3 people in it. (Label: 1.0)

--------------------

Q: Would the average American family find Adam Sandler's home to be too small?

A: The average American family has about 3 people in it.
Adam Sandler's home has 14 bedrooms and 7 bathrooms. (Label: 1.0)

--------------------

Q: Would the average American family find Adam Sandler's home to be too small?

A: The average American family has about 3 people in it.
Adam Sandler's home has 14 bedrooms and 7 bathrooms.
#### No. (Label: 1.0)

--------------------

Q: Would it be common to find a penguin in Miami?

A: Penguins are native to the deep, very cold parts of the southern hemisphere. (Label: 1.0)

--------------------

Q: Would it be common to find a penguin in Miami?

A: Penguins are native to the deep, very cold parts of the southern hemisphere.
Miami is located in the northern hemisphere and has a very warm climate. (Label: 1.0)

--------------------

Q: Would it be common to find a penguin in Miami?

A: Penguins are native to the deep, very cold parts of the southern hemisphere.
Miami is located in the northern hemisphere and has a very warm climate.
#### No. (Label: 1.0)

--------------------

Q: Could someone with fine motor control issues benefit from an altered keyboard layout?

A: Fine motor control involves making small, precise movements like painting or typing.  (Label: 1.0)

--------------------

Q: Could someone with fine motor control issues benefit from an altered keyboard layout?

A: Fine motor control involves making small, precise movements like painting or typing. 
The standard keyboard layout is designed to be used by someone without any motor control issues. (Label: 1.0)

--------------------

Q: Could someone with fine motor control issues benefit from an altered keyboard layout?

A: Fine motor control involves making small, precise movements like painting or typing. 
The standard keyboard layout is designed to be used by someone without any motor control issues.
There are modified keyboards for multiple types of disability. (Label: 1.0)

--------------------

Q: Could someone with fine motor control issues benefit from an altered keyboard layout?

A: Fine motor control involves making small, precise movements like painting or typing. 
The standard keyboard layout is designed to be used by someone without any motor control issues.
There are modified keyboards for multiple types of disability.
#### Yes. (Label: 1.0)

--------------------

Q: Would the Cookie Monster decline an offer of free Keebler products?

A: The Cookie Monster has an enormous appetite and craving for cookies. (Label: 1.0)

--------------------

Q: Would the Cookie Monster decline an offer of free Keebler products?

A: The Cookie Monster has an enormous appetite and craving for cookies.
The Keebler Company is an American cookie and cracker manufacturer. (Label: 1.0)

--------------------

Q: Would the Cookie Monster decline an offer of free Keebler products?

A: The Cookie Monster has an enormous appetite and craving for cookies.
The Keebler Company is an American cookie and cracker manufacturer.
#### No. (Label: 1.0)

--------------------

Q: Are all types of pottery safe to cook in?

A: Some types of pottery glaze are unsafe for contact with food meant for human consumption.  (Label: 1.0)

--------------------

Q: Are all types of pottery safe to cook in?

A: Some types of pottery glaze are unsafe for contact with food meant for human consumption. 
Antique pottery pieces may have hazardous levels of lead in them. (Label: 1.0)

--------------------

Q: Are all types of pottery safe to cook in?

A: Some types of pottery glaze are unsafe for contact with food meant for human consumption. 
Antique pottery pieces may have hazardous levels of lead in them.
#### No. (Label: 1.0)

--------------------

Q: Is sunscreen unhelpful for the condition that killed Bob Marley?

A: Bob Marley died of acral lentiginous melanoma  (Label: 1.0)

--------------------

Q: Is sunscreen unhelpful for the condition that killed Bob Marley?

A: Bob Marley died of acral lentiginous melanoma 
Acral lentiginous melanoma occurs on skin that may not have any sun exposure  (Label: 1.0)

--------------------

Q: Is sunscreen unhelpful for the condition that killed Bob Marley?

A: Bob Marley died of acral lentiginous melanoma 
Acral lentiginous melanoma occurs on skin that may not have any sun exposure 
#### Yes. (Label: 1.0)

--------------------

Q: Would a packed Wembley stadium be likely to have a descendant of the Mongols inside?

A: Wembley stadium has a capacity of 90,000 people. (Label: 1.0)

--------------------

Q: Would a packed Wembley stadium be likely to have a descendant of the Mongols inside?

A: Wembley stadium has a capacity of 90,000 people.
The Mongols were an ethnic group that dominated the 13th and 14th centuries. (Label: 1.0)

--------------------

Q: Would a packed Wembley stadium be likely to have a descendant of the Mongols inside?

A: Wembley stadium has a capacity of 90,000 people.
The Mongols were an ethnic group that dominated the 13th and 14th centuries.
Genghis Khan was the founder of the Mongol Empire. (Label: 1.0)

--------------------

Q: Would a packed Wembley stadium be likely to have a descendant of the Mongols inside?

A: Wembley stadium has a capacity of 90,000 people.
The Mongols were an ethnic group that dominated the 13th and 14th centuries.
Genghis Khan was the founder of the Mongol Empire.
Geneticists have determined that 1 in every 200 men are descended from Genghis Khan. (Label: 1.0)

--------------------

Q: Would a packed Wembley stadium be likely to have a descendant of the Mongols inside?

A: Wembley stadium has a capacity of 90,000 people.
The Mongols were an ethnic group that dominated the 13th and 14th centuries.
Genghis Khan was the founder of the Mongol Empire.
Geneticists have determined that 1 in every 200 men are descended from Genghis Khan.
#### Yes. (Label: 1.0)

--------------------

Q: Was P. G. Wodehouse's favorite book The Hunger Games?

A: P. G. Wodehouse died in 1975. (Label: 1.0)

--------------------

Q: Was P. G. Wodehouse's favorite book The Hunger Games?

A: P. G. Wodehouse died in 1975.
The Hunger Games was published in 2008. (Label: 1.0)

--------------------

Q: Was P. G. Wodehouse's favorite book The Hunger Games?

A: P. G. Wodehouse died in 1975.
The Hunger Games was published in 2008.
#### No. (Label: 1.0)

--------------------

Q: Were paparazzi involved in the death of a member of the royal family?

A: Diana Spencer was being pursued by paparazzi when her vehicle was involved in a fatal accident. (Label: 1.0)

--------------------

Q: Were paparazzi involved in the death of a member of the royal family?

A: Diana Spencer was being pursued by paparazzi when her vehicle was involved in a fatal accident.
Diana Spencer was known as 'Princess Diana' and was the Princess of Wales. (Label: 1.0)

--------------------

Q: Were paparazzi involved in the death of a member of the royal family?

A: Diana Spencer was being pursued by paparazzi when her vehicle was involved in a fatal accident.
Diana Spencer was known as 'Princess Diana' and was the Princess of Wales.
#### Yes. (Label: 1.0)

--------------------

Q: Karachi was a part of Alexander the Great's success?

A: Karachi is a city in modern day Pakistan. (Label: 1.0)

--------------------

Q: Karachi was a part of Alexander the Great's success?

A: Karachi is a city in modern day Pakistan.
Krokola was an ancient port located in what is now Karachi. (Label: 1.0)

--------------------

Q: Karachi was a part of Alexander the Great's success?

A: Karachi is a city in modern day Pakistan.
Krokola was an ancient port located in what is now Karachi.
Alexander the Great stationed his fleet in Krokola on his way to Babylon. (Label: 1.0)

--------------------

Q: Karachi was a part of Alexander the Great's success?

A: Karachi is a city in modern day Pakistan.
Krokola was an ancient port located in what is now Karachi.
Alexander the Great stationed his fleet in Krokola on his way to Babylon.
Alexander the Great defeated Darius and conquered Babylon before expanding his empire. (Label: 1.0)

--------------------

Q: Karachi was a part of Alexander the Great's success?

A: Karachi is a city in modern day Pakistan.
Krokola was an ancient port located in what is now Karachi.
Alexander the Great stationed his fleet in Krokola on his way to Babylon.
Alexander the Great defeated Darius and conquered Babylon before expanding his empire.
#### Yes. (Label: 1.0)

--------------------

Q: Did Francois Mitterrand ever meet Barak Obama while they both held the position of President?

A: Mitterand was President of France from 1981 through 1995. (Label: 1.0)

--------------------

Q: Did Francois Mitterrand ever meet Barak Obama while they both held the position of President?

A: Mitterand was President of France from 1981 through 1995.
Obama was President of the United States from 2009 to 2017 (Label: 1.0)

--------------------

Q: Did Francois Mitterrand ever meet Barak Obama while they both held the position of President?

A: Mitterand was President of France from 1981 through 1995.
Obama was President of the United States from 2009 to 2017
#### No. (Label: 1.0)

--------------------

Q: Can you watch Rick and Morty in Mariana Trench?

A: Rick and Morty is available in blu-ray format. (Label: 1.0)

--------------------

Q: Can you watch Rick and Morty in Mariana Trench?

A: Rick and Morty is available in blu-ray format.
You can play blu-ray on a laptop computer  (Label: 1.0)

--------------------

Q: Can you watch Rick and Morty in Mariana Trench?

A: Rick and Morty is available in blu-ray format.
You can play blu-ray on a laptop computer 
It is possible to go to Mariana Trench inside a deep-diving submersible vehicle with a laptop. (Label: 1.0)

--------------------

Q: Can you watch Rick and Morty in Mariana Trench?

A: Rick and Morty is available in blu-ray format.
You can play blu-ray on a laptop computer 
It is possible to go to Mariana Trench inside a deep-diving submersible vehicle with a laptop.
#### Yes. (Label: 1.0)

--------------------

Q: Does Capricorn astrology symbol have all of the parts of a chimera?

A: The Capricorn astrology symbol is a sea goat which consists of: a goat, and a fish. (Label: 1.0)

--------------------

Q: Does Capricorn astrology symbol have all of the parts of a chimera?

A: The Capricorn astrology symbol is a sea goat which consists of: a goat, and a fish.
A chimera is a legendary beast that is made up of: a lion, a goat, and a snake. (Label: 1.0)

--------------------

Q: Does Capricorn astrology symbol have all of the parts of a chimera?

A: The Capricorn astrology symbol is a sea goat which consists of: a goat, and a fish.
A chimera is a legendary beast that is made up of: a lion, a goat, and a snake.
#### No. (Label: 1.0)

--------------------

Q: Can a strawberry get worms similar to dogs?

A: Strawberry can suffer from black root rot and nematodes. (Label: 1.0)

--------------------

Q: Can a strawberry get worms similar to dogs?

A: Strawberry can suffer from black root rot and nematodes.
Dogs can suffer from a variety of worms including roundworms that lay eggs on them. (Label: 1.0)

--------------------

Q: Can a strawberry get worms similar to dogs?

A: Strawberry can suffer from black root rot and nematodes.
Dogs can suffer from a variety of worms including roundworms that lay eggs on them.
Nematodes are parasites that are also called roundworms and ascarids. (Label: 1.0)

--------------------

Q: Can a strawberry get worms similar to dogs?

A: Strawberry can suffer from black root rot and nematodes.
Dogs can suffer from a variety of worms including roundworms that lay eggs on them.
Nematodes are parasites that are also called roundworms and ascarids.
Nematodes are parasites that feed off of strawberry plants. (Label: 1.0)

--------------------

Q: Can a strawberry get worms similar to dogs?

A: Strawberry can suffer from black root rot and nematodes.
Dogs can suffer from a variety of worms including roundworms that lay eggs on them.
Nematodes are parasites that are also called roundworms and ascarids.
Nematodes are parasites that feed off of strawberry plants.
#### Yes. (Label: 1.0)

--------------------

Q: Did Easy Rider make a profit at the theater when it was released?

A: Easy Rider had a filming budget of about half a million dollars. (Label: 1.0)

--------------------

Q: Did Easy Rider make a profit at the theater when it was released?

A: Easy Rider had a filming budget of about half a million dollars.
Upon release in 1969, it earned about 60 million dollars. (Label: 1.0)

--------------------

Q: Did Easy Rider make a profit at the theater when it was released?

A: Easy Rider had a filming budget of about half a million dollars.
Upon release in 1969, it earned about 60 million dollars.
#### Yes. (Label: 1.0)

--------------------

Q: Would you spend less on your food at Aldi than at Whole Foods?

A: Whole Foods is known for costing 10-20% more than other stores. (Label: 1.0)

--------------------

Q: Would you spend less on your food at Aldi than at Whole Foods?

A: Whole Foods is known for costing 10-20% more than other stores.
Aldi is known for having deeply discounted food and home supplies. (Label: 1.0)

--------------------

Q: Would you spend less on your food at Aldi than at Whole Foods?

A: Whole Foods is known for costing 10-20% more than other stores.
Aldi is known for having deeply discounted food and home supplies.
#### Yes. (Label: 1.0)

--------------------

Q: Could a markhor give birth three times in a single year?

A: The gestation period of a markhor lasts 135–170 days. (Label: 1.0)

--------------------

Q: Could a markhor give birth three times in a single year?

A: The gestation period of a markhor lasts 135–170 days.
There are 365 days in a year. (Label: 1.0)

--------------------

Q: Could a markhor give birth three times in a single year?

A: The gestation period of a markhor lasts 135–170 days.
There are 365 days in a year.
#### No. (Label: 1.0)

--------------------

Q: Does Alec Baldwin have more children than Clint Eastwood?

A: Alec Baldwin has 5 children as of 2020. (Label: 1.0)

--------------------

Q: Does Alec Baldwin have more children than Clint Eastwood?

A: Alec Baldwin has 5 children as of 2020.
Actor Clint Eastwood has 7 children as of 2020. (Label: 1.0)

--------------------

Q: Does Alec Baldwin have more children than Clint Eastwood?

A: Alec Baldwin has 5 children as of 2020.
Actor Clint Eastwood has 7 children as of 2020.
#### No. (Label: 1.0)

--------------------

Q: Would Felicity Huffman vote for Mike DeWine?

A: Mike DeWine is Governor of Ohio (Label: 1.0)

--------------------

Q: Would Felicity Huffman vote for Mike DeWine?

A: Mike DeWine is Governor of Ohio
Felicity Huffman is a resident of California (Label: 1.0)

--------------------

Q: Would Felicity Huffman vote for Mike DeWine?

A: Mike DeWine is Governor of Ohio
Felicity Huffman is a resident of California
#### No. (Label: 1.0)

--------------------

Q: Can sunlight travel to the deepest part of the Black Sea?

A: A: The Black Sea has a maximum depth of about 2,212 meters (7,257 feet). 
Sunlight can penetrate the water to a certain depth, but its intensity decreases with increasing depth. 
Typically, sunlight can reach a maximum depth of about 200 meters in clear water. 
Below this depth, it becomes too dark for sunlight to penetrate significantly. 
Therefore, sunlight cannot reach the deepest part of the Black Sea. 
#### No. (Label: 1.0)

--------------------

Q: Can sunlight travel to the deepest part of the Black Sea?

A: A: Sunlight travels through water but gets absorbed quickly.
The Black Sea has a maximum depth of about 2,212 meters.
Typically, sunlight penetrates only a few hundred meters in clear water.
At great depths, the absence of light is significant, making the deepest parts pitch dark.
Therefore, sunlight cannot reach the deepest part of the Black Sea.  
#### No. (Label: 1.0)

--------------------

Q: Can sunlight travel to the deepest part of the Black Sea?

A: A: Sunlight travels through water, but its penetration is limited. The Black Sea has layers of water that absorb light. Generally, light can penetrate only up to about 200 meters deep in most bodies of water. The deepest part of the Black Sea is around 2,212 meters. Given this depth, sunlight cannot reach the deepest parts of the Black Sea.  
#### No. (Label: 1.0)

--------------------

Q: Can sunlight travel to the deepest part of the Black Sea?

A: A: The Black Sea is over 2,200 meters deep in some areas. 
Sunlight can penetrate water only to a certain depth, which is typically around 200 meters in clear water. 
Below this depth, darkness prevails, and the ability for sunlight to travel is greatly diminished. 
Therefore, sunlight cannot reach the deepest parts of the Black Sea. 
#### No. (Label: 1.0)

--------------------

Q: Has Oscar Wilde's most famous character ever been in an Eva Green project?

A: A: Oscar Wilde's most famous character is often considered to be Dorian Gray from "The Picture of Dorian Gray." 
Eva Green starred in a film adaptation of "The Picture of Dorian Gray" released in 2004, where she played the role of Sibyl Vane.
Therefore, Dorian Gray has indeed been featured in an Eva Green project.
#### Yes. (Label: 1.0)

--------------------

Q: Has Oscar Wilde's most famous character ever been in an Eva Green project?

A: A: Oscar Wilde is known for his literary works, particularly "The Picture of Dorian Gray."
Dorian Gray is the most famous character from this novel.
Eva Green starred in a film adaptation of "The Picture of Dorian Gray" released in 2004.
Therefore, Dorian Gray, Oscar Wilde's most famous character, has been in an Eva Green project.
#### Yes. (Label: 1.0)

--------------------

Q: Was Mother Theresa a follower of atheism?

A: A: Mother Teresa was a Roman Catholic nun and missionary.  
She dedicated her life to serving the poor and sick, following the teachings of Jesus Christ.  
Atheism is the lack of belief in any deity, which contradicts her life’s work and commitment to faith.  
Therefore, she cannot be considered a follower of atheism.  
#### No. (Label: 1.0)

--------------------

Q: Was Mother Theresa a follower of atheism?

A: A: Mother Teresa was known for her unwavering faith in Christianity.  
She dedicated her life to serving the poor and sick in the name of Jesus Christ.  
Atheism is the lack of belief in gods or deities, which contradicts the principles that Mother Teresa lived by.  
Therefore, she cannot be classified as a follower of atheism.  
#### No. (Label: 1.0)

--------------------

Q: Was Mother Theresa a follower of atheism?

A: A: Mother Teresa was a Roman Catholic nun and missionary.  
She dedicated her life to serving the poor and sick, based on her religious beliefs.  
Atheism is characterized by a lack of belief in deities, which is contrary to Mother Teresa's faith and devotion to God.  
Therefore, Mother Teresa cannot be considered a follower of atheism.  
#### No. (Label: 1.0)

--------------------

Q: Was Mother Theresa a follower of atheism?

A: A: Mother Theresa was a Roman Catholic nun and missionary.  
She dedicated her life to serving the poor and sick, guided by her faith in God.  
Atheism is the absence of belief in any gods or deities.  
Therefore, Mother Theresa's beliefs and actions were in direct opposition to atheism.  
#### No. (Label: 1.0)

--------------------

Q: Has Elon Musk's hairline changed?

A: A: Elon Musk is known for being a prominent figure in the tech industry and has been in the public eye for many years. 
Over time, images of him from different years show noticeable differences in his hairline. 
Some images suggest a receding hairline in the past, while more recent photos show a fuller appearance of hair. 
This indicates that there may have been either natural growth or cosmetic interventions regarding his hairline. 
#### Yes. (Label: 1.0)

--------------------

Q: Has Elon Musk's hairline changed?

A: A: Elon Musk is a well-known billionaire entrepreneur.
Over the years, he has been in the public eye and has had various hairstyles.
There are numerous images showing his hairline at different times.
Analysis of these images suggests that his hairline has appeared to change, becoming fuller in some instances.
This has led to speculation about possible hair restoration techniques he may have used.
#### Yes. (Label: 1.0)

--------------------

Q: Has Elon Musk's hairline changed?

A: A: Elon Musk is a public figure known for his innovations and ventures.
Hairlines can naturally change over time due to various factors like aging or hair loss.
Elon Musk has been photographed over the years, and observers have noted changes in his hairline between different appearances.
There are discussions and speculations about whether he has undergone any procedures to alter his hairline.
#### Yes. (Label: 1.0)

--------------------

Q: Has Elon Musk's hairline changed?

A: A: Elon Musk is a well-known entrepreneur and CEO of multiple companies.
Hairlines can change due to a variety of factors including age, health, and treatments.
Public images of Elon Musk show variations in his hair density and style over the years.
There have been discussions and observations among fans and media regarding his changing hairline.
#### Yes. (Label: 1.0)

--------------------

Q: Can a sea turtle play tennis using a tennis racket?

A: A: Sea turtles are aquatic animals that live in the ocean.  
They have flippers designed for swimming, not for holding objects.  
Playing tennis requires dexterity and the ability to manipulate a racket.  
Given their physical attributes and natural habitat, sea turtles are unable to engage in playing tennis.  
#### No. (Label: 1.0)

--------------------

Q: Can a sea turtle play tennis using a tennis racket?

A: A: Sea turtles are marine reptiles found in oceans and seas.
They have flippers designed for swimming, not for holding or manipulating objects.
Tennis requires the ability to grip a racket and perform actions with precision.
Sea turtles do not possess the physical anatomy required to play tennis.
#### No. (Label: 1.0)

--------------------

Q: Can a sea turtle play tennis using a tennis racket?

A: A: Sea turtles are aquatic reptiles that are adapted to living in the ocean. 
They have flippers for swimming, not hands for gripping objects like a racket. 
Tennis requires a human-like ability to hold and swing a racket, which sea turtles do not possess. 
Therefore, it is physically impossible for a sea turtle to play tennis using a tennis racket.
#### No. (Label: 1.0)

--------------------

Q: Can a sea turtle play tennis using a tennis racket?

A: A: Sea turtles are aquatic reptiles that primarily live in the ocean. 
They do not have the physical ability to hold or use a tennis racket, as they lack the appropriate limbs.
Additionally, sea turtles are not capable of engaging in sports like tennis, which requires specific skills and coordination.
#### No. (Label: 1.0)

--------------------

Q: Can a woman on average have a baby before wheat seed blooms?

A: A: The average gestation period for humans is about 9 months (approximately 280 days).
Wheat typically takes around 6 to 8 months from planting to blooming, depending on the variety and growing conditions.
If we consider that wheat may bloom around 6 to 8 months after being sown, and since women have a baby in about 9 months on average, this means it's likely that a woman would give birth after the wheat has bloomed.
#### No. (Label: 1.0)

--------------------

Q: Can a woman on average have a baby before wheat seed blooms?

A: A: The average gestation period for humans is about 9 months (approximately 40 weeks).
Wheat seeds typically germinate and bloom within a period of about 2 to 3 months after being planted.
Since the average pregnancy lasts longer than the time it takes for wheat to bloom, a woman cannot typically have a baby before wheat seed blooms. 
#### No. (Label: 1.0)

--------------------

Q: Is Edgar Allan Poe obscure in the world of horror fiction?

A: A: Edgar Allan Poe is considered one of the foundational figures in American literature.
He is well-known for his contributions to the horror genre, particularly with works like "The Tell-Tale Heart" and "The Fall of the House of Usher."
Poe's influence extends to many modern horror writers and filmmakers.
His work is studied in literature classes and frequently referenced in popular culture.
#### No. (Label: 1.0)

--------------------

Q: Is Edgar Allan Poe obscure in the world of horror fiction?

A: A: Edgar Allan Poe is a well-known American writer.
He is recognized as a master of horror fiction and gothic literature.
Poe's works, such as "The Tell-Tale Heart" and "The Raven," are frequently studied and celebrated.
He has had a significant influence on both the horror genre and literature in general.
#### No. (Label: 1.0)

--------------------

Q: Is Edgar Allan Poe obscure in the world of horror fiction?

A: A: Edgar Allan Poe is considered one of the pioneers of horror fiction.  
He is well-known for his macabre and gothic tales, such as "The Tell-Tale Heart" and "The Fall of the House of Usher."  
His work has had a lasting impact on literature and has influenced many modern horror writers.  
Poe's works are widely studied and referenced in discussions about horror fiction.  
#### No. (Label: 1.0)

--------------------

Q: Is Edgar Allan Poe obscure in the world of horror fiction?

A: A: Edgar Allan Poe is known as one of the key figures in the development of horror fiction. 
His works, such as "The Tell-Tale Heart" and "The Raven," are widely studied and celebrated in literature. 
Poe's influence on both horror and detective fiction is significant, and he is frequently cited as an inspiration by modern horror writers. 
Therefore, he is not considered obscure in the world of horror fiction. 
#### No. (Label: 1.0)

--------------------

Q: Does taking ukemi halt kinetic energy?

A: A: Ukemi is a technique in martial arts used to safely fall without injury.
When taking ukemi, an individual seeks to dissipate the energy of their fall.
This involves rolling or distributing the force over a larger area to minimize impact.
While ukemi does not completely halt kinetic energy, it reduces the harmful effects of the energy involved during the fall.
Thus, taking ukemi does not entirely stop kinetic energy, but rather manages its consequences.
#### No. (Label: 1.0)

--------------------

Q: Does taking ukemi halt kinetic energy?

A: A: Ukemi is a technique used in martial arts to safely fall or roll without injury. 
When practicing ukemi, an individual absorbs and disperses the kinetic energy generated by their own movement and the force of an incoming attack. 
The technique does not halt kinetic energy; instead, it helps to mitigate its effects, allowing for a safer fall or transition. 
Thus, while ukemi manages the energy involved, it does not completely stop kinetic energy itself. 
#### No. (Label: 1.0)

--------------------

Q: Does taking ukemi halt kinetic energy?

A: A: Ukemi is a Japanese term for a technique of falling safely, used in martial arts to minimize injury when taking a fall.  
Kinetic energy is the energy an object has due to its motion.  
Taking ukemi allows a practitioner to absorb and dissipate the force of a fall, thereby reducing potential injury.  
However, it does not halt kinetic energy; rather, it redistributes the energy to avoid harm while the kinetic energy remains present.  
#### No. (Label: 1.0)

--------------------

Q: Does taking ukemi halt kinetic energy?

A: A: Ukemi is a technique used in martial arts, particularly in judo and aikido, which involves falling or rolling safely to avoid injury when thrown or pushed. 
Kinetic energy is the energy that an object possesses due to its motion. 
Taking ukemi does not inherently halt kinetic energy; it allows a practitioner to safely absorb and dissipate the energy of the fall, but does not stop the energy itself from existing. 
Therefore, while ukemi mitigates the effects of kinetic energy on the body, it does not halt the energy from being present in the system. 
#### No. (Label: 1.0)

--------------------

Q: Could a cow produce Harvey Milk?

A: A: A cow is a domestic animal that produces milk.
The term "Harvey Milk" refers to an American politician and LGBTQ+ activist, not a type of milk.
Cows can only produce regular milk, not a specific product named after a person.
#### No. (Label: 1.0)

--------------------

Q: Could a cow produce Harvey Milk?

A: A: Harvey Milk was a prominent gay rights activist and politician, not a dairy product. Cows are known for producing milk, which can be used to make various products, but there is no product called "Harvey Milk." Therefore, a cow cannot produce something by that name. Additionally, there is no indication of any special type of milk associated with the name "Harvey." 
#### No. (Label: 1.0)

--------------------

Q: Could a cow produce Harvey Milk?

A: A: Harvey Milk was a prominent political activist and the first openly gay elected official in California, known for his work in the LGBTQ+ rights movement. A cow, on the other hand, is a barnyard animal known for producing milk that is a food product. The phrase "Harvey Milk" refers to a person, not a type of milk. Therefore, a cow cannot produce "Harvey Milk" as it does not exist. 

#### No. (Label: 1.0)

--------------------

Q: Could a cow produce Harvey Milk?

A: A: Harvey Milk was a prominent LGBTQ+ rights activist and politician in the United States.
Cows are animals that produce milk, which can be used to make various dairy products.
The name "Harvey Milk" refers specifically to the individual and not to any kind of milk produced by cows.
Therefore, a cow cannot produce something called "Harvey Milk" since that would imply a personal association with Harvey Milk.
#### No. (Label: 1.0)

--------------------

Q: Would the average American family find Adam Sandler's home to be too small?

A: A: Adam Sandler is a successful American actor and comedian.  
He has a home in Los Angeles, California, which is known to be quite large.  
Homes owned by celebrities like Sandler often have ample space and luxury amenities.  
The average American family typically lives in smaller homes compared to celebrity estates.  
Thus, an average American family would likely not consider Sandler's home to be too small.  
#### No. (Label: 1.0)

--------------------

Q: Would the average American family find Adam Sandler's home to be too small?

A: A: Adam Sandler is a well-known actor and comedian.
He is reported to own a large and luxurious home in California.
The average American family resides in a home that varies widely in size, but is typically much smaller than luxurious celebrity homes.
Luxury homes often have more space, amenities, and features than what the average American family has.
#### No. (Label: 1.0)

--------------------

Q: Would the average American family find Adam Sandler's home to be too small?

A: A: Adam Sandler is a well-known American actor and comedian.  
He is known to own a large home in Los Angeles, which is reported to be around 12,000 square feet.  
The average American family home size is approximately 2,500 square feet.  
Therefore, Adam Sandler's home is significantly larger than the average American family's home.  
#### No. (Label: 1.0)

--------------------

Q: Would the average American family find Adam Sandler's home to be too small?

A: A: Adam Sandler is a successful actor and comedian known for his roles in various films. 
He is reported to own a large home in California, which is typical for many celebrities. 
The average American family usually lives in a significantly smaller home than those of celebrities. 
Given that Sandler's home is likely larger than standard American homes, it can be inferred that it may seem too large rather than too small for an average family. 
#### No. (Label: 1.0)

--------------------

Q: Would it be common to find a penguin in Miami?

A: A: Penguins are primarily found in the Southern Hemisphere, especially in Antarctica and surrounding islands. Miami is located in Florida, USA, which is in the Northern Hemisphere. The climate in Miami is warm and tropical, which is not suitable for penguins, as they require colder environments. Additionally, penguins are not native to Florida or the surrounding region. Therefore, finding a penguin in Miami would not be common.

#### No. (Label: 1.0)

--------------------

Q: Would it be common to find a penguin in Miami?

A: A: Penguins are primarily found in the Southern Hemisphere, with the majority of species native to Antarctica and surrounding areas.
Miami is located in the Northern Hemisphere, specifically in Florida, USA.
The climate of Miami is tropical, which is not suitable for the natural habitat of most penguin species that thrive in colder temperatures.
Penguins are not typical residents of tropical regions like Miami.
#### No. (Label: 1.0)

--------------------

Q: Would it be common to find a penguin in Miami?

A: A: Penguins are primarily found in the Southern Hemisphere, with the majority residing in Antarctica.
Miami is located in the Northern Hemisphere, specifically in the southeastern region of the United States, which has a warm climate that is not suitable for penguins.
It is very uncommon for penguins to be found outside of their natural habitats in cold regions.
#### No. (Label: 1.0)

--------------------

Q: Would it be common to find a penguin in Miami?

A: A: Penguins are primarily found in the Southern Hemisphere, especially in Antarctica and sub-Antarctic regions. 
Miami is located in Florida, which is in the Northern Hemisphere and does not have a natural habitat for penguins. 
Although some zoos or aquariums may have penguins, they are not commonly found in the wild in Miami. 
#### No. (Label: 1.0)

--------------------

Q: Could someone with fine motor control issues benefit from an altered keyboard layout?

A: A: Fine motor control issues can make it difficult to use standard keyboard layouts effectively.  
An altered keyboard layout can be designed to accommodate the needs of individuals with such issues, allowing for easier access to keys.  
This can include larger keys, rearranged keys for easier reach, or even adaptive technologies like one-handed keyboards.  
Consequently, an altered layout can potentially help those with fine motor control issues improve their typing experience.  
#### Yes. (Label: 1.0)

--------------------

Q: Could someone with fine motor control issues benefit from an altered keyboard layout?

A: A: Fine motor control issues can affect a person's ability to type efficiently.
An altered keyboard layout can potentially make typing easier for someone with such issues.
Different layouts may include larger keys, more spaced-out keys, or alternative positioning to reduce the strain on motor control.
Using an altered keyboard layout could help improve typing speed and reduce errors for those with fine motor control challenges.
#### Yes. (Label: 1.0)

--------------------

Q: Could someone with fine motor control issues benefit from an altered keyboard layout?

A: A: Fine motor control issues can make it difficult for individuals to use standard keyboards effectively. Altered keyboard layouts can be designed to accommodate different levels of dexterity and can minimize the distance fingers need to travel. Additionally, custom keyboard layouts can allow for larger keys, grouped functions, or alternative placements that can be easier for someone with fine motor control issues to use. Therefore, adapting the keyboard layout can provide significant benefits for individuals facing such challenges. 
#### Yes. (Label: 1.0)

--------------------

Q: Could someone with fine motor control issues benefit from an altered keyboard layout?

A: A: Fine motor control issues can make it difficult for individuals to accurately use standard keyboard layouts. 
An altered keyboard layout can be designed to minimize the need for precision in finger placement or to make keys more accessible. 
Such layouts might use larger keys, provide key spacing, or have custom placement that considers the user's specific motor control challenges. 
This adaptation could improve typing efficiency and reduce frustration for individuals with fine motor control issues. 
#### Yes. (Label: 1.0)

--------------------

Q: Would the Cookie Monster decline an offer of free Keebler products?

A: A: The Cookie Monster is a popular character from the television show Sesame Street. 
His character is known for loving cookies and promoting cookie consumption. 
Keebler is a brand that produces cookies and baked goods. 
It is highly unlikely that the Cookie Monster would decline an offer for free cookies from Keebler, as his character is centered around his love for cookies. 
#### No. (Label: 1.0)

--------------------

Q: Would the Cookie Monster decline an offer of free Keebler products?

A: A: The Cookie Monster is a character from the children's television show "Sesame Street." 
He is known for his love of cookies and often expresses an insatiable appetite for them. 
Keebler is a brand that produces cookies and other baked goods. 
Given Cookie Monster's well-known enthusiasm for cookies, it is unlikely that he would decline an offer of free Keebler products.
#### No. (Label: 1.0)

--------------------

Q: Would the Cookie Monster decline an offer of free Keebler products?

A: A: The Cookie Monster is a character from Sesame Street known for his love of cookies, particularly chocolate chip cookies. Keebler is a brand known for its cookies and snacks, which would likely appeal to the Cookie Monster's interests. Given his character's obsession with cookies, it is improbable that he would decline an offer of free Keebler products. 

#### No. (Label: 1.0)

--------------------

Q: Would the Cookie Monster decline an offer of free Keebler products?

A: A: The Cookie Monster is a fictional character from the children's television show Sesame Street.
He is famously known for his love of cookies, particularly chocolate chip cookies.
Keebler is a brand that produces various cookie products.
Given his character traits and well-known fondness for cookies, it is unlikely that he would decline an offer of free cookies from Keebler.
#### No. (Label: 1.0)

--------------------

Q: Are all types of pottery safe to cook in?

A: A: There are many types of pottery used for cooking, including stoneware, earthenware, and porcelain.  
Not all pottery is created equal; some types may contain harmful materials or glazes that aren't safe for food use.  
Lead or cadmium may be found in certain glazes, making them unsafe for cooking or serving food.  
It is important to ensure that any pottery used for cooking is labeled as food-safe.  
Therefore, not all types of pottery are safe to cook in.  
#### No. (Label: 1.0)

--------------------

Q: Are all types of pottery safe to cook in?

A: A: There are different types of pottery, such as earthenware, stoneware, and porcelain. 
Some pottery is made with materials that are safe for cooking, while others may contain harmful substances. 
Certain glazes and finishes can make some pottery unsafe for cooking due to the potential for leaching harmful chemicals. 
It is essential to check the manufacturer's guidelines for whether a specific type of pottery is safe to use for cooking. 
Hence, not all types of pottery are safe to cook in. 
#### No. (Label: 1.0)

--------------------

Q: Are all types of pottery safe to cook in?

A: A: There are various types of pottery, including earthenware, stoneware, and porcelain. 
Not all pottery is made for cooking; some are decorative and not heat-resistant. 
Earthenware may not be safe at high temperatures, while stoneware and porcelain can generally withstand cooking. 
It's essential to check if the pottery is labeled as food-safe or oven-safe. 
#### No. (Label: 1.0)

--------------------

Q: Are all types of pottery safe to cook in?

A: A: There are different types of pottery, including earthenware, stoneware, and porcelain. Not all pottery is intended for cooking; some are decorative and may contain glazes or materials that can leach harmful substances into food when heated. For example, some vintage pottery or non-food grade ceramics may not be safe. It is essential to ensure that the pottery is labeled as food-safe and suitable for cooking. Therefore, not all types of pottery are safe for cooking purposes.  
#### No. (Label: 1.0)

--------------------

Q: Was P. G. Wodehouse's favorite book The Hunger Games?

A: A: P. G. Wodehouse was a well-known British author who died in 1975.  
The Hunger Games is a novel written by Suzanne Collins that was published in 2008.  
Since P. G. Wodehouse passed away long before The Hunger Games was published, he could not have had it as his favorite book.  
#### No. (Label: 1.0)

--------------------

Q: Was P. G. Wodehouse's favorite book The Hunger Games?

A: A: P. G. Wodehouse was a British author known for his humorous novels and stories. 
He passed away in 1975. 
The Hunger Games is a dystopian novel written by Suzanne Collins, published in 2008. 
Given that Wodehouse had already died long before The Hunger Games was released, it could not have been his favorite book. 
#### No. (Label: 1.0)

--------------------

Q: Was P. G. Wodehouse's favorite book The Hunger Games?

A: A: P. G. Wodehouse was a well-known English author who primarily wrote in the early 20th century. 
He died in 1975. 
The Hunger Games series, written by Suzanne Collins, was first published in 2008, long after Wodehouse's death. 
Thus, it would not have been possible for Wodehouse to have The Hunger Games as his favorite book. 
#### No. (Label: 1.0)

--------------------

Q: Was P. G. Wodehouse's favorite book The Hunger Games?

A: A: P. G. Wodehouse was a famous author known for his comedic stories and characters such as Jeeves and Wooster. 
He lived from 1881 to 1975, which means he could not have read The Hunger Games, as it was published in 2008. 
Therefore, it is impossible for The Hunger Games to be his favorite book.
#### No. (Label: 1.0)

--------------------

Q: Were paparazzi involved in the death of a member of the royal family?

A: A: Paparazzi are photographers who take candid pictures of celebrities and public figures.
The most notable incident involving paparazzi and a royal family member occurred with Princess Diana.
Princess Diana died in a car crash in 1997, and it was reported that paparazzi were chasing her vehicle at the time.
This chase is often cited as contributing to the circumstances leading to her death.
#### Yes. (Label: 1.0)

--------------------

Q: Were paparazzi involved in the death of a member of the royal family?

A: A: Members of the royal family have had various incidents with paparazzi over the years. The most notable case is that of Princess Diana, who died in a car crash in 1997 while being pursued by paparazzi. There were investigations into the role of the paparazzi in the circumstances leading up to her death. However, the direct involvement of paparazzi in her death is still a subject of debate and contention. 

#### Yes. (Label: 1.0)

--------------------

Q: Were paparazzi involved in the death of a member of the royal family?

A: A: The term "paparazzi" refers to photographers who take candid photographs of celebrities and notable people without their consent. 
One high-profile incident involving paparazzi occurred with Princess Diana in 1997. 
Diana died in a car crash in Paris while being pursued by photographers. 
The circumstances surrounding her death have led to controversies regarding the role of the paparazzi in the incident. 
Although a direct link between paparazzi actions and her death remains debated, the pursuit by photographers contributed to the chaos leading to the crash. 
#### Yes. (Label: 1.0)

--------------------

Q: Were paparazzi involved in the death of a member of the royal family?

A: A: The term "paparazzi" refers to photographers who take candid photographs of celebrities, often intrusively. 
One notable incident involving the royal family is the death of Princess Diana, who died in a car crash in 1997. 
It was reported that paparazzi were chasing her car at the time of the accident. 
The media scrutiny and aggressive pursuit by paparazzi have been linked to the tragic circumstances surrounding her death.
#### Yes. (Label: 1.0)

--------------------

Q: Karachi was a part of Alexander the Great's success?

A: A: Karachi is a city in present-day Pakistan.  
Historically, it was the site of the ancient port of Krokola.  
Alexander the Great did use the port of Krokola during his campaigns.  
His successful conquests included significant victories in the region, particularly in Persia and the broader Middle East.  
Thus, Karachi, through the port of Krokola, was indirectly connected to Alexander's maritime operations.  
While it may not have been a direct conquest, it was part of the broader context of his success.  
#### Yes. (Label: 1.0)

--------------------

Q: Karachi was a part of Alexander the Great's success?

A: A: Karachi is a city located in present-day Pakistan.  
Krokola, an ancient port, is believed to have been in the vicinity of modern Karachi.  
Alexander the Great did indeed utilize the port of Krokola during his campaign towards the east.  
His conquest of Babylon and subsequent expansions were key components of his success, which were aided by the strategic locations of ports like Krokola.  
Given this historical context, Karachi (via Krokola) played a role in Alexander's maritime strategy.  
#### Yes. (Label: 1.0)

--------------------

Q: Karachi was a part of Alexander the Great's success?

A: A: Karachi is a coastal city in modern-day Pakistan. During Alexander the Great's campaigns, he sought to establish control over coastal trade routes. The port of Krokola, located near modern Karachi, served as a strategic location for Alexander's fleet. His victories, including the conquest of regions in Persia and further East, depended on such strategic locations for staging his campaigns. Therefore, while Karachi itself was not directly involved in military conquests, its port contributed to the success of Alexander's naval operations. 

#### Yes. (Label: 1.0)

--------------------

Q: Karachi was a part of Alexander the Great's success?

A: A: Karachi is a city in modern-day Pakistan.  
The ancient port of Krokola was located in what is now Karachi.  
Alexander the Great used Krokola as a staging point for his fleet.  
His military campaigns included the conquest of regions in Persia and India, with Krokola serving as an important logistical location during these campaigns.  
Thus, Karachi (Krokola) played a role in Alexander the Great's military successes.  
#### Yes. (Label: 1.0)

--------------------

Q: Did Francois Mitterrand ever meet Barak Obama while they both held the position of President?

A: A: Francois Mitterrand was the President of France from 1981 to 1995.  
Barack Obama was the President of the United States from 2009 to 2017.  
Since Mitterrand's presidency ended in 1995, he could not have met Obama while both were presidents.  
#### No. (Label: 1.0)

--------------------

Q: Did Francois Mitterrand ever meet Barak Obama while they both held the position of President?

A: A: François Mitterrand served as the President of France from 1981 to 1995. 
Barack Obama was the President of the United States from 2009 to 2017. 
Mitterrand passed away in 1996, well before Obama took office. 
Therefore, it is impossible for them to have met while both were serving as Presidents. 
#### No. (Label: 1.0)

--------------------

Q: Did Francois Mitterrand ever meet Barak Obama while they both held the position of President?

A: A: François Mitterrand was the President of France from 1981 to 1995. 
Barack Obama became the President of the United States in 2009 and served until 2017. 
Mitterrand passed away in January 1996, after Obama had taken office. 
Thus, they never met while both held the position of president. 
#### No. (Label: 1.0)

--------------------

Q: Did Francois Mitterrand ever meet Barak Obama while they both held the position of President?

A: A: François Mitterrand was the President of France from 1981 to 1995. Barack Obama was the President of the United States from 2009 to 2017. Therefore, their presidential terms did not overlap. 
#### No. (Label: 1.0)

--------------------

Q: Does Capricorn astrology symbol have all of the parts of a chimera?

A: A: Capricorn is represented by a goat, specifically a sea-goat which has both goat and fish characteristics. 
A chimera in mythology is a creature typically composed of parts from different animals, such as a lion, snake, and goat. 
Capricorn does not have characteristics of a lion or a snake, which are also part of a chimera's standard description. 
Therefore, it cannot be said that the Capricorn astrology symbol includes all parts of a chimera. 
#### No. (Label: 1.0)

--------------------

Q: Does Capricorn astrology symbol have all of the parts of a chimera?

A: A: Capricorn is represented by a sea-goat, which has the front half of a goat and the tail of a fish.
A chimera, in mythology, is a creature composed of parts from different animals, often depicted with a lion's head, a goat's body, and a serpent's tail.
The symbol of Capricorn does not include all the parts of a chimera; it only has the features of a goat and a fish.
#### No. (Label: 1.0)

--------------------

Q: Does Capricorn astrology symbol have all of the parts of a chimera?

A: A: The Capricorn astrology symbol is represented by a sea-goat, which is a mythical creature.
A chimera, in mythology, is a monstrous fire-breathing hybrid creature made up of different parts from various animals.
A sea-goat (the symbol for Capricorn) has the front half of a goat and the tail of a fish.
Based on this definition, a sea-goat does not encompass all the parts traditionally associated with a chimera, which can include a lion's head, a goat's body, and a serpent's tail, among others.
#### No. (Label: 1.0)

--------------------

Q: Does Capricorn astrology symbol have all of the parts of a chimera?

A: A: The Capricorn astrology symbol is represented by a sea-goat, which is a creature that has the front half of a goat and the tail of a fish. 
A chimera in mythology is often described as a creature composed of parts from different animals, typically including a lion, goat, and serpent. 
The sea-goat does not include all these parts; it primarily represents only the goat and fish.

#### No. (Label: 1.0)

--------------------

Q: Did Easy Rider make a profit at the theater when it was released?

A: A: Easy Rider is a film released in 1969.
It was made with a low budget of approximately $400,000.
The film grossed over $60 million at the box office.
This significant earnings indicate that it made a substantial profit.
#### Yes. (Label: 1.0)

--------------------

Q: Did Easy Rider make a profit at the theater when it was released?

A: A: Easy Rider was released in 1969.  
The film was made with a budget of around $360,000.  
It grossed over $60 million at the box office, which indicates it was financially successful.  
Given these figures, it is clear that Easy Rider made a profit when it was released.  
#### Yes. (Label: 1.0)

--------------------

Q: Did Easy Rider make a profit at the theater when it was released?

A: A: Easy Rider was released in 1969.
The film was produced on a budget of about $400,000.
It grossed over $60 million at the box office.
This significant return on investment indicates that the film made a profit.
#### Yes. (Label: 1.0)

--------------------

Q: Did Easy Rider make a profit at the theater when it was released?

A: A: Easy Rider was released in 1969.  
The film had a budget of around $400,000.  
It grossed approximately $60 million at the box office.  
This significant revenue indicates that it made a substantial profit.  
#### Yes. (Label: 1.0)

--------------------

Q: Would you spend less on your food at Aldi than at Whole Foods?

A: A: Aldi is known for its low prices and no-frills shopping experience. Whole Foods is recognized for its organic offerings and higher pricing. Generally, people tend to find that their grocery bills are lower when shopping at Aldi compared to Whole Foods. Therefore, you would likely spend less on food at Aldi than at Whole Foods.  
#### Yes. (Label: 1.0)

--------------------

Q: Would you spend less on your food at Aldi than at Whole Foods?

A: A: Aldi is known for its low-priced groceries and has a reputation for affordability. 
Whole Foods, on the other hand, is often considered a premium grocery store with higher prices for organic and specialty items. 
Generally, shoppers spend less at Aldi due to its cost-effective pricing and limited selection compared to Whole Foods, which emphasizes higher-quality products and organic options. 
Therefore, it is likely you would spend less on food at Aldi than at Whole Foods. 
#### Yes. (Label: 1.0)

--------------------

Q: Would you spend less on your food at Aldi than at Whole Foods?

A: A: Aldi is known for its lower prices compared to many other grocery stores, including Whole Foods. Whole Foods is often considered a premium grocery store with more expensive products. Studies and consumer reports generally indicate that people tend to spend less at Aldi than at Whole Foods for comparable items. Therefore, it can be concluded that shoppers would likely spend less on food at Aldi. 
#### Yes. (Label: 1.0)

--------------------

Q: Would you spend less on your food at Aldi than at Whole Foods?

A: A: Aldi is known for its low prices and no-frills shopping experience.  
Whole Foods focuses on organic and high-quality products, which typically come with a higher price tag.  
Shopping at Aldi generally results in spending less money compared to shopping at Whole Foods due to their price models.  
#### Yes. (Label: 1.0)

--------------------

Q: Could a markhor give birth three times in a single year?

A: A: Markhors are wild goats found in Central and South Asia.
Typically, female markhors have a gestation period of about 5 to 6 months.
After giving birth, it is common for mammals to require some time before they can conceive again.
Most mammals, including markhors, usually give birth once a year but may sometimes have twins.
Therefore, it is biologically unlikely for a markhor to give birth three times in a single year. 
#### No. (Label: 1.0)

--------------------

Q: Could a markhor give birth three times in a single year?

A: A: The markhor is a wild goat species native to Central Asia.
Typically, mammals, including markhor, have a gestation period which indicates the time required for one breed.
The average gestation period for a markhor is around 5 months.
After giving birth, a markhor usually waits until the next breeding season to conceive again.
It is biologically unlikely for a markhor to give birth three times in a single year due to the gestation period.
#### No. (Label: 1.0)

--------------------

Q: Could a markhor give birth three times in a single year?

A: A: The markhor is a species of wild goat found in Central Asia and parts of the Himalayas.
Typically, most species of goats reproduce once a year.
Markhor females usually give birth to one kid at a time, though twins can occur but are rare.
Given the typical reproductive cycle, it would not be biologically feasible for a markhor to give birth three times in a single year.
#### No. (Label: 1.0)

--------------------

Q: Could a markhor give birth three times in a single year?

A: A: A markhor is a type of wild goat found in Central Asia.
Generally, most mammals, including goats, have a gestation period that lasts for several months.
Markhors typically have a gestation period of about 150 days, which means they can have one offspring per year.
The reproductive cycle for markhors does not support the possibility of giving birth three times in one year.
#### No. (Label: 1.0)

--------------------

Q: Does Alec Baldwin have more children than Clint Eastwood?

A: A: Alec Baldwin has a total of 6 children.  
Clint Eastwood has a total of 8 children.  
Comparing the number of children, Clint Eastwood has more children than Alec Baldwin.  
#### No. (Label: 1.0)

--------------------

Q: Does Alec Baldwin have more children than Clint Eastwood?

A: A: Alec Baldwin has a total of 6 children as of 2023.
Clint Eastwood has a total of 8 children.
Comparing the two, Clint Eastwood has more children than Alec Baldwin.
#### No. (Label: 1.0)

--------------------

Q: Does Alec Baldwin have more children than Clint Eastwood?

A: A: Alec Baldwin has six children, including his youngest born in 2021.
Clint Eastwood has eight children from multiple relationships.
Comparing the two, Clint Eastwood has more children than Alec Baldwin.
#### No. (Label: 1.0)

--------------------

Q: Does Alec Baldwin have more children than Clint Eastwood?

A: A: Alec Baldwin has a total of 7 children.  
Clint Eastwood has a total of 8 children.  
Comparing the two, Clint Eastwood has more children than Alec Baldwin.  
#### No. (Label: 1.0)

--------------------

Q: Would Felicity Huffman vote for Mike DeWine?

A: A: Felicity Huffman is an American actress known for her work in television and film. 
Mike DeWine is the current governor of Ohio and was elected in 2018. 
As a public figure, Huffman may have her own political beliefs, but there is no specific information available indicating that she has endorsed or would vote for DeWine.
Therefore, it is not possible to definitively say whether she would vote for him or not. 
#### No. (Label: 1.0)

--------------------

Q: Would Felicity Huffman vote for Mike DeWine?

A: A: Felicity Huffman is an actress known for her work in television and film. 
Mike DeWine is the governor of Ohio, who is a member of the Republican Party. 
There is no publicly available information about Felicity Huffman's political preferences or voting behavior. 
Therefore, it cannot be determined if she would vote for Mike DeWine. 
#### No. (Label: 1.0)

--------------------

Q: Would Felicity Huffman vote for Mike DeWine?

A: A: Felicity Huffman is an American actress known for her role in "Desperate Housewives." 
Mike DeWine is the Governor of Ohio and a member of the Republican Party. 
There is no public information indicating that Felicity Huffman, as an individual, would express support or vote for Mike DeWine specifically. 
Additionally, as a public figure, her political preferences or voting habits are not disclosed widely.
#### No. (Label: 1.0)

--------------------

Q: Would Felicity Huffman vote for Mike DeWine?

A: A: Felicity Huffman is an American actress and public figure.
Mike DeWine is a Republican politician who serves as the Governor of Ohio.
There is no public record or statement indicating Felicity Huffman's political endorsement preferences.
Since Huffman's political affiliations and personal voting choices are not clear, it cannot be definitively said that she would vote for DeWine.
#### No. (Label: 1.0)

--------------------

Q: Can sunlight travel to the deepest part of the Black Sea?

A: A: The Black Sea has a maximum depth of about 2,212 meters (7,257 feet).  (Label: -1.0)

--------------------

Q: Can sunlight travel to the deepest part of the Black Sea?

A: A: The Black Sea has a maximum depth of about 2,212 meters (7,257 feet). 
Sunlight can penetrate the water to a certain depth, but its intensity decreases with increasing depth.  (Label: -1.0)

--------------------

Q: Can sunlight travel to the deepest part of the Black Sea?

A: A: The Black Sea has a maximum depth of about 2,212 meters (7,257 feet). 
Sunlight can penetrate the water to a certain depth, but its intensity decreases with increasing depth. 
Typically, sunlight can reach a maximum depth of about 200 meters in clear water.  (Label: -1.0)

--------------------

Q: Can sunlight travel to the deepest part of the Black Sea?

A: A: The Black Sea has a maximum depth of about 2,212 meters (7,257 feet). 
Sunlight can penetrate the water to a certain depth, but its intensity decreases with increasing depth. 
Typically, sunlight can reach a maximum depth of about 200 meters in clear water. 
Below this depth, it becomes too dark for sunlight to penetrate significantly.  (Label: -1.0)

--------------------

Q: Can sunlight travel to the deepest part of the Black Sea?

A: A: The Black Sea has a maximum depth of about 2,212 meters (7,257 feet). 
Sunlight can penetrate the water to a certain depth, but its intensity decreases with increasing depth. 
Typically, sunlight can reach a maximum depth of about 200 meters in clear water. 
Below this depth, it becomes too dark for sunlight to penetrate significantly. 
Therefore, sunlight cannot reach the deepest part of the Black Sea.  (Label: -1.0)

--------------------

Q: Can sunlight travel to the deepest part of the Black Sea?

A: A: Sunlight travels through water but gets absorbed quickly. (Label: -1.0)

--------------------

Q: Can sunlight travel to the deepest part of the Black Sea?

A: A: Sunlight travels through water but gets absorbed quickly.
The Black Sea has a maximum depth of about 2,212 meters. (Label: -1.0)

--------------------

Q: Can sunlight travel to the deepest part of the Black Sea?

A: A: Sunlight travels through water but gets absorbed quickly.
The Black Sea has a maximum depth of about 2,212 meters.
Typically, sunlight penetrates only a few hundred meters in clear water. (Label: -1.0)

--------------------

Q: Can sunlight travel to the deepest part of the Black Sea?

A: A: Sunlight travels through water but gets absorbed quickly.
The Black Sea has a maximum depth of about 2,212 meters.
Typically, sunlight penetrates only a few hundred meters in clear water.
At great depths, the absence of light is significant, making the deepest parts pitch dark. (Label: -1.0)

--------------------

Q: Can sunlight travel to the deepest part of the Black Sea?

A: A: Sunlight travels through water but gets absorbed quickly.
The Black Sea has a maximum depth of about 2,212 meters.
Typically, sunlight penetrates only a few hundred meters in clear water.
At great depths, the absence of light is significant, making the deepest parts pitch dark.
Therefore, sunlight cannot reach the deepest part of the Black Sea.   (Label: -1.0)

--------------------

Q: Can sunlight travel to the deepest part of the Black Sea?

A: A: Sunlight travels through water, but its penetration is limited. The Black Sea has layers of water that absorb light. Generally, light can penetrate only up to about 200 meters deep in most bodies of water. The deepest part of the Black Sea is around 2,212 meters. Given this depth, sunlight cannot reach the deepest parts of the Black Sea.   (Label: -1.0)

--------------------

Q: Can sunlight travel to the deepest part of the Black Sea?

A: A: The Black Sea is over 2,200 meters deep in some areas.  (Label: -1.0)

--------------------

Q: Can sunlight travel to the deepest part of the Black Sea?

A: A: The Black Sea is over 2,200 meters deep in some areas. 
Sunlight can penetrate water only to a certain depth, which is typically around 200 meters in clear water.  (Label: -1.0)

--------------------

Q: Can sunlight travel to the deepest part of the Black Sea?

A: A: The Black Sea is over 2,200 meters deep in some areas. 
Sunlight can penetrate water only to a certain depth, which is typically around 200 meters in clear water. 
Below this depth, darkness prevails, and the ability for sunlight to travel is greatly diminished.  (Label: -1.0)

--------------------

Q: Can sunlight travel to the deepest part of the Black Sea?

A: A: The Black Sea is over 2,200 meters deep in some areas. 
Sunlight can penetrate water only to a certain depth, which is typically around 200 meters in clear water. 
Below this depth, darkness prevails, and the ability for sunlight to travel is greatly diminished. 
Therefore, sunlight cannot reach the deepest parts of the Black Sea.  (Label: -1.0)

--------------------

Q: Has Oscar Wilde's most famous character ever been in an Eva Green project?

A: A: Oscar Wilde's most famous character is often considered to be Dorian Gray from "The Picture of Dorian Gray."  (Label: -1.0)

--------------------

Q: Has Oscar Wilde's most famous character ever been in an Eva Green project?

A: A: Oscar Wilde's most famous character is often considered to be Dorian Gray from "The Picture of Dorian Gray." 
Eva Green starred in a film adaptation of "The Picture of Dorian Gray" released in 2004, where she played the role of Sibyl Vane. (Label: -1.0)

--------------------

Q: Has Oscar Wilde's most famous character ever been in an Eva Green project?

A: A: Oscar Wilde's most famous character is often considered to be Dorian Gray from "The Picture of Dorian Gray." 
Eva Green starred in a film adaptation of "The Picture of Dorian Gray" released in 2004, where she played the role of Sibyl Vane.
Therefore, Dorian Gray has indeed been featured in an Eva Green project. (Label: -1.0)

--------------------

Q: Has Oscar Wilde's most famous character ever been in an Eva Green project?

A: A: Oscar Wilde is known for his play "The Importance of Being Earnest," in which the most famous character is likely Jack Worthing or Algernon Moncrieff. Eva Green is an actress known for her roles in various films and TV series. To determine if Oscar Wilde's most famous character has been in an Eva Green project, we can check her filmography. Eva Green starred in "Miss Peregrine's Home for Peculiar Children" and "Penny Dreadful," none of which feature characters from Wilde's works directly. Therefore, it is unlikely that Oscar Wilde's most famous character has appeared in any project (Label: -1.0)

--------------------

Q: Has Oscar Wilde's most famous character ever been in an Eva Green project?

A: A: Oscar Wilde is known for his play "The Importance of Being Earnest". (Label: -1.0)

--------------------

Q: Has Oscar Wilde's most famous character ever been in an Eva Green project?

A: A: Oscar Wilde is known for his play "The Importance of Being Earnest".
The character of Algernon Moncrieff is one of the most famous from this play. (Label: -1.0)

--------------------

Q: Has Oscar Wilde's most famous character ever been in an Eva Green project?

A: A: Oscar Wilde is known for his play "The Importance of Being Earnest".
The character of Algernon Moncrieff is one of the most famous from this play.
Eva Green is an actress known for various roles in films and television. (Label: -1.0)

--------------------

Q: Has Oscar Wilde's most famous character ever been in an Eva Green project?

A: A: Oscar Wilde is known for his play "The Importance of Being Earnest".
The character of Algernon Moncrieff is one of the most famous from this play.
Eva Green is an actress known for various roles in films and television.
As of October 2023, there is no record of Eva Green being involved in any adaptation of "The Importance of Being Earnest". (Label: -1.0)

--------------------

Q: Has Oscar Wilde's most famous character ever been in an Eva Green project?

A: A: Oscar Wilde is known for his play "The Importance of Being Earnest".
The character of Algernon Moncrieff is one of the most famous from this play.
Eva Green is an actress known for various roles in films and television.
As of October 2023, there is no record of Eva Green being involved in any adaptation of "The Importance of Being Earnest".
#### No. (Label: -1.0)

--------------------

Q: Has Oscar Wilde's most famous character ever been in an Eva Green project?

A: A: Oscar Wilde is known for his literary works, particularly "The Picture of Dorian Gray." (Label: -1.0)

--------------------

Q: Has Oscar Wilde's most famous character ever been in an Eva Green project?

A: A: Oscar Wilde is known for his literary works, particularly "The Picture of Dorian Gray."
Dorian Gray is the most famous character from this novel. (Label: -1.0)

--------------------

Q: Has Oscar Wilde's most famous character ever been in an Eva Green project?

A: A: Oscar Wilde is known for his literary works, particularly "The Picture of Dorian Gray."
Dorian Gray is the most famous character from this novel.
Eva Green starred in a film adaptation of "The Picture of Dorian Gray" released in 2004. (Label: -1.0)

--------------------

Q: Has Oscar Wilde's most famous character ever been in an Eva Green project?

A: A: Oscar Wilde is known for his literary works, particularly "The Picture of Dorian Gray."
Dorian Gray is the most famous character from this novel.
Eva Green starred in a film adaptation of "The Picture of Dorian Gray" released in 2004.
Therefore, Dorian Gray, Oscar Wilde's most famous character, has been in an Eva Green project. (Label: -1.0)

--------------------

Q: Was Mother Theresa a follower of atheism?

A: A: Mother Teresa was a Roman Catholic nun and missionary.   (Label: -1.0)

--------------------

Q: Was Mother Theresa a follower of atheism?

A: A: Mother Teresa was a Roman Catholic nun and missionary.  
She dedicated her life to serving the poor and sick, following the teachings of Jesus Christ.   (Label: -1.0)

--------------------

Q: Was Mother Theresa a follower of atheism?

A: A: Mother Teresa was a Roman Catholic nun and missionary.  
She dedicated her life to serving the poor and sick, following the teachings of Jesus Christ.  
Atheism is the lack of belief in any deity, which contradicts her life’s work and commitment to faith.   (Label: -1.0)

--------------------

Q: Was Mother Theresa a follower of atheism?

A: A: Mother Teresa was a Roman Catholic nun and missionary.  
She dedicated her life to serving the poor and sick, following the teachings of Jesus Christ.  
Atheism is the lack of belief in any deity, which contradicts her life’s work and commitment to faith.  
Therefore, she cannot be considered a follower of atheism.   (Label: -1.0)

--------------------

Q: Was Mother Theresa a follower of atheism?

A: A: Mother Teresa was known for her unwavering faith in Christianity.   (Label: -1.0)

--------------------

Q: Was Mother Theresa a follower of atheism?

A: A: Mother Teresa was known for her unwavering faith in Christianity.  
She dedicated her life to serving the poor and sick in the name of Jesus Christ.   (Label: -1.0)

--------------------

Q: Was Mother Theresa a follower of atheism?

A: A: Mother Teresa was known for her unwavering faith in Christianity.  
She dedicated her life to serving the poor and sick in the name of Jesus Christ.  
Atheism is the lack of belief in gods or deities, which contradicts the principles that Mother Teresa lived by.   (Label: -1.0)

--------------------

Q: Was Mother Theresa a follower of atheism?

A: A: Mother Teresa was known for her unwavering faith in Christianity.  
She dedicated her life to serving the poor and sick in the name of Jesus Christ.  
Atheism is the lack of belief in gods or deities, which contradicts the principles that Mother Teresa lived by.  
Therefore, she cannot be classified as a follower of atheism.   (Label: -1.0)

--------------------

Q: Was Mother Theresa a follower of atheism?

A: A: Mother Teresa was a Roman Catholic nun and missionary.   (Label: -1.0)

--------------------

Q: Was Mother Theresa a follower of atheism?

A: A: Mother Teresa was a Roman Catholic nun and missionary.  
She dedicated her life to serving the poor and sick, based on her religious beliefs.   (Label: -1.0)

--------------------

Q: Was Mother Theresa a follower of atheism?

A: A: Mother Teresa was a Roman Catholic nun and missionary.  
She dedicated her life to serving the poor and sick, based on her religious beliefs.  
Atheism is characterized by a lack of belief in deities, which is contrary to Mother Teresa's faith and devotion to God.   (Label: -1.0)

--------------------

Q: Was Mother Theresa a follower of atheism?

A: A: Mother Teresa was a Roman Catholic nun and missionary.  
She dedicated her life to serving the poor and sick, based on her religious beliefs.  
Atheism is characterized by a lack of belief in deities, which is contrary to Mother Teresa's faith and devotion to God.  
Therefore, Mother Teresa cannot be considered a follower of atheism.   (Label: -1.0)

--------------------

Q: Was Mother Theresa a follower of atheism?

A: A: Mother Theresa was a Roman Catholic nun and missionary.   (Label: -1.0)

--------------------

Q: Was Mother Theresa a follower of atheism?

A: A: Mother Theresa was a Roman Catholic nun and missionary.  
She dedicated her life to serving the poor and sick, guided by her faith in God.   (Label: -1.0)

--------------------

Q: Was Mother Theresa a follower of atheism?

A: A: Mother Theresa was a Roman Catholic nun and missionary.  
She dedicated her life to serving the poor and sick, guided by her faith in God.  
Atheism is the absence of belief in any gods or deities.   (Label: -1.0)

--------------------

Q: Was Mother Theresa a follower of atheism?

A: A: Mother Theresa was a Roman Catholic nun and missionary.  
She dedicated her life to serving the poor and sick, guided by her faith in God.  
Atheism is the absence of belief in any gods or deities.  
Therefore, Mother Theresa's beliefs and actions were in direct opposition to atheism.   (Label: -1.0)

--------------------

Q: Has Elon Musk's hairline changed?

A: A: Elon Musk is known for being a prominent figure in the tech industry and has been in the public eye for many years.  (Label: -1.0)

--------------------

Q: Has Elon Musk's hairline changed?

A: A: Elon Musk is known for being a prominent figure in the tech industry and has been in the public eye for many years. 
Over time, images of him from different years show noticeable differences in his hairline.  (Label: -1.0)

--------------------

Q: Has Elon Musk's hairline changed?

A: A: Elon Musk is known for being a prominent figure in the tech industry and has been in the public eye for many years. 
Over time, images of him from different years show noticeable differences in his hairline. 
Some images suggest a receding hairline in the past, while more recent photos show a fuller appearance of hair.  (Label: -1.0)

--------------------

Q: Has Elon Musk's hairline changed?

A: A: Elon Musk is known for being a prominent figure in the tech industry and has been in the public eye for many years. 
Over time, images of him from different years show noticeable differences in his hairline. 
Some images suggest a receding hairline in the past, while more recent photos show a fuller appearance of hair. 
This indicates that there may have been either natural growth or cosmetic interventions regarding his hairline.  (Label: -1.0)

--------------------

Q: Has Elon Musk's hairline changed?

A: A: Elon Musk is a well-known billionaire entrepreneur. (Label: -1.0)

--------------------

Q: Has Elon Musk's hairline changed?

A: A: Elon Musk is a well-known billionaire entrepreneur.
Over the years, he has been in the public eye and has had various hairstyles. (Label: -1.0)

--------------------

Q: Has Elon Musk's hairline changed?

A: A: Elon Musk is a well-known billionaire entrepreneur.
Over the years, he has been in the public eye and has had various hairstyles.
There are numerous images showing his hairline at different times. (Label: -1.0)

--------------------

Q: Has Elon Musk's hairline changed?

A: A: Elon Musk is a well-known billionaire entrepreneur.
Over the years, he has been in the public eye and has had various hairstyles.
There are numerous images showing his hairline at different times.
Analysis of these images suggests that his hairline has appeared to change, becoming fuller in some instances. (Label: -1.0)

--------------------

Q: Has Elon Musk's hairline changed?

A: A: Elon Musk is a well-known billionaire entrepreneur.
Over the years, he has been in the public eye and has had various hairstyles.
There are numerous images showing his hairline at different times.
Analysis of these images suggests that his hairline has appeared to change, becoming fuller in some instances.
This has led to speculation about possible hair restoration techniques he may have used. (Label: -1.0)

--------------------

Q: Has Elon Musk's hairline changed?

A: A: Elon Musk is a public figure known for his innovations and ventures. (Label: -1.0)

--------------------

Q: Has Elon Musk's hairline changed?

A: A: Elon Musk is a public figure known for his innovations and ventures.
Hairlines can naturally change over time due to various factors like aging or hair loss. (Label: -1.0)

--------------------

Q: Has Elon Musk's hairline changed?

A: A: Elon Musk is a public figure known for his innovations and ventures.
Hairlines can naturally change over time due to various factors like aging or hair loss.
Elon Musk has been photographed over the years, and observers have noted changes in his hairline between different appearances. (Label: -1.0)

--------------------

Q: Has Elon Musk's hairline changed?

A: A: Elon Musk is a public figure known for his innovations and ventures.
Hairlines can naturally change over time due to various factors like aging or hair loss.
Elon Musk has been photographed over the years, and observers have noted changes in his hairline between different appearances.
There are discussions and speculations about whether he has undergone any procedures to alter his hairline. (Label: -1.0)

--------------------

Q: Has Elon Musk's hairline changed?

A: A: Elon Musk is a well-known entrepreneur and CEO of multiple companies. (Label: -1.0)

--------------------

Q: Has Elon Musk's hairline changed?

A: A: Elon Musk is a well-known entrepreneur and CEO of multiple companies.
Hairlines can change due to a variety of factors including age, health, and treatments. (Label: -1.0)

--------------------

Q: Has Elon Musk's hairline changed?

A: A: Elon Musk is a well-known entrepreneur and CEO of multiple companies.
Hairlines can change due to a variety of factors including age, health, and treatments.
Public images of Elon Musk show variations in his hair density and style over the years. (Label: -1.0)

--------------------

Q: Has Elon Musk's hairline changed?

A: A: Elon Musk is a well-known entrepreneur and CEO of multiple companies.
Hairlines can change due to a variety of factors including age, health, and treatments.
Public images of Elon Musk show variations in his hair density and style over the years.
There have been discussions and observations among fans and media regarding his changing hairline. (Label: -1.0)

--------------------

Q: Can a sea turtle play tennis using a tennis racket?

A: A: Sea turtles are aquatic animals that live in the ocean.   (Label: -1.0)

--------------------

Q: Can a sea turtle play tennis using a tennis racket?

A: A: Sea turtles are aquatic animals that live in the ocean.  
They have flippers designed for swimming, not for holding objects.   (Label: -1.0)

--------------------

Q: Can a sea turtle play tennis using a tennis racket?

A: A: Sea turtles are aquatic animals that live in the ocean.  
They have flippers designed for swimming, not for holding objects.  
Playing tennis requires dexterity and the ability to manipulate a racket.   (Label: -1.0)

--------------------

Q: Can a sea turtle play tennis using a tennis racket?

A: A: Sea turtles are aquatic animals that live in the ocean.  
They have flippers designed for swimming, not for holding objects.  
Playing tennis requires dexterity and the ability to manipulate a racket.  
Given their physical attributes and natural habitat, sea turtles are unable to engage in playing tennis.   (Label: -1.0)

--------------------

Q: Can a sea turtle play tennis using a tennis racket?

A: A: Sea turtles are marine reptiles found in oceans and seas. (Label: -1.0)

--------------------

Q: Can a sea turtle play tennis using a tennis racket?

A: A: Sea turtles are marine reptiles found in oceans and seas.
They have flippers designed for swimming, not for holding or manipulating objects. (Label: -1.0)

--------------------

Q: Can a sea turtle play tennis using a tennis racket?

A: A: Sea turtles are marine reptiles found in oceans and seas.
They have flippers designed for swimming, not for holding or manipulating objects.
Tennis requires the ability to grip a racket and perform actions with precision. (Label: -1.0)

--------------------

Q: Can a sea turtle play tennis using a tennis racket?

A: A: Sea turtles are marine reptiles found in oceans and seas.
They have flippers designed for swimming, not for holding or manipulating objects.
Tennis requires the ability to grip a racket and perform actions with precision.
Sea turtles do not possess the physical anatomy required to play tennis. (Label: -1.0)

--------------------

Q: Can a sea turtle play tennis using a tennis racket?

A: A: Sea turtles are aquatic reptiles that are adapted to living in the ocean.  (Label: -1.0)

--------------------

Q: Can a sea turtle play tennis using a tennis racket?

A: A: Sea turtles are aquatic reptiles that are adapted to living in the ocean. 
They have flippers for swimming, not hands for gripping objects like a racket.  (Label: -1.0)

--------------------

Q: Can a sea turtle play tennis using a tennis racket?

A: A: Sea turtles are aquatic reptiles that are adapted to living in the ocean. 
They have flippers for swimming, not hands for gripping objects like a racket. 
Tennis requires a human-like ability to hold and swing a racket, which sea turtles do not possess.  (Label: -1.0)

--------------------

Q: Can a sea turtle play tennis using a tennis racket?

A: A: Sea turtles are aquatic reptiles that are adapted to living in the ocean. 
They have flippers for swimming, not hands for gripping objects like a racket. 
Tennis requires a human-like ability to hold and swing a racket, which sea turtles do not possess. 
Therefore, it is physically impossible for a sea turtle to play tennis using a tennis racket. (Label: -1.0)

--------------------

Q: Can a sea turtle play tennis using a tennis racket?

A: A: Sea turtles are aquatic reptiles that primarily live in the ocean.  (Label: -1.0)

--------------------

Q: Can a sea turtle play tennis using a tennis racket?

A: A: Sea turtles are aquatic reptiles that primarily live in the ocean. 
They do not have the physical ability to hold or use a tennis racket, as they lack the appropriate limbs. (Label: -1.0)

--------------------

Q: Can a sea turtle play tennis using a tennis racket?

A: A: Sea turtles are aquatic reptiles that primarily live in the ocean. 
They do not have the physical ability to hold or use a tennis racket, as they lack the appropriate limbs.
Additionally, sea turtles are not capable of engaging in sports like tennis, which requires specific skills and coordination. (Label: -1.0)

--------------------

Q: Can a woman on average have a baby before wheat seed blooms?

A: A: The average gestation period for humans is about 9 months (approximately 280 days). (Label: -1.0)

--------------------

Q: Can a woman on average have a baby before wheat seed blooms?

A: A: The average gestation period for humans is about 9 months (approximately 280 days).
Wheat typically takes around 6 to 8 months from planting to blooming, depending on the variety and growing conditions. (Label: -1.0)

--------------------

Q: Can a woman on average have a baby before wheat seed blooms?

A: A: The average gestation period for humans is about 9 months (approximately 280 days).
Wheat typically takes around 6 to 8 months from planting to blooming, depending on the variety and growing conditions.
If we consider that wheat may bloom around 6 to 8 months after being sown, and since women have a baby in about 9 months on average, this means it's likely that a woman would give birth after the wheat has bloomed. (Label: -1.0)

--------------------

Q: Can a woman on average have a baby before wheat seed blooms?

A: A: The average gestation period for humans is about 9 months. (Label: -1.0)

--------------------

Q: Can a woman on average have a baby before wheat seed blooms?

A: A: The average gestation period for humans is about 9 months.
Wheat seeds typically bloom or flower in the spring after being planted in the fall. (Label: -1.0)

--------------------

Q: Can a woman on average have a baby before wheat seed blooms?

A: A: The average gestation period for humans is about 9 months.
Wheat seeds typically bloom or flower in the spring after being planted in the fall.
In most regions, wheat is planted in the fall and blooms in late spring. (Label: -1.0)

--------------------

Q: Can a woman on average have a baby before wheat seed blooms?

A: A: The average gestation period for humans is about 9 months.
Wheat seeds typically bloom or flower in the spring after being planted in the fall.
In most regions, wheat is planted in the fall and blooms in late spring.
This means that a baby can be born before wheat seeds bloom if the baby is conceived before the wheat is planted. (Label: -1.0)

--------------------

Q: Can a woman on average have a baby before wheat seed blooms?

A: A: The average gestation period for humans is about 9 months.
Wheat seeds typically bloom or flower in the spring after being planted in the fall.
In most regions, wheat is planted in the fall and blooms in late spring.
This means that a baby can be born before wheat seeds bloom if the baby is conceived before the wheat is planted.
#### Yes. (Label: -1.0)

--------------------

Q: Can a woman on average have a baby before wheat seed blooms?

A: A: The average gestation period for humans is about 9 months (approximately 40 weeks). (Label: -1.0)

--------------------

Q: Can a woman on average have a baby before wheat seed blooms?

A: A: The average gestation period for humans is about 9 months (approximately 40 weeks).
Wheat seeds typically germinate and bloom within a period of about 2 to 3 months after being planted. (Label: -1.0)

--------------------

Q: Can a woman on average have a baby before wheat seed blooms?

A: A: The average gestation period for humans is about 9 months (approximately 40 weeks).
Wheat seeds typically germinate and bloom within a period of about 2 to 3 months after being planted.
Since the average pregnancy lasts longer than the time it takes for wheat to bloom, a woman cannot typically have a baby before wheat seed blooms.  (Label: -1.0)

--------------------

Q: Can a woman on average have a baby before wheat seed blooms?

A: A: The average gestation period for a human baby is about 9 months (approximately 40 weeks). (Label: -1.0)

--------------------

Q: Can a woman on average have a baby before wheat seed blooms?

A: A: The average gestation period for a human baby is about 9 months (approximately 40 weeks).
Wheat typically flowers in the spring, depending on the variety and climate, usually 4 to 6 months after planting. (Label: -1.0)

--------------------

Q: Can a woman on average have a baby before wheat seed blooms?

A: A: The average gestation period for a human baby is about 9 months (approximately 40 weeks).
Wheat typically flowers in the spring, depending on the variety and climate, usually 4 to 6 months after planting.
Therefore, a woman can become pregnant and give birth before wheat seeds bloom if she conceives shortly after planting the wheat. (Label: -1.0)

--------------------

Q: Can a woman on average have a baby before wheat seed blooms?

A: A: The average gestation period for a human baby is about 9 months (approximately 40 weeks).
Wheat typically flowers in the spring, depending on the variety and climate, usually 4 to 6 months after planting.
Therefore, a woman can become pregnant and give birth before wheat seeds bloom if she conceives shortly after planting the wheat.
#### Yes. (Label: -1.0)

--------------------

Q: Are rainbows devoid of color made by mixing yin and yang colors?

A: A: Rainbows are optical phenomena that occur when light is refracted, reflected, and dispersed in water droplets. (Label: -1.0)

--------------------

Q: Are rainbows devoid of color made by mixing yin and yang colors?

A: A: Rainbows are optical phenomena that occur when light is refracted, reflected, and dispersed in water droplets.
Rainbows display a spectrum of colors: red, orange, yellow, green, blue, indigo, and violet. (Label: -1.0)

--------------------

Q: Are rainbows devoid of color made by mixing yin and yang colors?

A: A: Rainbows are optical phenomena that occur when light is refracted, reflected, and dispersed in water droplets.
Rainbows display a spectrum of colors: red, orange, yellow, green, blue, indigo, and violet.
The concept of yin and yang comes from Chinese philosophy and represents duality. (Label: -1.0)

--------------------

Q: Are rainbows devoid of color made by mixing yin and yang colors?

A: A: Rainbows are optical phenomena that occur when light is refracted, reflected, and dispersed in water droplets.
Rainbows display a spectrum of colors: red, orange, yellow, green, blue, indigo, and violet.
The concept of yin and yang comes from Chinese philosophy and represents duality.
Yin and yang colors are not standard categories of colors in the context of rainbows. (Label: -1.0)

--------------------

Q: Are rainbows devoid of color made by mixing yin and yang colors?

A: A: Rainbows are optical phenomena that occur when light is refracted, reflected, and dispersed in water droplets.
Rainbows display a spectrum of colors: red, orange, yellow, green, blue, indigo, and violet.
The concept of yin and yang comes from Chinese philosophy and represents duality.
Yin and yang colors are not standard categories of colors in the context of rainbows.
Thus, rainbows cannot be considered devoid of color, as they are characterized by a variety of distinct colors. (Label: -1.0)

--------------------

Q: Are rainbows devoid of color made by mixing yin and yang colors?

A: A: Rainbows are optical phenomena that occur when light is refracted, reflected, and dispersed in water droplets.
Rainbows display a spectrum of colors: red, orange, yellow, green, blue, indigo, and violet.
The concept of yin and yang comes from Chinese philosophy and represents duality.
Yin and yang colors are not standard categories of colors in the context of rainbows.
Thus, rainbows cannot be considered devoid of color, as they are characterized by a variety of distinct colors.
#### No. (Label: -1.0)

--------------------

Q: Are rainbows devoid of color made by mixing yin and yang colors?

A: A: Rainbows are optical phenomena that occur when light is refracted, reflected, and dispersed in water droplets, resulting in a spectrum of colors in the sky. (Label: -1.0)

--------------------

Q: Are rainbows devoid of color made by mixing yin and yang colors?

A: A: Rainbows are optical phenomena that occur when light is refracted, reflected, and dispersed in water droplets, resulting in a spectrum of colors in the sky.
Rainbows typically display seven main colors: red, orange, yellow, green, blue, indigo, and violet. (Label: -1.0)

--------------------

Q: Are rainbows devoid of color made by mixing yin and yang colors?

A: A: Rainbows are optical phenomena that occur when light is refracted, reflected, and dispersed in water droplets, resulting in a spectrum of colors in the sky.
Rainbows typically display seven main colors: red, orange, yellow, green, blue, indigo, and violet.
The concept of yin and yang originates from Chinese philosophy, representing dualities and balance in nature. (Label: -1.0)

--------------------

Q: Are rainbows devoid of color made by mixing yin and yang colors?

A: A: Rainbows are optical phenomena that occur when light is refracted, reflected, and dispersed in water droplets, resulting in a spectrum of colors in the sky.
Rainbows typically display seven main colors: red, orange, yellow, green, blue, indigo, and violet.
The concept of yin and yang originates from Chinese philosophy, representing dualities and balance in nature.
The phrase 'yin and yang colors' does not correspond to the scientific explanation of how rainbows form. (Label: -1.0)

--------------------

Q: Are rainbows devoid of color made by mixing yin and yang colors?

A: A: Rainbows are optical phenomena that occur when light is refracted, reflected, and dispersed in water droplets, resulting in a spectrum of colors in the sky.
Rainbows typically display seven main colors: red, orange, yellow, green, blue, indigo, and violet.
The concept of yin and yang originates from Chinese philosophy, representing dualities and balance in nature.
The phrase 'yin and yang colors' does not correspond to the scientific explanation of how rainbows form.
Therefore, rainbows are not devoid of color; they are characterized by a visible spectrum.  (Label: -1.0)

--------------------

Q: Are rainbows devoid of color made by mixing yin and yang colors?

A: A: Rainbows are optical phenomena that occur when light is refracted, reflected, and dispersed in water droplets, resulting in a spectrum of colors in the sky.
Rainbows typically display seven main colors: red, orange, yellow, green, blue, indigo, and violet.
The concept of yin and yang originates from Chinese philosophy, representing dualities and balance in nature.
The phrase 'yin and yang colors' does not correspond to the scientific explanation of how rainbows form.
Therefore, rainbows are not devoid of color; they are characterized by a visible spectrum. 
#### No. (Label: -1.0)

--------------------

Q: Are rainbows devoid of color made by mixing yin and yang colors?

A: A: Rainbows are natural phenomena caused by the dispersion of light, typically showing a spectrum of colors. (Label: -1.0)

--------------------

Q: Are rainbows devoid of color made by mixing yin and yang colors?

A: A: Rainbows are natural phenomena caused by the dispersion of light, typically showing a spectrum of colors.
Rainbows are generally made up of red, orange, yellow, green, blue, indigo, and violet. (Label: -1.0)

--------------------

Q: Are rainbows devoid of color made by mixing yin and yang colors?

A: A: Rainbows are natural phenomena caused by the dispersion of light, typically showing a spectrum of colors.
Rainbows are generally made up of red, orange, yellow, green, blue, indigo, and violet.
The concept of yin and yang comes from Chinese philosophy and represents complementary forces, not specific colors. (Label: -1.0)

--------------------

Q: Are rainbows devoid of color made by mixing yin and yang colors?

A: A: Rainbows are natural phenomena caused by the dispersion of light, typically showing a spectrum of colors.
Rainbows are generally made up of red, orange, yellow, green, blue, indigo, and violet.
The concept of yin and yang comes from Chinese philosophy and represents complementary forces, not specific colors.
Mixing colors related to yin and yang does not correlate to how rainbows are created or perceived. (Label: -1.0)

--------------------

Q: Are rainbows devoid of color made by mixing yin and yang colors?

A: A: Rainbows are natural phenomena caused by the dispersion of light, typically showing a spectrum of colors.
Rainbows are generally made up of red, orange, yellow, green, blue, indigo, and violet.
The concept of yin and yang comes from Chinese philosophy and represents complementary forces, not specific colors.
Mixing colors related to yin and yang does not correlate to how rainbows are created or perceived.
Therefore, rainbows cannot be described as being devoid of color nor linked directly to the yin and yang concept. (Label: -1.0)

--------------------

Q: Are rainbows devoid of color made by mixing yin and yang colors?

A: A: Rainbows are natural phenomena caused by the dispersion of light, typically showing a spectrum of colors.
Rainbows are generally made up of red, orange, yellow, green, blue, indigo, and violet.
The concept of yin and yang comes from Chinese philosophy and represents complementary forces, not specific colors.
Mixing colors related to yin and yang does not correlate to how rainbows are created or perceived.
Therefore, rainbows cannot be described as being devoid of color nor linked directly to the yin and yang concept.
 (Label: -1.0)

--------------------

Q: Are rainbows devoid of color made by mixing yin and yang colors?

A: A: Rainbows are natural phenomena caused by the dispersion of light, typically showing a spectrum of colors.
Rainbows are generally made up of red, orange, yellow, green, blue, indigo, and violet.
The concept of yin and yang comes from Chinese philosophy and represents complementary forces, not specific colors.
Mixing colors related to yin and yang does not correlate to how rainbows are created or perceived.
Therefore, rainbows cannot be described as being devoid of color nor linked directly to the yin and yang concept.

#### No. (Label: -1.0)

--------------------

Q: Are rainbows devoid of color made by mixing yin and yang colors?

A: A: A rainbow is a meteorological phenomenon caused by reflection, refraction, and dispersion of light, which typically contains the colors red, orange, yellow, green, blue, indigo, and violet.  (Label: -1.0)

--------------------

Q: Are rainbows devoid of color made by mixing yin and yang colors?

A: A: A rainbow is a meteorological phenomenon caused by reflection, refraction, and dispersion of light, which typically contains the colors red, orange, yellow, green, blue, indigo, and violet. 
The concept of "yin and yang" comes from Chinese philosophy and refers to dualism or the complementary forces in nature, but it does not directly correlate with the creation of rainbows or colors.  (Label: -1.0)

--------------------

Q: Are rainbows devoid of color made by mixing yin and yang colors?

A: A: A rainbow is a meteorological phenomenon caused by reflection, refraction, and dispersion of light, which typically contains the colors red, orange, yellow, green, blue, indigo, and violet. 
The concept of "yin and yang" comes from Chinese philosophy and refers to dualism or the complementary forces in nature, but it does not directly correlate with the creation of rainbows or colors. 
Rainbows are not devoid of color; they consist of a spectrum of colors when light is refracted through water droplets.  (Label: -1.0)

--------------------

Q: Are rainbows devoid of color made by mixing yin and yang colors?

A: A: A rainbow is a meteorological phenomenon caused by reflection, refraction, and dispersion of light, which typically contains the colors red, orange, yellow, green, blue, indigo, and violet. 
The concept of "yin and yang" comes from Chinese philosophy and refers to dualism or the complementary forces in nature, but it does not directly correlate with the creation of rainbows or colors. 
Rainbows are not devoid of color; they consist of a spectrum of colors when light is refracted through water droplets. 
Therefore, rainbows are not created by mixing yin and yang colors as they instead represent light spectrum colors (Label: -1.0)

--------------------

Q: Is Edgar Allan Poe obscure in the world of horror fiction?

A: A: Edgar Allan Poe is considered one of the foundational figures in American literature. (Label: -1.0)

--------------------

Q: Is Edgar Allan Poe obscure in the world of horror fiction?

A: A: Edgar Allan Poe is considered one of the foundational figures in American literature.
He is well-known for his contributions to the horror genre, particularly with works like "The Tell-Tale Heart" and "The Fall of the House of Usher." (Label: -1.0)

--------------------

Q: Is Edgar Allan Poe obscure in the world of horror fiction?

A: A: Edgar Allan Poe is considered one of the foundational figures in American literature.
He is well-known for his contributions to the horror genre, particularly with works like "The Tell-Tale Heart" and "The Fall of the House of Usher."
Poe's influence extends to many modern horror writers and filmmakers. (Label: -1.0)

--------------------

Q: Is Edgar Allan Poe obscure in the world of horror fiction?

A: A: Edgar Allan Poe is considered one of the foundational figures in American literature.
He is well-known for his contributions to the horror genre, particularly with works like "The Tell-Tale Heart" and "The Fall of the House of Usher."
Poe's influence extends to many modern horror writers and filmmakers.
His work is studied in literature classes and frequently referenced in popular culture. (Label: -1.0)

--------------------

Q: Is Edgar Allan Poe obscure in the world of horror fiction?

A: A: Edgar Allan Poe is a well-known American writer. (Label: -1.0)

--------------------

Q: Is Edgar Allan Poe obscure in the world of horror fiction?

A: A: Edgar Allan Poe is a well-known American writer.
He is recognized as a master of horror fiction and gothic literature. (Label: -1.0)

--------------------

Q: Is Edgar Allan Poe obscure in the world of horror fiction?

A: A: Edgar Allan Poe is a well-known American writer.
He is recognized as a master of horror fiction and gothic literature.
Poe's works, such as "The Tell-Tale Heart" and "The Raven," are frequently studied and celebrated. (Label: -1.0)

--------------------

Q: Is Edgar Allan Poe obscure in the world of horror fiction?

A: A: Edgar Allan Poe is a well-known American writer.
He is recognized as a master of horror fiction and gothic literature.
Poe's works, such as "The Tell-Tale Heart" and "The Raven," are frequently studied and celebrated.
He has had a significant influence on both the horror genre and literature in general. (Label: -1.0)

--------------------

Q: Is Edgar Allan Poe obscure in the world of horror fiction?

A: A: Edgar Allan Poe is considered one of the pioneers of horror fiction.   (Label: -1.0)

--------------------

Q: Is Edgar Allan Poe obscure in the world of horror fiction?

A: A: Edgar Allan Poe is considered one of the pioneers of horror fiction.  
He is well-known for his macabre and gothic tales, such as "The Tell-Tale Heart" and "The Fall of the House of Usher."   (Label: -1.0)

--------------------

Q: Is Edgar Allan Poe obscure in the world of horror fiction?

A: A: Edgar Allan Poe is considered one of the pioneers of horror fiction.  
He is well-known for his macabre and gothic tales, such as "The Tell-Tale Heart" and "The Fall of the House of Usher."  
His work has had a lasting impact on literature and has influenced many modern horror writers.   (Label: -1.0)

--------------------

Q: Is Edgar Allan Poe obscure in the world of horror fiction?

A: A: Edgar Allan Poe is considered one of the pioneers of horror fiction.  
He is well-known for his macabre and gothic tales, such as "The Tell-Tale Heart" and "The Fall of the House of Usher."  
His work has had a lasting impact on literature and has influenced many modern horror writers.  
Poe's works are widely studied and referenced in discussions about horror fiction.   (Label: -1.0)

--------------------

Q: Is Edgar Allan Poe obscure in the world of horror fiction?

A: A: Edgar Allan Poe is known as one of the key figures in the development of horror fiction.  (Label: -1.0)

--------------------

Q: Is Edgar Allan Poe obscure in the world of horror fiction?

A: A: Edgar Allan Poe is known as one of the key figures in the development of horror fiction. 
His works, such as "The Tell-Tale Heart" and "The Raven," are widely studied and celebrated in literature.  (Label: -1.0)

--------------------

Q: Is Edgar Allan Poe obscure in the world of horror fiction?

A: A: Edgar Allan Poe is known as one of the key figures in the development of horror fiction. 
His works, such as "The Tell-Tale Heart" and "The Raven," are widely studied and celebrated in literature. 
Poe's influence on both horror and detective fiction is significant, and he is frequently cited as an inspiration by modern horror writers.  (Label: -1.0)

--------------------

Q: Is Edgar Allan Poe obscure in the world of horror fiction?

A: A: Edgar Allan Poe is known as one of the key figures in the development of horror fiction. 
His works, such as "The Tell-Tale Heart" and "The Raven," are widely studied and celebrated in literature. 
Poe's influence on both horror and detective fiction is significant, and he is frequently cited as an inspiration by modern horror writers. 
Therefore, he is not considered obscure in the world of horror fiction.  (Label: -1.0)

--------------------

Q: Could the Dominican Order hypothetically defeat Blessed Gerard's order?

A: A: The Dominican Order is a Catholic religious order founded by Saint Dominic in the early 13th century, focused on preaching, teaching, and scholarly pursuits.  (Label: -1.0)

--------------------

Q: Could the Dominican Order hypothetically defeat Blessed Gerard's order?

A: A: The Dominican Order is a Catholic religious order founded by Saint Dominic in the early 13th century, focused on preaching, teaching, and scholarly pursuits. 
 (Label: -1.0)

--------------------

Q: Could the Dominican Order hypothetically defeat Blessed Gerard's order?

A: A: The Dominican Order is a Catholic religious order founded by Saint Dominic in the early 13th century, focused on preaching, teaching, and scholarly pursuits. 

Blessed Gerard founded the Order of the Knights of Saint John in the late 11th century, primarily focused on providing care for the sick and defending the faith. (Label: -1.0)

--------------------

Q: Could the Dominican Order hypothetically defeat Blessed Gerard's order?

A: A: The Dominican Order is a Catholic religious order founded by Saint Dominic in the early 13th century, focused on preaching, teaching, and scholarly pursuits. 

Blessed Gerard founded the Order of the Knights of Saint John in the late 11th century, primarily focused on providing care for the sick and defending the faith.
 (Label: -1.0)

--------------------

Q: Could the Dominican Order hypothetically defeat Blessed Gerard's order?

A: A: The Dominican Order is a Catholic religious order founded by Saint Dominic in the early 13th century, focused on preaching, teaching, and scholarly pursuits. 

Blessed Gerard founded the Order of the Knights of Saint John in the late 11th century, primarily focused on providing care for the sick and defending the faith.

While both orders have distinct missions and purposes, they exist in different contexts and are not designed to compete in a military sense. (Label: -1.0)

--------------------

Q: Could the Dominican Order hypothetically defeat Blessed Gerard's order?

A: A: The Dominican Order is a Catholic religious order founded by Saint Dominic in the early 13th century, focused on preaching, teaching, and scholarly pursuits. 

Blessed Gerard founded the Order of the Knights of Saint John in the late 11th century, primarily focused on providing care for the sick and defending the faith.

While both orders have distinct missions and purposes, they exist in different contexts and are not designed to compete in a military sense.
 (Label: -1.0)

--------------------

Q: Could the Dominican Order hypothetically defeat Blessed Gerard's order?

A: A: The Dominican Order is a Catholic religious order founded by Saint Dominic in the early 13th century, focused on preaching, teaching, and scholarly pursuits. 

Blessed Gerard founded the Order of the Knights of Saint John in the late 11th century, primarily focused on providing care for the sick and defending the faith.

While both orders have distinct missions and purposes, they exist in different contexts and are not designed to compete in a military sense.

Hypothetically, if a conflict were to arise, the capacity to "defeat" would depend on many factors like leadership, numbers, strategies, and the context of the encounter. (Label: -1.0)

--------------------

Q: Could the Dominican Order hypothetically defeat Blessed Gerard's order?

A: A: The Dominican Order is a religious order founded in the early 13th century focused on preaching and teaching. (Label: -1.0)

--------------------

Q: Could the Dominican Order hypothetically defeat Blessed Gerard's order?

A: A: The Dominican Order is a religious order founded in the early 13th century focused on preaching and teaching.
Blessed Gerard's order, known as the Knights Hospitaller, was established earlier to provide care for sick and injured pilgrims. (Label: -1.0)

--------------------

Q: Could the Dominican Order hypothetically defeat Blessed Gerard's order?

A: A: The Dominican Order is a religious order founded in the early 13th century focused on preaching and teaching.
Blessed Gerard's order, known as the Knights Hospitaller, was established earlier to provide care for sick and injured pilgrims.
The two orders have distinct missions and purposes; Dominicans emphasize education and preaching, while the Knights Hospitaller focus on hospitality and medical care. (Label: -1.0)

--------------------

Q: Could the Dominican Order hypothetically defeat Blessed Gerard's order?

A: A: The Dominican Order is a religious order founded in the early 13th century focused on preaching and teaching.
Blessed Gerard's order, known as the Knights Hospitaller, was established earlier to provide care for sick and injured pilgrims.
The two orders have distinct missions and purposes; Dominicans emphasize education and preaching, while the Knights Hospitaller focus on hospitality and medical care.
In a hypothetical confrontation, the outcome would depend on various factors such as context, objectives, and resources, rather than a straightforward defeat or victory. (Label: -1.0)

--------------------

Q: Could the Dominican Order hypothetically defeat Blessed Gerard's order?

A: A: The Dominican Order is a religious order founded in the early 13th century focused on preaching and teaching.
Blessed Gerard's order, known as the Knights Hospitaller, was established earlier to provide care for sick and injured pilgrims.
The two orders have distinct missions and purposes; Dominicans emphasize education and preaching, while the Knights Hospitaller focus on hospitality and medical care.
In a hypothetical confrontation, the outcome would depend on various factors such as context, objectives, and resources, rather than a straightforward defeat or victory.
Since the question is hypothetical and complex, it cannot be definitively answered with a straightforward yes or no. (Label: -1.0)

--------------------

Q: Could the Dominican Order hypothetically defeat Blessed Gerard's order?

A: A: The Dominican Order is a Catholic religious order founded in the early 13th century, primarily focusing on preaching, teaching, and scholarship. Blessed Gerard's order, likely referring to the Knights of Malta, was established in the 11th century and focused on providing care for the sick and wounded, as well as serving in military defense.  (Label: -1.0)

--------------------

Q: Could the Dominican Order hypothetically defeat Blessed Gerard's order?

A: A: The Dominican Order is a Catholic religious order founded in the early 13th century, primarily focusing on preaching, teaching, and scholarship. Blessed Gerard's order, likely referring to the Knights of Malta, was established in the 11th century and focused on providing care for the sick and wounded, as well as serving in military defense. 
 (Label: -1.0)

--------------------

Q: Could the Dominican Order hypothetically defeat Blessed Gerard's order?

A: A: The Dominican Order is a Catholic religious order founded in the early 13th century, primarily focusing on preaching, teaching, and scholarship. Blessed Gerard's order, likely referring to the Knights of Malta, was established in the 11th century and focused on providing care for the sick and wounded, as well as serving in military defense. 

In a hypothetical scenario, a comparison of the two orders would depend on context, such as the type of 'defeat' being referenced—military engagement, theological debate, or social influence. Historically, both orders have different missions and accomplishments within the Catholic Church. (Label: -1.0)

--------------------

Q: Could the Dominican Order hypothetically defeat Blessed Gerard's order?

A: A: The Dominican Order is a Catholic religious order founded in the early 13th century, primarily focusing on preaching, teaching, and scholarship. Blessed Gerard's order, likely referring to the Knights of Malta, was established in the 11th century and focused on providing care for the sick and wounded, as well as serving in military defense. 

In a hypothetical scenario, a comparison of the two orders would depend on context, such as the type of 'defeat' being referenced—military engagement, theological debate, or social influence. Historically, both orders have different missions and accomplishments within the Catholic Church.
 (Label: -1.0)

--------------------

Q: Could the Dominican Order hypothetically defeat Blessed Gerard's order?

A: A: The Dominican Order is a Catholic religious order founded in the early 13th century, primarily focusing on preaching, teaching, and scholarship. Blessed Gerard's order, likely referring to the Knights of Malta, was established in the 11th century and focused on providing care for the sick and wounded, as well as serving in military defense. 

In a hypothetical scenario, a comparison of the two orders would depend on context, such as the type of 'defeat' being referenced—military engagement, theological debate, or social influence. Historically, both orders have different missions and accomplishments within the Catholic Church.

Since they serve different purposes (Label: -1.0)

--------------------

Q: Could the Dominican Order hypothetically defeat Blessed Gerard's order?

A: A: The Dominican Order is a Roman Catholic religious order founded in the early 13th century, known for its emphasis on preaching and teaching. (Label: -1.0)

--------------------

Q: Could the Dominican Order hypothetically defeat Blessed Gerard's order?

A: A: The Dominican Order is a Roman Catholic religious order founded in the early 13th century, known for its emphasis on preaching and teaching.
Blessed Gerard's order, known as the Knights Hospitaller, was established to provide care for the sick and poor, and later became a military order. (Label: -1.0)

--------------------

Q: Could the Dominican Order hypothetically defeat Blessed Gerard's order?

A: A: The Dominican Order is a Roman Catholic religious order founded in the early 13th century, known for its emphasis on preaching and teaching.
Blessed Gerard's order, known as the Knights Hospitaller, was established to provide care for the sick and poor, and later became a military order.
When considering the combat capabilities, the Knights Hospitaller were primarily a military order focused on warfare. (Label: -1.0)

--------------------

Q: Could the Dominican Order hypothetically defeat Blessed Gerard's order?

A: A: The Dominican Order is a Roman Catholic religious order founded in the early 13th century, known for its emphasis on preaching and teaching.
Blessed Gerard's order, known as the Knights Hospitaller, was established to provide care for the sick and poor, and later became a military order.
When considering the combat capabilities, the Knights Hospitaller were primarily a military order focused on warfare.
The Dominican Order is not primarily a military order but focuses on education and directing the life of the intellect in faith. (Label: -1.0)

--------------------

Q: Could the Dominican Order hypothetically defeat Blessed Gerard's order?

A: A: The Dominican Order is a Roman Catholic religious order founded in the early 13th century, known for its emphasis on preaching and teaching.
Blessed Gerard's order, known as the Knights Hospitaller, was established to provide care for the sick and poor, and later became a military order.
When considering the combat capabilities, the Knights Hospitaller were primarily a military order focused on warfare.
The Dominican Order is not primarily a military order but focuses on education and directing the life of the intellect in faith.
In a hypothetical scenario of pure combat between the two orders, the militaristic training of Blessed Gerard's order would give them (Label: -1.0)

--------------------

Q: Does taking ukemi halt kinetic energy?

A: A: Ukemi is a technique in martial arts used to safely fall without injury. (Label: -1.0)

--------------------

Q: Does taking ukemi halt kinetic energy?

A: A: Ukemi is a technique in martial arts used to safely fall without injury.
When taking ukemi, an individual seeks to dissipate the energy of their fall. (Label: -1.0)

--------------------

Q: Does taking ukemi halt kinetic energy?

A: A: Ukemi is a technique in martial arts used to safely fall without injury.
When taking ukemi, an individual seeks to dissipate the energy of their fall.
This involves rolling or distributing the force over a larger area to minimize impact. (Label: -1.0)

--------------------

Q: Does taking ukemi halt kinetic energy?

A: A: Ukemi is a technique in martial arts used to safely fall without injury.
When taking ukemi, an individual seeks to dissipate the energy of their fall.
This involves rolling or distributing the force over a larger area to minimize impact.
While ukemi does not completely halt kinetic energy, it reduces the harmful effects of the energy involved during the fall. (Label: -1.0)

--------------------

Q: Does taking ukemi halt kinetic energy?

A: A: Ukemi is a technique in martial arts used to safely fall without injury.
When taking ukemi, an individual seeks to dissipate the energy of their fall.
This involves rolling or distributing the force over a larger area to minimize impact.
While ukemi does not completely halt kinetic energy, it reduces the harmful effects of the energy involved during the fall.
Thus, taking ukemi does not entirely stop kinetic energy, but rather manages its consequences. (Label: -1.0)

--------------------

Q: Does taking ukemi halt kinetic energy?

A: A: Ukemi is a technique used in martial arts to safely fall or roll without injury.  (Label: -1.0)

--------------------

Q: Does taking ukemi halt kinetic energy?

A: A: Ukemi is a technique used in martial arts to safely fall or roll without injury. 
When practicing ukemi, an individual absorbs and disperses the kinetic energy generated by their own movement and the force of an incoming attack.  (Label: -1.0)

--------------------

Q: Does taking ukemi halt kinetic energy?

A: A: Ukemi is a technique used in martial arts to safely fall or roll without injury. 
When practicing ukemi, an individual absorbs and disperses the kinetic energy generated by their own movement and the force of an incoming attack. 
The technique does not halt kinetic energy; instead, it helps to mitigate its effects, allowing for a safer fall or transition.  (Label: -1.0)

--------------------

Q: Does taking ukemi halt kinetic energy?

A: A: Ukemi is a technique used in martial arts to safely fall or roll without injury. 
When practicing ukemi, an individual absorbs and disperses the kinetic energy generated by their own movement and the force of an incoming attack. 
The technique does not halt kinetic energy; instead, it helps to mitigate its effects, allowing for a safer fall or transition. 
Thus, while ukemi manages the energy involved, it does not completely stop kinetic energy itself.  (Label: -1.0)

--------------------

Q: Does taking ukemi halt kinetic energy?

A: A: Ukemi is a Japanese term for a technique of falling safely, used in martial arts to minimize injury when taking a fall.   (Label: -1.0)

--------------------

Q: Does taking ukemi halt kinetic energy?

A: A: Ukemi is a Japanese term for a technique of falling safely, used in martial arts to minimize injury when taking a fall.  
Kinetic energy is the energy an object has due to its motion.   (Label: -1.0)

--------------------

Q: Does taking ukemi halt kinetic energy?

A: A: Ukemi is a Japanese term for a technique of falling safely, used in martial arts to minimize injury when taking a fall.  
Kinetic energy is the energy an object has due to its motion.  
Taking ukemi allows a practitioner to absorb and dissipate the force of a fall, thereby reducing potential injury.   (Label: -1.0)

--------------------

Q: Does taking ukemi halt kinetic energy?

A: A: Ukemi is a Japanese term for a technique of falling safely, used in martial arts to minimize injury when taking a fall.  
Kinetic energy is the energy an object has due to its motion.  
Taking ukemi allows a practitioner to absorb and dissipate the force of a fall, thereby reducing potential injury.  
However, it does not halt kinetic energy; rather, it redistributes the energy to avoid harm while the kinetic energy remains present.   (Label: -1.0)

--------------------

Q: Does taking ukemi halt kinetic energy?

A: A: Ukemi is a technique used in martial arts, particularly in judo and aikido, which involves falling or rolling safely to avoid injury when thrown or pushed.  (Label: -1.0)

--------------------

Q: Does taking ukemi halt kinetic energy?

A: A: Ukemi is a technique used in martial arts, particularly in judo and aikido, which involves falling or rolling safely to avoid injury when thrown or pushed. 
Kinetic energy is the energy that an object possesses due to its motion.  (Label: -1.0)

--------------------

Q: Does taking ukemi halt kinetic energy?

A: A: Ukemi is a technique used in martial arts, particularly in judo and aikido, which involves falling or rolling safely to avoid injury when thrown or pushed. 
Kinetic energy is the energy that an object possesses due to its motion. 
Taking ukemi does not inherently halt kinetic energy; it allows a practitioner to safely absorb and dissipate the energy of the fall, but does not stop the energy itself from existing.  (Label: -1.0)

--------------------

Q: Does taking ukemi halt kinetic energy?

A: A: Ukemi is a technique used in martial arts, particularly in judo and aikido, which involves falling or rolling safely to avoid injury when thrown or pushed. 
Kinetic energy is the energy that an object possesses due to its motion. 
Taking ukemi does not inherently halt kinetic energy; it allows a practitioner to safely absorb and dissipate the energy of the fall, but does not stop the energy itself from existing. 
Therefore, while ukemi mitigates the effects of kinetic energy on the body, it does not halt the energy from being present in the system.  (Label: -1.0)

--------------------

Q: Do depressed people travel to the Golden Gate Bridge often?

A: A: The Golden Gate Bridge is a popular tourist destination in San Francisco, California.  (Label: -1.0)

--------------------

Q: Do depressed people travel to the Golden Gate Bridge often?

A: A: The Golden Gate Bridge is a popular tourist destination in San Francisco, California. 
Many people, including those experiencing depression, might visit significant landmarks to reflect on their thoughts or seek solace.  (Label: -1.0)

--------------------

Q: Do depressed people travel to the Golden Gate Bridge often?

A: A: The Golden Gate Bridge is a popular tourist destination in San Francisco, California. 
Many people, including those experiencing depression, might visit significant landmarks to reflect on their thoughts or seek solace. 
However, there is no specific data or evidence indicating that depressed people travel to the Golden Gate Bridge more frequently than others.  (Label: -1.0)

--------------------

Q: Do depressed people travel to the Golden Gate Bridge often?

A: A: The Golden Gate Bridge is a popular tourist destination in San Francisco, California. 
Many people, including those experiencing depression, might visit significant landmarks to reflect on their thoughts or seek solace. 
However, there is no specific data or evidence indicating that depressed people travel to the Golden Gate Bridge more frequently than others. 
Travel habits vary greatly among individuals and are influenced by many factors beyond mental health status.  (Label: -1.0)

--------------------

Q: Do depressed people travel to the Golden Gate Bridge often?

A: A: The Golden Gate Bridge is a popular tourist destination in San Francisco, California. 
Many people, including those experiencing depression, might visit significant landmarks to reflect on their thoughts or seek solace. 
However, there is no specific data or evidence indicating that depressed people travel to the Golden Gate Bridge more frequently than others. 
Travel habits vary greatly among individuals and are influenced by many factors beyond mental health status. 
#### No. (Label: -1.0)

--------------------

Q: Do depressed people travel to the Golden Gate Bridge often?

A: A: The Golden Gate Bridge is a popular tourist attraction in San Francisco, California.  (Label: -1.0)

--------------------

Q: Do depressed people travel to the Golden Gate Bridge often?

A: A: The Golden Gate Bridge is a popular tourist attraction in San Francisco, California. 
Many people, including tourists and locals, visit the bridge for its scenic views and historical significance.  (Label: -1.0)

--------------------

Q: Do depressed people travel to the Golden Gate Bridge often?

A: A: The Golden Gate Bridge is a popular tourist attraction in San Francisco, California. 
Many people, including tourists and locals, visit the bridge for its scenic views and historical significance. 
Depression can affect people's behavior and motivation, leading some to seek out places that resonate with their feelings, including locations associated with sadness. (Label: -1.0)

--------------------

Q: Do depressed people travel to the Golden Gate Bridge often?

A: A: The Golden Gate Bridge is a popular tourist attraction in San Francisco, California. 
Many people, including tourists and locals, visit the bridge for its scenic views and historical significance. 
Depression can affect people's behavior and motivation, leading some to seek out places that resonate with their feelings, including locations associated with sadness.
There have been instances where the Golden Gate Bridge is referenced in conversations about mental health due to its tragic history. (Label: -1.0)

--------------------

Q: Do depressed people travel to the Golden Gate Bridge often?

A: A: The Golden Gate Bridge is a popular tourist attraction in San Francisco, California. 
Many people, including tourists and locals, visit the bridge for its scenic views and historical significance. 
Depression can affect people's behavior and motivation, leading some to seek out places that resonate with their feelings, including locations associated with sadness.
There have been instances where the Golden Gate Bridge is referenced in conversations about mental health due to its tragic history.
However, whether depressed individuals specifically travel to the bridge often is not universally established and varies from person to person. (Label: -1.0)

--------------------

Q: Do depressed people travel to the Golden Gate Bridge often?

A: A: The Golden Gate Bridge is a popular tourist attraction in San Francisco, California. 
Many people, including tourists and locals, visit the bridge for its scenic views and historical significance. 
Depression can affect people's behavior and motivation, leading some to seek out places that resonate with their feelings, including locations associated with sadness.
There have been instances where the Golden Gate Bridge is referenced in conversations about mental health due to its tragic history.
However, whether depressed individuals specifically travel to the bridge often is not universally established and varies from person to person.
#### No. (Label: -1.0)

--------------------

Q: Do depressed people travel to the Golden Gate Bridge often?

A: A: The Golden Gate Bridge is a popular tourist attraction located in San Francisco, California. Many visitors, including those who may be experiencing depression, may choose to visit the bridge for various reasons, such as its beauty, to connect with nature, or to seek solace. There are also instances where the bridge has been associated with tragic events, leading to discussions about mental health. However, this does not indicate that depressed people travel to the bridge more often than others.  (Label: -1.0)

--------------------

Q: Do depressed people travel to the Golden Gate Bridge often?

A: A: The Golden Gate Bridge is a popular tourist attraction located in San Francisco, California. Many visitors, including those who may be experiencing depression, may choose to visit the bridge for various reasons, such as its beauty, to connect with nature, or to seek solace. There are also instances where the bridge has been associated with tragic events, leading to discussions about mental health. However, this does not indicate that depressed people travel to the bridge more often than others. 
 (Label: -1.0)

--------------------

Q: Do depressed people travel to the Golden Gate Bridge often?

A: A: The Golden Gate Bridge is a popular tourist attraction located in San Francisco, California. Many visitors, including those who may be experiencing depression, may choose to visit the bridge for various reasons, such as its beauty, to connect with nature, or to seek solace. There are also instances where the bridge has been associated with tragic events, leading to discussions about mental health. However, this does not indicate that depressed people travel to the bridge more often than others. 

Thus, without specific statistical evidence or studies showing the frequency of visits by depressed individuals to the Golden Gate Bridge, one cannot definitively say if depressed people travel there often. (Label: -1.0)

--------------------

Q: Do depressed people travel to the Golden Gate Bridge often?

A: A: The Golden Gate Bridge is a famous landmark in San Francisco, attracting many tourists. (Label: -1.0)

--------------------

Q: Do depressed people travel to the Golden Gate Bridge often?

A: A: The Golden Gate Bridge is a famous landmark in San Francisco, attracting many tourists.
Depression can lead some individuals to seek solitude or places that evoke deep emotions, which might include iconic locations like the Golden Gate Bridge. (Label: -1.0)

--------------------

Q: Do depressed people travel to the Golden Gate Bridge often?

A: A: The Golden Gate Bridge is a famous landmark in San Francisco, attracting many tourists.
Depression can lead some individuals to seek solitude or places that evoke deep emotions, which might include iconic locations like the Golden Gate Bridge.
However, it is not specific to all depressed individuals to travel there often. (Label: -1.0)

--------------------

Q: Do depressed people travel to the Golden Gate Bridge often?

A: A: The Golden Gate Bridge is a famous landmark in San Francisco, attracting many tourists.
Depression can lead some individuals to seek solitude or places that evoke deep emotions, which might include iconic locations like the Golden Gate Bridge.
However, it is not specific to all depressed individuals to travel there often.
The frequency of visits to the Golden Gate Bridge by depressed people is not well-documented or supported by research. (Label: -1.0)

--------------------

Q: Do depressed people travel to the Golden Gate Bridge often?

A: A: The Golden Gate Bridge is a famous landmark in San Francisco, attracting many tourists.
Depression can lead some individuals to seek solitude or places that evoke deep emotions, which might include iconic locations like the Golden Gate Bridge.
However, it is not specific to all depressed individuals to travel there often.
The frequency of visits to the Golden Gate Bridge by depressed people is not well-documented or supported by research.
#### No. (Label: -1.0)

--------------------

Q: Will Tokyo Tower be repainted only once during President Trump's first term?

A: A: Tokyo Tower is a famous landmark in Tokyo, Japan.  (Label: -1.0)

--------------------

Q: Will Tokyo Tower be repainted only once during President Trump's first term?

A: A: Tokyo Tower is a famous landmark in Tokyo, Japan. 
There are no records indicating that Tokyo Tower was repainted only once during President Trump's first term (2017-2021). (Label: -1.0)

--------------------

Q: Will Tokyo Tower be repainted only once during President Trump's first term?

A: A: Tokyo Tower is a famous landmark in Tokyo, Japan. 
There are no records indicating that Tokyo Tower was repainted only once during President Trump's first term (2017-2021).
Maintenance and repainting of landmarks like Tokyo Tower are usually done periodically, typically every few years, to prevent deterioration. (Label: -1.0)

--------------------

Q: Will Tokyo Tower be repainted only once during President Trump's first term?

A: A: Tokyo Tower is a famous landmark in Tokyo, Japan. 
There are no records indicating that Tokyo Tower was repainted only once during President Trump's first term (2017-2021).
Maintenance and repainting of landmarks like Tokyo Tower are usually done periodically, typically every few years, to prevent deterioration.
The specifics regarding repainting during any political term would not generally apply, as such operations are determined by local authorities based on necessity rather than political timelines. (Label: -1.0)

--------------------

Q: Will Tokyo Tower be repainted only once during President Trump's first term?

A: A: Tokyo Tower is a famous landmark in Tokyo, Japan. 
There are no records indicating that Tokyo Tower was repainted only once during President Trump's first term (2017-2021).
Maintenance and repainting of landmarks like Tokyo Tower are usually done periodically, typically every few years, to prevent deterioration.
The specifics regarding repainting during any political term would not generally apply, as such operations are determined by local authorities based on necessity rather than political timelines.
#### No. (Label: -1.0)

--------------------

Q: Will Tokyo Tower be repainted only once during President Trump's first term?

A: A: Tokyo Tower is a famous landmark in Japan.  (Label: -1.0)

--------------------

Q: Will Tokyo Tower be repainted only once during President Trump's first term?

A: A: Tokyo Tower is a famous landmark in Japan. 
It was completed in 1958 and has been repainted multiple times since then to maintain its appearance.  (Label: -1.0)

--------------------

Q: Will Tokyo Tower be repainted only once during President Trump's first term?

A: A: Tokyo Tower is a famous landmark in Japan. 
It was completed in 1958 and has been repainted multiple times since then to maintain its appearance. 
During President Trump's first term, which lasted from January 2017 to January 2021, it is reasonable to assume that the tower could require painting to preserve its structure. However, there is no specific record indicating that it would be repainted only once during that time frame.  (Label: -1.0)

--------------------

Q: Will Tokyo Tower be repainted only once during President Trump's first term?

A: A: Tokyo Tower is a famous landmark in Japan. 
It was completed in 1958 and has been repainted multiple times since then to maintain its appearance. 
During President Trump's first term, which lasted from January 2017 to January 2021, it is reasonable to assume that the tower could require painting to preserve its structure. However, there is no specific record indicating that it would be repainted only once during that time frame. 
Repainting is typically done as needed, not limited to a specific number of times in a term of office.  (Label: -1.0)

--------------------

Q: Will Tokyo Tower be repainted only once during President Trump's first term?

A: A: Tokyo Tower is a famous landmark in Japan. 
It was completed in 1958 and has been repainted multiple times since then to maintain its appearance. 
During President Trump's first term, which lasted from January 2017 to January 2021, it is reasonable to assume that the tower could require painting to preserve its structure. However, there is no specific record indicating that it would be repainted only once during that time frame. 
Repainting is typically done as needed, not limited to a specific number of times in a term of office. 
#### No. (Label: -1.0)

--------------------

Q: Will Tokyo Tower be repainted only once during President Trump's first term?

A: A: Tokyo Tower is located in Japan.  (Label: -1.0)

--------------------

Q: Will Tokyo Tower be repainted only once during President Trump's first term?

A: A: Tokyo Tower is located in Japan. 
It was completed in 1958 and is an iconic landmark.  (Label: -1.0)

--------------------

Q: Will Tokyo Tower be repainted only once during President Trump's first term?

A: A: Tokyo Tower is located in Japan. 
It was completed in 1958 and is an iconic landmark. 
Repainting of Tokyo Tower is a maintenance task that occurs periodically to preserve its structure and appearance.  (Label: -1.0)

--------------------

Q: Will Tokyo Tower be repainted only once during President Trump's first term?

A: A: Tokyo Tower is located in Japan. 
It was completed in 1958 and is an iconic landmark. 
Repainting of Tokyo Tower is a maintenance task that occurs periodically to preserve its structure and appearance. 
The frequency of repainting is typically determined by the condition of the paint and weather factors, not by political terms in other countries.  (Label: -1.0)

--------------------

Q: Will Tokyo Tower be repainted only once during President Trump's first term?

A: A: Tokyo Tower is located in Japan. 
It was completed in 1958 and is an iconic landmark. 
Repainting of Tokyo Tower is a maintenance task that occurs periodically to preserve its structure and appearance. 
The frequency of repainting is typically determined by the condition of the paint and weather factors, not by political terms in other countries. 
President Trump served from January 2017 to January 2021, and there are no records indicating that the tower was repainted only once during that time frame.  (Label: -1.0)

--------------------

Q: Will Tokyo Tower be repainted only once during President Trump's first term?

A: A: Tokyo Tower is located in Japan. 
It was completed in 1958 and is an iconic landmark. 
Repainting of Tokyo Tower is a maintenance task that occurs periodically to preserve its structure and appearance. 
The frequency of repainting is typically determined by the condition of the paint and weather factors, not by political terms in other countries. 
President Trump served from January 2017 to January 2021, and there are no records indicating that the tower was repainted only once during that time frame. 
 (Label: -1.0)

--------------------

Q: Will Tokyo Tower be repainted only once during President Trump's first term?

A: A: Tokyo Tower is located in Japan. 
It was completed in 1958 and is an iconic landmark. 
Repainting of Tokyo Tower is a maintenance task that occurs periodically to preserve its structure and appearance. 
The frequency of repainting is typically determined by the condition of the paint and weather factors, not by political terms in other countries. 
President Trump served from January 2017 to January 2021, and there are no records indicating that the tower was repainted only once during that time frame. 

#### No. (Label: -1.0)

--------------------

Q: Will Tokyo Tower be repainted only once during President Trump's first term?

A: A: Tokyo Tower is a communications and observation tower located in Tokyo, Japan. (Label: -1.0)

--------------------

Q: Will Tokyo Tower be repainted only once during President Trump's first term?

A: A: Tokyo Tower is a communications and observation tower located in Tokyo, Japan.
President Trump served his first term from January 20, 2017, to January 20, 2021. (Label: -1.0)

--------------------

Q: Will Tokyo Tower be repainted only once during President Trump's first term?

A: A: Tokyo Tower is a communications and observation tower located in Tokyo, Japan.
President Trump served his first term from January 20, 2017, to January 20, 2021.
The Tokyo Tower underwent a major repainting in 2016, just before Trump’s first term began. (Label: -1.0)

--------------------

Q: Will Tokyo Tower be repainted only once during President Trump's first term?

A: A: Tokyo Tower is a communications and observation tower located in Tokyo, Japan.
President Trump served his first term from January 20, 2017, to January 20, 2021.
The Tokyo Tower underwent a major repainting in 2016, just before Trump’s first term began.
According to reports, Tokyo Tower is typically repainted every five years due to wear and tear from weather and other factors. (Label: -1.0)

--------------------

Q: Will Tokyo Tower be repainted only once during President Trump's first term?

A: A: Tokyo Tower is a communications and observation tower located in Tokyo, Japan.
President Trump served his first term from January 20, 2017, to January 20, 2021.
The Tokyo Tower underwent a major repainting in 2016, just before Trump’s first term began.
According to reports, Tokyo Tower is typically repainted every five years due to wear and tear from weather and other factors.
During Trump's first term, there has been no announcement or evidence suggesting that it would only be repainted once. (Label: -1.0)

--------------------

Q: Will Tokyo Tower be repainted only once during President Trump's first term?

A: A: Tokyo Tower is a communications and observation tower located in Tokyo, Japan.
President Trump served his first term from January 20, 2017, to January 20, 2021.
The Tokyo Tower underwent a major repainting in 2016, just before Trump’s first term began.
According to reports, Tokyo Tower is typically repainted every five years due to wear and tear from weather and other factors.
During Trump's first term, there has been no announcement or evidence suggesting that it would only be repainted once.
#### No. (Label: -1.0)

--------------------

Q: Could a cow produce Harvey Milk?

A: A: A cow is a domestic animal that produces milk. (Label: -1.0)

--------------------

Q: Could a cow produce Harvey Milk?

A: A: A cow is a domestic animal that produces milk.
The term "Harvey Milk" refers to an American politician and LGBTQ+ activist, not a type of milk. (Label: -1.0)

--------------------

Q: Could a cow produce Harvey Milk?

A: A: A cow is a domestic animal that produces milk.
The term "Harvey Milk" refers to an American politician and LGBTQ+ activist, not a type of milk.
Cows can only produce regular milk, not a specific product named after a person. (Label: -1.0)

--------------------

Q: Could a cow produce Harvey Milk?

A: A: Harvey Milk was a prominent gay rights activist and politician, not a dairy product. Cows are known for producing milk, which can be used to make various products, but there is no product called "Harvey Milk." Therefore, a cow cannot produce something by that name. Additionally, there is no indication of any special type of milk associated with the name "Harvey."  (Label: -1.0)

--------------------

Q: Could a cow produce Harvey Milk?

A: A: Harvey Milk was a prominent political activist and the first openly gay elected official in California, known for his work in the LGBTQ+ rights movement. A cow, on the other hand, is a barnyard animal known for producing milk that is a food product. The phrase "Harvey Milk" refers to a person, not a type of milk. Therefore, a cow cannot produce "Harvey Milk" as it does not exist.  (Label: -1.0)

--------------------

Q: Could a cow produce Harvey Milk?

A: A: Harvey Milk was a prominent political activist and the first openly gay elected official in California, known for his work in the LGBTQ+ rights movement. A cow, on the other hand, is a barnyard animal known for producing milk that is a food product. The phrase "Harvey Milk" refers to a person, not a type of milk. Therefore, a cow cannot produce "Harvey Milk" as it does not exist. 
 (Label: -1.0)

--------------------

Q: Could a cow produce Harvey Milk?

A: A: Harvey Milk was a prominent LGBTQ+ rights activist and politician in the United States. (Label: -1.0)

--------------------

Q: Could a cow produce Harvey Milk?

A: A: Harvey Milk was a prominent LGBTQ+ rights activist and politician in the United States.
Cows are animals that produce milk, which can be used to make various dairy products. (Label: -1.0)

--------------------

Q: Could a cow produce Harvey Milk?

A: A: Harvey Milk was a prominent LGBTQ+ rights activist and politician in the United States.
Cows are animals that produce milk, which can be used to make various dairy products.
The name "Harvey Milk" refers specifically to the individual and not to any kind of milk produced by cows. (Label: -1.0)

--------------------

Q: Could a cow produce Harvey Milk?

A: A: Harvey Milk was a prominent LGBTQ+ rights activist and politician in the United States.
Cows are animals that produce milk, which can be used to make various dairy products.
The name "Harvey Milk" refers specifically to the individual and not to any kind of milk produced by cows.
Therefore, a cow cannot produce something called "Harvey Milk" since that would imply a personal association with Harvey Milk. (Label: -1.0)

--------------------

Q: Would the average American family find Adam Sandler's home to be too small?

A: A: Adam Sandler is a successful American actor and comedian.   (Label: -1.0)

--------------------

Q: Would the average American family find Adam Sandler's home to be too small?

A: A: Adam Sandler is a successful American actor and comedian.  
He has a home in Los Angeles, California, which is known to be quite large.   (Label: -1.0)

--------------------

Q: Would the average American family find Adam Sandler's home to be too small?

A: A: Adam Sandler is a successful American actor and comedian.  
He has a home in Los Angeles, California, which is known to be quite large.  
Homes owned by celebrities like Sandler often have ample space and luxury amenities.   (Label: -1.0)

--------------------

Q: Would the average American family find Adam Sandler's home to be too small?

A: A: Adam Sandler is a successful American actor and comedian.  
He has a home in Los Angeles, California, which is known to be quite large.  
Homes owned by celebrities like Sandler often have ample space and luxury amenities.  
The average American family typically lives in smaller homes compared to celebrity estates.   (Label: -1.0)

--------------------

Q: Would the average American family find Adam Sandler's home to be too small?

A: A: Adam Sandler is a successful American actor and comedian.  
He has a home in Los Angeles, California, which is known to be quite large.  
Homes owned by celebrities like Sandler often have ample space and luxury amenities.  
The average American family typically lives in smaller homes compared to celebrity estates.  
Thus, an average American family would likely not consider Sandler's home to be too small.   (Label: -1.0)

--------------------

Q: Would the average American family find Adam Sandler's home to be too small?

A: A: Adam Sandler is a well-known actor and comedian. (Label: -1.0)

--------------------

Q: Would the average American family find Adam Sandler's home to be too small?

A: A: Adam Sandler is a well-known actor and comedian.
He is reported to own a large and luxurious home in California. (Label: -1.0)

--------------------

Q: Would the average American family find Adam Sandler's home to be too small?

A: A: Adam Sandler is a well-known actor and comedian.
He is reported to own a large and luxurious home in California.
The average American family resides in a home that varies widely in size, but is typically much smaller than luxurious celebrity homes. (Label: -1.0)

--------------------

Q: Would the average American family find Adam Sandler's home to be too small?

A: A: Adam Sandler is a well-known actor and comedian.
He is reported to own a large and luxurious home in California.
The average American family resides in a home that varies widely in size, but is typically much smaller than luxurious celebrity homes.
Luxury homes often have more space, amenities, and features than what the average American family has. (Label: -1.0)

--------------------

Q: Would the average American family find Adam Sandler's home to be too small?

A: A: Adam Sandler is a well-known American actor and comedian.   (Label: -1.0)

--------------------

Q: Would the average American family find Adam Sandler's home to be too small?

A: A: Adam Sandler is a well-known American actor and comedian.  
He is known to own a large home in Los Angeles, which is reported to be around 12,000 square feet.   (Label: -1.0)

--------------------

Q: Would the average American family find Adam Sandler's home to be too small?

A: A: Adam Sandler is a well-known American actor and comedian.  
He is known to own a large home in Los Angeles, which is reported to be around 12,000 square feet.  
The average American family home size is approximately 2,500 square feet.   (Label: -1.0)

--------------------

Q: Would the average American family find Adam Sandler's home to be too small?

A: A: Adam Sandler is a well-known American actor and comedian.  
He is known to own a large home in Los Angeles, which is reported to be around 12,000 square feet.  
The average American family home size is approximately 2,500 square feet.  
Therefore, Adam Sandler's home is significantly larger than the average American family's home.   (Label: -1.0)

--------------------

Q: Would the average American family find Adam Sandler's home to be too small?

A: A: Adam Sandler is a successful actor and comedian known for his roles in various films.  (Label: -1.0)

--------------------

Q: Would the average American family find Adam Sandler's home to be too small?

A: A: Adam Sandler is a successful actor and comedian known for his roles in various films. 
He is reported to own a large home in California, which is typical for many celebrities.  (Label: -1.0)

--------------------

Q: Would the average American family find Adam Sandler's home to be too small?

A: A: Adam Sandler is a successful actor and comedian known for his roles in various films. 
He is reported to own a large home in California, which is typical for many celebrities. 
The average American family usually lives in a significantly smaller home than those of celebrities.  (Label: -1.0)

--------------------

Q: Would the average American family find Adam Sandler's home to be too small?

A: A: Adam Sandler is a successful actor and comedian known for his roles in various films. 
He is reported to own a large home in California, which is typical for many celebrities. 
The average American family usually lives in a significantly smaller home than those of celebrities. 
Given that Sandler's home is likely larger than standard American homes, it can be inferred that it may seem too large rather than too small for an average family.  (Label: -1.0)

--------------------

Q: Would it be common to find a penguin in Miami?

A: A: Penguins are primarily found in the Southern Hemisphere, especially in Antarctica and surrounding islands. Miami is located in Florida, USA, which is in the Northern Hemisphere. The climate in Miami is warm and tropical, which is not suitable for penguins, as they require colder environments. Additionally, penguins are not native to Florida or the surrounding region. Therefore, finding a penguin in Miami would not be common. (Label: -1.0)

--------------------

Q: Would it be common to find a penguin in Miami?

A: A: Penguins are primarily found in the Southern Hemisphere, especially in Antarctica and surrounding islands. Miami is located in Florida, USA, which is in the Northern Hemisphere. The climate in Miami is warm and tropical, which is not suitable for penguins, as they require colder environments. Additionally, penguins are not native to Florida or the surrounding region. Therefore, finding a penguin in Miami would not be common.
 (Label: -1.0)

--------------------

Q: Would it be common to find a penguin in Miami?

A: A: Penguins are primarily found in the Southern Hemisphere, with the majority of species native to Antarctica and surrounding areas. (Label: -1.0)

--------------------

Q: Would it be common to find a penguin in Miami?

A: A: Penguins are primarily found in the Southern Hemisphere, with the majority of species native to Antarctica and surrounding areas.
Miami is located in the Northern Hemisphere, specifically in Florida, USA. (Label: -1.0)

--------------------

Q: Would it be common to find a penguin in Miami?

A: A: Penguins are primarily found in the Southern Hemisphere, with the majority of species native to Antarctica and surrounding areas.
Miami is located in the Northern Hemisphere, specifically in Florida, USA.
The climate of Miami is tropical, which is not suitable for the natural habitat of most penguin species that thrive in colder temperatures. (Label: -1.0)

--------------------

Q: Would it be common to find a penguin in Miami?

A: A: Penguins are primarily found in the Southern Hemisphere, with the majority of species native to Antarctica and surrounding areas.
Miami is located in the Northern Hemisphere, specifically in Florida, USA.
The climate of Miami is tropical, which is not suitable for the natural habitat of most penguin species that thrive in colder temperatures.
Penguins are not typical residents of tropical regions like Miami. (Label: -1.0)

--------------------

Q: Would it be common to find a penguin in Miami?

A: A: Penguins are primarily found in the Southern Hemisphere, with the majority residing in Antarctica. (Label: -1.0)

--------------------

Q: Would it be common to find a penguin in Miami?

A: A: Penguins are primarily found in the Southern Hemisphere, with the majority residing in Antarctica.
Miami is located in the Northern Hemisphere, specifically in the southeastern region of the United States, which has a warm climate that is not suitable for penguins. (Label: -1.0)

--------------------

Q: Would it be common to find a penguin in Miami?

A: A: Penguins are primarily found in the Southern Hemisphere, with the majority residing in Antarctica.
Miami is located in the Northern Hemisphere, specifically in the southeastern region of the United States, which has a warm climate that is not suitable for penguins.
It is very uncommon for penguins to be found outside of their natural habitats in cold regions. (Label: -1.0)

--------------------

Q: Would it be common to find a penguin in Miami?

A: A: Penguins are primarily found in the Southern Hemisphere, especially in Antarctica and sub-Antarctic regions.  (Label: -1.0)

--------------------

Q: Would it be common to find a penguin in Miami?

A: A: Penguins are primarily found in the Southern Hemisphere, especially in Antarctica and sub-Antarctic regions. 
Miami is located in Florida, which is in the Northern Hemisphere and does not have a natural habitat for penguins.  (Label: -1.0)

--------------------

Q: Would it be common to find a penguin in Miami?

A: A: Penguins are primarily found in the Southern Hemisphere, especially in Antarctica and sub-Antarctic regions. 
Miami is located in Florida, which is in the Northern Hemisphere and does not have a natural habitat for penguins. 
Although some zoos or aquariums may have penguins, they are not commonly found in the wild in Miami.  (Label: -1.0)

--------------------

Q: Could someone with fine motor control issues benefit from an altered keyboard layout?

A: A: Fine motor control issues can make it difficult to use standard keyboard layouts effectively.   (Label: -1.0)

--------------------

Q: Could someone with fine motor control issues benefit from an altered keyboard layout?

A: A: Fine motor control issues can make it difficult to use standard keyboard layouts effectively.  
An altered keyboard layout can be designed to accommodate the needs of individuals with such issues, allowing for easier access to keys.   (Label: -1.0)

--------------------

Q: Could someone with fine motor control issues benefit from an altered keyboard layout?

A: A: Fine motor control issues can make it difficult to use standard keyboard layouts effectively.  
An altered keyboard layout can be designed to accommodate the needs of individuals with such issues, allowing for easier access to keys.  
This can include larger keys, rearranged keys for easier reach, or even adaptive technologies like one-handed keyboards.   (Label: -1.0)

--------------------

Q: Could someone with fine motor control issues benefit from an altered keyboard layout?

A: A: Fine motor control issues can make it difficult to use standard keyboard layouts effectively.  
An altered keyboard layout can be designed to accommodate the needs of individuals with such issues, allowing for easier access to keys.  
This can include larger keys, rearranged keys for easier reach, or even adaptive technologies like one-handed keyboards.  
Consequently, an altered layout can potentially help those with fine motor control issues improve their typing experience.   (Label: -1.0)

--------------------

Q: Could someone with fine motor control issues benefit from an altered keyboard layout?

A: A: Fine motor control issues can affect a person's ability to type efficiently. (Label: -1.0)

--------------------

Q: Could someone with fine motor control issues benefit from an altered keyboard layout?

A: A: Fine motor control issues can affect a person's ability to type efficiently.
An altered keyboard layout can potentially make typing easier for someone with such issues. (Label: -1.0)

--------------------

Q: Could someone with fine motor control issues benefit from an altered keyboard layout?

A: A: Fine motor control issues can affect a person's ability to type efficiently.
An altered keyboard layout can potentially make typing easier for someone with such issues.
Different layouts may include larger keys, more spaced-out keys, or alternative positioning to reduce the strain on motor control. (Label: -1.0)

--------------------

Q: Could someone with fine motor control issues benefit from an altered keyboard layout?

A: A: Fine motor control issues can affect a person's ability to type efficiently.
An altered keyboard layout can potentially make typing easier for someone with such issues.
Different layouts may include larger keys, more spaced-out keys, or alternative positioning to reduce the strain on motor control.
Using an altered keyboard layout could help improve typing speed and reduce errors for those with fine motor control challenges. (Label: -1.0)

--------------------

Q: Could someone with fine motor control issues benefit from an altered keyboard layout?

A: A: Fine motor control issues can make it difficult for individuals to use standard keyboards effectively. Altered keyboard layouts can be designed to accommodate different levels of dexterity and can minimize the distance fingers need to travel. Additionally, custom keyboard layouts can allow for larger keys, grouped functions, or alternative placements that can be easier for someone with fine motor control issues to use. Therefore, adapting the keyboard layout can provide significant benefits for individuals facing such challenges.  (Label: -1.0)

--------------------

Q: Could someone with fine motor control issues benefit from an altered keyboard layout?

A: A: Fine motor control issues can make it difficult for individuals to accurately use standard keyboard layouts.  (Label: -1.0)

--------------------

Q: Could someone with fine motor control issues benefit from an altered keyboard layout?

A: A: Fine motor control issues can make it difficult for individuals to accurately use standard keyboard layouts. 
An altered keyboard layout can be designed to minimize the need for precision in finger placement or to make keys more accessible.  (Label: -1.0)

--------------------

Q: Could someone with fine motor control issues benefit from an altered keyboard layout?

A: A: Fine motor control issues can make it difficult for individuals to accurately use standard keyboard layouts. 
An altered keyboard layout can be designed to minimize the need for precision in finger placement or to make keys more accessible. 
Such layouts might use larger keys, provide key spacing, or have custom placement that considers the user's specific motor control challenges.  (Label: -1.0)

--------------------

Q: Could someone with fine motor control issues benefit from an altered keyboard layout?

A: A: Fine motor control issues can make it difficult for individuals to accurately use standard keyboard layouts. 
An altered keyboard layout can be designed to minimize the need for precision in finger placement or to make keys more accessible. 
Such layouts might use larger keys, provide key spacing, or have custom placement that considers the user's specific motor control challenges. 
This adaptation could improve typing efficiency and reduce frustration for individuals with fine motor control issues.  (Label: -1.0)

--------------------

Q: Would the Cookie Monster decline an offer of free Keebler products?

A: A: The Cookie Monster is a popular character from the television show Sesame Street.  (Label: -1.0)

--------------------

Q: Would the Cookie Monster decline an offer of free Keebler products?

A: A: The Cookie Monster is a popular character from the television show Sesame Street. 
His character is known for loving cookies and promoting cookie consumption.  (Label: -1.0)

--------------------

Q: Would the Cookie Monster decline an offer of free Keebler products?

A: A: The Cookie Monster is a popular character from the television show Sesame Street. 
His character is known for loving cookies and promoting cookie consumption. 
Keebler is a brand that produces cookies and baked goods.  (Label: -1.0)

--------------------

Q: Would the Cookie Monster decline an offer of free Keebler products?

A: A: The Cookie Monster is a popular character from the television show Sesame Street. 
His character is known for loving cookies and promoting cookie consumption. 
Keebler is a brand that produces cookies and baked goods. 
It is highly unlikely that the Cookie Monster would decline an offer for free cookies from Keebler, as his character is centered around his love for cookies.  (Label: -1.0)

--------------------

Q: Would the Cookie Monster decline an offer of free Keebler products?

A: A: The Cookie Monster is a character from the children's television show "Sesame Street."  (Label: -1.0)

--------------------

Q: Would the Cookie Monster decline an offer of free Keebler products?

A: A: The Cookie Monster is a character from the children's television show "Sesame Street." 
He is known for his love of cookies and often expresses an insatiable appetite for them.  (Label: -1.0)

--------------------

Q: Would the Cookie Monster decline an offer of free Keebler products?

A: A: The Cookie Monster is a character from the children's television show "Sesame Street." 
He is known for his love of cookies and often expresses an insatiable appetite for them. 
Keebler is a brand that produces cookies and other baked goods.  (Label: -1.0)

--------------------

Q: Would the Cookie Monster decline an offer of free Keebler products?

A: A: The Cookie Monster is a character from the children's television show "Sesame Street." 
He is known for his love of cookies and often expresses an insatiable appetite for them. 
Keebler is a brand that produces cookies and other baked goods. 
Given Cookie Monster's well-known enthusiasm for cookies, it is unlikely that he would decline an offer of free Keebler products. (Label: -1.0)

--------------------

Q: Would the Cookie Monster decline an offer of free Keebler products?

A: A: The Cookie Monster is a character from Sesame Street known for his love of cookies, particularly chocolate chip cookies. Keebler is a brand known for its cookies and snacks, which would likely appeal to the Cookie Monster's interests. Given his character's obsession with cookies, it is improbable that he would decline an offer of free Keebler products.  (Label: -1.0)

--------------------

Q: Would the Cookie Monster decline an offer of free Keebler products?

A: A: The Cookie Monster is a character from Sesame Street known for his love of cookies, particularly chocolate chip cookies. Keebler is a brand known for its cookies and snacks, which would likely appeal to the Cookie Monster's interests. Given his character's obsession with cookies, it is improbable that he would decline an offer of free Keebler products. 
 (Label: -1.0)

--------------------

Q: Would the Cookie Monster decline an offer of free Keebler products?

A: A: The Cookie Monster is a fictional character from the children's television show Sesame Street. (Label: -1.0)

--------------------

Q: Would the Cookie Monster decline an offer of free Keebler products?

A: A: The Cookie Monster is a fictional character from the children's television show Sesame Street.
He is famously known for his love of cookies, particularly chocolate chip cookies. (Label: -1.0)

--------------------

Q: Would the Cookie Monster decline an offer of free Keebler products?

A: A: The Cookie Monster is a fictional character from the children's television show Sesame Street.
He is famously known for his love of cookies, particularly chocolate chip cookies.
Keebler is a brand that produces various cookie products. (Label: -1.0)

--------------------

Q: Would the Cookie Monster decline an offer of free Keebler products?

A: A: The Cookie Monster is a fictional character from the children's television show Sesame Street.
He is famously known for his love of cookies, particularly chocolate chip cookies.
Keebler is a brand that produces various cookie products.
Given his character traits and well-known fondness for cookies, it is unlikely that he would decline an offer of free cookies from Keebler. (Label: -1.0)

--------------------

Q: Are all types of pottery safe to cook in?

A: A: There are many types of pottery used for cooking, including stoneware, earthenware, and porcelain.   (Label: -1.0)

--------------------

Q: Are all types of pottery safe to cook in?

A: A: There are many types of pottery used for cooking, including stoneware, earthenware, and porcelain.  
Not all pottery is created equal; some types may contain harmful materials or glazes that aren't safe for food use.   (Label: -1.0)

--------------------

Q: Are all types of pottery safe to cook in?

A: A: There are many types of pottery used for cooking, including stoneware, earthenware, and porcelain.  
Not all pottery is created equal; some types may contain harmful materials or glazes that aren't safe for food use.  
Lead or cadmium may be found in certain glazes, making them unsafe for cooking or serving food.   (Label: -1.0)

--------------------

Q: Are all types of pottery safe to cook in?

A: A: There are many types of pottery used for cooking, including stoneware, earthenware, and porcelain.  
Not all pottery is created equal; some types may contain harmful materials or glazes that aren't safe for food use.  
Lead or cadmium may be found in certain glazes, making them unsafe for cooking or serving food.  
It is important to ensure that any pottery used for cooking is labeled as food-safe.   (Label: -1.0)

--------------------

Q: Are all types of pottery safe to cook in?

A: A: There are many types of pottery used for cooking, including stoneware, earthenware, and porcelain.  
Not all pottery is created equal; some types may contain harmful materials or glazes that aren't safe for food use.  
Lead or cadmium may be found in certain glazes, making them unsafe for cooking or serving food.  
It is important to ensure that any pottery used for cooking is labeled as food-safe.  
Therefore, not all types of pottery are safe to cook in.   (Label: -1.0)

--------------------

Q: Are all types of pottery safe to cook in?

A: A: There are different types of pottery, such as earthenware, stoneware, and porcelain.  (Label: -1.0)

--------------------

Q: Are all types of pottery safe to cook in?

A: A: There are different types of pottery, such as earthenware, stoneware, and porcelain. 
Some pottery is made with materials that are safe for cooking, while others may contain harmful substances.  (Label: -1.0)

--------------------

Q: Are all types of pottery safe to cook in?

A: A: There are different types of pottery, such as earthenware, stoneware, and porcelain. 
Some pottery is made with materials that are safe for cooking, while others may contain harmful substances. 
Certain glazes and finishes can make some pottery unsafe for cooking due to the potential for leaching harmful chemicals.  (Label: -1.0)

--------------------

Q: Are all types of pottery safe to cook in?

A: A: There are different types of pottery, such as earthenware, stoneware, and porcelain. 
Some pottery is made with materials that are safe for cooking, while others may contain harmful substances. 
Certain glazes and finishes can make some pottery unsafe for cooking due to the potential for leaching harmful chemicals. 
It is essential to check the manufacturer's guidelines for whether a specific type of pottery is safe to use for cooking.  (Label: -1.0)

--------------------

Q: Are all types of pottery safe to cook in?

A: A: There are different types of pottery, such as earthenware, stoneware, and porcelain. 
Some pottery is made with materials that are safe for cooking, while others may contain harmful substances. 
Certain glazes and finishes can make some pottery unsafe for cooking due to the potential for leaching harmful chemicals. 
It is essential to check the manufacturer's guidelines for whether a specific type of pottery is safe to use for cooking. 
Hence, not all types of pottery are safe to cook in.  (Label: -1.0)

--------------------

Q: Are all types of pottery safe to cook in?

A: A: There are various types of pottery, including earthenware, stoneware, and porcelain.  (Label: -1.0)

--------------------

Q: Are all types of pottery safe to cook in?

A: A: There are various types of pottery, including earthenware, stoneware, and porcelain. 
Not all pottery is made for cooking; some are decorative and not heat-resistant.  (Label: -1.0)

--------------------

Q: Are all types of pottery safe to cook in?

A: A: There are various types of pottery, including earthenware, stoneware, and porcelain. 
Not all pottery is made for cooking; some are decorative and not heat-resistant. 
Earthenware may not be safe at high temperatures, while stoneware and porcelain can generally withstand cooking.  (Label: -1.0)

--------------------

Q: Are all types of pottery safe to cook in?

A: A: There are various types of pottery, including earthenware, stoneware, and porcelain. 
Not all pottery is made for cooking; some are decorative and not heat-resistant. 
Earthenware may not be safe at high temperatures, while stoneware and porcelain can generally withstand cooking. 
It's essential to check if the pottery is labeled as food-safe or oven-safe.  (Label: -1.0)

--------------------

Q: Are all types of pottery safe to cook in?

A: A: There are different types of pottery, including earthenware, stoneware, and porcelain. Not all pottery is intended for cooking; some are decorative and may contain glazes or materials that can leach harmful substances into food when heated. For example, some vintage pottery or non-food grade ceramics may not be safe. It is essential to ensure that the pottery is labeled as food-safe and suitable for cooking. Therefore, not all types of pottery are safe for cooking purposes.   (Label: -1.0)

--------------------

Q: Is sunscreen unhelpful for the condition that killed Bob Marley?

A: A: Bob Marley died from complications related to melanoma, a type of skin cancer.  (Label: -1.0)

--------------------

Q: Is sunscreen unhelpful for the condition that killed Bob Marley?

A: A: Bob Marley died from complications related to melanoma, a type of skin cancer. 
Sunscreen is designed to protect the skin from UV radiation, which is a significant risk factor for developing skin cancer.  (Label: -1.0)

--------------------

Q: Is sunscreen unhelpful for the condition that killed Bob Marley?

A: A: Bob Marley died from complications related to melanoma, a type of skin cancer. 
Sunscreen is designed to protect the skin from UV radiation, which is a significant risk factor for developing skin cancer. 
Preventative measures, such as the use of sunscreen, are recommended to reduce the risk of skin-related issues. (Label: -1.0)

--------------------

Q: Is sunscreen unhelpful for the condition that killed Bob Marley?

A: A: Bob Marley died from complications related to melanoma, a type of skin cancer. 
Sunscreen is designed to protect the skin from UV radiation, which is a significant risk factor for developing skin cancer. 
Preventative measures, such as the use of sunscreen, are recommended to reduce the risk of skin-related issues.
Therefore, sunscreen is not unhelpful for melanoma. (Label: -1.0)

--------------------

Q: Is sunscreen unhelpful for the condition that killed Bob Marley?

A: A: Bob Marley died from complications related to melanoma, a type of skin cancer. 
Sunscreen is designed to protect the skin from UV radiation, which is a significant risk factor for developing skin cancer. 
Preventative measures, such as the use of sunscreen, are recommended to reduce the risk of skin-related issues.
Therefore, sunscreen is not unhelpful for melanoma.
#### No. (Label: -1.0)

--------------------

Q: Is sunscreen unhelpful for the condition that killed Bob Marley?

A: A: Bob Marley died from complications related to melanoma, a type of skin cancer. (Label: -1.0)

--------------------

Q: Is sunscreen unhelpful for the condition that killed Bob Marley?

A: A: Bob Marley died from complications related to melanoma, a type of skin cancer.
Sunscreen is primarily used to protect the skin from harmful UV rays, which can cause skin cancer, including melanoma. (Label: -1.0)

--------------------

Q: Is sunscreen unhelpful for the condition that killed Bob Marley?

A: A: Bob Marley died from complications related to melanoma, a type of skin cancer.
Sunscreen is primarily used to protect the skin from harmful UV rays, which can cause skin cancer, including melanoma.
Using sunscreen is recommended as a preventive measure to reduce the risk of developing skin cancer. (Label: -1.0)

--------------------

Q: Is sunscreen unhelpful for the condition that killed Bob Marley?

A: A: Bob Marley died from complications related to melanoma, a type of skin cancer.
Sunscreen is primarily used to protect the skin from harmful UV rays, which can cause skin cancer, including melanoma.
Using sunscreen is recommended as a preventive measure to reduce the risk of developing skin cancer.
Therefore, sunscreen is not unhelpful; it is helpful in potentially preventing conditions like the one that caused Bob Marley’s death. (Label: -1.0)

--------------------

Q: Is sunscreen unhelpful for the condition that killed Bob Marley?

A: A: Bob Marley died from complications related to melanoma, a type of skin cancer.
Sunscreen is primarily used to protect the skin from harmful UV rays, which can cause skin cancer, including melanoma.
Using sunscreen is recommended as a preventive measure to reduce the risk of developing skin cancer.
Therefore, sunscreen is not unhelpful; it is helpful in potentially preventing conditions like the one that caused Bob Marley’s death.
#### No. (Label: -1.0)

--------------------

Q: Is sunscreen unhelpful for the condition that killed Bob Marley?

A: A: Bob Marley died from complications related to melanoma, a type of skin cancer. Sunscreen is primarily used to protect the skin from harmful ultraviolet (UV) radiation, which can contribute to the development of skin cancer. While sunscreen is not a cure for melanoma, it is helpful in preventing further skin damage and potentially lowering the risk of developing additional skin cancers. Therefore, sunscreen is not unhelpful for melanoma prevention. (Label: -1.0)

--------------------

Q: Is sunscreen unhelpful for the condition that killed Bob Marley?

A: A: Bob Marley died from complications related to melanoma, a type of skin cancer. Sunscreen is primarily used to protect the skin from harmful ultraviolet (UV) radiation, which can contribute to the development of skin cancer. While sunscreen is not a cure for melanoma, it is helpful in preventing further skin damage and potentially lowering the risk of developing additional skin cancers. Therefore, sunscreen is not unhelpful for melanoma prevention.
 (Label: -1.0)

--------------------

Q: Is sunscreen unhelpful for the condition that killed Bob Marley?

A: A: Bob Marley died from complications related to melanoma, a type of skin cancer. Sunscreen is primarily used to protect the skin from harmful ultraviolet (UV) radiation, which can contribute to the development of skin cancer. While sunscreen is not a cure for melanoma, it is helpful in preventing further skin damage and potentially lowering the risk of developing additional skin cancers. Therefore, sunscreen is not unhelpful for melanoma prevention.

#### No. (Label: -1.0)

--------------------

Q: Is sunscreen unhelpful for the condition that killed Bob Marley?

A: A: Bob Marley died from complications related to melanoma, a type of skin cancer. Sunscreen is primarily designed to protect the skin from harmful UV rays, which can reduce the risk of developing skin cancer. Therefore, using sunscreen can be beneficial in preventing skin conditions that could lead to melanoma.  (Label: -1.0)

--------------------

Q: Is sunscreen unhelpful for the condition that killed Bob Marley?

A: A: Bob Marley died from complications related to melanoma, a type of skin cancer. Sunscreen is primarily designed to protect the skin from harmful UV rays, which can reduce the risk of developing skin cancer. Therefore, using sunscreen can be beneficial in preventing skin conditions that could lead to melanoma. 
 (Label: -1.0)

--------------------

Q: Is sunscreen unhelpful for the condition that killed Bob Marley?

A: A: Bob Marley died from complications related to melanoma, a type of skin cancer. Sunscreen is primarily designed to protect the skin from harmful UV rays, which can reduce the risk of developing skin cancer. Therefore, using sunscreen can be beneficial in preventing skin conditions that could lead to melanoma. 

#### No. (Label: -1.0)

--------------------

Q: Would a packed Wembley stadium be likely to have a descendant of the Mongols inside?

A: A: Wembley Stadium is located in London, England, and is known for hosting large sports and entertainment events.  (Label: -1.0)

--------------------

Q: Would a packed Wembley stadium be likely to have a descendant of the Mongols inside?

A: A: Wembley Stadium is located in London, England, and is known for hosting large sports and entertainment events. 
The Mongols were a historical group that descended from Central Asia and were notable from the 13th century onwards.  (Label: -1.0)

--------------------

Q: Would a packed Wembley stadium be likely to have a descendant of the Mongols inside?

A: A: Wembley Stadium is located in London, England, and is known for hosting large sports and entertainment events. 
The Mongols were a historical group that descended from Central Asia and were notable from the 13th century onwards. 
While it's theoretically possible that individuals with Mongolian ancestry could be found anywhere in the world today, including in London, the specific likelihood of having a direct descendant of the Mongols in a packed stadium is uncertain. (Label: -1.0)

--------------------

Q: Would a packed Wembley stadium be likely to have a descendant of the Mongols inside?

A: A: Wembley Stadium is located in London, England, and is known for hosting large sports and entertainment events. 
The Mongols were a historical group that descended from Central Asia and were notable from the 13th century onwards. 
While it's theoretically possible that individuals with Mongolian ancestry could be found anywhere in the world today, including in London, the specific likelihood of having a direct descendant of the Mongols in a packed stadium is uncertain.
The modern population of the UK is diverse, but it does not specifically indicate a strong presence of direct descendants from the Mongols in any given crowd. (Label: -1.0)

--------------------

Q: Would a packed Wembley stadium be likely to have a descendant of the Mongols inside?

A: A: Wembley Stadium is located in London, England, and is known for hosting large sports and entertainment events. 
The Mongols were a historical group that descended from Central Asia and were notable from the 13th century onwards. 
While it's theoretically possible that individuals with Mongolian ancestry could be found anywhere in the world today, including in London, the specific likelihood of having a direct descendant of the Mongols in a packed stadium is uncertain.
The modern population of the UK is diverse, but it does not specifically indicate a strong presence of direct descendants from the Mongols in any given crowd.
 (Label: -1.0)

--------------------

Q: Would a packed Wembley stadium be likely to have a descendant of the Mongols inside?

A: A: Wembley Stadium is located in London, England, and is known for hosting large sports and entertainment events. 
The Mongols were a historical group that descended from Central Asia and were notable from the 13th century onwards. 
While it's theoretically possible that individuals with Mongolian ancestry could be found anywhere in the world today, including in London, the specific likelihood of having a direct descendant of the Mongols in a packed stadium is uncertain.
The modern population of the UK is diverse, but it does not specifically indicate a strong presence of direct descendants from the Mongols in any given crowd.

#### No. (Label: -1.0)

--------------------

Q: Would a packed Wembley stadium be likely to have a descendant of the Mongols inside?

A: A: Wembley Stadium is a major football (soccer) stadium in London, England, known for hosting large events. (Label: -1.0)

--------------------

Q: Would a packed Wembley stadium be likely to have a descendant of the Mongols inside?

A: A: Wembley Stadium is a major football (soccer) stadium in London, England, known for hosting large events.
The Mongols were a group of nomadic tribes that originated from Mongolia in the 13th century, known for their vast empire under Genghis Khan. (Label: -1.0)

--------------------

Q: Would a packed Wembley stadium be likely to have a descendant of the Mongols inside?

A: A: Wembley Stadium is a major football (soccer) stadium in London, England, known for hosting large events.
The Mongols were a group of nomadic tribes that originated from Mongolia in the 13th century, known for their vast empire under Genghis Khan.
Descendants of the Mongols exist today, but they would be dispersed across many countries, including Mongolia and other regions influenced by Mongol rule. (Label: -1.0)

--------------------

Q: Would a packed Wembley stadium be likely to have a descendant of the Mongols inside?

A: A: Wembley Stadium is a major football (soccer) stadium in London, England, known for hosting large events.
The Mongols were a group of nomadic tribes that originated from Mongolia in the 13th century, known for their vast empire under Genghis Khan.
Descendants of the Mongols exist today, but they would be dispersed across many countries, including Mongolia and other regions influenced by Mongol rule.
Wembley Stadium is an international venue that attracts diverse crowds, but the probability that it would specifically include a descendant of the Mongols is uncertain and would depend on the individuals attending an event at that time. (Label: -1.0)

--------------------

Q: Would a packed Wembley stadium be likely to have a descendant of the Mongols inside?

A: A: Wembley Stadium is a major football (soccer) stadium in London, England, known for hosting large events.
The Mongols were a group of nomadic tribes that originated from Mongolia in the 13th century, known for their vast empire under Genghis Khan.
Descendants of the Mongols exist today, but they would be dispersed across many countries, including Mongolia and other regions influenced by Mongol rule.
Wembley Stadium is an international venue that attracts diverse crowds, but the probability that it would specifically include a descendant of the Mongols is uncertain and would depend on the individuals attending an event at that time.
There (Label: -1.0)

--------------------

Q: Would a packed Wembley stadium be likely to have a descendant of the Mongols inside?

A: A: A packed Wembley stadium refers to a modern venue located in London, England, primarily used for sporting events and concerts. (Label: -1.0)

--------------------

Q: Would a packed Wembley stadium be likely to have a descendant of the Mongols inside?

A: A: A packed Wembley stadium refers to a modern venue located in London, England, primarily used for sporting events and concerts.
The descendants of the Mongols are typically found in regions of Central Asia and Eastern Europe, where Mongol heritage is more pronounced. (Label: -1.0)

--------------------

Q: Would a packed Wembley stadium be likely to have a descendant of the Mongols inside?

A: A: A packed Wembley stadium refers to a modern venue located in London, England, primarily used for sporting events and concerts.
The descendants of the Mongols are typically found in regions of Central Asia and Eastern Europe, where Mongol heritage is more pronounced.
While it is possible for individuals of Mongolian descent to attend events at Wembley stadium, it is not likely that a packed stadium would specifically have a descendant of the Mongols, as they are not typically associated with this location. (Label: -1.0)

--------------------

Q: Would a packed Wembley stadium be likely to have a descendant of the Mongols inside?

A: A: A packed Wembley stadium refers to a modern venue located in London, England, primarily used for sporting events and concerts.
The descendants of the Mongols are typically found in regions of Central Asia and Eastern Europe, where Mongol heritage is more pronounced.
While it is possible for individuals of Mongolian descent to attend events at Wembley stadium, it is not likely that a packed stadium would specifically have a descendant of the Mongols, as they are not typically associated with this location.
#### No. (Label: -1.0)

--------------------

Q: Would a packed Wembley stadium be likely to have a descendant of the Mongols inside?

A: A: Wembley Stadium is located in London, England, and is known for hosting various events, including sports and concerts. The Mongol Empire, led by Genghis Khan and his descendants, existed primarily in the 13th century and was centered in parts of Asia and Europe.  (Label: -1.0)

--------------------

Q: Would a packed Wembley stadium be likely to have a descendant of the Mongols inside?

A: A: Wembley Stadium is located in London, England, and is known for hosting various events, including sports and concerts. The Mongol Empire, led by Genghis Khan and his descendants, existed primarily in the 13th century and was centered in parts of Asia and Europe. 
 (Label: -1.0)

--------------------

Q: Would a packed Wembley stadium be likely to have a descendant of the Mongols inside?

A: A: Wembley Stadium is located in London, England, and is known for hosting various events, including sports and concerts. The Mongol Empire, led by Genghis Khan and his descendants, existed primarily in the 13th century and was centered in parts of Asia and Europe. 

Today, the descendants of the Mongols could be spread across the world due to migration and historical movements. However, the specific mention of a packed Wembley stadium does not provide sufficient context to confirm or deny the likelihood of a descendant of the Mongols being present.  (Label: -1.0)

--------------------

Q: Would a packed Wembley stadium be likely to have a descendant of the Mongols inside?

A: A: Wembley Stadium is located in London, England, and is known for hosting various events, including sports and concerts. The Mongol Empire, led by Genghis Khan and his descendants, existed primarily in the 13th century and was centered in parts of Asia and Europe. 

Today, the descendants of the Mongols could be spread across the world due to migration and historical movements. However, the specific mention of a packed Wembley stadium does not provide sufficient context to confirm or deny the likelihood of a descendant of the Mongols being present. 
 (Label: -1.0)

--------------------

Q: Would a packed Wembley stadium be likely to have a descendant of the Mongols inside?

A: A: Wembley Stadium is located in London, England, and is known for hosting various events, including sports and concerts. The Mongol Empire, led by Genghis Khan and his descendants, existed primarily in the 13th century and was centered in parts of Asia and Europe. 

Today, the descendants of the Mongols could be spread across the world due to migration and historical movements. However, the specific mention of a packed Wembley stadium does not provide sufficient context to confirm or deny the likelihood of a descendant of the Mongols being present. 

Given the vast population and diversity in London, it is possible that a descendant of the (Label: -1.0)

--------------------

Q: Was P. G. Wodehouse's favorite book The Hunger Games?

A: A: P. G. Wodehouse was a well-known British author who died in 1975.   (Label: -1.0)

--------------------

Q: Was P. G. Wodehouse's favorite book The Hunger Games?

A: A: P. G. Wodehouse was a well-known British author who died in 1975.  
The Hunger Games is a novel written by Suzanne Collins that was published in 2008.   (Label: -1.0)

--------------------

Q: Was P. G. Wodehouse's favorite book The Hunger Games?

A: A: P. G. Wodehouse was a well-known British author who died in 1975.  
The Hunger Games is a novel written by Suzanne Collins that was published in 2008.  
Since P. G. Wodehouse passed away long before The Hunger Games was published, he could not have had it as his favorite book.   (Label: -1.0)

--------------------

Q: Was P. G. Wodehouse's favorite book The Hunger Games?

A: A: P. G. Wodehouse was a British author known for his humorous novels and stories.  (Label: -1.0)

--------------------

Q: Was P. G. Wodehouse's favorite book The Hunger Games?

A: A: P. G. Wodehouse was a British author known for his humorous novels and stories. 
He passed away in 1975.  (Label: -1.0)

--------------------

Q: Was P. G. Wodehouse's favorite book The Hunger Games?

A: A: P. G. Wodehouse was a British author known for his humorous novels and stories. 
He passed away in 1975. 
The Hunger Games is a dystopian novel written by Suzanne Collins, published in 2008.  (Label: -1.0)

--------------------

Q: Was P. G. Wodehouse's favorite book The Hunger Games?

A: A: P. G. Wodehouse was a British author known for his humorous novels and stories. 
He passed away in 1975. 
The Hunger Games is a dystopian novel written by Suzanne Collins, published in 2008. 
Given that Wodehouse had already died long before The Hunger Games was released, it could not have been his favorite book.  (Label: -1.0)

--------------------

Q: Was P. G. Wodehouse's favorite book The Hunger Games?

A: A: P. G. Wodehouse was a well-known English author who primarily wrote in the early 20th century.  (Label: -1.0)

--------------------

Q: Was P. G. Wodehouse's favorite book The Hunger Games?

A: A: P. G. Wodehouse was a well-known English author who primarily wrote in the early 20th century. 
He died in 1975.  (Label: -1.0)

--------------------

Q: Was P. G. Wodehouse's favorite book The Hunger Games?

A: A: P. G. Wodehouse was a well-known English author who primarily wrote in the early 20th century. 
He died in 1975. 
The Hunger Games series, written by Suzanne Collins, was first published in 2008, long after Wodehouse's death.  (Label: -1.0)

--------------------

Q: Was P. G. Wodehouse's favorite book The Hunger Games?

A: A: P. G. Wodehouse was a well-known English author who primarily wrote in the early 20th century. 
He died in 1975. 
The Hunger Games series, written by Suzanne Collins, was first published in 2008, long after Wodehouse's death. 
Thus, it would not have been possible for Wodehouse to have The Hunger Games as his favorite book.  (Label: -1.0)

--------------------

Q: Was P. G. Wodehouse's favorite book The Hunger Games?

A: A: P. G. Wodehouse was a famous author known for his comedic stories and characters such as Jeeves and Wooster.  (Label: -1.0)

--------------------

Q: Was P. G. Wodehouse's favorite book The Hunger Games?

A: A: P. G. Wodehouse was a famous author known for his comedic stories and characters such as Jeeves and Wooster. 
He lived from 1881 to 1975, which means he could not have read The Hunger Games, as it was published in 2008.  (Label: -1.0)

--------------------

Q: Was P. G. Wodehouse's favorite book The Hunger Games?

A: A: P. G. Wodehouse was a famous author known for his comedic stories and characters such as Jeeves and Wooster. 
He lived from 1881 to 1975, which means he could not have read The Hunger Games, as it was published in 2008. 
Therefore, it is impossible for The Hunger Games to be his favorite book. (Label: -1.0)

--------------------

Q: Were paparazzi involved in the death of a member of the royal family?

A: A: Paparazzi are photographers who take candid pictures of celebrities and public figures. (Label: -1.0)

--------------------

Q: Were paparazzi involved in the death of a member of the royal family?

A: A: Paparazzi are photographers who take candid pictures of celebrities and public figures.
The most notable incident involving paparazzi and a royal family member occurred with Princess Diana. (Label: -1.0)

--------------------

Q: Were paparazzi involved in the death of a member of the royal family?

A: A: Paparazzi are photographers who take candid pictures of celebrities and public figures.
The most notable incident involving paparazzi and a royal family member occurred with Princess Diana.
Princess Diana died in a car crash in 1997, and it was reported that paparazzi were chasing her vehicle at the time. (Label: -1.0)

--------------------

Q: Were paparazzi involved in the death of a member of the royal family?

A: A: Paparazzi are photographers who take candid pictures of celebrities and public figures.
The most notable incident involving paparazzi and a royal family member occurred with Princess Diana.
Princess Diana died in a car crash in 1997, and it was reported that paparazzi were chasing her vehicle at the time.
This chase is often cited as contributing to the circumstances leading to her death. (Label: -1.0)

--------------------

Q: Were paparazzi involved in the death of a member of the royal family?

A: A: Members of the royal family have had various incidents with paparazzi over the years. The most notable case is that of Princess Diana, who died in a car crash in 1997 while being pursued by paparazzi. There were investigations into the role of the paparazzi in the circumstances leading up to her death. However, the direct involvement of paparazzi in her death is still a subject of debate and contention.  (Label: -1.0)

--------------------

Q: Were paparazzi involved in the death of a member of the royal family?

A: A: Members of the royal family have had various incidents with paparazzi over the years. The most notable case is that of Princess Diana, who died in a car crash in 1997 while being pursued by paparazzi. There were investigations into the role of the paparazzi in the circumstances leading up to her death. However, the direct involvement of paparazzi in her death is still a subject of debate and contention. 
 (Label: -1.0)

--------------------

Q: Were paparazzi involved in the death of a member of the royal family?

A: A: The term "paparazzi" refers to photographers who take candid photographs of celebrities and notable people without their consent.  (Label: -1.0)

--------------------

Q: Were paparazzi involved in the death of a member of the royal family?

A: A: The term "paparazzi" refers to photographers who take candid photographs of celebrities and notable people without their consent. 
One high-profile incident involving paparazzi occurred with Princess Diana in 1997.  (Label: -1.0)

--------------------

Q: Were paparazzi involved in the death of a member of the royal family?

A: A: The term "paparazzi" refers to photographers who take candid photographs of celebrities and notable people without their consent. 
One high-profile incident involving paparazzi occurred with Princess Diana in 1997. 
Diana died in a car crash in Paris while being pursued by photographers.  (Label: -1.0)

--------------------

Q: Were paparazzi involved in the death of a member of the royal family?

A: A: The term "paparazzi" refers to photographers who take candid photographs of celebrities and notable people without their consent. 
One high-profile incident involving paparazzi occurred with Princess Diana in 1997. 
Diana died in a car crash in Paris while being pursued by photographers. 
The circumstances surrounding her death have led to controversies regarding the role of the paparazzi in the incident.  (Label: -1.0)

--------------------

Q: Were paparazzi involved in the death of a member of the royal family?

A: A: The term "paparazzi" refers to photographers who take candid photographs of celebrities and notable people without their consent. 
One high-profile incident involving paparazzi occurred with Princess Diana in 1997. 
Diana died in a car crash in Paris while being pursued by photographers. 
The circumstances surrounding her death have led to controversies regarding the role of the paparazzi in the incident. 
Although a direct link between paparazzi actions and her death remains debated, the pursuit by photographers contributed to the chaos leading to the crash.  (Label: -1.0)

--------------------

Q: Were paparazzi involved in the death of a member of the royal family?

A: A: The term "paparazzi" refers to photographers who take candid photographs of celebrities, often intrusively.  (Label: -1.0)

--------------------

Q: Were paparazzi involved in the death of a member of the royal family?

A: A: The term "paparazzi" refers to photographers who take candid photographs of celebrities, often intrusively. 
One notable incident involving the royal family is the death of Princess Diana, who died in a car crash in 1997.  (Label: -1.0)

--------------------

Q: Were paparazzi involved in the death of a member of the royal family?

A: A: The term "paparazzi" refers to photographers who take candid photographs of celebrities, often intrusively. 
One notable incident involving the royal family is the death of Princess Diana, who died in a car crash in 1997. 
It was reported that paparazzi were chasing her car at the time of the accident.  (Label: -1.0)

--------------------

Q: Were paparazzi involved in the death of a member of the royal family?

A: A: The term "paparazzi" refers to photographers who take candid photographs of celebrities, often intrusively. 
One notable incident involving the royal family is the death of Princess Diana, who died in a car crash in 1997. 
It was reported that paparazzi were chasing her car at the time of the accident. 
The media scrutiny and aggressive pursuit by paparazzi have been linked to the tragic circumstances surrounding her death. (Label: -1.0)

--------------------

Q: Karachi was a part of Alexander the Great's success?

A: A: Karachi is a city in present-day Pakistan.   (Label: -1.0)

--------------------

Q: Karachi was a part of Alexander the Great's success?

A: A: Karachi is a city in present-day Pakistan.  
Historically, it was the site of the ancient port of Krokola.   (Label: -1.0)

--------------------

Q: Karachi was a part of Alexander the Great's success?

A: A: Karachi is a city in present-day Pakistan.  
Historically, it was the site of the ancient port of Krokola.  
Alexander the Great did use the port of Krokola during his campaigns.   (Label: -1.0)

--------------------

Q: Karachi was a part of Alexander the Great's success?

A: A: Karachi is a city in present-day Pakistan.  
Historically, it was the site of the ancient port of Krokola.  
Alexander the Great did use the port of Krokola during his campaigns.  
His successful conquests included significant victories in the region, particularly in Persia and the broader Middle East.   (Label: -1.0)

--------------------

Q: Karachi was a part of Alexander the Great's success?

A: A: Karachi is a city in present-day Pakistan.  
Historically, it was the site of the ancient port of Krokola.  
Alexander the Great did use the port of Krokola during his campaigns.  
His successful conquests included significant victories in the region, particularly in Persia and the broader Middle East.  
Thus, Karachi, through the port of Krokola, was indirectly connected to Alexander's maritime operations.   (Label: -1.0)

--------------------

Q: Karachi was a part of Alexander the Great's success?

A: A: Karachi is a city in present-day Pakistan.  
Historically, it was the site of the ancient port of Krokola.  
Alexander the Great did use the port of Krokola during his campaigns.  
His successful conquests included significant victories in the region, particularly in Persia and the broader Middle East.  
Thus, Karachi, through the port of Krokola, was indirectly connected to Alexander's maritime operations.  
While it may not have been a direct conquest, it was part of the broader context of his success.   (Label: -1.0)

--------------------

Q: Karachi was a part of Alexander the Great's success?

A: A: Karachi is a city located in present-day Pakistan.   (Label: -1.0)

--------------------

Q: Karachi was a part of Alexander the Great's success?

A: A: Karachi is a city located in present-day Pakistan.  
Krokola, an ancient port, is believed to have been in the vicinity of modern Karachi.   (Label: -1.0)

--------------------

Q: Karachi was a part of Alexander the Great's success?

A: A: Karachi is a city located in present-day Pakistan.  
Krokola, an ancient port, is believed to have been in the vicinity of modern Karachi.  
Alexander the Great did indeed utilize the port of Krokola during his campaign towards the east.   (Label: -1.0)

--------------------

Q: Karachi was a part of Alexander the Great's success?

A: A: Karachi is a city located in present-day Pakistan.  
Krokola, an ancient port, is believed to have been in the vicinity of modern Karachi.  
Alexander the Great did indeed utilize the port of Krokola during his campaign towards the east.  
His conquest of Babylon and subsequent expansions were key components of his success, which were aided by the strategic locations of ports like Krokola.   (Label: -1.0)

--------------------

Q: Karachi was a part of Alexander the Great's success?

A: A: Karachi is a city located in present-day Pakistan.  
Krokola, an ancient port, is believed to have been in the vicinity of modern Karachi.  
Alexander the Great did indeed utilize the port of Krokola during his campaign towards the east.  
His conquest of Babylon and subsequent expansions were key components of his success, which were aided by the strategic locations of ports like Krokola.  
Given this historical context, Karachi (via Krokola) played a role in Alexander's maritime strategy.   (Label: -1.0)

--------------------

Q: Karachi was a part of Alexander the Great's success?

A: A: Karachi is a coastal city in modern-day Pakistan. During Alexander the Great's campaigns, he sought to establish control over coastal trade routes. The port of Krokola, located near modern Karachi, served as a strategic location for Alexander's fleet. His victories, including the conquest of regions in Persia and further East, depended on such strategic locations for staging his campaigns. Therefore, while Karachi itself was not directly involved in military conquests, its port contributed to the success of Alexander's naval operations.  (Label: -1.0)

--------------------

Q: Karachi was a part of Alexander the Great's success?

A: A: Karachi is a coastal city in modern-day Pakistan. During Alexander the Great's campaigns, he sought to establish control over coastal trade routes. The port of Krokola, located near modern Karachi, served as a strategic location for Alexander's fleet. His victories, including the conquest of regions in Persia and further East, depended on such strategic locations for staging his campaigns. Therefore, while Karachi itself was not directly involved in military conquests, its port contributed to the success of Alexander's naval operations. 
 (Label: -1.0)

--------------------

Q: Karachi was a part of Alexander the Great's success?

A: A: Karachi is a city in modern-day Pakistan.   (Label: -1.0)

--------------------

Q: Karachi was a part of Alexander the Great's success?

A: A: Karachi is a city in modern-day Pakistan.  
The ancient port of Krokola was located in what is now Karachi.   (Label: -1.0)

--------------------

Q: Karachi was a part of Alexander the Great's success?

A: A: Karachi is a city in modern-day Pakistan.  
The ancient port of Krokola was located in what is now Karachi.  
Alexander the Great used Krokola as a staging point for his fleet.   (Label: -1.0)

--------------------

Q: Karachi was a part of Alexander the Great's success?

A: A: Karachi is a city in modern-day Pakistan.  
The ancient port of Krokola was located in what is now Karachi.  
Alexander the Great used Krokola as a staging point for his fleet.  
His military campaigns included the conquest of regions in Persia and India, with Krokola serving as an important logistical location during these campaigns.   (Label: -1.0)

--------------------

Q: Karachi was a part of Alexander the Great's success?

A: A: Karachi is a city in modern-day Pakistan.  
The ancient port of Krokola was located in what is now Karachi.  
Alexander the Great used Krokola as a staging point for his fleet.  
His military campaigns included the conquest of regions in Persia and India, with Krokola serving as an important logistical location during these campaigns.  
Thus, Karachi (Krokola) played a role in Alexander the Great's military successes.   (Label: -1.0)

--------------------

Q: Did Francois Mitterrand ever meet Barak Obama while they both held the position of President?

A: A: Francois Mitterrand was the President of France from 1981 to 1995.   (Label: -1.0)

--------------------

Q: Did Francois Mitterrand ever meet Barak Obama while they both held the position of President?

A: A: Francois Mitterrand was the President of France from 1981 to 1995.  
Barack Obama was the President of the United States from 2009 to 2017.   (Label: -1.0)

--------------------

Q: Did Francois Mitterrand ever meet Barak Obama while they both held the position of President?

A: A: Francois Mitterrand was the President of France from 1981 to 1995.  
Barack Obama was the President of the United States from 2009 to 2017.  
Since Mitterrand's presidency ended in 1995, he could not have met Obama while both were presidents.   (Label: -1.0)

--------------------

Q: Did Francois Mitterrand ever meet Barak Obama while they both held the position of President?

A: A: François Mitterrand served as the President of France from 1981 to 1995.  (Label: -1.0)

--------------------

Q: Did Francois Mitterrand ever meet Barak Obama while they both held the position of President?

A: A: François Mitterrand served as the President of France from 1981 to 1995. 
Barack Obama was the President of the United States from 2009 to 2017.  (Label: -1.0)

--------------------

Q: Did Francois Mitterrand ever meet Barak Obama while they both held the position of President?

A: A: François Mitterrand served as the President of France from 1981 to 1995. 
Barack Obama was the President of the United States from 2009 to 2017. 
Mitterrand passed away in 1996, well before Obama took office.  (Label: -1.0)

--------------------

Q: Did Francois Mitterrand ever meet Barak Obama while they both held the position of President?

A: A: François Mitterrand served as the President of France from 1981 to 1995. 
Barack Obama was the President of the United States from 2009 to 2017. 
Mitterrand passed away in 1996, well before Obama took office. 
Therefore, it is impossible for them to have met while both were serving as Presidents.  (Label: -1.0)

--------------------

Q: Did Francois Mitterrand ever meet Barak Obama while they both held the position of President?

A: A: François Mitterrand was the President of France from 1981 to 1995.  (Label: -1.0)

--------------------

Q: Did Francois Mitterrand ever meet Barak Obama while they both held the position of President?

A: A: François Mitterrand was the President of France from 1981 to 1995. 
Barack Obama became the President of the United States in 2009 and served until 2017.  (Label: -1.0)

--------------------

Q: Did Francois Mitterrand ever meet Barak Obama while they both held the position of President?

A: A: François Mitterrand was the President of France from 1981 to 1995. 
Barack Obama became the President of the United States in 2009 and served until 2017. 
Mitterrand passed away in January 1996, after Obama had taken office.  (Label: -1.0)

--------------------

Q: Did Francois Mitterrand ever meet Barak Obama while they both held the position of President?

A: A: François Mitterrand was the President of France from 1981 to 1995. 
Barack Obama became the President of the United States in 2009 and served until 2017. 
Mitterrand passed away in January 1996, after Obama had taken office. 
Thus, they never met while both held the position of president.  (Label: -1.0)

--------------------

Q: Did Francois Mitterrand ever meet Barak Obama while they both held the position of President?

A: A: François Mitterrand was the President of France from 1981 to 1995. Barack Obama was the President of the United States from 2009 to 2017. Therefore, their presidential terms did not overlap.  (Label: -1.0)

--------------------

Q: Can you watch Rick and Morty in Mariana Trench?

A: A: The Mariana Trench is located in the Pacific Ocean and is the deepest part of the world's oceans. It is not a place where one can physically watch television shows. "Rick and Morty" is an animated television series that is available for viewing on various media platforms. However, being underwater in the Mariana Trench does not provide the means to access these platforms. Therefore, it is impossible to watch "Rick and Morty" while in the Mariana Trench.  (Label: -1.0)

--------------------

Q: Can you watch Rick and Morty in Mariana Trench?

A: A: The Mariana Trench is located in the Pacific Ocean and is the deepest part of the world's oceans. It is not a place where one can physically watch television shows. "Rick and Morty" is an animated television series that is available for viewing on various media platforms. However, being underwater in the Mariana Trench does not provide the means to access these platforms. Therefore, it is impossible to watch "Rick and Morty" while in the Mariana Trench. 
#### No. (Label: -1.0)

--------------------

Q: Can you watch Rick and Morty in Mariana Trench?

A: A: The Mariana Trench is an underwater trench in the Pacific Ocean.  (Label: -1.0)

--------------------

Q: Can you watch Rick and Morty in Mariana Trench?

A: A: The Mariana Trench is an underwater trench in the Pacific Ocean. 
Rick and Morty is an animated television show that is typically watched using a screen, like a TV or computer.  (Label: -1.0)

--------------------

Q: Can you watch Rick and Morty in Mariana Trench?

A: A: The Mariana Trench is an underwater trench in the Pacific Ocean. 
Rick and Morty is an animated television show that is typically watched using a screen, like a TV or computer. 
To watch Rick and Morty, one needs access to a screen and an internet connection, which is not feasible in the depths of the Mariana Trench.  (Label: -1.0)

--------------------

Q: Can you watch Rick and Morty in Mariana Trench?

A: A: The Mariana Trench is an underwater trench in the Pacific Ocean. 
Rick and Morty is an animated television show that is typically watched using a screen, like a TV or computer. 
To watch Rick and Morty, one needs access to a screen and an internet connection, which is not feasible in the depths of the Mariana Trench. 
Therefore, you cannot watch Rick and Morty in the Mariana Trench.  (Label: -1.0)

--------------------

Q: Can you watch Rick and Morty in Mariana Trench?

A: A: The Mariana Trench is an underwater trench in the Pacific Ocean. 
Rick and Morty is an animated television show that is typically watched using a screen, like a TV or computer. 
To watch Rick and Morty, one needs access to a screen and an internet connection, which is not feasible in the depths of the Mariana Trench. 
Therefore, you cannot watch Rick and Morty in the Mariana Trench. 
#### No. (Label: -1.0)

--------------------

Q: Can you watch Rick and Morty in Mariana Trench?

A: A: The Mariana Trench is the deepest part of the world's oceans, located in the western Pacific Ocean.  (Label: -1.0)

--------------------

Q: Can you watch Rick and Morty in Mariana Trench?

A: A: The Mariana Trench is the deepest part of the world's oceans, located in the western Pacific Ocean. 
Rick and Morty is a television series that is typically watched through electronic devices like TVs, computers, or streaming services.  (Label: -1.0)

--------------------

Q: Can you watch Rick and Morty in Mariana Trench?

A: A: The Mariana Trench is the deepest part of the world's oceans, located in the western Pacific Ocean. 
Rick and Morty is a television series that is typically watched through electronic devices like TVs, computers, or streaming services. 
Given the extreme conditions in the Mariana Trench, such as immense pressure and lack of accessible technology, it is not feasible to watch television shows there.  (Label: -1.0)

--------------------

Q: Can you watch Rick and Morty in Mariana Trench?

A: A: The Mariana Trench is the deepest part of the world's oceans, located in the western Pacific Ocean. 
Rick and Morty is a television series that is typically watched through electronic devices like TVs, computers, or streaming services. 
Given the extreme conditions in the Mariana Trench, such as immense pressure and lack of accessible technology, it is not feasible to watch television shows there. 
#### No. (Label: -1.0)

--------------------

Q: Can you watch Rick and Morty in Mariana Trench?

A: A: The Mariana Trench is a deep underwater trench in the Pacific Ocean. (Label: -1.0)

--------------------

Q: Can you watch Rick and Morty in Mariana Trench?

A: A: The Mariana Trench is a deep underwater trench in the Pacific Ocean.
Rick and Morty is an animated television series that requires a screen and the means to watch it. (Label: -1.0)

--------------------

Q: Can you watch Rick and Morty in Mariana Trench?

A: A: The Mariana Trench is a deep underwater trench in the Pacific Ocean.
Rick and Morty is an animated television series that requires a screen and the means to watch it.
To watch Rick and Morty, you need an internet connection, a TV, or a streaming device. (Label: -1.0)

--------------------

Q: Can you watch Rick and Morty in Mariana Trench?

A: A: The Mariana Trench is a deep underwater trench in the Pacific Ocean.
Rick and Morty is an animated television series that requires a screen and the means to watch it.
To watch Rick and Morty, you need an internet connection, a TV, or a streaming device.
The Mariana Trench is not a location where such devices or connections can be found, as it is underwater and not suitable for human habitation or technology. (Label: -1.0)

--------------------

Q: Can you watch Rick and Morty in Mariana Trench?

A: A: The Mariana Trench is a deep underwater trench in the Pacific Ocean.
Rick and Morty is an animated television series that requires a screen and the means to watch it.
To watch Rick and Morty, you need an internet connection, a TV, or a streaming device.
The Mariana Trench is not a location where such devices or connections can be found, as it is underwater and not suitable for human habitation or technology.
#### No. (Label: -1.0)

--------------------

Q: Does Capricorn astrology symbol have all of the parts of a chimera?

A: A: Capricorn is represented by a goat, specifically a sea-goat which has both goat and fish characteristics.  (Label: -1.0)

--------------------

Q: Does Capricorn astrology symbol have all of the parts of a chimera?

A: A: Capricorn is represented by a goat, specifically a sea-goat which has both goat and fish characteristics. 
A chimera in mythology is a creature typically composed of parts from different animals, such as a lion, snake, and goat.  (Label: -1.0)

--------------------

Q: Does Capricorn astrology symbol have all of the parts of a chimera?

A: A: Capricorn is represented by a goat, specifically a sea-goat which has both goat and fish characteristics. 
A chimera in mythology is a creature typically composed of parts from different animals, such as a lion, snake, and goat. 
Capricorn does not have characteristics of a lion or a snake, which are also part of a chimera's standard description.  (Label: -1.0)

--------------------

Q: Does Capricorn astrology symbol have all of the parts of a chimera?

A: A: Capricorn is represented by a goat, specifically a sea-goat which has both goat and fish characteristics. 
A chimera in mythology is a creature typically composed of parts from different animals, such as a lion, snake, and goat. 
Capricorn does not have characteristics of a lion or a snake, which are also part of a chimera's standard description. 
Therefore, it cannot be said that the Capricorn astrology symbol includes all parts of a chimera.  (Label: -1.0)

--------------------

Q: Does Capricorn astrology symbol have all of the parts of a chimera?

A: A: Capricorn is represented by a sea-goat, which has the front half of a goat and the tail of a fish. (Label: -1.0)

--------------------

Q: Does Capricorn astrology symbol have all of the parts of a chimera?

A: A: Capricorn is represented by a sea-goat, which has the front half of a goat and the tail of a fish.
A chimera, in mythology, is a creature composed of parts from different animals, often depicted with a lion's head, a goat's body, and a serpent's tail. (Label: -1.0)

--------------------

Q: Does Capricorn astrology symbol have all of the parts of a chimera?

A: A: Capricorn is represented by a sea-goat, which has the front half of a goat and the tail of a fish.
A chimera, in mythology, is a creature composed of parts from different animals, often depicted with a lion's head, a goat's body, and a serpent's tail.
The symbol of Capricorn does not include all the parts of a chimera; it only has the features of a goat and a fish. (Label: -1.0)

--------------------

Q: Does Capricorn astrology symbol have all of the parts of a chimera?

A: A: The Capricorn astrology symbol is represented by a sea-goat, which is a mythical creature. (Label: -1.0)

--------------------

Q: Does Capricorn astrology symbol have all of the parts of a chimera?

A: A: The Capricorn astrology symbol is represented by a sea-goat, which is a mythical creature.
A chimera, in mythology, is a monstrous fire-breathing hybrid creature made up of different parts from various animals. (Label: -1.0)

--------------------

Q: Does Capricorn astrology symbol have all of the parts of a chimera?

A: A: The Capricorn astrology symbol is represented by a sea-goat, which is a mythical creature.
A chimera, in mythology, is a monstrous fire-breathing hybrid creature made up of different parts from various animals.
A sea-goat (the symbol for Capricorn) has the front half of a goat and the tail of a fish. (Label: -1.0)

--------------------

Q: Does Capricorn astrology symbol have all of the parts of a chimera?

A: A: The Capricorn astrology symbol is represented by a sea-goat, which is a mythical creature.
A chimera, in mythology, is a monstrous fire-breathing hybrid creature made up of different parts from various animals.
A sea-goat (the symbol for Capricorn) has the front half of a goat and the tail of a fish.
Based on this definition, a sea-goat does not encompass all the parts traditionally associated with a chimera, which can include a lion's head, a goat's body, and a serpent's tail, among others. (Label: -1.0)

--------------------

Q: Does Capricorn astrology symbol have all of the parts of a chimera?

A: A: The Capricorn astrology symbol is represented by a sea-goat, which is a creature that has the front half of a goat and the tail of a fish.  (Label: -1.0)

--------------------

Q: Does Capricorn astrology symbol have all of the parts of a chimera?

A: A: The Capricorn astrology symbol is represented by a sea-goat, which is a creature that has the front half of a goat and the tail of a fish. 
A chimera in mythology is often described as a creature composed of parts from different animals, typically including a lion, goat, and serpent.  (Label: -1.0)

--------------------

Q: Does Capricorn astrology symbol have all of the parts of a chimera?

A: A: The Capricorn astrology symbol is represented by a sea-goat, which is a creature that has the front half of a goat and the tail of a fish. 
A chimera in mythology is often described as a creature composed of parts from different animals, typically including a lion, goat, and serpent. 
The sea-goat does not include all these parts; it primarily represents only the goat and fish. (Label: -1.0)

--------------------

Q: Does Capricorn astrology symbol have all of the parts of a chimera?

A: A: The Capricorn astrology symbol is represented by a sea-goat, which is a creature that has the front half of a goat and the tail of a fish. 
A chimera in mythology is often described as a creature composed of parts from different animals, typically including a lion, goat, and serpent. 
The sea-goat does not include all these parts; it primarily represents only the goat and fish.
 (Label: -1.0)

--------------------

Q: Can a strawberry get worms similar to dogs?

A: A: Strawberries are plants and do not have the same biology as dogs, which are animals.  (Label: -1.0)

--------------------

Q: Can a strawberry get worms similar to dogs?

A: A: Strawberries are plants and do not have the same biology as dogs, which are animals. 
Worms typically associated with dogs (such as tapeworms or roundworms) are parasites that infect animals.  (Label: -1.0)

--------------------

Q: Can a strawberry get worms similar to dogs?

A: A: Strawberries are plants and do not have the same biology as dogs, which are animals. 
Worms typically associated with dogs (such as tapeworms or roundworms) are parasites that infect animals. 
Strawberries can experience pests and diseases, but they do not get worms in the same way dogs do. (Label: -1.0)

--------------------

Q: Can a strawberry get worms similar to dogs?

A: A: Strawberries are plants and do not have the same biology as dogs, which are animals. 
Worms typically associated with dogs (such as tapeworms or roundworms) are parasites that infect animals. 
Strawberries can experience pests and diseases, but they do not get worms in the same way dogs do.
#### No. (Label: -1.0)

--------------------

Q: Can a strawberry get worms similar to dogs?

A: A: Strawberries are a type of fruit that grow from plants.  (Label: -1.0)

--------------------

Q: Can a strawberry get worms similar to dogs?

A: A: Strawberries are a type of fruit that grow from plants. 
Worms are often associated with animals, like dogs, which can have parasites or infestations of worms.  (Label: -1.0)

--------------------

Q: Can a strawberry get worms similar to dogs?

A: A: Strawberries are a type of fruit that grow from plants. 
Worms are often associated with animals, like dogs, which can have parasites or infestations of worms. 
While strawberries can be affected by certain pests, such as insects or nematodes, they do not get worms in the same way dogs do.  (Label: -1.0)

--------------------

Q: Can a strawberry get worms similar to dogs?

A: A: Strawberries are a type of fruit that grow from plants. 
Worms are often associated with animals, like dogs, which can have parasites or infestations of worms. 
While strawberries can be affected by certain pests, such as insects or nematodes, they do not get worms in the same way dogs do. 
Strawberries don't have internal parasites like worms but can be infested with insects that might be colloquially called "worms."  (Label: -1.0)

--------------------

Q: Can a strawberry get worms similar to dogs?

A: A: Strawberries are a type of fruit that grow from plants. 
Worms are often associated with animals, like dogs, which can have parasites or infestations of worms. 
While strawberries can be affected by certain pests, such as insects or nematodes, they do not get worms in the same way dogs do. 
Strawberries don't have internal parasites like worms but can be infested with insects that might be colloquially called "worms." 
 (Label: -1.0)

--------------------

Q: Can a strawberry get worms similar to dogs?

A: A: Strawberries are a type of fruit that grow from plants. 
Worms are often associated with animals, like dogs, which can have parasites or infestations of worms. 
While strawberries can be affected by certain pests, such as insects or nematodes, they do not get worms in the same way dogs do. 
Strawberries don't have internal parasites like worms but can be infested with insects that might be colloquially called "worms." 

#### No. (Label: -1.0)

--------------------

Q: Can a strawberry get worms similar to dogs?

A: A: Strawberries are plants, whereas dogs are mammals.  (Label: -1.0)

--------------------

Q: Can a strawberry get worms similar to dogs?

A: A: Strawberries are plants, whereas dogs are mammals. 
Worms that affect dogs, such as tapeworms or roundworms, are parasitic and specifically adapted to living in animal hosts.  (Label: -1.0)

--------------------

Q: Can a strawberry get worms similar to dogs?

A: A: Strawberries are plants, whereas dogs are mammals. 
Worms that affect dogs, such as tapeworms or roundworms, are parasitic and specifically adapted to living in animal hosts. 
Strawberries can be affected by various pests and diseases, but these are not the same type of worms that infest dogs.  (Label: -1.0)

--------------------

Q: Can a strawberry get worms similar to dogs?

A: A: Strawberries are plants, whereas dogs are mammals. 
Worms that affect dogs, such as tapeworms or roundworms, are parasitic and specifically adapted to living in animal hosts. 
Strawberries can be affected by various pests and diseases, but these are not the same type of worms that infest dogs. 
Therefore, strawberries do not get worms like dogs do.  (Label: -1.0)

--------------------

Q: Can a strawberry get worms similar to dogs?

A: A: Strawberries are plants, whereas dogs are mammals. 
Worms that affect dogs, such as tapeworms or roundworms, are parasitic and specifically adapted to living in animal hosts. 
Strawberries can be affected by various pests and diseases, but these are not the same type of worms that infest dogs. 
Therefore, strawberries do not get worms like dogs do. 
#### No. (Label: -1.0)

--------------------

Q: Can a strawberry get worms similar to dogs?

A: A: Strawberries are fruits that grow on plants. Dogs can get worms, such as tapeworms and roundworms, through various means like flea infestations or consuming contaminated food or water. In contrast, strawberries do not have a biological system that allows for the same type of parasitic worm infestation as dogs. There may be insect pests that affect strawberries, but these are not the same as worms that infect dogs.  (Label: -1.0)

--------------------

Q: Can a strawberry get worms similar to dogs?

A: A: Strawberries are fruits that grow on plants. Dogs can get worms, such as tapeworms and roundworms, through various means like flea infestations or consuming contaminated food or water. In contrast, strawberries do not have a biological system that allows for the same type of parasitic worm infestation as dogs. There may be insect pests that affect strawberries, but these are not the same as worms that infect dogs. 
 (Label: -1.0)

--------------------

Q: Can a strawberry get worms similar to dogs?

A: A: Strawberries are fruits that grow on plants. Dogs can get worms, such as tapeworms and roundworms, through various means like flea infestations or consuming contaminated food or water. In contrast, strawberries do not have a biological system that allows for the same type of parasitic worm infestation as dogs. There may be insect pests that affect strawberries, but these are not the same as worms that infect dogs. 

#### No. (Label: -1.0)

--------------------

Q: Did Easy Rider make a profit at the theater when it was released?

A: A: Easy Rider is a film released in 1969. (Label: -1.0)

--------------------

Q: Did Easy Rider make a profit at the theater when it was released?

A: A: Easy Rider is a film released in 1969.
It was made with a low budget of approximately $400,000. (Label: -1.0)

--------------------

Q: Did Easy Rider make a profit at the theater when it was released?

A: A: Easy Rider is a film released in 1969.
It was made with a low budget of approximately $400,000.
The film grossed over $60 million at the box office. (Label: -1.0)

--------------------

Q: Did Easy Rider make a profit at the theater when it was released?

A: A: Easy Rider is a film released in 1969.
It was made with a low budget of approximately $400,000.
The film grossed over $60 million at the box office.
This significant earnings indicate that it made a substantial profit. (Label: -1.0)

--------------------

Q: Did Easy Rider make a profit at the theater when it was released?

A: A: Easy Rider was released in 1969.   (Label: -1.0)

--------------------

Q: Did Easy Rider make a profit at the theater when it was released?

A: A: Easy Rider was released in 1969.  
The film was made with a budget of around $360,000.   (Label: -1.0)

--------------------

Q: Did Easy Rider make a profit at the theater when it was released?

A: A: Easy Rider was released in 1969.  
The film was made with a budget of around $360,000.  
It grossed over $60 million at the box office, which indicates it was financially successful.   (Label: -1.0)

--------------------

Q: Did Easy Rider make a profit at the theater when it was released?

A: A: Easy Rider was released in 1969.  
The film was made with a budget of around $360,000.  
It grossed over $60 million at the box office, which indicates it was financially successful.  
Given these figures, it is clear that Easy Rider made a profit when it was released.   (Label: -1.0)

--------------------

Q: Did Easy Rider make a profit at the theater when it was released?

A: A: Easy Rider was released in 1969. (Label: -1.0)

--------------------

Q: Did Easy Rider make a profit at the theater when it was released?

A: A: Easy Rider was released in 1969.
The film was produced on a budget of about $400,000. (Label: -1.0)

--------------------

Q: Did Easy Rider make a profit at the theater when it was released?

A: A: Easy Rider was released in 1969.
The film was produced on a budget of about $400,000.
It grossed over $60 million at the box office. (Label: -1.0)

--------------------

Q: Did Easy Rider make a profit at the theater when it was released?

A: A: Easy Rider was released in 1969.
The film was produced on a budget of about $400,000.
It grossed over $60 million at the box office.
This significant return on investment indicates that the film made a profit. (Label: -1.0)

--------------------

Q: Did Easy Rider make a profit at the theater when it was released?

A: A: Easy Rider was released in 1969.   (Label: -1.0)

--------------------

Q: Did Easy Rider make a profit at the theater when it was released?

A: A: Easy Rider was released in 1969.  
The film had a budget of around $400,000.   (Label: -1.0)

--------------------

Q: Did Easy Rider make a profit at the theater when it was released?

A: A: Easy Rider was released in 1969.  
The film had a budget of around $400,000.  
It grossed approximately $60 million at the box office.   (Label: -1.0)

--------------------

Q: Did Easy Rider make a profit at the theater when it was released?

A: A: Easy Rider was released in 1969.  
The film had a budget of around $400,000.  
It grossed approximately $60 million at the box office.  
This significant revenue indicates that it made a substantial profit.   (Label: -1.0)

--------------------

Q: Would you spend less on your food at Aldi than at Whole Foods?

A: A: Aldi is known for its low prices and no-frills shopping experience. Whole Foods is recognized for its organic offerings and higher pricing. Generally, people tend to find that their grocery bills are lower when shopping at Aldi compared to Whole Foods. Therefore, you would likely spend less on food at Aldi than at Whole Foods.   (Label: -1.0)

--------------------

Q: Would you spend less on your food at Aldi than at Whole Foods?

A: A: Aldi is known for its low-priced groceries and has a reputation for affordability.  (Label: -1.0)

--------------------

Q: Would you spend less on your food at Aldi than at Whole Foods?

A: A: Aldi is known for its low-priced groceries and has a reputation for affordability. 
Whole Foods, on the other hand, is often considered a premium grocery store with higher prices for organic and specialty items.  (Label: -1.0)

--------------------

Q: Would you spend less on your food at Aldi than at Whole Foods?

A: A: Aldi is known for its low-priced groceries and has a reputation for affordability. 
Whole Foods, on the other hand, is often considered a premium grocery store with higher prices for organic and specialty items. 
Generally, shoppers spend less at Aldi due to its cost-effective pricing and limited selection compared to Whole Foods, which emphasizes higher-quality products and organic options.  (Label: -1.0)

--------------------

Q: Would you spend less on your food at Aldi than at Whole Foods?

A: A: Aldi is known for its low-priced groceries and has a reputation for affordability. 
Whole Foods, on the other hand, is often considered a premium grocery store with higher prices for organic and specialty items. 
Generally, shoppers spend less at Aldi due to its cost-effective pricing and limited selection compared to Whole Foods, which emphasizes higher-quality products and organic options. 
Therefore, it is likely you would spend less on food at Aldi than at Whole Foods.  (Label: -1.0)

--------------------

Q: Would you spend less on your food at Aldi than at Whole Foods?

A: A: Aldi is known for its lower prices compared to many other grocery stores, including Whole Foods. Whole Foods is often considered a premium grocery store with more expensive products. Studies and consumer reports generally indicate that people tend to spend less at Aldi than at Whole Foods for comparable items. Therefore, it can be concluded that shoppers would likely spend less on food at Aldi.  (Label: -1.0)

--------------------

Q: Would you spend less on your food at Aldi than at Whole Foods?

A: A: Aldi is known for its low prices and no-frills shopping experience.   (Label: -1.0)

--------------------

Q: Would you spend less on your food at Aldi than at Whole Foods?

A: A: Aldi is known for its low prices and no-frills shopping experience.  
Whole Foods focuses on organic and high-quality products, which typically come with a higher price tag.   (Label: -1.0)

--------------------

Q: Would you spend less on your food at Aldi than at Whole Foods?

A: A: Aldi is known for its low prices and no-frills shopping experience.  
Whole Foods focuses on organic and high-quality products, which typically come with a higher price tag.  
Shopping at Aldi generally results in spending less money compared to shopping at Whole Foods due to their price models.   (Label: -1.0)

--------------------

Q: Could a markhor give birth three times in a single year?

A: A: Markhors are wild goats found in Central and South Asia. (Label: -1.0)

--------------------

Q: Could a markhor give birth three times in a single year?

A: A: Markhors are wild goats found in Central and South Asia.
Typically, female markhors have a gestation period of about 5 to 6 months. (Label: -1.0)

--------------------

Q: Could a markhor give birth three times in a single year?

A: A: Markhors are wild goats found in Central and South Asia.
Typically, female markhors have a gestation period of about 5 to 6 months.
After giving birth, it is common for mammals to require some time before they can conceive again. (Label: -1.0)

--------------------

Q: Could a markhor give birth three times in a single year?

A: A: Markhors are wild goats found in Central and South Asia.
Typically, female markhors have a gestation period of about 5 to 6 months.
After giving birth, it is common for mammals to require some time before they can conceive again.
Most mammals, including markhors, usually give birth once a year but may sometimes have twins. (Label: -1.0)

--------------------

Q: Could a markhor give birth three times in a single year?

A: A: Markhors are wild goats found in Central and South Asia.
Typically, female markhors have a gestation period of about 5 to 6 months.
After giving birth, it is common for mammals to require some time before they can conceive again.
Most mammals, including markhors, usually give birth once a year but may sometimes have twins.
Therefore, it is biologically unlikely for a markhor to give birth three times in a single year.  (Label: -1.0)

--------------------

Q: Could a markhor give birth three times in a single year?

A: A: The markhor is a wild goat species native to Central Asia. (Label: -1.0)

--------------------

Q: Could a markhor give birth three times in a single year?

A: A: The markhor is a wild goat species native to Central Asia.
Typically, mammals, including markhor, have a gestation period which indicates the time required for one breed. (Label: -1.0)

--------------------

Q: Could a markhor give birth three times in a single year?

A: A: The markhor is a wild goat species native to Central Asia.
Typically, mammals, including markhor, have a gestation period which indicates the time required for one breed.
The average gestation period for a markhor is around 5 months. (Label: -1.0)

--------------------

Q: Could a markhor give birth three times in a single year?

A: A: The markhor is a wild goat species native to Central Asia.
Typically, mammals, including markhor, have a gestation period which indicates the time required for one breed.
The average gestation period for a markhor is around 5 months.
After giving birth, a markhor usually waits until the next breeding season to conceive again. (Label: -1.0)

--------------------

Q: Could a markhor give birth three times in a single year?

A: A: The markhor is a wild goat species native to Central Asia.
Typically, mammals, including markhor, have a gestation period which indicates the time required for one breed.
The average gestation period for a markhor is around 5 months.
After giving birth, a markhor usually waits until the next breeding season to conceive again.
It is biologically unlikely for a markhor to give birth three times in a single year due to the gestation period. (Label: -1.0)

--------------------

Q: Could a markhor give birth three times in a single year?

A: A: The markhor is a species of wild goat found in Central Asia and parts of the Himalayas. (Label: -1.0)

--------------------

Q: Could a markhor give birth three times in a single year?

A: A: The markhor is a species of wild goat found in Central Asia and parts of the Himalayas.
Typically, most species of goats reproduce once a year. (Label: -1.0)

--------------------

Q: Could a markhor give birth three times in a single year?

A: A: The markhor is a species of wild goat found in Central Asia and parts of the Himalayas.
Typically, most species of goats reproduce once a year.
Markhor females usually give birth to one kid at a time, though twins can occur but are rare. (Label: -1.0)

--------------------

Q: Could a markhor give birth three times in a single year?

A: A: The markhor is a species of wild goat found in Central Asia and parts of the Himalayas.
Typically, most species of goats reproduce once a year.
Markhor females usually give birth to one kid at a time, though twins can occur but are rare.
Given the typical reproductive cycle, it would not be biologically feasible for a markhor to give birth three times in a single year. (Label: -1.0)

--------------------

Q: Could a markhor give birth three times in a single year?

A: A: A markhor is a type of wild goat found in Central Asia. (Label: -1.0)

--------------------

Q: Could a markhor give birth three times in a single year?

A: A: A markhor is a type of wild goat found in Central Asia.
Generally, most mammals, including goats, have a gestation period that lasts for several months. (Label: -1.0)

--------------------

Q: Could a markhor give birth three times in a single year?

A: A: A markhor is a type of wild goat found in Central Asia.
Generally, most mammals, including goats, have a gestation period that lasts for several months.
Markhors typically have a gestation period of about 150 days, which means they can have one offspring per year. (Label: -1.0)

--------------------

Q: Could a markhor give birth three times in a single year?

A: A: A markhor is a type of wild goat found in Central Asia.
Generally, most mammals, including goats, have a gestation period that lasts for several months.
Markhors typically have a gestation period of about 150 days, which means they can have one offspring per year.
The reproductive cycle for markhors does not support the possibility of giving birth three times in one year. (Label: -1.0)

--------------------

Q: Does Alec Baldwin have more children than Clint Eastwood?

A: A: Alec Baldwin has a total of 6 children.   (Label: -1.0)

--------------------

Q: Does Alec Baldwin have more children than Clint Eastwood?

A: A: Alec Baldwin has a total of 6 children.  
Clint Eastwood has a total of 8 children.   (Label: -1.0)

--------------------

Q: Does Alec Baldwin have more children than Clint Eastwood?

A: A: Alec Baldwin has a total of 6 children.  
Clint Eastwood has a total of 8 children.  
Comparing the number of children, Clint Eastwood has more children than Alec Baldwin.   (Label: -1.0)

--------------------

Q: Does Alec Baldwin have more children than Clint Eastwood?

A: A: Alec Baldwin has a total of 6 children as of 2023. (Label: -1.0)

--------------------

Q: Does Alec Baldwin have more children than Clint Eastwood?

A: A: Alec Baldwin has a total of 6 children as of 2023.
Clint Eastwood has a total of 8 children. (Label: -1.0)

--------------------

Q: Does Alec Baldwin have more children than Clint Eastwood?

A: A: Alec Baldwin has a total of 6 children as of 2023.
Clint Eastwood has a total of 8 children.
Comparing the two, Clint Eastwood has more children than Alec Baldwin. (Label: -1.0)

--------------------

Q: Does Alec Baldwin have more children than Clint Eastwood?

A: A: Alec Baldwin has six children, including his youngest born in 2021. (Label: -1.0)

--------------------

Q: Does Alec Baldwin have more children than Clint Eastwood?

A: A: Alec Baldwin has six children, including his youngest born in 2021.
Clint Eastwood has eight children from multiple relationships. (Label: -1.0)

--------------------

Q: Does Alec Baldwin have more children than Clint Eastwood?

A: A: Alec Baldwin has six children, including his youngest born in 2021.
Clint Eastwood has eight children from multiple relationships.
Comparing the two, Clint Eastwood has more children than Alec Baldwin. (Label: -1.0)

--------------------

Q: Does Alec Baldwin have more children than Clint Eastwood?

A: A: Alec Baldwin has a total of 7 children.   (Label: -1.0)

--------------------

Q: Does Alec Baldwin have more children than Clint Eastwood?

A: A: Alec Baldwin has a total of 7 children.  
Clint Eastwood has a total of 8 children.   (Label: -1.0)

--------------------

Q: Does Alec Baldwin have more children than Clint Eastwood?

A: A: Alec Baldwin has a total of 7 children.  
Clint Eastwood has a total of 8 children.  
Comparing the two, Clint Eastwood has more children than Alec Baldwin.   (Label: -1.0)

--------------------

Q: Would Felicity Huffman vote for Mike DeWine?

A: A: Felicity Huffman is an American actress known for her work in television and film.  (Label: -1.0)

--------------------

Q: Would Felicity Huffman vote for Mike DeWine?

A: A: Felicity Huffman is an American actress known for her work in television and film. 
Mike DeWine is the current governor of Ohio and was elected in 2018.  (Label: -1.0)

--------------------

Q: Would Felicity Huffman vote for Mike DeWine?

A: A: Felicity Huffman is an American actress known for her work in television and film. 
Mike DeWine is the current governor of Ohio and was elected in 2018. 
As a public figure, Huffman may have her own political beliefs, but there is no specific information available indicating that she has endorsed or would vote for DeWine. (Label: -1.0)

--------------------

Q: Would Felicity Huffman vote for Mike DeWine?

A: A: Felicity Huffman is an American actress known for her work in television and film. 
Mike DeWine is the current governor of Ohio and was elected in 2018. 
As a public figure, Huffman may have her own political beliefs, but there is no specific information available indicating that she has endorsed or would vote for DeWine.
Therefore, it is not possible to definitively say whether she would vote for him or not.  (Label: -1.0)

--------------------

Q: Would Felicity Huffman vote for Mike DeWine?

A: A: Felicity Huffman is an actress known for her work in television and film.  (Label: -1.0)

--------------------

Q: Would Felicity Huffman vote for Mike DeWine?

A: A: Felicity Huffman is an actress known for her work in television and film. 
Mike DeWine is the governor of Ohio, who is a member of the Republican Party.  (Label: -1.0)

--------------------

Q: Would Felicity Huffman vote for Mike DeWine?

A: A: Felicity Huffman is an actress known for her work in television and film. 
Mike DeWine is the governor of Ohio, who is a member of the Republican Party. 
There is no publicly available information about Felicity Huffman's political preferences or voting behavior.  (Label: -1.0)

--------------------

Q: Would Felicity Huffman vote for Mike DeWine?

A: A: Felicity Huffman is an actress known for her work in television and film. 
Mike DeWine is the governor of Ohio, who is a member of the Republican Party. 
There is no publicly available information about Felicity Huffman's political preferences or voting behavior. 
Therefore, it cannot be determined if she would vote for Mike DeWine.  (Label: -1.0)

--------------------

Q: Would Felicity Huffman vote for Mike DeWine?

A: A: Felicity Huffman is an American actress known for her role in "Desperate Housewives."  (Label: -1.0)

--------------------

Q: Would Felicity Huffman vote for Mike DeWine?

A: A: Felicity Huffman is an American actress known for her role in "Desperate Housewives." 
Mike DeWine is the Governor of Ohio and a member of the Republican Party.  (Label: -1.0)

--------------------

Q: Would Felicity Huffman vote for Mike DeWine?

A: A: Felicity Huffman is an American actress known for her role in "Desperate Housewives." 
Mike DeWine is the Governor of Ohio and a member of the Republican Party. 
There is no public information indicating that Felicity Huffman, as an individual, would express support or vote for Mike DeWine specifically.  (Label: -1.0)

--------------------

Q: Would Felicity Huffman vote for Mike DeWine?

A: A: Felicity Huffman is an American actress known for her role in "Desperate Housewives." 
Mike DeWine is the Governor of Ohio and a member of the Republican Party. 
There is no public information indicating that Felicity Huffman, as an individual, would express support or vote for Mike DeWine specifically. 
Additionally, as a public figure, her political preferences or voting habits are not disclosed widely. (Label: -1.0)

--------------------

Q: Would Felicity Huffman vote for Mike DeWine?

A: A: Felicity Huffman is an American actress and public figure. (Label: -1.0)

--------------------

Q: Would Felicity Huffman vote for Mike DeWine?

A: A: Felicity Huffman is an American actress and public figure.
Mike DeWine is a Republican politician who serves as the Governor of Ohio. (Label: -1.0)

--------------------

Q: Would Felicity Huffman vote for Mike DeWine?

A: A: Felicity Huffman is an American actress and public figure.
Mike DeWine is a Republican politician who serves as the Governor of Ohio.
There is no public record or statement indicating Felicity Huffman's political endorsement preferences. (Label: -1.0)

--------------------

Q: Would Felicity Huffman vote for Mike DeWine?

A: A: Felicity Huffman is an American actress and public figure.
Mike DeWine is a Republican politician who serves as the Governor of Ohio.
There is no public record or statement indicating Felicity Huffman's political endorsement preferences.
Since Huffman's political affiliations and personal voting choices are not clear, it cannot be definitively said that she would vote for DeWine. (Label: -1.0)


