
====================
epoch 1 | idx 0
====================
Q: Would John Muir not likely have a vitamin D deficiency?


********** Step: 1 **********

John Muir was a naturalist and environmentalist who lived from 1838 to 1914. (Score: -0.043820034712553024, Parent: 0)

John Muir was a naturalist and environmentalist who lived in the late 19th and early 20th centuries. (Score: -0.07355792820453644, Parent: 0)

********** Step: 2 **********

John Muir was a naturalist and environmentalist who lived from 1838 to 1914.
A: John Muir lived in a time when people spent a lot of time outdoors. (Score: -0.08560320734977722, Parent: 0)

John Muir was a naturalist and environmentalist who lived from 1838 to 1914.
A: John Muir spent a significant amount of time outdoors, traveling and exploring nature. (Score: -0.1100914478302002, Parent: 0)

********** Step: 3 **********

John Muir was a naturalist and environmentalist who lived from 1838 to 1914.
A: John Muir lived in a time when people spent a lot of time outdoors.
A: Exposure to sunlight is a primary source of vitamin D for humans. (Score: -0.09645503759384155, Parent: 0)

John Muir was a naturalist and environmentalist who lived from 1838 to 1914.
A: John Muir lived in a time when people spent a lot of time outdoors.
A: Spending time outdoors increases exposure to sunlight, which is necessary for the body to produce vitamin D. (Score: -0.10397446900606155, Parent: 0)

********** Step: 4 **********

John Muir was a naturalist and environmentalist who lived from 1838 to 1914.
A: John Muir lived in a time when people spent a lot of time outdoors.
A: Exposure to sunlight is a primary source of vitamin D for humans.
A: John Muir likely had ample exposure to sunlight due to his outdoor lifestyle. (Score: -0.11304253339767456, Parent: 0)

John Muir was a naturalist and environmentalist who lived from 1838 to 1914.
A: John Muir lived in a time when people spent a lot of time outdoors.
A: Spending time outdoors increases exposure to sunlight, which is necessary for the body to produce vitamin D.
A: Therefore, it is likely that John Muir received sufficient sunlight exposure. (Score: -0.11642690002918243, Parent: 1)

********** Step: 5 **********

John Muir was a naturalist and environmentalist who lived from 1838 to 1914.
A: John Muir lived in a time when people spent a lot of time outdoors.
A: Exposure to sunlight is a primary source of vitamin D for humans.
A: John Muir likely had ample exposure to sunlight due to his outdoor lifestyle.
#### Yes. (Score: 0.21970701217651367, Parent: 0)

John Muir was a naturalist and environmentalist who lived from 1838 to 1914.
A: John Muir lived in a time when people spent a lot of time outdoors.
A: Spending time outdoors increases exposure to sunlight, which is necessary for the body to produce vitamin D.
A: Therefore, it is likely that John Muir received sufficient sunlight exposure.
#### Yes. (Score: 0.2021540403366089, Parent: 1)

********** Step: 6 **********

John Muir was a naturalist and environmentalist who lived from 1838 to 1914.
A: John Muir lived in a time when people spent a lot of time outdoors.
A: Exposure to sunlight is a primary source of vitamin D for humans.
A: John Muir likely had ample exposure to sunlight due to his outdoor lifestyle.
#### Yes.
 (Score: 0.21970701217651367, Parent: 0)

John Muir was a naturalist and environmentalist who lived from 1838 to 1914.
A: John Muir lived in a time when people spent a lot of time outdoors.
A: Spending time outdoors increases exposure to sunlight, which is necessary for the body to produce vitamin D.
A: Therefore, it is likely that John Muir received sufficient sunlight exposure.
#### Yes.
 (Score: 0.2021540403366089, Parent: 1)

---------- FINAL ----------
step 6
John Muir was a naturalist and environmentalist who lived from 1838 to 1914.
A: John Muir lived in a time when people spent a lot of time outdoors.
A: Exposure to sunlight is a primary source of vitamin D for humans.
A: John Muir likely had ample exposure to sunlight due to his outdoor lifestyle.
#### Yes.
 (Score: 0.21970701217651367)

John Muir was a naturalist and environmentalist who lived from 1838 to 1914.
A: John Muir lived in a time when people spent a lot of time outdoors.
A: Spending time outdoors increases exposure to sunlight, which is necessary for the body to produce vitamin D.
A: Therefore, it is likely that John Muir received sufficient sunlight exposure.
#### Yes.
 (Score: 0.2021540403366089)
tensor([[-6640635725955895249, -3532537294390778421,  1899756016682914753,
          -197233539246189606,  3209685389633853342,                    0,
                           -1,                   -1],
        [-6640635725955895249, -3532537294390778421,  5943753423925439145,
         -1899795354912429426,  3209685389633853342,                    0,
                           -1,                   -1]])

====================
Q: Could the Dominican Order hypothetically defeat Blessed Gerard's order?


********** Step: 1 **********

The Dominican Order is a Catholic religious order founded in the early 13th century by Saint Dominic. (Score: -0.05472148582339287, Parent: 0)

The Dominican Order is a religious order founded in the early 13th century focused on preaching and teaching. (Score: -0.07383611798286438, Parent: 0)

********** Step: 2 **********

The Dominican Order is a Catholic religious order founded in the early 13th century by Saint Dominic.
The Order of Saint John, also known as the Knights Hospitaller, was founded by Blessed Gerard in the 11th century. (Score: -0.0784619152545929, Parent: 0)

The Dominican Order is a Catholic religious order founded in the early 13th century by Saint Dominic.
The order associated with Blessed Gerard is the Order of Malta, also known as the Knights Hospitaller, which was founded in the 11th century. (Score: -0.10141007602214813, Parent: 0)

********** Step: 3 **********

The Dominican Order is a Catholic religious order founded in the early 13th century by Saint Dominic.
The Order of Saint John, also known as the Knights Hospitaller, was founded by Blessed Gerard in the 11th century.
A: The Dominican Order is primarily focused on preaching and teaching. (Score: -0.10915976762771606, Parent: 0)

The Dominican Order is a Catholic religious order founded in the early 13th century by Saint Dominic.
The Order of Saint John, also known as the Knights Hospitaller, was founded by Blessed Gerard in the 11th century.
The Dominican Order focuses on preaching and teaching, while the Knights Hospitaller originally focused on providing care for sick and injured pilgrims and later became a military order. (Score: -0.12340041249990463, Parent: 0)

********** Step: 4 **********

The Dominican Order is a Catholic religious order founded in the early 13th century by Saint Dominic.
The Order of Saint John, also known as the Knights Hospitaller, was founded by Blessed Gerard in the 11th century.
A: The Dominican Order is primarily focused on preaching and teaching.
The Order of Saint John was established to provide care for the sick and to protect pilgrims in the Holy Land. (Score: -0.12405645847320557, Parent: 0)

The Dominican Order is a Catholic religious order founded in the early 13th century by Saint Dominic.
The Order of Saint John, also known as the Knights Hospitaller, was founded by Blessed Gerard in the 11th century.
The Dominican Order focuses on preaching and teaching, while the Knights Hospitaller originally focused on providing care for sick and injured pilgrims and later became a military order.
The Dominican Order has a different mission and structure than the Knights Hospitaller. (Score: -0.12932410836219788, Parent: 1)

********** Step: 5 **********

The Dominican Order is a Catholic religious order founded in the early 13th century by Saint Dominic.
The Order of Saint John, also known as the Knights Hospitaller, was founded by Blessed Gerard in the 11th century.
A: The Dominican Order is primarily focused on preaching and teaching.
The Order of Saint John was established to provide care for the sick and to protect pilgrims in the Holy Land.
A: The Dominican Order has a different mission and purpose compared to Blessed Gerard's order. (Score: -0.13347409665584564, Parent: 0)

The Dominican Order is a Catholic religious order founded in the early 13th century by Saint Dominic.
The Order of Saint John, also known as the Knights Hospitaller, was founded by Blessed Gerard in the 11th century.
The Dominican Order focuses on preaching and teaching, while the Knights Hospitaller originally focused on providing care for sick and injured pilgrims and later became a military order.
The Dominican Order has a different mission and structure than the Knights Hospitaller.
The two orders serve different purposes and have different historical contexts. (Score: -0.13562455773353577, Parent: 1)

********** Step: 6 **********

The Dominican Order is a Catholic religious order founded in the early 13th century by Saint Dominic.
The Order of Saint John, also known as the Knights Hospitaller, was founded by Blessed Gerard in the 11th century.
A: The Dominican Order is primarily focused on preaching and teaching.
The Order of Saint John was established to provide care for the sick and to protect pilgrims in the Holy Land.
A: The Dominican Order has a different mission and purpose compared to Blessed Gerard's order.
A: The Dominican Order has a strong theological and intellectual tradition. (Score: -0.13641628623008728, Parent: 0)

The Dominican Order is a Catholic religious order founded in the early 13th century by Saint Dominic.
The Order of Saint John, also known as the Knights Hospitaller, was founded by Blessed Gerard in the 11th century.
A: The Dominican Order is primarily focused on preaching and teaching.
The Order of Saint John was established to provide care for the sick and to protect pilgrims in the Holy Land.
A: The Dominican Order has a different mission and purpose compared to Blessed Gerard's order.
A: The Dominican Order is a Catholic religious order founded in the early 13th century by Saint Dominic. (Score: -0.13822053372859955, Parent: 0)

********** Step: 7 **********

The Dominican Order is a Catholic religious order founded in the early 13th century by Saint Dominic.
The Order of Saint John, also known as the Knights Hospitaller, was founded by Blessed Gerard in the 11th century.
A: The Dominican Order is primarily focused on preaching and teaching.
The Order of Saint John was established to provide care for the sick and to protect pilgrims in the Holy Land.
A: The Dominican Order has a different mission and purpose compared to Blessed Gerard's order.
A: The Dominican Order is a Catholic religious order founded in the early 13th century by Saint Dominic.
A: The Dominican Order is a Catholic religious order founded in the early 13th century by Saint Dominic. (Score: -0.14175119996070862, Parent: 1)

The Dominican Order is a Catholic religious order founded in the early 13th century by Saint Dominic.
The Order of Saint John, also known as the Knights Hospitaller, was founded by Blessed Gerard in the 11th century.
A: The Dominican Order is primarily focused on preaching and teaching.
The Order of Saint John was established to provide care for the sick and to protect pilgrims in the Holy Land.
A: The Dominican Order has a different mission and purpose compared to Blessed Gerard's order.
A: The Dominican Order has a strong theological and intellectual tradition.
A: The Order of Saint John has a military aspect due to its historical involvement in the Crusades. (Score: -0.1433202475309372, Parent: 0)

********** Step: 8 **********

The Dominican Order is a Catholic religious order founded in the early 13th century by Saint Dominic.
The Order of Saint John, also known as the Knights Hospitaller, was founded by Blessed Gerard in the 11th century.
A: The Dominican Order is primarily focused on preaching and teaching.
The Order of Saint John was established to provide care for the sick and to protect pilgrims in the Holy Land.
A: The Dominican Order has a different mission and purpose compared to Blessed Gerard's order.
A: The Dominican Order has a strong theological and intellectual tradition.
A: The Order of Saint John has a military aspect due to its historical involvement in the Crusades.
A: The Dominican Order and the Order of Saint John have different historical contexts and missions. (Score: -0.14218679070472717, Parent: 1)

The Dominican Order is a Catholic religious order founded in the early 13th century by Saint Dominic.
The Order of Saint John, also known as the Knights Hospitaller, was founded by Blessed Gerard in the 11th century.
A: The Dominican Order is primarily focused on preaching and teaching.
The Order of Saint John was established to provide care for the sick and to protect pilgrims in the Holy Land.
A: The Dominican Order has a different mission and purpose compared to Blessed Gerard's order.
A: The Dominican Order has a strong theological and intellectual tradition.
A: The Order of Saint John has a military aspect due to its historical involvement in the Crusades.
A: The Dominican Order and the Order of Saint John serve different roles within the Catholic Church. (Score: -0.14307928085327148, Parent: 1)

---------- FINAL ----------
step 8
The Dominican Order is a Catholic religious order founded in the early 13th century by Saint Dominic.
The Order of Saint John, also known as the Knights Hospitaller, was founded by Blessed Gerard in the 11th century.
A: The Dominican Order is primarily focused on preaching and teaching.
The Order of Saint John was established to provide care for the sick and to protect pilgrims in the Holy Land.
A: The Dominican Order has a different mission and purpose compared to Blessed Gerard's order.
A: The Dominican Order has a strong theological and intellectual tradition.
A: The Order of Saint John has a military aspect due to its historical involvement in the Crusades.
A: The Dominican Order and the Order of Saint John have different historical contexts and missions. (Score: -0.14218679070472717)

The Dominican Order is a Catholic religious order founded in the early 13th century by Saint Dominic.
The Order of Saint John, also known as the Knights Hospitaller, was founded by Blessed Gerard in the 11th century.
A: The Dominican Order is primarily focused on preaching and teaching.
The Order of Saint John was established to provide care for the sick and to protect pilgrims in the Holy Land.
A: The Dominican Order has a different mission and purpose compared to Blessed Gerard's order.
A: The Dominican Order has a strong theological and intellectual tradition.
A: The Order of Saint John has a military aspect due to its historical involvement in the Crusades.
A: The Dominican Order and the Order of Saint John serve different roles within the Catholic Church. (Score: -0.14307928085327148)
tensor([[-9013157689581134929, -4571815168739440530, -6211244283501398571,
          7768366473216758410, -5005139088044898752, -6300408610405693561,
          8387384919621532192, -2385690957171304489],
        [-9013157689581134929, -4571815168739440530, -6211244283501398571,
          7768366473216758410, -5005139088044898752, -6300408610405693561,
          8387384919621532192, -6034192476795147556]])

====================
Q: Can Hulk's alter ego explain atomic events?


********** Step: 1 **********

Hulk's alter ego is Bruce Banner, who is a scientist specializing in gamma radiation. (Score: 0.10719532519578934, Parent: 0)

Hulk's alter ego is Bruce Banner, who is a physicist specializing in nuclear physics. (Score: 0.03132907673716545, Parent: 0)

********** Step: 2 **********

Hulk's alter ego is Bruce Banner, who is a scientist specializing in gamma radiation.
Bruce Banner has a deep understanding of physics and nuclear science. (Score: 0.021145477890968323, Parent: 0)

Hulk's alter ego is Bruce Banner, who is a physicist specializing in nuclear physics.
Bruce Banner has a deep understanding of atomic structure and nuclear reactions. (Score: -0.05215444788336754, Parent: 1)

********** Step: 3 **********

Hulk's alter ego is Bruce Banner, who is a scientist specializing in gamma radiation.
Bruce Banner has a deep understanding of physics and nuclear science.
Bruce Banner, as a scientist, has the knowledge to explain atomic events. (Score: -0.03660065680742264, Parent: 0)

Hulk's alter ego is Bruce Banner, who is a scientist specializing in gamma radiation.
Bruce Banner has a deep understanding of physics and nuclear science.
Bruce Banner, as a scientist, has knowledge about atomic events and nuclear reactions. (Score: -0.04602692648768425, Parent: 0)

********** Step: 4 **********

Hulk's alter ego is Bruce Banner, who is a scientist specializing in gamma radiation.
Bruce Banner has a deep understanding of physics and nuclear science.
Bruce Banner, as a scientist, has the knowledge to explain atomic events.
#### Yes. (Score: 0.328147292137146, Parent: 0)

Hulk's alter ego is Bruce Banner, who is a scientist specializing in gamma radiation.
Bruce Banner has a deep understanding of physics and nuclear science.
Bruce Banner, as a scientist, has the knowledge to explain atomic events.
#### Yes. (Score: 0.328147292137146, Parent: 0)

********** Step: 5 **********

Hulk's alter ego is Bruce Banner, who is a scientist specializing in gamma radiation.
Bruce Banner has a deep understanding of physics and nuclear science.
Bruce Banner, as a scientist, has the knowledge to explain atomic events.
#### Yes.
 (Score: 0.328147292137146, Parent: 0)

Hulk's alter ego is Bruce Banner, who is a scientist specializing in gamma radiation.
Bruce Banner has a deep understanding of physics and nuclear science.
Bruce Banner, as a scientist, has the knowledge to explain atomic events.
#### Yes.
 (Score: 0.328147292137146, Parent: 1)

---------- FINAL ----------
step 5
Hulk's alter ego is Bruce Banner, who is a scientist specializing in gamma radiation.
Bruce Banner has a deep understanding of physics and nuclear science.
Bruce Banner, as a scientist, has the knowledge to explain atomic events.
#### Yes.
 (Score: 0.328147292137146)

Hulk's alter ego is Bruce Banner, who is a scientist specializing in gamma radiation.
Bruce Banner has a deep understanding of physics and nuclear science.
Bruce Banner, as a scientist, has the knowledge to explain atomic events.
#### Yes.
 (Score: 0.328147292137146)
tensor([[ 5792621909942132764,   926034358449897695, -8907093538132286116,
          3209685389633853342,                    0,                   -1,
                           -1,                   -1],
        [ 5792621909942132764,   926034358449897695, -8907093538132286116,
          3209685389633853342,                    0,                   -1,
                           -1,                   -1]])

====================
Q: Can you watch Rick and Morty in Mariana Trench?


********** Step: 1 **********

The Mariana Trench is a deep oceanic trench located in the western Pacific Ocean. (Score: 0.025617286562919617, Parent: 0)

The Mariana Trench is the deepest part of the world's oceans, located in the western Pacific Ocean. (Score: 0.004995494615286589, Parent: 0)

********** Step: 2 **********

The Mariana Trench is a deep oceanic trench located in the western Pacific Ocean.
To watch a television show like Rick and Morty, one needs access to a screen and a means of streaming or broadcasting the show. (Score: -0.06592031568288803, Parent: 0)

The Mariana Trench is the deepest part of the world's oceans, located in the western Pacific Ocean.
Accessing media content like "Rick and Morty" typically requires a device with internet connectivity. (Score: -0.07288938015699387, Parent: 1)

********** Step: 3 **********

The Mariana Trench is the deepest part of the world's oceans, located in the western Pacific Ocean.
Accessing media content like "Rick and Morty" typically requires a device with internet connectivity.
A: The Mariana Trench is the deepest part of the world's oceans, located in the western Pacific Ocean. (Score: -0.09013932198286057, Parent: 1)

The Mariana Trench is a deep oceanic trench located in the western Pacific Ocean.
To watch a television show like Rick and Morty, one needs access to a screen and a means of streaming or broadcasting the show.
The Mariana Trench is located deep underwater, making it an inhospitable environment for human activity. (Score: -0.10470841825008392, Parent: 0)

********** Step: 4 **********

The Mariana Trench is the deepest part of the world's oceans, located in the western Pacific Ocean.
Accessing media content like "Rick and Morty" typically requires a device with internet connectivity.
A: The Mariana Trench is the deepest part of the world's oceans, located in the western Pacific Ocean.
A: The Mariana Trench is the deepest part of the world's oceans, located in the western Pacific Ocean. (Score: -0.11294440925121307, Parent: 0)

The Mariana Trench is a deep oceanic trench located in the western Pacific Ocean.
To watch a television show like Rick and Morty, one needs access to a screen and a means of streaming or broadcasting the show.
The Mariana Trench is located deep underwater, making it an inhospitable environment for human activity.
Therefore, it is not possible to watch television shows in such an environment. (Score: -0.12152594327926636, Parent: 1)

********** Step: 5 **********

The Mariana Trench is a deep oceanic trench located in the western Pacific Ocean.
To watch a television show like Rick and Morty, one needs access to a screen and a means of streaming or broadcasting the show.
The Mariana Trench is located deep underwater, making it an inhospitable environment for human activity.
Therefore, it is not possible to watch television shows in such an environment.
#### No. (Score: 0.11605396866798401, Parent: 1)

The Mariana Trench is a deep oceanic trench located in the western Pacific Ocean.
To watch a television show like Rick and Morty, one needs access to a screen and a means of streaming or broadcasting the show.
The Mariana Trench is located deep underwater, making it an inhospitable environment for human activity.
Therefore, it is not possible to watch television shows in such an environment.
#### No. (Score: 0.11605396866798401, Parent: 1)

********** Step: 6 **********

The Mariana Trench is a deep oceanic trench located in the western Pacific Ocean.
To watch a television show like Rick and Morty, one needs access to a screen and a means of streaming or broadcasting the show.
The Mariana Trench is located deep underwater, making it an inhospitable environment for human activity.
Therefore, it is not possible to watch television shows in such an environment.
#### No.
 (Score: 0.11605396866798401, Parent: 0)

The Mariana Trench is a deep oceanic trench located in the western Pacific Ocean.
To watch a television show like Rick and Morty, one needs access to a screen and a means of streaming or broadcasting the show.
The Mariana Trench is located deep underwater, making it an inhospitable environment for human activity.
Therefore, it is not possible to watch television shows in such an environment.
#### No.
 (Score: 0.11605396866798401, Parent: 1)

---------- FINAL ----------
step 6
The Mariana Trench is a deep oceanic trench located in the western Pacific Ocean.
To watch a television show like Rick and Morty, one needs access to a screen and a means of streaming or broadcasting the show.
The Mariana Trench is located deep underwater, making it an inhospitable environment for human activity.
Therefore, it is not possible to watch television shows in such an environment.
#### No.
 (Score: 0.11605396866798401)

The Mariana Trench is a deep oceanic trench located in the western Pacific Ocean.
To watch a television show like Rick and Morty, one needs access to a screen and a means of streaming or broadcasting the show.
The Mariana Trench is located deep underwater, making it an inhospitable environment for human activity.
Therefore, it is not possible to watch television shows in such an environment.
#### No.
 (Score: 0.11605396866798401)
tensor([[-1565728127099831798,  4537474930148935913,  -971485979174259233,
          8652013233934918870, -5322498821065855045,                    0,
                           -1,                   -1],
        [-1565728127099831798,  4537474930148935913,  -971485979174259233,
          8652013233934918870, -5322498821065855045,                    0,
                           -1,                   -1]])

====================
Q: Could a cow produce Harvey Milk?


********** Step: 1 **********

A: A cow is a female bovine animal that produces milk. (Score: 0.16900190711021423, Parent: 0)

A: Harvey Milk was a prominent LGBTQ+ activist and politician who served on the San Francisco Board of Supervisors. (Score: -0.07477307319641113, Parent: 0)

********** Step: 2 **********

A: Harvey Milk was a prominent LGBTQ+ activist and politician who served on the San Francisco Board of Supervisors.
Harvey Milk was not a type of milk but a person. (Score: -0.05076809972524643, Parent: 1)

A: A cow is a female bovine animal that produces milk.
Harvey Milk was a prominent LGBTQ+ activist and politician in the United States. (Score: -0.08847266435623169, Parent: 0)

********** Step: 3 **********

A: Harvey Milk was a prominent LGBTQ+ activist and politician who served on the San Francisco Board of Supervisors.
Harvey Milk was not a type of milk but a person.
Cows produce milk, which is a dairy product. (Score: -0.07030153274536133, Parent: 0)

A: Harvey Milk was a prominent LGBTQ+ activist and politician who served on the San Francisco Board of Supervisors.
Harvey Milk was not a type of milk but a person.
A: Cows produce milk, which can be referred to as cow's milk. (Score: -0.07333718240261078, Parent: 0)

********** Step: 4 **********

A: Harvey Milk was a prominent LGBTQ+ activist and politician who served on the San Francisco Board of Supervisors.
Harvey Milk was not a type of milk but a person.
A: Cows produce milk, which can be referred to as cow's milk.
A: Cows can produce milk, but they do not produce anything called "Harvey Milk.". (Score: -0.07694832235574722, Parent: 1)

A: Harvey Milk was a prominent LGBTQ+ activist and politician who served on the San Francisco Board of Supervisors.
Harvey Milk was not a type of milk but a person.
A: Cows produce milk, which can be referred to as cow's milk.
A: Cows can produce milk, but it is not called "Harvey Milk.". (Score: -0.07745080441236496, Parent: 1)

********** Step: 5 **********

A: Harvey Milk was a prominent LGBTQ+ activist and politician who served on the San Francisco Board of Supervisors.
Harvey Milk was not a type of milk but a person.
A: Cows produce milk, which can be referred to as cow's milk.
A: Cows can produce milk, but it is not called "Harvey Milk.".
#### No. (Score: 0.17614585161209106, Parent: 1)

A: Harvey Milk was a prominent LGBTQ+ activist and politician who served on the San Francisco Board of Supervisors.
Harvey Milk was not a type of milk but a person.
A: Cows produce milk, which can be referred to as cow's milk.
A: Cows can produce milk, but they do not produce anything called "Harvey Milk.".
#### No. (Score: 0.1694331169128418, Parent: 0)

********** Step: 6 **********

A: Harvey Milk was a prominent LGBTQ+ activist and politician who served on the San Francisco Board of Supervisors.
Harvey Milk was not a type of milk but a person.
A: Cows produce milk, which can be referred to as cow's milk.
A: Cows can produce milk, but it is not called "Harvey Milk.".
#### No.
 (Score: 0.17614585161209106, Parent: 0)

A: Harvey Milk was a prominent LGBTQ+ activist and politician who served on the San Francisco Board of Supervisors.
Harvey Milk was not a type of milk but a person.
A: Cows produce milk, which can be referred to as cow's milk.
A: Cows can produce milk, but they do not produce anything called "Harvey Milk.".
#### No.
 (Score: 0.1694331169128418, Parent: 1)

---------- FINAL ----------
step 6
A: Harvey Milk was a prominent LGBTQ+ activist and politician who served on the San Francisco Board of Supervisors.
Harvey Milk was not a type of milk but a person.
A: Cows produce milk, which can be referred to as cow's milk.
A: Cows can produce milk, but it is not called "Harvey Milk.".
#### No.
 (Score: 0.17614585161209106)

A: Harvey Milk was a prominent LGBTQ+ activist and politician who served on the San Francisco Board of Supervisors.
Harvey Milk was not a type of milk but a person.
A: Cows produce milk, which can be referred to as cow's milk.
A: Cows can produce milk, but they do not produce anything called "Harvey Milk.".
#### No.
 (Score: 0.1694331169128418)
tensor([[ 3300047316872677534,  8542547903783355673, -9179399788789853422,
           698663920420851127, -5322498821065855045,                    0,
                           -1,                   -1],
        [ 3300047316872677534,  8542547903783355673, -9179399788789853422,
          3840366458210142458, -5322498821065855045,                    0,
                           -1,                   -1]])

====================
Q: Are all types of pottery safe to cook in?


********** Step: 1 **********

Pottery can be made from various materials, including earthenware, stoneware, and porcelain. (Score: 0.02808472141623497, Parent: 0)

A: There are various types of pottery, including earthenware, stoneware, and porcelain. (Score: 0.02745133265852928, Parent: 0)

********** Step: 2 **********

Pottery can be made from various materials, including earthenware, stoneware, and porcelain.
Not all types of pottery are safe for cooking. (Score: 0.01224976684898138, Parent: 0)

A: There are various types of pottery, including earthenware, stoneware, and porcelain.
Not all types of pottery are safe for cooking. (Score: 0.004908842965960503, Parent: 1)

********** Step: 3 **********

Pottery can be made from various materials, including earthenware, stoneware, and porcelain.
Not all types of pottery are safe for cooking.
Some pottery may contain harmful materials or glazes that can leach into food when heated. (Score: -0.0560140386223793, Parent: 0)

A: There are various types of pottery, including earthenware, stoneware, and porcelain.
Not all types of pottery are safe for cooking.
Some pottery may contain harmful materials or glazes that can leach into food when heated. (Score: -0.06302762776613235, Parent: 1)

********** Step: 4 **********

A: There are various types of pottery, including earthenware, stoneware, and porcelain.
Not all types of pottery are safe for cooking.
Some pottery may contain harmful materials or glazes that can leach into food when heated.
Certain types of earthenware may not be safe for cooking as they can crack or leach toxins. (Score: -0.0842224508523941, Parent: 1)

Pottery can be made from various materials, including earthenware, stoneware, and porcelain.
Not all types of pottery are safe for cooking.
Some pottery may contain harmful materials or glazes that can leach into food when heated.
Certain types of pottery are specifically labeled as food-safe or oven-safe, while others are not. (Score: -0.08753693103790283, Parent: 0)

********** Step: 5 **********

A: There are various types of pottery, including earthenware, stoneware, and porcelain.
Not all types of pottery are safe for cooking.
Some pottery may contain harmful materials or glazes that can leach into food when heated.
Certain types of earthenware may not be safe for cooking as they can crack or leach toxins.
#### No. (Score: 0.20056238770484924, Parent: 0)

Pottery can be made from various materials, including earthenware, stoneware, and porcelain.
Not all types of pottery are safe for cooking.
Some pottery may contain harmful materials or glazes that can leach into food when heated.
Certain types of pottery are specifically labeled as food-safe or oven-safe, while others are not.
A: Pottery can be made from various materials, including earthenware, stoneware, and porcelain. (Score: -0.09916938841342926, Parent: 1)

********** Step: 6 **********

A: There are various types of pottery, including earthenware, stoneware, and porcelain.
Not all types of pottery are safe for cooking.
Some pottery may contain harmful materials or glazes that can leach into food when heated.
Certain types of earthenware may not be safe for cooking as they can crack or leach toxins.
#### No.
 (Score: 0.20056238770484924, Parent: 0)

Pottery can be made from various materials, including earthenware, stoneware, and porcelain.
Not all types of pottery are safe for cooking.
Some pottery may contain harmful materials or glazes that can leach into food when heated.
Certain types of pottery are specifically labeled as food-safe or oven-safe, while others are not.
A: Pottery can be made from various materials, including earthenware, stoneware, and porcelain.
Not all types of pottery are safe for cooking. (Score: -0.10540205985307693, Parent: 1)

********** Step: 7 **********

A: There are various types of pottery, including earthenware, stoneware, and porcelain.
Not all types of pottery are safe for cooking.
Some pottery may contain harmful materials or glazes that can leach into food when heated.
Certain types of earthenware may not be safe for cooking as they can crack or leach toxins.
#### No.

 (Score: 0.20056238770484924, Parent: 0)

Pottery can be made from various materials, including earthenware, stoneware, and porcelain.
Not all types of pottery are safe for cooking.
Some pottery may contain harmful materials or glazes that can leach into food when heated.
Certain types of pottery are specifically labeled as food-safe or oven-safe, while others are not.
A: Pottery can be made from various materials, including earthenware, stoneware, and porcelain.
Not all types of pottery are safe for cooking.
Some pottery may contain harmful materials or glazes that can leach into food when heated. (Score: -0.11676338315010071, Parent: 1)

********** Step: 8 **********

A: There are various types of pottery, including earthenware, stoneware, and porcelain.
Not all types of pottery are safe for cooking.
Some pottery may contain harmful materials or glazes that can leach into food when heated.
Certain types of earthenware may not be safe for cooking as they can crack or leach toxins.
#### No.


 (Score: 0.20056238770484924, Parent: 0)

Pottery can be made from various materials, including earthenware, stoneware, and porcelain.
Not all types of pottery are safe for cooking.
Some pottery may contain harmful materials or glazes that can leach into food when heated.
Certain types of pottery are specifically labeled as food-safe or oven-safe, while others are not.
A: Pottery can be made from various materials, including earthenware, stoneware, and porcelain.
Not all types of pottery are safe for cooking.
Some pottery may contain harmful materials or glazes that can leach into food when heated.
Certain types of pottery are specifically labeled as food-safe or oven-safe, while others are not. (Score: -0.12945674359798431, Parent: 1)

---------- FINAL ----------
step 8
A: There are various types of pottery, including earthenware, stoneware, and porcelain.
Not all types of pottery are safe for cooking.
Some pottery may contain harmful materials or glazes that can leach into food when heated.
Certain types of earthenware may not be safe for cooking as they can crack or leach toxins.
#### No.


 (Score: 0.20056238770484924)

Pottery can be made from various materials, including earthenware, stoneware, and porcelain.
Not all types of pottery are safe for cooking.
Some pottery may contain harmful materials or glazes that can leach into food when heated.
Certain types of pottery are specifically labeled as food-safe or oven-safe, while others are not.
A: Pottery can be made from various materials, including earthenware, stoneware, and porcelain.
Not all types of pottery are safe for cooking.
Some pottery may contain harmful materials or glazes that can leach into food when heated.
Certain types of pottery are specifically labeled as food-safe or oven-safe, while others are not. (Score: -0.12945674359798431)
tensor([[ 2311005226803366737,  7520317398910789950,  3129848383065635184,
          6417228033685563238, -5322498821065855045,                    0,
                            0,                    0],
        [ 7778506906123579661,  7520317398910789950,  3129848383065635184,
          5212680580560603804,  6792622455567578602,  7520317398910789950,
          3129848383065635184,  5212680580560603804]])

====================
Q: Does the human stomach destroy a bee if ingested?


********** Step: 1 **********

A: The human stomach contains hydrochloric acid and digestive enzymes that break down food. (Score: 0.15796180069446564, Parent: 0)

A: The human stomach contains strong acids and enzymes that break down food. (Score: 0.1550082266330719, Parent: 0)

********** Step: 2 **********

A: The human stomach contains hydrochloric acid and digestive enzymes that break down food.
The human stomach is capable of digesting proteins and other organic materials. (Score: 0.07897911965847015, Parent: 0)

A: The human stomach contains hydrochloric acid and digestive enzymes that break down food.
The human stomach is designed to break down organic matter, including insects. (Score: 0.06392310559749603, Parent: 0)

********** Step: 3 **********

A: The human stomach contains hydrochloric acid and digestive enzymes that break down food.
The human stomach is capable of digesting proteins and other organic materials.
If a bee is ingested, its body is made up of organic materials. (Score: 0.04430021718144417, Parent: 0)

A: The human stomach contains hydrochloric acid and digestive enzymes that break down food.
The human stomach is capable of digesting proteins and other organic materials.
Bees have a hard exoskeleton that might not be easily broken down by digestive enzymes. (Score: 0.04006069153547287, Parent: 0)

********** Step: 4 **********

A: The human stomach contains hydrochloric acid and digestive enzymes that break down food.
The human stomach is capable of digesting proteins and other organic materials.
If a bee is ingested, its body is made up of organic materials.
A: The human stomach contains hydrochloric acid and digestive enzymes that break down food. (Score: 0.03056432120501995, Parent: 0)

A: The human stomach contains hydrochloric acid and digestive enzymes that break down food.
The human stomach is capable of digesting proteins and other organic materials.
Bees have a hard exoskeleton that might not be easily broken down by digestive enzymes.
A: However, the bee's soft tissues and internal organs would likely be digested by the stomach acids and enzymes. (Score: 0.011388189159333706, Parent: 1)

********** Step: 5 **********

A: The human stomach contains hydrochloric acid and digestive enzymes that break down food.
The human stomach is capable of digesting proteins and other organic materials.
Bees have a hard exoskeleton that might not be easily broken down by digestive enzymes.
A: However, the bee's soft tissues and internal organs would likely be digested by the stomach acids and enzymes.
To further analyze the situation, we consider the following points:. (Score: 0.03164401277899742, Parent: 1)

A: The human stomach contains hydrochloric acid and digestive enzymes that break down food.
The human stomach is capable of digesting proteins and other organic materials.
If a bee is ingested, its body is made up of organic materials.
A: The human stomach contains hydrochloric acid and digestive enzymes that break down food.
A: The human stomach contains hydrochloric acid and digestive enzymes that break down food. (Score: 0.008150996640324593, Parent: 0)

********** Step: 6 **********

A: The human stomach contains hydrochloric acid and digestive enzymes that break down food.
The human stomach is capable of digesting proteins and other organic materials.
Bees have a hard exoskeleton that might not be easily broken down by digestive enzymes.
A: However, the bee's soft tissues and internal organs would likely be digested by the stomach acids and enzymes.
To further analyze the situation, we consider the following points:.
1. The human stomach has a highly acidic environment due to hydrochloric acid. (Score: 0.01973915845155716, Parent: 0)

A: The human stomach contains hydrochloric acid and digestive enzymes that break down food.
The human stomach is capable of digesting proteins and other organic materials.
Bees have a hard exoskeleton that might not be easily broken down by digestive enzymes.
A: However, the bee's soft tissues and internal organs would likely be digested by the stomach acids and enzymes.
To further analyze the situation, we consider the following points:.
1. The human stomach is designed to break down food through the action of acids and enzymes. (Score: 0.005858936347067356, Parent: 0)

********** Step: 7 **********

A: The human stomach contains hydrochloric acid and digestive enzymes that break down food.
The human stomach is capable of digesting proteins and other organic materials.
Bees have a hard exoskeleton that might not be easily broken down by digestive enzymes.
A: However, the bee's soft tissues and internal organs would likely be digested by the stomach acids and enzymes.
To further analyze the situation, we consider the following points:.
1. The human stomach is designed to break down food through the action of acids and enzymes.
2. A bee's body consists of both hard exoskeletal parts and softer tissues. (Score: -0.02387409843504429, Parent: 1)

A: The human stomach contains hydrochloric acid and digestive enzymes that break down food.
The human stomach is capable of digesting proteins and other organic materials.
Bees have a hard exoskeleton that might not be easily broken down by digestive enzymes.
A: However, the bee's soft tissues and internal organs would likely be digested by the stomach acids and enzymes.
To further analyze the situation, we consider the following points:.
1. The human stomach has a highly acidic environment due to hydrochloric acid.
2. This acidic environment is effective in breaking down various organic materials, including animal tissues. (Score: -0.02962820790708065, Parent: 0)

********** Step: 8 **********

A: The human stomach contains hydrochloric acid and digestive enzymes that break down food.
The human stomach is capable of digesting proteins and other organic materials.
Bees have a hard exoskeleton that might not be easily broken down by digestive enzymes.
A: However, the bee's soft tissues and internal organs would likely be digested by the stomach acids and enzymes.
To further analyze the situation, we consider the following points:.
1. The human stomach has a highly acidic environment due to hydrochloric acid.
2. This acidic environment is effective in breaking down various organic materials, including animal tissues.
3. A bee's body consists of both hard (exoskeleton) and soft (internal organs) components. (Score: -0.04435616359114647, Parent: 1)

A: The human stomach contains hydrochloric acid and digestive enzymes that break down food.
The human stomach is capable of digesting proteins and other organic materials.
Bees have a hard exoskeleton that might not be easily broken down by digestive enzymes.
A: However, the bee's soft tissues and internal organs would likely be digested by the stomach acids and enzymes.
To further analyze the situation, we consider the following points:.
1. The human stomach has a highly acidic environment due to hydrochloric acid.
2. This acidic environment is effective in breaking down various organic materials, including animal tissues.
3. The exoskeleton of a bee is made of chitin, which is tough but not indigestible. (Score: -0.04512190818786621, Parent: 1)

---------- FINAL ----------
step 8
A: The human stomach contains hydrochloric acid and digestive enzymes that break down food.
The human stomach is capable of digesting proteins and other organic materials.
Bees have a hard exoskeleton that might not be easily broken down by digestive enzymes.
A: However, the bee's soft tissues and internal organs would likely be digested by the stomach acids and enzymes.
To further analyze the situation, we consider the following points:.
1. The human stomach has a highly acidic environment due to hydrochloric acid.
2. This acidic environment is effective in breaking down various organic materials, including animal tissues.
3. A bee's body consists of both hard (exoskeleton) and soft (internal organs) components. (Score: -0.04435616359114647)

A: The human stomach contains hydrochloric acid and digestive enzymes that break down food.
The human stomach is capable of digesting proteins and other organic materials.
Bees have a hard exoskeleton that might not be easily broken down by digestive enzymes.
A: However, the bee's soft tissues and internal organs would likely be digested by the stomach acids and enzymes.
To further analyze the situation, we consider the following points:.
1. The human stomach has a highly acidic environment due to hydrochloric acid.
2. This acidic environment is effective in breaking down various organic materials, including animal tissues.
3. The exoskeleton of a bee is made of chitin, which is tough but not indigestible. (Score: -0.04512190818786621)
tensor([[ 4306294802936869472,  8998779078222447535,  5981151247324611645,
           723996014865059000, -1198463596857735546, -2569540874409578927,
          8995072928232558078,  2727408853827674515],
        [ 4306294802936869472,  8998779078222447535,  5981151247324611645,
           723996014865059000, -1198463596857735546, -2569540874409578927,
          8995072928232558078,  1336986077642506017]])

====================
Q: Can a cell fit inside of a shoebox?


********** Step: 1 **********

A: A cell is a microscopic unit of life. (Score: 0.2251460701227188, Parent: 0)

A: A typical cell, such as a human cell, is around 10-30 micrometers in diameter. (Score: 0.14166371524333954, Parent: 0)

********** Step: 2 **********

A: A cell is a microscopic unit of life.
A: A cell is a microscopic unit of life. (Score: 0.2282569706439972, Parent: 0)

A: A cell is a microscopic unit of life.
A: A cell is a microscopic unit of life. (Score: 0.2282569706439972, Parent: 0)

********** Step: 3 **********

A: A cell is a microscopic unit of life.
A: A cell is a microscopic unit of life.
A cell is a microscopic unit of life. (Score: 0.21633955836296082, Parent: 0)

A: A cell is a microscopic unit of life.
A: A cell is a microscopic unit of life.
A: A cell is a microscopic unit of life. (Score: 0.1898956298828125, Parent: 1)

********** Step: 4 **********

A: A cell is a microscopic unit of life.
A: A cell is a microscopic unit of life.
A cell is a microscopic unit of life.
A: A cell is a microscopic unit of life. (Score: 0.1849825084209442, Parent: 0)

A: A cell is a microscopic unit of life.
A: A cell is a microscopic unit of life.
A cell is a microscopic unit of life.
A: A cell is a microscopic unit of life. (Score: 0.1849825084209442, Parent: 0)

********** Step: 5 **********

A: A cell is a microscopic unit of life.
A: A cell is a microscopic unit of life.
A cell is a microscopic unit of life.
A: A cell is a microscopic unit of life.
A: A cell is a microscopic unit of life. (Score: 0.1535622477531433, Parent: 0)

A: A cell is a microscopic unit of life.
A: A cell is a microscopic unit of life.
A cell is a microscopic unit of life.
A: A cell is a microscopic unit of life.
A: A cell is a microscopic unit of life. (Score: 0.1535622477531433, Parent: 1)

********** Step: 6 **********

A: A cell is a microscopic unit of life.
A: A cell is a microscopic unit of life.
A cell is a microscopic unit of life.
A: A cell is a microscopic unit of life.
A: A cell is a microscopic unit of life.
A: A cell is a microscopic unit of life. (Score: 0.13366305828094482, Parent: 0)

A: A cell is a microscopic unit of life.
A: A cell is a microscopic unit of life.
A cell is a microscopic unit of life.
A: A cell is a microscopic unit of life.
A: A cell is a microscopic unit of life.
A: A cell is a microscopic unit of life. (Score: 0.13366305828094482, Parent: 1)

********** Step: 7 **********

A: A cell is a microscopic unit of life.
A: A cell is a microscopic unit of life.
A cell is a microscopic unit of life.
A: A cell is a microscopic unit of life.
A: A cell is a microscopic unit of life.
A: A cell is a microscopic unit of life.
A: A cell is a microscopic unit of life. (Score: 0.11819861829280853, Parent: 0)

A: A cell is a microscopic unit of life.
A: A cell is a microscopic unit of life.
A cell is a microscopic unit of life.
A: A cell is a microscopic unit of life.
A: A cell is a microscopic unit of life.
A: A cell is a microscopic unit of life.
A: A cell is a microscopic unit of life. (Score: 0.11819861829280853, Parent: 1)

********** Step: 8 **********

A: A cell is a microscopic unit of life.
A: A cell is a microscopic unit of life.
A cell is a microscopic unit of life.
A: A cell is a microscopic unit of life.
A: A cell is a microscopic unit of life.
A: A cell is a microscopic unit of life.
A: A cell is a microscopic unit of life.
A: A cell is a microscopic unit of life. (Score: 0.09977900981903076, Parent: 0)

A: A cell is a microscopic unit of life.
A: A cell is a microscopic unit of life.
A cell is a microscopic unit of life.
A: A cell is a microscopic unit of life.
A: A cell is a microscopic unit of life.
A: A cell is a microscopic unit of life.
A: A cell is a microscopic unit of life.
A: A cell is a microscopic unit of life. (Score: 0.09977900981903076, Parent: 1)

---------- FINAL ----------
step 8
A: A cell is a microscopic unit of life.
A: A cell is a microscopic unit of life.
A cell is a microscopic unit of life.
A: A cell is a microscopic unit of life.
A: A cell is a microscopic unit of life.
A: A cell is a microscopic unit of life.
A: A cell is a microscopic unit of life.
A: A cell is a microscopic unit of life. (Score: 0.09977900981903076)

A: A cell is a microscopic unit of life.
A: A cell is a microscopic unit of life.
A cell is a microscopic unit of life.
A: A cell is a microscopic unit of life.
A: A cell is a microscopic unit of life.
A: A cell is a microscopic unit of life.
A: A cell is a microscopic unit of life.
A: A cell is a microscopic unit of life. (Score: 0.09977900981903076)
tensor([[-1393206956920149293, -1393206956920149293, -1274209206634999853,
         -1393206956920149293, -1393206956920149293, -1393206956920149293,
         -1393206956920149293, -1393206956920149293],
        [-1393206956920149293, -1393206956920149293, -1274209206634999853,
         -1393206956920149293, -1393206956920149293, -1393206956920149293,
         -1393206956920149293, -1393206956920149293]])

====================
Q: Was Lorenzo de Medici's patronage of Da Vinci exclusive?


********** Step: 1 **********

Lorenzo de Medici, also known as Lorenzo the Magnificent, was a significant patron of the arts during the Renaissance. (Score: -0.07353469729423523, Parent: 0)

Lorenzo de Medici was a prominent figure in the Italian Renaissance and a significant patron of the arts. (Score: -0.07916146516799927, Parent: 0)

********** Step: 2 **********

Lorenzo de Medici was a prominent figure in the Italian Renaissance and a significant patron of the arts.
A: Lorenzo de Medici was a prominent figure in the Italian Renaissance and a significant patron of the arts. (Score: -0.11078929901123047, Parent: 1)

Lorenzo de Medici, also known as Lorenzo the Magnificent, was a significant patron of the arts during the Renaissance.
Lorenzo de Medici supported many artists, including Michelangelo and Botticelli, in addition to Leonardo da Vinci. (Score: -0.11355781555175781, Parent: 0)

********** Step: 3 **********

Lorenzo de Medici, also known as Lorenzo the Magnificent, was a significant patron of the arts during the Renaissance.
Lorenzo de Medici supported many artists, including Michelangelo and Botticelli, in addition to Leonardo da Vinci.
Lorenzo de Medici's patronage was not limited to just Da Vinci. (Score: -0.12488841265439987, Parent: 1)

Lorenzo de Medici, also known as Lorenzo the Magnificent, was a significant patron of the arts during the Renaissance.
Lorenzo de Medici supported many artists, including Michelangelo and Botticelli, in addition to Leonardo da Vinci.
A: Lorenzo de Medici, also known as Lorenzo the Magnificent, was a significant patron of the arts during the Renaissance. (Score: -0.12713155150413513, Parent: 1)

********** Step: 4 **********

Lorenzo de Medici, also known as Lorenzo the Magnificent, was a significant patron of the arts during the Renaissance.
Lorenzo de Medici supported many artists, including Michelangelo and Botticelli, in addition to Leonardo da Vinci.
Lorenzo de Medici's patronage was not limited to just Da Vinci.
#### No. (Score: 0.11476548761129379, Parent: 0)

Lorenzo de Medici, also known as Lorenzo the Magnificent, was a significant patron of the arts during the Renaissance.
Lorenzo de Medici supported many artists, including Michelangelo and Botticelli, in addition to Leonardo da Vinci.
Lorenzo de Medici's patronage was not limited to just Da Vinci.
#### No. (Score: 0.11476548761129379, Parent: 0)

********** Step: 5 **********

Lorenzo de Medici, also known as Lorenzo the Magnificent, was a significant patron of the arts during the Renaissance.
Lorenzo de Medici supported many artists, including Michelangelo and Botticelli, in addition to Leonardo da Vinci.
Lorenzo de Medici's patronage was not limited to just Da Vinci.
#### No.
 (Score: 0.11476548761129379, Parent: 0)

Lorenzo de Medici, also known as Lorenzo the Magnificent, was a significant patron of the arts during the Renaissance.
Lorenzo de Medici supported many artists, including Michelangelo and Botticelli, in addition to Leonardo da Vinci.
Lorenzo de Medici's patronage was not limited to just Da Vinci.
#### No.
 (Score: 0.11476548761129379, Parent: 1)

---------- FINAL ----------
step 5
Lorenzo de Medici, also known as Lorenzo the Magnificent, was a significant patron of the arts during the Renaissance.
Lorenzo de Medici supported many artists, including Michelangelo and Botticelli, in addition to Leonardo da Vinci.
Lorenzo de Medici's patronage was not limited to just Da Vinci.
#### No.
 (Score: 0.11476548761129379)

Lorenzo de Medici, also known as Lorenzo the Magnificent, was a significant patron of the arts during the Renaissance.
Lorenzo de Medici supported many artists, including Michelangelo and Botticelli, in addition to Leonardo da Vinci.
Lorenzo de Medici's patronage was not limited to just Da Vinci.
#### No.
 (Score: 0.11476548761129379)
tensor([[-2505849433219453241, -4402122857168550516,  3808732655534371852,
         -5322498821065855045,                    0,                   -1,
                           -1,                   -1],
        [-2505849433219453241, -4402122857168550516,  3808732655534371852,
         -5322498821065855045,                    0,                   -1,
                           -1,                   -1]])

====================
Q: Do manta rays live in water above the safe temperature for cold food storage?


********** Step: 1 **********

Manta rays are marine animals that inhabit warm waters. (Score: 0.219865620136261, Parent: 0)

Manta rays are marine animals that inhabit warm ocean waters. (Score: 0.19883117079734802, Parent: 0)

********** Step: 2 **********

Manta rays are marine animals that inhabit warm ocean waters.
Manta rays prefer temperatures between 21°C and 29°C (70°F to 84°F). (Score: 0.16792899370193481, Parent: 1)

Manta rays are marine animals that inhabit warm waters.
Manta rays are typically found in tropical and subtropical waters. (Score: 0.06123698502779007, Parent: 0)

********** Step: 3 **********

Manta rays are marine animals that inhabit warm ocean waters.
Manta rays prefer temperatures between 21°C and 29°C (70°F to 84°F).
The safe temperature for cold food storage is typically below 4°C (39°F). (Score: 0.11259659379720688, Parent: 0)

Manta rays are marine animals that inhabit warm ocean waters.
Manta rays prefer temperatures between 21°C and 29°C (70°F to 84°F).
The safe temperature for cold food storage is generally considered to be below 4°C (39°F). (Score: 0.08181355148553848, Parent: 0)

********** Step: 4 **********

Manta rays are marine animals that inhabit warm ocean waters.
Manta rays prefer temperatures between 21°C and 29°C (70°F to 84°F).
The safe temperature for cold food storage is typically below 4°C (39°F).
A: Manta rays are marine animals that inhabit warm ocean waters. (Score: 0.10191558301448822, Parent: 0)

Manta rays are marine animals that inhabit warm ocean waters.
Manta rays prefer temperatures between 21°C and 29°C (70°F to 84°F).
The safe temperature for cold food storage is generally considered to be below 4°C (39°F).
A: Manta rays are marine animals that inhabit warm ocean waters. (Score: 0.08032821863889694, Parent: 1)

********** Step: 5 **********

Manta rays are marine animals that inhabit warm ocean waters.
Manta rays prefer temperatures between 21°C and 29°C (70°F to 84°F).
The safe temperature for cold food storage is typically below 4°C (39°F).
A: Manta rays are marine animals that inhabit warm ocean waters.
Manta rays prefer temperatures between 21°C and 29°C (70°F to 84°F). (Score: 0.09282346069812775, Parent: 0)

Manta rays are marine animals that inhabit warm ocean waters.
Manta rays prefer temperatures between 21°C and 29°C (70°F to 84°F).
The safe temperature for cold food storage is typically below 4°C (39°F).
A: Manta rays are marine animals that inhabit warm ocean waters.
Manta rays prefer warmer temperatures and do not thrive in cold water. (Score: 0.06991799175739288, Parent: 0)

********** Step: 6 **********

Manta rays are marine animals that inhabit warm ocean waters.
Manta rays prefer temperatures between 21°C and 29°C (70°F to 84°F).
The safe temperature for cold food storage is typically below 4°C (39°F).
A: Manta rays are marine animals that inhabit warm ocean waters.
Manta rays prefer warmer temperatures and do not thrive in cold water.
#### Yes. (Score: 0.3476347327232361, Parent: 1)

Manta rays are marine animals that inhabit warm ocean waters.
Manta rays prefer temperatures between 21°C and 29°C (70°F to 84°F).
The safe temperature for cold food storage is typically below 4°C (39°F).
A: Manta rays are marine animals that inhabit warm ocean waters.
Manta rays prefer temperatures between 21°C and 29°C (70°F to 84°F).
A: The safe temperature for cold food storage is typically below 4°C (39°F). (Score: 0.05515272915363312, Parent: 0)

********** Step: 7 **********

Manta rays are marine animals that inhabit warm ocean waters.
Manta rays prefer temperatures between 21°C and 29°C (70°F to 84°F).
The safe temperature for cold food storage is typically below 4°C (39°F).
A: Manta rays are marine animals that inhabit warm ocean waters.
Manta rays prefer warmer temperatures and do not thrive in cold water.
#### Yes.
 (Score: 0.3476347327232361, Parent: 0)

Manta rays are marine animals that inhabit warm ocean waters.
Manta rays prefer temperatures between 21°C and 29°C (70°F to 84°F).
The safe temperature for cold food storage is typically below 4°C (39°F).
A: Manta rays are marine animals that inhabit warm ocean waters.
Manta rays prefer temperatures between 21°C and 29°C (70°F to 84°F).
A: The safe temperature for cold food storage is typically below 4°C (39°F).
A: Manta rays are marine animals that inhabit warm ocean waters. (Score: 0.031695764511823654, Parent: 1)

********** Step: 8 **********

Manta rays are marine animals that inhabit warm ocean waters.
Manta rays prefer temperatures between 21°C and 29°C (70°F to 84°F).
The safe temperature for cold food storage is typically below 4°C (39°F).
A: Manta rays are marine animals that inhabit warm ocean waters.
Manta rays prefer warmer temperatures and do not thrive in cold water.
#### Yes.

 (Score: 0.3476347327232361, Parent: 0)

Manta rays are marine animals that inhabit warm ocean waters.
Manta rays prefer temperatures between 21°C and 29°C (70°F to 84°F).
The safe temperature for cold food storage is typically below 4°C (39°F).
A: Manta rays are marine animals that inhabit warm ocean waters.
Manta rays prefer temperatures between 21°C and 29°C (70°F to 84°F).
A: The safe temperature for cold food storage is typically below 4°C (39°F).
A: Manta rays are marine animals that inhabit warm ocean waters.
A: Manta rays are marine animals that inhabit warm ocean waters. (Score: 0.021714208647608757, Parent: 1)

---------- FINAL ----------
step 8
Manta rays are marine animals that inhabit warm ocean waters.
Manta rays prefer temperatures between 21°C and 29°C (70°F to 84°F).
The safe temperature for cold food storage is typically below 4°C (39°F).
A: Manta rays are marine animals that inhabit warm ocean waters.
Manta rays prefer warmer temperatures and do not thrive in cold water.
#### Yes.

 (Score: 0.3476347327232361)

Manta rays are marine animals that inhabit warm ocean waters.
Manta rays prefer temperatures between 21°C and 29°C (70°F to 84°F).
The safe temperature for cold food storage is typically below 4°C (39°F).
A: Manta rays are marine animals that inhabit warm ocean waters.
Manta rays prefer temperatures between 21°C and 29°C (70°F to 84°F).
A: The safe temperature for cold food storage is typically below 4°C (39°F).
A: Manta rays are marine animals that inhabit warm ocean waters.
A: Manta rays are marine animals that inhabit warm ocean waters. (Score: 0.021714208647608757)
tensor([[ -895521944845126151,  9045699117092909519, -4230396168033431493,
         -6899066258712812614, -8174921632097664204,  3209685389633853342,
                            0,                    0],
        [ -895521944845126151,  9045699117092909519, -4230396168033431493,
         -6899066258712812614,  9045699117092909519,  7066130560677479149,
         -6899066258712812614, -6899066258712812614]])

====================
Q: Would it be common to find a penguin in Miami?


********** Step: 1 **********

A: Penguins are primarily found in the Southern Hemisphere. (Score: 0.13532522320747375, Parent: 0)

A: Penguins are primarily found in the Southern Hemisphere, especially in Antarctica. (Score: 0.07476459443569183, Parent: 0)

********** Step: 2 **********

A: Penguins are primarily found in the Southern Hemisphere, especially in Antarctica.
Penguins are not native to tropical climates like Miami. (Score: 0.056487634778022766, Parent: 1)

A: Penguins are primarily found in the Southern Hemisphere, especially in Antarctica.
Penguins thrive in cold environments and are adapted to survive in icy waters. (Score: 0.031030915677547455, Parent: 1)

********** Step: 3 **********

A: Penguins are primarily found in the Southern Hemisphere, especially in Antarctica.
Penguins are not native to tropical climates like Miami.
In Miami, the climate is warm and tropical. (Score: 0.04736976698040962, Parent: 0)

A: Penguins are primarily found in the Southern Hemisphere, especially in Antarctica.
Penguins thrive in cold environments and are adapted to survive in icy waters.
Miami is located in the Northern Hemisphere and has a tropical climate. (Score: 0.024397896602749825, Parent: 1)

********** Step: 4 **********

A: Penguins are primarily found in the Southern Hemisphere, especially in Antarctica.
Penguins are not native to tropical climates like Miami.
In Miami, the climate is warm and tropical.
Penguins prefer cold environments and are adapted to live in icy waters. (Score: 0.00681606400758028, Parent: 0)

A: Penguins are primarily found in the Southern Hemisphere, especially in Antarctica.
Penguins are not native to tropical climates like Miami.
In Miami, the climate is warm and tropical.
Penguins thrive in cold environments and are not suited for warm tropical areas. (Score: 0.0018862877041101456, Parent: 0)

********** Step: 5 **********

A: Penguins are primarily found in the Southern Hemisphere, especially in Antarctica.
Penguins are not native to tropical climates like Miami.
In Miami, the climate is warm and tropical.
Penguins prefer cold environments and are adapted to live in icy waters.
#### No. (Score: 0.27517589926719666, Parent: 0)

A: Penguins are primarily found in the Southern Hemisphere, especially in Antarctica.
Penguins are not native to tropical climates like Miami.
In Miami, the climate is warm and tropical.
Penguins prefer cold environments and are adapted to live in icy waters.
#### No. (Score: 0.27517589926719666, Parent: 0)

********** Step: 6 **********

A: Penguins are primarily found in the Southern Hemisphere, especially in Antarctica.
Penguins are not native to tropical climates like Miami.
In Miami, the climate is warm and tropical.
Penguins prefer cold environments and are adapted to live in icy waters.
#### No.
 (Score: 0.27517589926719666, Parent: 0)

A: Penguins are primarily found in the Southern Hemisphere, especially in Antarctica.
Penguins are not native to tropical climates like Miami.
In Miami, the climate is warm and tropical.
Penguins prefer cold environments and are adapted to live in icy waters.
#### No.
 (Score: 0.27517589926719666, Parent: 1)

---------- FINAL ----------
step 6
A: Penguins are primarily found in the Southern Hemisphere, especially in Antarctica.
Penguins are not native to tropical climates like Miami.
In Miami, the climate is warm and tropical.
Penguins prefer cold environments and are adapted to live in icy waters.
#### No.
 (Score: 0.27517589926719666)

A: Penguins are primarily found in the Southern Hemisphere, especially in Antarctica.
Penguins are not native to tropical climates like Miami.
In Miami, the climate is warm and tropical.
Penguins prefer cold environments and are adapted to live in icy waters.
#### No.
 (Score: 0.27517589926719666)
tensor([[ 5422555059677141521, -3975937810153844102, -8699694604545559389,
         -8986897520671135057, -5322498821065855045,                    0,
                           -1,                   -1],
        [ 5422555059677141521, -3975937810153844102, -8699694604545559389,
         -8986897520671135057, -5322498821065855045,                    0,
                           -1,                   -1]])

====================
Q: Will Tokyo Tower be repainted only once during President Trump's first term?


********** Step: 1 **********

Tokyo Tower is a communications and observation tower located in Tokyo, Japan. (Score: -0.024837857112288475, Parent: 0)

Tokyo Tower is a communications and observation tower located in Tokyo, Japan. (Score: -0.024837857112288475, Parent: 0)

********** Step: 2 **********

Tokyo Tower is a communications and observation tower located in Tokyo, Japan.
Tokyo Tower was completed in 1958. (Score: -0.07595459371805191, Parent: 0)

Tokyo Tower is a communications and observation tower located in Tokyo, Japan.
Tokyo Tower was completed in 1958 and has undergone multiple repainting cycles since then. (Score: -0.09053334593772888, Parent: 0)

********** Step: 3 **********

Tokyo Tower is a communications and observation tower located in Tokyo, Japan.
Tokyo Tower was completed in 1958.
The maintenance schedule for Tokyo Tower is determined by the Tokyo Tower Management and the weather conditions in Tokyo. (Score: -0.10454277694225311, Parent: 0)

Tokyo Tower is a communications and observation tower located in Tokyo, Japan.
Tokyo Tower was completed in 1958.
Tokyo Tower has undergone several renovations and repainting since its completion. (Score: -0.11211377382278442, Parent: 0)

********** Step: 4 **********

Tokyo Tower is a communications and observation tower located in Tokyo, Japan.
Tokyo Tower was completed in 1958.
Tokyo Tower has undergone several renovations and repainting since its completion.
The last major repainting of Tokyo Tower was completed in 2016. (Score: -0.11783081293106079, Parent: 1)

Tokyo Tower is a communications and observation tower located in Tokyo, Japan.
Tokyo Tower was completed in 1958.
The maintenance schedule for Tokyo Tower is determined by the Tokyo Tower Management and the weather conditions in Tokyo.
The repainting of Tokyo Tower is not tied to any specific political figure or term. (Score: -0.12115582823753357, Parent: 0)

********** Step: 5 **********

Tokyo Tower is a communications and observation tower located in Tokyo, Japan.
Tokyo Tower was completed in 1958.
Tokyo Tower has undergone several renovations and repainting since its completion.
The last major repainting of Tokyo Tower was completed in 2016.
During President Trump's first term, which lasted from January 2017 to January 2021, the question implies a specific timeframe for repainting the tower. (Score: -0.12499889731407166, Parent: 0)

Tokyo Tower is a communications and observation tower located in Tokyo, Japan.
Tokyo Tower was completed in 1958.
The maintenance schedule for Tokyo Tower is determined by the Tokyo Tower Management and the weather conditions in Tokyo.
The repainting of Tokyo Tower is not tied to any specific political figure or term.
The repainting schedule for Tokyo Tower is based on maintenance needs rather than political events. (Score: -0.1278279572725296, Parent: 1)

********** Step: 6 **********

Tokyo Tower is a communications and observation tower located in Tokyo, Japan.
Tokyo Tower was completed in 1958.
The maintenance schedule for Tokyo Tower is determined by the Tokyo Tower Management and the weather conditions in Tokyo.
The repainting of Tokyo Tower is not tied to any specific political figure or term.
The repainting schedule for Tokyo Tower is based on maintenance needs rather than political events.
#### No. (Score: 0.07419122010469437, Parent: 1)

Tokyo Tower is a communications and observation tower located in Tokyo, Japan.
Tokyo Tower was completed in 1958.
The maintenance schedule for Tokyo Tower is determined by the Tokyo Tower Management and the weather conditions in Tokyo.
The repainting of Tokyo Tower is not tied to any specific political figure or term.
The repainting schedule for Tokyo Tower is based on maintenance needs rather than political events.
#### No. (Score: 0.07419122010469437, Parent: 1)

********** Step: 7 **********

Tokyo Tower is a communications and observation tower located in Tokyo, Japan.
Tokyo Tower was completed in 1958.
The maintenance schedule for Tokyo Tower is determined by the Tokyo Tower Management and the weather conditions in Tokyo.
The repainting of Tokyo Tower is not tied to any specific political figure or term.
The repainting schedule for Tokyo Tower is based on maintenance needs rather than political events.
#### No.
 (Score: 0.07419122010469437, Parent: 0)

Tokyo Tower is a communications and observation tower located in Tokyo, Japan.
Tokyo Tower was completed in 1958.
The maintenance schedule for Tokyo Tower is determined by the Tokyo Tower Management and the weather conditions in Tokyo.
The repainting of Tokyo Tower is not tied to any specific political figure or term.
The repainting schedule for Tokyo Tower is based on maintenance needs rather than political events.
#### No.
 (Score: 0.07419122010469437, Parent: 1)

---------- FINAL ----------
step 7
Tokyo Tower is a communications and observation tower located in Tokyo, Japan.
Tokyo Tower was completed in 1958.
The maintenance schedule for Tokyo Tower is determined by the Tokyo Tower Management and the weather conditions in Tokyo.
The repainting of Tokyo Tower is not tied to any specific political figure or term.
The repainting schedule for Tokyo Tower is based on maintenance needs rather than political events.
#### No.
 (Score: 0.07419122010469437)

Tokyo Tower is a communications and observation tower located in Tokyo, Japan.
Tokyo Tower was completed in 1958.
The maintenance schedule for Tokyo Tower is determined by the Tokyo Tower Management and the weather conditions in Tokyo.
The repainting of Tokyo Tower is not tied to any specific political figure or term.
The repainting schedule for Tokyo Tower is based on maintenance needs rather than political events.
#### No.
 (Score: 0.07419122010469437)
tensor([[ 2713014345755566694,  3479766720719279720,  -825628005012092440,
          5244148581156497706,  9171094231310376605, -5322498821065855045,
                            0,                   -1],
        [ 2713014345755566694,  3479766720719279720,  -825628005012092440,
          5244148581156497706,  9171094231310376605, -5322498821065855045,
                            0,                   -1]])

====================
Q: Can a strawberry get worms similar to dogs?


********** Step: 1 **********

A: A strawberry is a fruit that grows on plants. (Score: 0.16394741833209991, Parent: 0)

A: Strawberries are a type of fruit, while dogs are mammals. (Score: 0.13733366131782532, Parent: 0)

********** Step: 2 **********

A: A strawberry is a fruit that grows on plants.
Strawberries are not animals; they are plants. (Score: 0.13838931918144226, Parent: 0)

A: A strawberry is a fruit that grows on plants.
Strawberries are not animals; they are plants that produce fruit. (Score: 0.1004042997956276, Parent: 0)

********** Step: 3 **********

A: A strawberry is a fruit that grows on plants.
Strawberries are not animals; they are plants.
A: Worms typically infest animals, such as dogs, as parasites. (Score: 0.04946574196219444, Parent: 0)

A: A strawberry is a fruit that grows on plants.
Strawberries are not animals; they are plants.
Strawberries do not have the biological structure to harbor worms in the same way that animals do. (Score: 0.020392190665006638, Parent: 0)

********** Step: 4 **********

A: A strawberry is a fruit that grows on plants.
Strawberries are not animals; they are plants.
A: Worms typically infest animals, such as dogs, as parasites.
Worms do not infest fruits like strawberries in the same way they do animals. (Score: -0.004611847922205925, Parent: 0)

A: A strawberry is a fruit that grows on plants.
Strawberries are not animals; they are plants.
A: Worms typically infest animals, such as dogs, as parasites.
Worms do not infest plants like strawberries in the same manner they do with animals. (Score: -0.013480615802109241, Parent: 0)

********** Step: 5 **********

A: A strawberry is a fruit that grows on plants.
Strawberries are not animals; they are plants.
A: Worms typically infest animals, such as dogs, as parasites.
Worms do not infest fruits like strawberries in the same way they do animals.
A: Therefore, strawberries do not get worms similar to dogs. (Score: -0.031044360250234604, Parent: 0)

A: A strawberry is a fruit that grows on plants.
Strawberries are not animals; they are plants.
A: Worms typically infest animals, such as dogs, as parasites.
Worms do not infest plants like strawberries in the same manner they do with animals.
A: Worms can affect plants, but they do not infest strawberries like they do with dogs. (Score: -0.05754612386226654, Parent: 1)

********** Step: 6 **********

A: A strawberry is a fruit that grows on plants.
Strawberries are not animals; they are plants.
A: Worms typically infest animals, such as dogs, as parasites.
Worms do not infest plants like strawberries in the same manner they do with animals.
A: Worms can affect plants, but they do not infest strawberries like they do with dogs.
#### No. (Score: 0.2190169245004654, Parent: 1)

A: A strawberry is a fruit that grows on plants.
Strawberries are not animals; they are plants.
A: Worms typically infest animals, such as dogs, as parasites.
Worms do not infest fruits like strawberries in the same way they do animals.
A: Therefore, strawberries do not get worms similar to dogs.
A: A strawberry is a fruit that grows on plants. (Score: -0.038291946053504944, Parent: 0)

********** Step: 7 **********

A: A strawberry is a fruit that grows on plants.
Strawberries are not animals; they are plants.
A: Worms typically infest animals, such as dogs, as parasites.
Worms do not infest plants like strawberries in the same manner they do with animals.
A: Worms can affect plants, but they do not infest strawberries like they do with dogs.
#### No.
 (Score: 0.2190169245004654, Parent: 0)

A: A strawberry is a fruit that grows on plants.
Strawberries are not animals; they are plants.
A: Worms typically infest animals, such as dogs, as parasites.
Worms do not infest fruits like strawberries in the same way they do animals.
A: Therefore, strawberries do not get worms similar to dogs.
A: A strawberry is a fruit that grows on plants.
A: A strawberry is a fruit that grows on plants. (Score: -0.0439835786819458, Parent: 1)

********** Step: 8 **********

A: A strawberry is a fruit that grows on plants.
Strawberries are not animals; they are plants.
A: Worms typically infest animals, such as dogs, as parasites.
Worms do not infest plants like strawberries in the same manner they do with animals.
A: Worms can affect plants, but they do not infest strawberries like they do with dogs.
#### No.

 (Score: 0.2190169245004654, Parent: 0)

A: A strawberry is a fruit that grows on plants.
Strawberries are not animals; they are plants.
A: Worms typically infest animals, such as dogs, as parasites.
Worms do not infest fruits like strawberries in the same way they do animals.
A: Therefore, strawberries do not get worms similar to dogs.
A: A strawberry is a fruit that grows on plants.
A: A strawberry is a fruit that grows on plants.
A: A strawberry is a fruit that grows on plants. (Score: -0.05197667330503464, Parent: 1)

---------- FINAL ----------
step 8
A: A strawberry is a fruit that grows on plants.
Strawberries are not animals; they are plants.
A: Worms typically infest animals, such as dogs, as parasites.
Worms do not infest plants like strawberries in the same manner they do with animals.
A: Worms can affect plants, but they do not infest strawberries like they do with dogs.
#### No.

 (Score: 0.2190169245004654)

A: A strawberry is a fruit that grows on plants.
Strawberries are not animals; they are plants.
A: Worms typically infest animals, such as dogs, as parasites.
Worms do not infest fruits like strawberries in the same way they do animals.
A: Therefore, strawberries do not get worms similar to dogs.
A: A strawberry is a fruit that grows on plants.
A: A strawberry is a fruit that grows on plants.
A: A strawberry is a fruit that grows on plants. (Score: -0.05197667330503464)
tensor([[ 5433750538405258501,  6137051651486243989, -2627742082028539312,
          8134880903891916848,  6697515423952955300, -5322498821065855045,
                            0,                    0],
        [ 5433750538405258501,  6137051651486243989, -2627742082028539312,
          6495682507651092641,  9219237165796399891,  5433750538405258501,
          5433750538405258501,  5433750538405258501]])

====================
Q: Are rainbows devoid of color made by mixing yin and yang colors?


********** Step: 1 **********

Rainbows are optical and meteorological phenomena that result from reflection, refraction, and dispersion of light, typically sunlight, in water droplets. (Score: -0.04033273458480835, Parent: 0)

A: Rainbows are optical and meteorological phenomena caused by reflection, refraction, and dispersion of light in water droplets, resulting in a spectrum of colors. (Score: -0.06498099863529205, Parent: 0)

********** Step: 2 **********

Rainbows are optical and meteorological phenomena that result from reflection, refraction, and dispersion of light, typically sunlight, in water droplets.
Rainbows are made up of a spectrum of colors, often described as red, orange, yellow, green, blue, indigo, and violet (ROYGBIV). (Score: -0.0870898962020874, Parent: 0)

Rainbows are optical and meteorological phenomena that result from reflection, refraction, and dispersion of light, typically sunlight, in water droplets.
A: Rainbows are known to display a spectrum of colors, commonly observed as red, orange, yellow, green, blue, indigo, and violet (ROYGBIV). (Score: -0.09217014908790588, Parent: 0)

********** Step: 3 **********

Rainbows are optical and meteorological phenomena that result from reflection, refraction, and dispersion of light, typically sunlight, in water droplets.
Rainbows are made up of a spectrum of colors, often described as red, orange, yellow, green, blue, indigo, and violet (ROYGBIV).
Mixing yin and yang colors refers to a concept in Chinese philosophy, where yin represents dark, passive qualities and yang represents light, active qualities. (Score: -0.10606522113084793, Parent: 0)

Rainbows are optical and meteorological phenomena that result from reflection, refraction, and dispersion of light, typically sunlight, in water droplets.
Rainbows are made up of a spectrum of colors, often described as red, orange, yellow, green, blue, indigo, and violet (ROYGBIV).
Rainbows cannot be devoid of color as they are formed by the separation of light into its constituent colors. (Score: -0.1078990176320076, Parent: 0)

********** Step: 4 **********

Rainbows are optical and meteorological phenomena that result from reflection, refraction, and dispersion of light, typically sunlight, in water droplets.
Rainbows are made up of a spectrum of colors, often described as red, orange, yellow, green, blue, indigo, and violet (ROYGBIV).
Mixing yin and yang colors refers to a concept in Chinese philosophy, where yin represents dark, passive qualities and yang represents light, active qualities.
The concept of yin and yang colors does not apply to the scientific explanation of rainbows. (Score: -0.11383146047592163, Parent: 0)

Rainbows are optical and meteorological phenomena that result from reflection, refraction, and dispersion of light, typically sunlight, in water droplets.
Rainbows are made up of a spectrum of colors, often described as red, orange, yellow, green, blue, indigo, and violet (ROYGBIV).
Mixing yin and yang colors refers to a concept in Chinese philosophy, where yin represents dark, passive qualities and yang represents light, active qualities.
The concept of yin and yang colors does not directly relate to the scientific formation of rainbows. (Score: -0.11548605561256409, Parent: 0)

********** Step: 5 **********

Rainbows are optical and meteorological phenomena that result from reflection, refraction, and dispersion of light, typically sunlight, in water droplets.
Rainbows are made up of a spectrum of colors, often described as red, orange, yellow, green, blue, indigo, and violet (ROYGBIV).
Mixing yin and yang colors refers to a concept in Chinese philosophy, where yin represents dark, passive qualities and yang represents light, active qualities.
The concept of yin and yang colors does not apply to the scientific explanation of rainbows.
Rainbows consist of a spectrum of colors formed by the interaction of light with water droplets. (Score: -0.12054270505905151, Parent: 0)

Rainbows are optical and meteorological phenomena that result from reflection, refraction, and dispersion of light, typically sunlight, in water droplets.
Rainbows are made up of a spectrum of colors, often described as red, orange, yellow, green, blue, indigo, and violet (ROYGBIV).
Mixing yin and yang colors refers to a concept in Chinese philosophy, where yin represents dark, passive qualities and yang represents light, active qualities.
The concept of yin and yang colors does not apply to the scientific explanation of rainbows.
A: Rainbows are optical and meteorological phenomena that result from reflection, refraction, and dispersion of light, typically sunlight, in water droplets. (Score: -0.12145370244979858, Parent: 0)

********** Step: 6 **********

Rainbows are optical and meteorological phenomena that result from reflection, refraction, and dispersion of light, typically sunlight, in water droplets.
Rainbows are made up of a spectrum of colors, often described as red, orange, yellow, green, blue, indigo, and violet (ROYGBIV).
Mixing yin and yang colors refers to a concept in Chinese philosophy, where yin represents dark, passive qualities and yang represents light, active qualities.
The concept of yin and yang colors does not apply to the scientific explanation of rainbows.
Rainbows consist of a spectrum of colors formed by the interaction of light with water droplets.
#### No. (Score: 0.04837853088974953, Parent: 0)

Rainbows are optical and meteorological phenomena that result from reflection, refraction, and dispersion of light, typically sunlight, in water droplets.
Rainbows are made up of a spectrum of colors, often described as red, orange, yellow, green, blue, indigo, and violet (ROYGBIV).
Mixing yin and yang colors refers to a concept in Chinese philosophy, where yin represents dark, passive qualities and yang represents light, active qualities.
The concept of yin and yang colors does not apply to the scientific explanation of rainbows.
A: Rainbows are optical and meteorological phenomena that result from reflection, refraction, and dispersion of light, typically sunlight, in water droplets.
Rainbows consist of a spectrum of colors created by the interaction of light with water droplets. (Score: -0.12388882040977478, Parent: 1)

********** Step: 7 **********

Rainbows are optical and meteorological phenomena that result from reflection, refraction, and dispersion of light, typically sunlight, in water droplets.
Rainbows are made up of a spectrum of colors, often described as red, orange, yellow, green, blue, indigo, and violet (ROYGBIV).
Mixing yin and yang colors refers to a concept in Chinese philosophy, where yin represents dark, passive qualities and yang represents light, active qualities.
The concept of yin and yang colors does not apply to the scientific explanation of rainbows.
Rainbows consist of a spectrum of colors formed by the interaction of light with water droplets.
#### No.
 (Score: 0.04837853088974953, Parent: 0)

Rainbows are optical and meteorological phenomena that result from reflection, refraction, and dispersion of light, typically sunlight, in water droplets.
Rainbows are made up of a spectrum of colors, often described as red, orange, yellow, green, blue, indigo, and violet (ROYGBIV).
Mixing yin and yang colors refers to a concept in Chinese philosophy, where yin represents dark, passive qualities and yang represents light, active qualities.
The concept of yin and yang colors does not apply to the scientific explanation of rainbows.
A: Rainbows are optical and meteorological phenomena that result from reflection, refraction, and dispersion of light, typically sunlight, in water droplets.
Rainbows consist of a spectrum of colors created by the interaction of light with water droplets.
A: Rainbows are optical and meteorological phenomena that result from reflection, refraction, and dispersion of light, typically sunlight, in water droplets. (Score: -0.1284485161304474, Parent: 1)

********** Step: 8 **********

Rainbows are optical and meteorological phenomena that result from reflection, refraction, and dispersion of light, typically sunlight, in water droplets.
Rainbows are made up of a spectrum of colors, often described as red, orange, yellow, green, blue, indigo, and violet (ROYGBIV).
Mixing yin and yang colors refers to a concept in Chinese philosophy, where yin represents dark, passive qualities and yang represents light, active qualities.
The concept of yin and yang colors does not apply to the scientific explanation of rainbows.
Rainbows consist of a spectrum of colors formed by the interaction of light with water droplets.
#### No.

 (Score: 0.04837853088974953, Parent: 0)

Rainbows are optical and meteorological phenomena that result from reflection, refraction, and dispersion of light, typically sunlight, in water droplets.
Rainbows are made up of a spectrum of colors, often described as red, orange, yellow, green, blue, indigo, and violet (ROYGBIV).
Mixing yin and yang colors refers to a concept in Chinese philosophy, where yin represents dark, passive qualities and yang represents light, active qualities.
The concept of yin and yang colors does not apply to the scientific explanation of rainbows.
A: Rainbows are optical and meteorological phenomena that result from reflection, refraction, and dispersion of light, typically sunlight, in water droplets.
Rainbows consist of a spectrum of colors created by the interaction of light with water droplets.
A: Rainbows are optical and meteorological phenomena that result from reflection, refraction, and dispersion of light, typically sunlight, in water droplets.
A: Rainbows are optical and meteorological phenomena that result from reflection, refraction, and dispersion of light, typically sunlight, in water droplets. (Score: -0.13158540427684784, Parent: 1)

---------- FINAL ----------
step 8
Rainbows are optical and meteorological phenomena that result from reflection, refraction, and dispersion of light, typically sunlight, in water droplets.
Rainbows are made up of a spectrum of colors, often described as red, orange, yellow, green, blue, indigo, and violet (ROYGBIV).
Mixing yin and yang colors refers to a concept in Chinese philosophy, where yin represents dark, passive qualities and yang represents light, active qualities.
The concept of yin and yang colors does not apply to the scientific explanation of rainbows.
Rainbows consist of a spectrum of colors formed by the interaction of light with water droplets.
#### No.

 (Score: 0.04837853088974953)

Rainbows are optical and meteorological phenomena that result from reflection, refraction, and dispersion of light, typically sunlight, in water droplets.
Rainbows are made up of a spectrum of colors, often described as red, orange, yellow, green, blue, indigo, and violet (ROYGBIV).
Mixing yin and yang colors refers to a concept in Chinese philosophy, where yin represents dark, passive qualities and yang represents light, active qualities.
The concept of yin and yang colors does not apply to the scientific explanation of rainbows.
A: Rainbows are optical and meteorological phenomena that result from reflection, refraction, and dispersion of light, typically sunlight, in water droplets.
Rainbows consist of a spectrum of colors created by the interaction of light with water droplets.
A: Rainbows are optical and meteorological phenomena that result from reflection, refraction, and dispersion of light, typically sunlight, in water droplets.
A: Rainbows are optical and meteorological phenomena that result from reflection, refraction, and dispersion of light, typically sunlight, in water droplets. (Score: -0.13158540427684784)
tensor([[-8270070652863646845, -6227303082192056390,  2877573377676169865,
          7172069985024824837,  1899915170922248079, -5322498821065855045,
                            0,                    0],
        [-8270070652863646845, -6227303082192056390,  2877573377676169865,
          7172069985024824837, -4385976170234135845, -5307996220000378891,
         -4385976170234135845, -4385976170234135845]])

====================
Q: Would a packed Wembley stadium be likely to have a descendant of the Mongols inside?


********** Step: 1 **********

A: A packed Wembley stadium is a modern sports venue located in London, England. (Score: -0.06753160059452057, Parent: 0)

A: Wembley Stadium is located in London, England and is primarily a venue for football and other events. (Score: -0.11235866695642471, Parent: 0)

********** Step: 2 **********

A: A packed Wembley stadium is a modern sports venue located in London, England.
The original Mongol Empire existed in the 13th and 14th centuries, primarily in parts of Asia and Eastern Europe. (Score: -0.1482323408126831, Parent: 0)

A: A packed Wembley stadium is a modern sports venue located in London, England.
The Mongol Empire existed in the 13th and 14th centuries, primarily in Central Asia and parts of Europe. (Score: -0.14920204877853394, Parent: 0)

********** Step: 3 **********

A: A packed Wembley stadium is a modern sports venue located in London, England.
The original Mongol Empire existed in the 13th and 14th centuries, primarily in parts of Asia and Eastern Europe.
The descendants of the Mongols could be found in various regions of Asia and Europe today. (Score: -0.1536041498184204, Parent: 0)

A: A packed Wembley stadium is a modern sports venue located in London, England.
The original Mongol Empire existed in the 13th and 14th centuries, primarily in parts of Asia and Eastern Europe.
The Mongol Empire, founded by Genghis Khan, dissolved centuries ago, leading to the dispersal of its descendants. (Score: -0.15383881330490112, Parent: 0)

********** Step: 4 **********

A: A packed Wembley stadium is a modern sports venue located in London, England.
The original Mongol Empire existed in the 13th and 14th centuries, primarily in parts of Asia and Eastern Europe.
The descendants of the Mongols could be found in various regions of Asia and Europe today.
However, the presence of a descendant of the Mongols in a specific modern venue like Wembley stadium is highly unlikely without specific evidence of such an individual being present there. (Score: -0.15719351172447205, Parent: 0)

A: A packed Wembley stadium is a modern sports venue located in London, England.
The original Mongol Empire existed in the 13th and 14th centuries, primarily in parts of Asia and Eastern Europe.
The Mongol Empire, founded by Genghis Khan, dissolved centuries ago, leading to the dispersal of its descendants.
The descendants of the Mongols would be found in various regions, but they would not necessarily attend a modern sporting event like one at Wembley Stadium. (Score: -0.1586950123310089, Parent: 1)

********** Step: 5 **********

A: A packed Wembley stadium is a modern sports venue located in London, England.
The original Mongol Empire existed in the 13th and 14th centuries, primarily in parts of Asia and Eastern Europe.
The descendants of the Mongols could be found in various regions of Asia and Europe today.
However, the presence of a descendant of the Mongols in a specific modern venue like Wembley stadium is highly unlikely without specific evidence of such an individual being present there.
A: A packed Wembley stadium is a modern sports venue located in London, England. (Score: -0.15516743063926697, Parent: 0)

A: A packed Wembley stadium is a modern sports venue located in London, England.
The original Mongol Empire existed in the 13th and 14th centuries, primarily in parts of Asia and Eastern Europe.
The descendants of the Mongols could be found in various regions of Asia and Europe today.
However, the presence of a descendant of the Mongols in a specific modern venue like Wembley stadium is highly unlikely without specific evidence of such an individual being present there.
A: A packed Wembley stadium is a modern sports venue located in London, England. (Score: -0.15516743063926697, Parent: 0)

********** Step: 6 **********

A: A packed Wembley stadium is a modern sports venue located in London, England.
The original Mongol Empire existed in the 13th and 14th centuries, primarily in parts of Asia and Eastern Europe.
The descendants of the Mongols could be found in various regions of Asia and Europe today.
However, the presence of a descendant of the Mongols in a specific modern venue like Wembley stadium is highly unlikely without specific evidence of such an individual being present there.
A: A packed Wembley stadium is a modern sports venue located in London, England.
The original Mongol Empire existed in the 13th and 14th centuries, primarily in parts of Asia and Eastern Europe. (Score: -0.1557043492794037, Parent: 0)

A: A packed Wembley stadium is a modern sports venue located in London, England.
The original Mongol Empire existed in the 13th and 14th centuries, primarily in parts of Asia and Eastern Europe.
The descendants of the Mongols could be found in various regions of Asia and Europe today.
However, the presence of a descendant of the Mongols in a specific modern venue like Wembley stadium is highly unlikely without specific evidence of such an individual being present there.
A: A packed Wembley stadium is a modern sports venue located in London, England.
The original Mongol Empire existed in the 13th and 14th centuries, primarily in parts of Asia and Eastern Europe. (Score: -0.1557043492794037, Parent: 1)

********** Step: 7 **********

A: A packed Wembley stadium is a modern sports venue located in London, England.
The original Mongol Empire existed in the 13th and 14th centuries, primarily in parts of Asia and Eastern Europe.
The descendants of the Mongols could be found in various regions of Asia and Europe today.
However, the presence of a descendant of the Mongols in a specific modern venue like Wembley stadium is highly unlikely without specific evidence of such an individual being present there.
A: A packed Wembley stadium is a modern sports venue located in London, England.
The original Mongol Empire existed in the 13th and 14th centuries, primarily in parts of Asia and Eastern Europe.
The descendants of the Mongols could be found in various regions of Asia and Europe today. (Score: -0.15701031684875488, Parent: 0)

A: A packed Wembley stadium is a modern sports venue located in London, England.
The original Mongol Empire existed in the 13th and 14th centuries, primarily in parts of Asia and Eastern Europe.
The descendants of the Mongols could be found in various regions of Asia and Europe today.
However, the presence of a descendant of the Mongols in a specific modern venue like Wembley stadium is highly unlikely without specific evidence of such an individual being present there.
A: A packed Wembley stadium is a modern sports venue located in London, England.
The original Mongol Empire existed in the 13th and 14th centuries, primarily in parts of Asia and Eastern Europe.
The descendants of the Mongols could be found in various regions of Asia and Europe today. (Score: -0.15701201558113098, Parent: 1)

********** Step: 8 **********

A: A packed Wembley stadium is a modern sports venue located in London, England.
The original Mongol Empire existed in the 13th and 14th centuries, primarily in parts of Asia and Eastern Europe.
The descendants of the Mongols could be found in various regions of Asia and Europe today.
However, the presence of a descendant of the Mongols in a specific modern venue like Wembley stadium is highly unlikely without specific evidence of such an individual being present there.
A: A packed Wembley stadium is a modern sports venue located in London, England.
The original Mongol Empire existed in the 13th and 14th centuries, primarily in parts of Asia and Eastern Europe.
The descendants of the Mongols could be found in various regions of Asia and Europe today.
However, just being a descendant of the Mongols does not guarantee their presence at a specific event in Wembley Stadium. (Score: -0.15741723775863647, Parent: 1)

A: A packed Wembley stadium is a modern sports venue located in London, England.
The original Mongol Empire existed in the 13th and 14th centuries, primarily in parts of Asia and Eastern Europe.
The descendants of the Mongols could be found in various regions of Asia and Europe today.
However, the presence of a descendant of the Mongols in a specific modern venue like Wembley stadium is highly unlikely without specific evidence of such an individual being present there.
A: A packed Wembley stadium is a modern sports venue located in London, England.
The original Mongol Empire existed in the 13th and 14th centuries, primarily in parts of Asia and Eastern Europe.
The descendants of the Mongols could be found in various regions of Asia and Europe today.
However, the presence of a descendant of the Mongols in a specific modern venue like Wembley stadium would be coincidental and not guaranteed. (Score: -0.15785928070545197, Parent: 0)

---------- FINAL ----------
step 8
A: A packed Wembley stadium is a modern sports venue located in London, England.
The original Mongol Empire existed in the 13th and 14th centuries, primarily in parts of Asia and Eastern Europe.
The descendants of the Mongols could be found in various regions of Asia and Europe today.
However, the presence of a descendant of the Mongols in a specific modern venue like Wembley stadium is highly unlikely without specific evidence of such an individual being present there.
A: A packed Wembley stadium is a modern sports venue located in London, England.
The original Mongol Empire existed in the 13th and 14th centuries, primarily in parts of Asia and Eastern Europe.
The descendants of the Mongols could be found in various regions of Asia and Europe today.
However, just being a descendant of the Mongols does not guarantee their presence at a specific event in Wembley Stadium. (Score: -0.15741723775863647)

A: A packed Wembley stadium is a modern sports venue located in London, England.
The original Mongol Empire existed in the 13th and 14th centuries, primarily in parts of Asia and Eastern Europe.
The descendants of the Mongols could be found in various regions of Asia and Europe today.
However, the presence of a descendant of the Mongols in a specific modern venue like Wembley stadium is highly unlikely without specific evidence of such an individual being present there.
A: A packed Wembley stadium is a modern sports venue located in London, England.
The original Mongol Empire existed in the 13th and 14th centuries, primarily in parts of Asia and Eastern Europe.
The descendants of the Mongols could be found in various regions of Asia and Europe today.
However, the presence of a descendant of the Mongols in a specific modern venue like Wembley stadium would be coincidental and not guaranteed. (Score: -0.15785928070545197)
tensor([[ 7431247472625228844,  6933798137130677804,  5273834037108240123,
          4696691911091668641,  7431247472625228844,  6933798137130677804,
          5273834037108240123, -3044534750332027610],
        [ 7431247472625228844,  6933798137130677804,  5273834037108240123,
          4696691911091668641,  7431247472625228844,  6933798137130677804,
          5273834037108240123,  5646082825445494539]])

====================
Q: Did Francois Mitterrand ever meet Barak Obama while they both held the position of President?


********** Step: 1 **********

Francois Mitterrand was the President of France from 1981 to 1995. (Score: 0.0199991837143898, Parent: 0)

Francois Mitterrand was the President of France from 1981 to 1995. (Score: 0.0199991837143898, Parent: 0)

********** Step: 2 **********

Francois Mitterrand was the President of France from 1981 to 1995.
Barack Obama was the President of the United States from 2009 to 2017. (Score: -0.022532595321536064, Parent: 0)

Francois Mitterrand was the President of France from 1981 to 1995.
Barack Obama was the President of the United States from 2009 to 2017. (Score: -0.022532595321536064, Parent: 1)

********** Step: 3 **********

Francois Mitterrand was the President of France from 1981 to 1995.
Barack Obama was the President of the United States from 2009 to 2017.
Francois Mitterrand served as President long before Barack Obama took office. (Score: -0.0647050067782402, Parent: 1)

Francois Mitterrand was the President of France from 1981 to 1995.
Barack Obama was the President of the United States from 2009 to 2017.
Francois Mitterrand and Barack Obama were Presidents during different time periods. (Score: -0.06661958247423172, Parent: 1)

********** Step: 4 **********

Francois Mitterrand was the President of France from 1981 to 1995.
Barack Obama was the President of the United States from 2009 to 2017.
Francois Mitterrand served as President long before Barack Obama took office.
#### No. (Score: 0.2464713752269745, Parent: 0)

Francois Mitterrand was the President of France from 1981 to 1995.
Barack Obama was the President of the United States from 2009 to 2017.
Francois Mitterrand and Barack Obama were Presidents during different time periods.
#### No. (Score: 0.24528203904628754, Parent: 1)

********** Step: 5 **********

Francois Mitterrand was the President of France from 1981 to 1995.
Barack Obama was the President of the United States from 2009 to 2017.
Francois Mitterrand served as President long before Barack Obama took office.
#### No.
 (Score: 0.2464713752269745, Parent: 0)

Francois Mitterrand was the President of France from 1981 to 1995.
Barack Obama was the President of the United States from 2009 to 2017.
Francois Mitterrand and Barack Obama were Presidents during different time periods.
#### No.
 (Score: 0.24528203904628754, Parent: 1)

---------- FINAL ----------
step 5
Francois Mitterrand was the President of France from 1981 to 1995.
Barack Obama was the President of the United States from 2009 to 2017.
Francois Mitterrand served as President long before Barack Obama took office.
#### No.
 (Score: 0.2464713752269745)

Francois Mitterrand was the President of France from 1981 to 1995.
Barack Obama was the President of the United States from 2009 to 2017.
Francois Mitterrand and Barack Obama were Presidents during different time periods.
#### No.
 (Score: 0.24528203904628754)
tensor([[-5272027511293552355, -3622218333587649882, -4146047900224271002,
         -5322498821065855045,                    0,                   -1,
                           -1,                   -1],
        [-5272027511293552355, -3622218333587649882, -1843769814703010255,
         -5322498821065855045,                    0,                   -1,
                           -1,                   -1]])

====================
Q: Does Capricorn astrology symbol have all of the parts of a chimera?


********** Step: 1 **********

The Capricorn astrology symbol is represented by a goat with a fish tail. (Score: 0.20198598504066467, Parent: 0)

A: The Capricorn astrology symbol is represented by a goat, specifically a sea-goat, which has the front half of a goat and the tail of a fish. (Score: 0.07488255202770233, Parent: 0)

********** Step: 2 **********

The Capricorn astrology symbol is represented by a goat with a fish tail.
A: The Capricorn astrology symbol is represented by a goat with a fish tail. (Score: 0.15054959058761597, Parent: 0)

A: The Capricorn astrology symbol is represented by a goat, specifically a sea-goat, which has the front half of a goat and the tail of a fish.
To determine if the Capricorn astrology symbol has all of the parts of a chimera, we need to understand both concepts. (Score: -0.004082261584699154, Parent: 1)

********** Step: 3 **********

The Capricorn astrology symbol is represented by a goat with a fish tail.
A: The Capricorn astrology symbol is represented by a goat with a fish tail.
A: A chimera is a creature from Greek mythology that typically has parts from multiple animals. (Score: -0.06925603002309799, Parent: 0)

A: The Capricorn astrology symbol is represented by a goat, specifically a sea-goat, which has the front half of a goat and the tail of a fish.
To determine if the Capricorn astrology symbol has all of the parts of a chimera, we need to understand both concepts.
A: A chimera in mythology is a creature that combines parts from different animals, such as a lion, goat, and serpent. (Score: -0.08275212347507477, Parent: 1)

********** Step: 4 **********

A: The Capricorn astrology symbol is represented by a goat, specifically a sea-goat, which has the front half of a goat and the tail of a fish.
To determine if the Capricorn astrology symbol has all of the parts of a chimera, we need to understand both concepts.
A: A chimera in mythology is a creature that combines parts from different animals, such as a lion, goat, and serpent.
To analyze whether the Capricorn astrology symbol has all parts of a chimera, let's break it down:. (Score: -0.08782890439033508, Parent: 1)

The Capricorn astrology symbol is represented by a goat with a fish tail.
A: The Capricorn astrology symbol is represented by a goat with a fish tail.
A: A chimera is a creature from Greek mythology that typically has parts from multiple animals.
A: A chimera often has traits from lions, goats, and serpents. (Score: -0.10541142523288727, Parent: 0)

********** Step: 5 **********

A: The Capricorn astrology symbol is represented by a goat, specifically a sea-goat, which has the front half of a goat and the tail of a fish.
To determine if the Capricorn astrology symbol has all of the parts of a chimera, we need to understand both concepts.
A: A chimera in mythology is a creature that combines parts from different animals, such as a lion, goat, and serpent.
To analyze whether the Capricorn astrology symbol has all parts of a chimera, let's break it down:.
The Capricorn astrology symbol consists of the front half of a goat and the tail of a fish, which combines two animal parts. (Score: -0.12516608834266663, Parent: 0)

The Capricorn astrology symbol is represented by a goat with a fish tail.
A: The Capricorn astrology symbol is represented by a goat with a fish tail.
A: A chimera is a creature from Greek mythology that typically has parts from multiple animals.
A: A chimera often has traits from lions, goats, and serpents.
A: The Capricorn astrology symbol is represented by a goat with a fish tail. (Score: -0.12657471001148224, Parent: 1)

********** Step: 6 **********

The Capricorn astrology symbol is represented by a goat with a fish tail.
A: The Capricorn astrology symbol is represented by a goat with a fish tail.
A: A chimera is a creature from Greek mythology that typically has parts from multiple animals.
A: A chimera often has traits from lions, goats, and serpents.
A: The Capricorn astrology symbol is represented by a goat with a fish tail.
A: The Capricorn astrology symbol is represented by a goat with a fish tail. (Score: -0.132948100566864, Parent: 1)

The Capricorn astrology symbol is represented by a goat with a fish tail.
A: The Capricorn astrology symbol is represented by a goat with a fish tail.
A: A chimera is a creature from Greek mythology that typically has parts from multiple animals.
A: A chimera often has traits from lions, goats, and serpents.
A: The Capricorn astrology symbol is represented by a goat with a fish tail.
A: The Capricorn astrology symbol is represented by a goat with a fish tail. (Score: -0.132948100566864, Parent: 1)

********** Step: 7 **********

The Capricorn astrology symbol is represented by a goat with a fish tail.
A: The Capricorn astrology symbol is represented by a goat with a fish tail.
A: A chimera is a creature from Greek mythology that typically has parts from multiple animals.
A: A chimera often has traits from lions, goats, and serpents.
A: The Capricorn astrology symbol is represented by a goat with a fish tail.
A: The Capricorn astrology symbol is represented by a goat with a fish tail.
A: The Capricorn astrology symbol is represented by a goat with a fish tail. (Score: -0.13519969582557678, Parent: 0)

The Capricorn astrology symbol is represented by a goat with a fish tail.
A: The Capricorn astrology symbol is represented by a goat with a fish tail.
A: A chimera is a creature from Greek mythology that typically has parts from multiple animals.
A: A chimera often has traits from lions, goats, and serpents.
A: The Capricorn astrology symbol is represented by a goat with a fish tail.
A: The Capricorn astrology symbol is represented by a goat with a fish tail.
A: The Capricorn astrology symbol is represented by a goat with a fish tail. (Score: -0.13519969582557678, Parent: 1)

********** Step: 8 **********

The Capricorn astrology symbol is represented by a goat with a fish tail.
A: The Capricorn astrology symbol is represented by a goat with a fish tail.
A: A chimera is a creature from Greek mythology that typically has parts from multiple animals.
A: A chimera often has traits from lions, goats, and serpents.
A: The Capricorn astrology symbol is represented by a goat with a fish tail.
A: The Capricorn astrology symbol is represented by a goat with a fish tail.
A: The Capricorn astrology symbol is represented by a goat with a fish tail.
A: The Capricorn astrology symbol is represented by a goat with a fish tail. (Score: -0.1367858201265335, Parent: 0)

The Capricorn astrology symbol is represented by a goat with a fish tail.
A: The Capricorn astrology symbol is represented by a goat with a fish tail.
A: A chimera is a creature from Greek mythology that typically has parts from multiple animals.
A: A chimera often has traits from lions, goats, and serpents.
A: The Capricorn astrology symbol is represented by a goat with a fish tail.
A: The Capricorn astrology symbol is represented by a goat with a fish tail.
A: The Capricorn astrology symbol is represented by a goat with a fish tail.
A: The Capricorn astrology symbol is represented by a goat with a fish tail. (Score: -0.1367858201265335, Parent: 1)

---------- FINAL ----------
step 8
The Capricorn astrology symbol is represented by a goat with a fish tail.
A: The Capricorn astrology symbol is represented by a goat with a fish tail.
A: A chimera is a creature from Greek mythology that typically has parts from multiple animals.
A: A chimera often has traits from lions, goats, and serpents.
A: The Capricorn astrology symbol is represented by a goat with a fish tail.
A: The Capricorn astrology symbol is represented by a goat with a fish tail.
A: The Capricorn astrology symbol is represented by a goat with a fish tail.
A: The Capricorn astrology symbol is represented by a goat with a fish tail. (Score: -0.1367858201265335)

The Capricorn astrology symbol is represented by a goat with a fish tail.
A: The Capricorn astrology symbol is represented by a goat with a fish tail.
A: A chimera is a creature from Greek mythology that typically has parts from multiple animals.
A: A chimera often has traits from lions, goats, and serpents.
A: The Capricorn astrology symbol is represented by a goat with a fish tail.
A: The Capricorn astrology symbol is represented by a goat with a fish tail.
A: The Capricorn astrology symbol is represented by a goat with a fish tail.
A: The Capricorn astrology symbol is represented by a goat with a fish tail. (Score: -0.1367858201265335)
tensor([[ -497641656845561582, -8790592475717589334, -4697699625492235924,
          3854598894500336505, -8790592475717589334, -8790592475717589334,
         -8790592475717589334, -8790592475717589334],
        [ -497641656845561582, -8790592475717589334, -4697699625492235924,
          3854598894500336505, -8790592475717589334, -8790592475717589334,
         -8790592475717589334, -8790592475717589334]])

====================
Q: Tata Hexa can accomodate every Spice Girl?


********** Step: 1 **********

The Tata Hexa is a multi-purpose vehicle designed to seat multiple passengers. (Score: -0.01092988159507513, Parent: 0)

Tata Hexa is a model of SUV manufactured by Tata Motors. (Score: -0.011615287512540817, Parent: 0)

********** Step: 2 **********

The Tata Hexa is a multi-purpose vehicle designed to seat multiple passengers.
The Tata Hexa has a seating capacity of up to 8 people. (Score: -0.06342102587223053, Parent: 0)

The Tata Hexa is a multi-purpose vehicle designed to seat multiple passengers.
The Tata Hexa has a seating capacity of up to 7 passengers. (Score: -0.06524474173784256, Parent: 0)

********** Step: 3 **********

The Tata Hexa is a multi-purpose vehicle designed to seat multiple passengers.
The Tata Hexa has a seating capacity of up to 8 people.
The Spice Girls consist of 5 members: Mel B, Mel C, Emma Bunton, Geri Halliwell, and Victoria Beckham. (Score: -0.05984149128198624, Parent: 0)

The Tata Hexa is a multi-purpose vehicle designed to seat multiple passengers.
The Tata Hexa has a seating capacity of up to 7 passengers.
The Spice Girls consist of 5 members: Melanie Brown, Melanie Chisholm, Emma Bunton, Geri Halliwell, and Victoria Beckham. (Score: -0.06106654182076454, Parent: 1)

********** Step: 4 **********

The Tata Hexa is a multi-purpose vehicle designed to seat multiple passengers.
The Tata Hexa has a seating capacity of up to 8 people.
The Spice Girls consist of 5 members: Mel B, Mel C, Emma Bunton, Geri Halliwell, and Victoria Beckham.
A: The Tata Hexa is a multi-purpose vehicle designed to seat multiple passengers. (Score: -0.06389099359512329, Parent: 0)

The Tata Hexa is a multi-purpose vehicle designed to seat multiple passengers.
The Tata Hexa has a seating capacity of up to 8 people.
The Spice Girls consist of 5 members: Mel B, Mel C, Emma Bunton, Geri Halliwell, and Victoria Beckham.
The Tata Hexa is designed to comfortably accommodate multiple passengers. (Score: -0.07966633141040802, Parent: 0)

********** Step: 5 **********

The Tata Hexa is a multi-purpose vehicle designed to seat multiple passengers.
The Tata Hexa has a seating capacity of up to 8 people.
The Spice Girls consist of 5 members: Mel B, Mel C, Emma Bunton, Geri Halliwell, and Victoria Beckham.
The Tata Hexa is designed to comfortably accommodate multiple passengers.
#### Yes. (Score: 0.23663775622844696, Parent: 1)

The Tata Hexa is a multi-purpose vehicle designed to seat multiple passengers.
The Tata Hexa has a seating capacity of up to 8 people.
The Spice Girls consist of 5 members: Mel B, Mel C, Emma Bunton, Geri Halliwell, and Victoria Beckham.
A: The Tata Hexa is a multi-purpose vehicle designed to seat multiple passengers.
The Tata Hexa has a seating capacity of up to 8 people. (Score: -0.07335084676742554, Parent: 0)

********** Step: 6 **********

The Tata Hexa is a multi-purpose vehicle designed to seat multiple passengers.
The Tata Hexa has a seating capacity of up to 8 people.
The Spice Girls consist of 5 members: Mel B, Mel C, Emma Bunton, Geri Halliwell, and Victoria Beckham.
The Tata Hexa is designed to comfortably accommodate multiple passengers.
#### Yes.
 (Score: 0.23663775622844696, Parent: 0)

The Tata Hexa is a multi-purpose vehicle designed to seat multiple passengers.
The Tata Hexa has a seating capacity of up to 8 people.
The Spice Girls consist of 5 members: Mel B, Mel C, Emma Bunton, Geri Halliwell, and Victoria Beckham.
A: The Tata Hexa is a multi-purpose vehicle designed to seat multiple passengers.
The Tata Hexa has a seating capacity of up to 8 people.
A: The Tata Hexa is a multi-purpose vehicle designed to seat multiple passengers. (Score: -0.08867920935153961, Parent: 1)

********** Step: 7 **********

The Tata Hexa is a multi-purpose vehicle designed to seat multiple passengers.
The Tata Hexa has a seating capacity of up to 8 people.
The Spice Girls consist of 5 members: Mel B, Mel C, Emma Bunton, Geri Halliwell, and Victoria Beckham.
The Tata Hexa is designed to comfortably accommodate multiple passengers.
#### Yes.

 (Score: 0.23663775622844696, Parent: 0)

The Tata Hexa is a multi-purpose vehicle designed to seat multiple passengers.
The Tata Hexa has a seating capacity of up to 8 people.
The Spice Girls consist of 5 members: Mel B, Mel C, Emma Bunton, Geri Halliwell, and Victoria Beckham.
A: The Tata Hexa is a multi-purpose vehicle designed to seat multiple passengers.
The Tata Hexa has a seating capacity of up to 8 people.
A: The Tata Hexa is a multi-purpose vehicle designed to seat multiple passengers.
A: The Tata Hexa is a multi-purpose vehicle designed to seat multiple passengers. (Score: -0.09621325135231018, Parent: 1)

********** Step: 8 **********

The Tata Hexa is a multi-purpose vehicle designed to seat multiple passengers.
The Tata Hexa has a seating capacity of up to 8 people.
The Spice Girls consist of 5 members: Mel B, Mel C, Emma Bunton, Geri Halliwell, and Victoria Beckham.
The Tata Hexa is designed to comfortably accommodate multiple passengers.
#### Yes.


 (Score: 0.23663775622844696, Parent: 0)

The Tata Hexa is a multi-purpose vehicle designed to seat multiple passengers.
The Tata Hexa has a seating capacity of up to 8 people.
The Spice Girls consist of 5 members: Mel B, Mel C, Emma Bunton, Geri Halliwell, and Victoria Beckham.
A: The Tata Hexa is a multi-purpose vehicle designed to seat multiple passengers.
The Tata Hexa has a seating capacity of up to 8 people.
A: The Tata Hexa is a multi-purpose vehicle designed to seat multiple passengers.
A: The Tata Hexa is a multi-purpose vehicle designed to seat multiple passengers.
A: The Tata Hexa is a multi-purpose vehicle designed to seat multiple passengers. (Score: -0.10277661681175232, Parent: 1)

---------- FINAL ----------
step 8
The Tata Hexa is a multi-purpose vehicle designed to seat multiple passengers.
The Tata Hexa has a seating capacity of up to 8 people.
The Spice Girls consist of 5 members: Mel B, Mel C, Emma Bunton, Geri Halliwell, and Victoria Beckham.
The Tata Hexa is designed to comfortably accommodate multiple passengers.
#### Yes.


 (Score: 0.23663775622844696)

The Tata Hexa is a multi-purpose vehicle designed to seat multiple passengers.
The Tata Hexa has a seating capacity of up to 8 people.
The Spice Girls consist of 5 members: Mel B, Mel C, Emma Bunton, Geri Halliwell, and Victoria Beckham.
A: The Tata Hexa is a multi-purpose vehicle designed to seat multiple passengers.
The Tata Hexa has a seating capacity of up to 8 people.
A: The Tata Hexa is a multi-purpose vehicle designed to seat multiple passengers.
A: The Tata Hexa is a multi-purpose vehicle designed to seat multiple passengers.
A: The Tata Hexa is a multi-purpose vehicle designed to seat multiple passengers. (Score: -0.10277661681175232)
tensor([[-8464933829915888012,  9007612827714576080, -5405446287474862359,
           254953979737454647,  3209685389633853342,                    0,
                            0,                    0],
        [-8464933829915888012,  9007612827714576080, -5405446287474862359,
          2507991347632522619,  9007612827714576080,  2507991347632522619,
          2507991347632522619,  2507991347632522619]])

====================
Q: Can sunlight travel to the deepest part of the Black Sea?


********** Step: 1 **********

The Black Sea has a maximum depth of about 2,212 meters (7,257 feet). (Score: 0.13989752531051636, Parent: 0)

A: The Black Sea has a maximum depth of about 2,212 meters (7,257 feet). (Score: 0.11482484638690948, Parent: 0)

********** Step: 2 **********

The Black Sea has a maximum depth of about 2,212 meters (7,257 feet).
Sunlight penetrates water to a certain depth, but its intensity decreases with depth. (Score: 0.031978268176317215, Parent: 0)

The Black Sea has a maximum depth of about 2,212 meters (7,257 feet).
Sunlight penetrates water to a certain depth, but its intensity diminishes with increasing depth. (Score: 0.024487365037202835, Parent: 0)

********** Step: 3 **********

The Black Sea has a maximum depth of about 2,212 meters (7,257 feet).
Sunlight penetrates water to a certain depth, but its intensity diminishes with increasing depth.
The maximum depth of the Black Sea is about 2,212 meters. (Score: -0.002479221671819687, Parent: 1)

The Black Sea has a maximum depth of about 2,212 meters (7,257 feet).
Sunlight penetrates water to a certain depth, but its intensity decreases with depth.
The euphotic zone, where sunlight can penetrate, typically extends to about 200 meters in clear ocean water. (Score: -0.007311710622161627, Parent: 0)

********** Step: 4 **********

The Black Sea has a maximum depth of about 2,212 meters (7,257 feet).
Sunlight penetrates water to a certain depth, but its intensity diminishes with increasing depth.
The maximum depth of the Black Sea is about 2,212 meters.
Sunlight typically penetrates to about 200 meters in clear ocean water, and even less in murky water. (Score: -0.03521581366658211, Parent: 0)

The Black Sea has a maximum depth of about 2,212 meters (7,257 feet).
Sunlight penetrates water to a certain depth, but its intensity decreases with depth.
The euphotic zone, where sunlight can penetrate, typically extends to about 200 meters in clear ocean water.
Beyond 200 meters, light becomes increasingly scarce and eventually disappears. (Score: -0.03692355751991272, Parent: 1)

********** Step: 5 **********

The Black Sea has a maximum depth of about 2,212 meters (7,257 feet).
Sunlight penetrates water to a certain depth, but its intensity diminishes with increasing depth.
The maximum depth of the Black Sea is about 2,212 meters.
Sunlight typically penetrates to about 200 meters in clear ocean water, and even less in murky water.
Given the maximum depth of the Black Sea and the penetration depth of sunlight:. (Score: -0.021809300407767296, Parent: 0)

The Black Sea has a maximum depth of about 2,212 meters (7,257 feet).
Sunlight penetrates water to a certain depth, but its intensity diminishes with increasing depth.
The maximum depth of the Black Sea is about 2,212 meters.
Sunlight typically penetrates to about 200 meters in clear ocean water, and even less in murky water.
A: The Black Sea has a maximum depth of about 2,212 meters (7,257 feet). (Score: -0.04351356625556946, Parent: 0)

********** Step: 6 **********

The Black Sea has a maximum depth of about 2,212 meters (7,257 feet).
Sunlight penetrates water to a certain depth, but its intensity diminishes with increasing depth.
The maximum depth of the Black Sea is about 2,212 meters.
Sunlight typically penetrates to about 200 meters in clear ocean water, and even less in murky water.
Given the maximum depth of the Black Sea and the penetration depth of sunlight:.
Sunlight cannot reach the deepest part of the Black Sea. (Score: -0.050000570714473724, Parent: 0)

The Black Sea has a maximum depth of about 2,212 meters (7,257 feet).
Sunlight penetrates water to a certain depth, but its intensity diminishes with increasing depth.
The maximum depth of the Black Sea is about 2,212 meters.
Sunlight typically penetrates to about 200 meters in clear ocean water, and even less in murky water.
A: The Black Sea has a maximum depth of about 2,212 meters (7,257 feet).
A: Sunlight penetrates water to a certain depth, but its intensity diminishes with increasing depth. (Score: -0.06183189898729324, Parent: 1)

********** Step: 7 **********

The Black Sea has a maximum depth of about 2,212 meters (7,257 feet).
Sunlight penetrates water to a certain depth, but its intensity diminishes with increasing depth.
The maximum depth of the Black Sea is about 2,212 meters.
Sunlight typically penetrates to about 200 meters in clear ocean water, and even less in murky water.
Given the maximum depth of the Black Sea and the penetration depth of sunlight:.
Sunlight cannot reach the deepest part of the Black Sea.
A: The Black Sea has a maximum depth of about 2,212 meters (7,257 feet). (Score: -0.0569181963801384, Parent: 0)

The Black Sea has a maximum depth of about 2,212 meters (7,257 feet).
Sunlight penetrates water to a certain depth, but its intensity diminishes with increasing depth.
The maximum depth of the Black Sea is about 2,212 meters.
Sunlight typically penetrates to about 200 meters in clear ocean water, and even less in murky water.
Given the maximum depth of the Black Sea and the penetration depth of sunlight:.
Sunlight cannot reach the deepest part of the Black Sea.
A: The Black Sea has a maximum depth of about 2,212 meters (7,257 feet). (Score: -0.0569181963801384, Parent: 0)

********** Step: 8 **********

The Black Sea has a maximum depth of about 2,212 meters (7,257 feet).
Sunlight penetrates water to a certain depth, but its intensity diminishes with increasing depth.
The maximum depth of the Black Sea is about 2,212 meters.
Sunlight typically penetrates to about 200 meters in clear ocean water, and even less in murky water.
Given the maximum depth of the Black Sea and the penetration depth of sunlight:.
Sunlight cannot reach the deepest part of the Black Sea.
A: The Black Sea has a maximum depth of about 2,212 meters (7,257 feet).
A: The Black Sea has a maximum depth of about 2,212 meters (7,257 feet). (Score: -0.06180185824632645, Parent: 0)

The Black Sea has a maximum depth of about 2,212 meters (7,257 feet).
Sunlight penetrates water to a certain depth, but its intensity diminishes with increasing depth.
The maximum depth of the Black Sea is about 2,212 meters.
Sunlight typically penetrates to about 200 meters in clear ocean water, and even less in murky water.
Given the maximum depth of the Black Sea and the penetration depth of sunlight:.
Sunlight cannot reach the deepest part of the Black Sea.
A: The Black Sea has a maximum depth of about 2,212 meters (7,257 feet).
A: The Black Sea has a maximum depth of about 2,212 meters (7,257 feet). (Score: -0.06180185824632645, Parent: 1)

---------- FINAL ----------
step 8
The Black Sea has a maximum depth of about 2,212 meters (7,257 feet).
Sunlight penetrates water to a certain depth, but its intensity diminishes with increasing depth.
The maximum depth of the Black Sea is about 2,212 meters.
Sunlight typically penetrates to about 200 meters in clear ocean water, and even less in murky water.
Given the maximum depth of the Black Sea and the penetration depth of sunlight:.
Sunlight cannot reach the deepest part of the Black Sea.
A: The Black Sea has a maximum depth of about 2,212 meters (7,257 feet).
A: The Black Sea has a maximum depth of about 2,212 meters (7,257 feet). (Score: -0.06180185824632645)

The Black Sea has a maximum depth of about 2,212 meters (7,257 feet).
Sunlight penetrates water to a certain depth, but its intensity diminishes with increasing depth.
The maximum depth of the Black Sea is about 2,212 meters.
Sunlight typically penetrates to about 200 meters in clear ocean water, and even less in murky water.
Given the maximum depth of the Black Sea and the penetration depth of sunlight:.
Sunlight cannot reach the deepest part of the Black Sea.
A: The Black Sea has a maximum depth of about 2,212 meters (7,257 feet).
A: The Black Sea has a maximum depth of about 2,212 meters (7,257 feet). (Score: -0.06180185824632645)
tensor([[2871105430023386255, 8227425092550227549, 2265061009311306713,
         4404532015170284728, 4850674422482431770, 8070124382424392751,
         7841292870513840723, 7841292870513840723],
        [2871105430023386255, 8227425092550227549, 2265061009311306713,
         4404532015170284728, 4850674422482431770, 8070124382424392751,
         7841292870513840723, 7841292870513840723]])

====================
Q: Could Buzz Aldrin have owned a computer?


********** Step: 1 **********

Buzz Aldrin was born in 1930. (Score: 0.06037704646587372, Parent: 0)

Buzz Aldrin is an American astronaut who was part of the Apollo 11 mission in 1969. (Score: -0.06275880336761475, Parent: 0)

********** Step: 2 **********

Buzz Aldrin was born in 1930.
A: The first commercially available computers became available in the 1950s. (Score: -0.03583826124668121, Parent: 0)

Buzz Aldrin was born in 1930.
A: The first modern computers were developed in the 1940s. (Score: -0.03782561421394348, Parent: 0)

********** Step: 3 **********

Buzz Aldrin was born in 1930.
A: The first commercially available computers became available in the 1950s.
A: Buzz Aldrin was born in 1930. (Score: -0.025294320657849312, Parent: 0)

Buzz Aldrin was born in 1930.
A: The first commercially available computers became available in the 1950s.
A: Buzz Aldrin became the second person to walk on the moon in 1969. (Score: -0.03307364881038666, Parent: 0)

********** Step: 4 **********

Buzz Aldrin was born in 1930.
A: The first commercially available computers became available in the 1950s.
A: Buzz Aldrin was born in 1930.
A: Buzz Aldrin was born in 1930. (Score: -0.035448674112558365, Parent: 0)

Buzz Aldrin was born in 1930.
A: The first commercially available computers became available in the 1950s.
A: Buzz Aldrin was born in 1930.
A: Buzz Aldrin was born in 1930. (Score: -0.035448674112558365, Parent: 0)

********** Step: 5 **********

Buzz Aldrin was born in 1930.
A: The first commercially available computers became available in the 1950s.
A: Buzz Aldrin was born in 1930.
A: Buzz Aldrin was born in 1930.
A: Buzz Aldrin was born in 1930. (Score: -0.04450305551290512, Parent: 0)

Buzz Aldrin was born in 1930.
A: The first commercially available computers became available in the 1950s.
A: Buzz Aldrin was born in 1930.
A: Buzz Aldrin was born in 1930.
A: Buzz Aldrin was born in 1930. (Score: -0.04450305551290512, Parent: 1)

********** Step: 6 **********

Buzz Aldrin was born in 1930.
A: The first commercially available computers became available in the 1950s.
A: Buzz Aldrin was born in 1930.
A: Buzz Aldrin was born in 1930.
A: Buzz Aldrin was born in 1930.
A: Buzz Aldrin was born in 1930. (Score: -0.04855237901210785, Parent: 0)

Buzz Aldrin was born in 1930.
A: The first commercially available computers became available in the 1950s.
A: Buzz Aldrin was born in 1930.
A: Buzz Aldrin was born in 1930.
A: Buzz Aldrin was born in 1930.
A: Buzz Aldrin was born in 1930. (Score: -0.04855237901210785, Parent: 1)

********** Step: 7 **********

Buzz Aldrin was born in 1930.
A: The first commercially available computers became available in the 1950s.
A: Buzz Aldrin was born in 1930.
A: Buzz Aldrin was born in 1930.
A: Buzz Aldrin was born in 1930.
A: Buzz Aldrin was born in 1930.
A: Buzz Aldrin was born in 1930. (Score: -0.05667751282453537, Parent: 0)

Buzz Aldrin was born in 1930.
A: The first commercially available computers became available in the 1950s.
A: Buzz Aldrin was born in 1930.
A: Buzz Aldrin was born in 1930.
A: Buzz Aldrin was born in 1930.
A: Buzz Aldrin was born in 1930.
A: Buzz Aldrin was born in 1930. (Score: -0.05667751282453537, Parent: 1)

********** Step: 8 **********

Buzz Aldrin was born in 1930.
A: The first commercially available computers became available in the 1950s.
A: Buzz Aldrin was born in 1930.
A: Buzz Aldrin was born in 1930.
A: Buzz Aldrin was born in 1930.
A: Buzz Aldrin was born in 1930.
A: Buzz Aldrin was born in 1930.
A: Buzz Aldrin was born in 1930. (Score: -0.06188216060400009, Parent: 0)

Buzz Aldrin was born in 1930.
A: The first commercially available computers became available in the 1950s.
A: Buzz Aldrin was born in 1930.
A: Buzz Aldrin was born in 1930.
A: Buzz Aldrin was born in 1930.
A: Buzz Aldrin was born in 1930.
A: Buzz Aldrin was born in 1930.
A: Buzz Aldrin was born in 1930. (Score: -0.06188216060400009, Parent: 1)

---------- FINAL ----------
step 8
Buzz Aldrin was born in 1930.
A: The first commercially available computers became available in the 1950s.
A: Buzz Aldrin was born in 1930.
A: Buzz Aldrin was born in 1930.
A: Buzz Aldrin was born in 1930.
A: Buzz Aldrin was born in 1930.
A: Buzz Aldrin was born in 1930.
A: Buzz Aldrin was born in 1930. (Score: -0.06188216060400009)

Buzz Aldrin was born in 1930.
A: The first commercially available computers became available in the 1950s.
A: Buzz Aldrin was born in 1930.
A: Buzz Aldrin was born in 1930.
A: Buzz Aldrin was born in 1930.
A: Buzz Aldrin was born in 1930.
A: Buzz Aldrin was born in 1930.
A: Buzz Aldrin was born in 1930. (Score: -0.06188216060400009)
tensor([[7888020910087879149,  464911953121077808, -493497464076472168,
         -493497464076472168, -493497464076472168, -493497464076472168,
         -493497464076472168, -493497464076472168],
        [7888020910087879149,  464911953121077808, -493497464076472168,
         -493497464076472168, -493497464076472168, -493497464076472168,
         -493497464076472168, -493497464076472168]])

====================
Q: Would Jon Brower Minnoch break a chair before Voyager 2 launch mass?


********** Step: 1 **********

Jon Brower Minnoch was known for his extreme obesity, weighing approximately 1,400 pounds at his peak. (Score: 0.06610950827598572, Parent: 0)

Jon Brower Minnoch was known for his extreme obesity, which was a significant health issue. (Score: 0.048561856150627136, Parent: 0)

********** Step: 2 **********

Jon Brower Minnoch was known for his extreme obesity, weighing approximately 1,400 pounds at his peak.
To determine whether Jon Brower Minnoch would break a chair before the Voyager 2 launch mass, we need to consider a few factors:. (Score: 0.062147557735443115, Parent: 0)

Jon Brower Minnoch was known for his extreme obesity, which was a significant health issue.
He weighed approximately 1,400 pounds (635 kg) at his peak. (Score: -0.0131069365888834, Parent: 1)

********** Step: 3 **********

Jon Brower Minnoch was known for his extreme obesity, weighing approximately 1,400 pounds at his peak.
To determine whether Jon Brower Minnoch would break a chair before the Voyager 2 launch mass, we need to consider a few factors:.
1. The Voyager 2 launch occurred on August 20, 1977. (Score: -0.009029965847730637, Parent: 0)

Jon Brower Minnoch was known for his extreme obesity, weighing approximately 1,400 pounds at his peak.
To determine whether Jon Brower Minnoch would break a chair before the Voyager 2 launch mass, we need to consider a few factors:.
1. The Voyager 2 spacecraft was launched on August 20, 1977. (Score: -0.009984944015741348, Parent: 0)

********** Step: 4 **********

Jon Brower Minnoch was known for his extreme obesity, weighing approximately 1,400 pounds at his peak.
To determine whether Jon Brower Minnoch would break a chair before the Voyager 2 launch mass, we need to consider a few factors:.
1. The Voyager 2 spacecraft was launched on August 20, 1977.
2. Jon Brower Minnoch's peak weight was around 1,400 pounds. (Score: -0.040713950991630554, Parent: 1)

Jon Brower Minnoch was known for his extreme obesity, weighing approximately 1,400 pounds at his peak.
To determine whether Jon Brower Minnoch would break a chair before the Voyager 2 launch mass, we need to consider a few factors:.
1. The Voyager 2 launch occurred on August 20, 1977.
2. Jon Brower Minnoch's peak weight was around 1,400 pounds. (Score: -0.04239822179079056, Parent: 0)

********** Step: 5 **********

Jon Brower Minnoch was known for his extreme obesity, weighing approximately 1,400 pounds at his peak.
To determine whether Jon Brower Minnoch would break a chair before the Voyager 2 launch mass, we need to consider a few factors:.
1. The Voyager 2 launch occurred on August 20, 1977.
2. Jon Brower Minnoch's peak weight was around 1,400 pounds.
3. The average chair is designed to hold a weight significantly less than 1,400 pounds. (Score: -0.059372253715991974, Parent: 1)

Jon Brower Minnoch was known for his extreme obesity, weighing approximately 1,400 pounds at his peak.
To determine whether Jon Brower Minnoch would break a chair before the Voyager 2 launch mass, we need to consider a few factors:.
1. The Voyager 2 spacecraft was launched on August 20, 1977.
2. Jon Brower Minnoch's peak weight was around 1,400 pounds.
3. Standard chairs are designed to support a maximum weight of about 250-300 pounds. (Score: -0.06256000697612762, Parent: 0)

********** Step: 6 **********

Jon Brower Minnoch was known for his extreme obesity, weighing approximately 1,400 pounds at his peak.
To determine whether Jon Brower Minnoch would break a chair before the Voyager 2 launch mass, we need to consider a few factors:.
1. The Voyager 2 launch occurred on August 20, 1977.
2. Jon Brower Minnoch's peak weight was around 1,400 pounds.
3. The average chair is designed to hold a weight significantly less than 1,400 pounds.
To analyze whether Jon Brower Minnoch would break a chair before the Voyager 2 launch mass, let's break it down:. (Score: -0.05950319021940231, Parent: 0)

Jon Brower Minnoch was known for his extreme obesity, weighing approximately 1,400 pounds at his peak.
To determine whether Jon Brower Minnoch would break a chair before the Voyager 2 launch mass, we need to consider a few factors:.
1. The Voyager 2 launch occurred on August 20, 1977.
2. Jon Brower Minnoch's peak weight was around 1,400 pounds.
3. The average chair is designed to hold a weight significantly less than 1,400 pounds.
4. It is highly likely that a standard chair would not withstand the weight of Jon Brower Minnoch. (Score: -0.08005623519420624, Parent: 0)

********** Step: 7 **********

Jon Brower Minnoch was known for his extreme obesity, weighing approximately 1,400 pounds at his peak.
To determine whether Jon Brower Minnoch would break a chair before the Voyager 2 launch mass, we need to consider a few factors:.
1. The Voyager 2 launch occurred on August 20, 1977.
2. Jon Brower Minnoch's peak weight was around 1,400 pounds.
3. The average chair is designed to hold a weight significantly less than 1,400 pounds.
4. It is highly likely that a standard chair would not withstand the weight of Jon Brower Minnoch.
#### Yes. (Score: 0.14223697781562805, Parent: 1)

Jon Brower Minnoch was known for his extreme obesity, weighing approximately 1,400 pounds at his peak.
To determine whether Jon Brower Minnoch would break a chair before the Voyager 2 launch mass, we need to consider a few factors:.
1. The Voyager 2 launch occurred on August 20, 1977.
2. Jon Brower Minnoch's peak weight was around 1,400 pounds.
3. The average chair is designed to hold a weight significantly less than 1,400 pounds.
To analyze whether Jon Brower Minnoch would break a chair before the Voyager 2 launch mass, let's break it down:.
1. The Voyager 2 launch occurred on August 20, 1977. (Score: -0.0725712776184082, Parent: 0)

********** Step: 8 **********

Jon Brower Minnoch was known for his extreme obesity, weighing approximately 1,400 pounds at his peak.
To determine whether Jon Brower Minnoch would break a chair before the Voyager 2 launch mass, we need to consider a few factors:.
1. The Voyager 2 launch occurred on August 20, 1977.
2. Jon Brower Minnoch's peak weight was around 1,400 pounds.
3. The average chair is designed to hold a weight significantly less than 1,400 pounds.
4. It is highly likely that a standard chair would not withstand the weight of Jon Brower Minnoch.
#### Yes.
 (Score: 0.14223697781562805, Parent: 0)

Jon Brower Minnoch was known for his extreme obesity, weighing approximately 1,400 pounds at his peak.
To determine whether Jon Brower Minnoch would break a chair before the Voyager 2 launch mass, we need to consider a few factors:.
1. The Voyager 2 launch occurred on August 20, 1977.
2. Jon Brower Minnoch's peak weight was around 1,400 pounds.
3. The average chair is designed to hold a weight significantly less than 1,400 pounds.
To analyze whether Jon Brower Minnoch would break a chair before the Voyager 2 launch mass, let's break it down:.
1. The Voyager 2 launch occurred on August 20, 1977.
2. Jon Brower Minnoch's peak weight was approximately 1,400 pounds. (Score: -0.0733838826417923, Parent: 1)

---------- FINAL ----------
step 8
Jon Brower Minnoch was known for his extreme obesity, weighing approximately 1,400 pounds at his peak.
To determine whether Jon Brower Minnoch would break a chair before the Voyager 2 launch mass, we need to consider a few factors:.
1. The Voyager 2 launch occurred on August 20, 1977.
2. Jon Brower Minnoch's peak weight was around 1,400 pounds.
3. The average chair is designed to hold a weight significantly less than 1,400 pounds.
4. It is highly likely that a standard chair would not withstand the weight of Jon Brower Minnoch.
#### Yes.
 (Score: 0.14223697781562805)

Jon Brower Minnoch was known for his extreme obesity, weighing approximately 1,400 pounds at his peak.
To determine whether Jon Brower Minnoch would break a chair before the Voyager 2 launch mass, we need to consider a few factors:.
1. The Voyager 2 launch occurred on August 20, 1977.
2. Jon Brower Minnoch's peak weight was around 1,400 pounds.
3. The average chair is designed to hold a weight significantly less than 1,400 pounds.
To analyze whether Jon Brower Minnoch would break a chair before the Voyager 2 launch mass, let's break it down:.
1. The Voyager 2 launch occurred on August 20, 1977.
2. Jon Brower Minnoch's peak weight was approximately 1,400 pounds. (Score: -0.0733838826417923)
tensor([[ 6347857292610838092,  7029418351827833387, -5235435442532615238,
          -121272867909448411, -4144932383215482372, -2476494803416532031,
          3209685389633853342,                    0],
        [ 6347857292610838092,  7029418351827833387, -5235435442532615238,
          -121272867909448411, -4144932383215482372, -7694279692317739790,
         -5235435442532615238, -6996375291989672867]])

====================
Q: Did any killer Manson band members were named for exceed Charles Manson's kills?


********** Step: 1 **********

A: Charles Manson was a notorious criminal known for orchestrating several murders in 1969. (Score: -0.08028978109359741, Parent: 0)

A: Charles Manson was the leader of a cult known for committing several murders in 1969. (Score: -0.09090173244476318, Parent: 0)

********** Step: 2 **********

A: Charles Manson was the leader of a cult known for committing several murders in 1969.
To answer the question, let's break it down into smaller parts:. (Score: -0.05840514600276947, Parent: 1)

A: Charles Manson was the leader of a cult known for committing several murders in 1969.
To answer the question, we need to analyze the elements involved:. (Score: -0.08021020889282227, Parent: 1)

********** Step: 3 **********

A: Charles Manson was the leader of a cult known for committing several murders in 1969.
To answer the question, let's break it down into smaller parts:.
1. Identify who Charles Manson was and the context of his actions. (Score: -0.07553452253341675, Parent: 0)

A: Charles Manson was the leader of a cult known for committing several murders in 1969.
To answer the question, we need to analyze the elements involved:.
1. Charles Manson was the leader of a cult known for committing several murders in 1969. (Score: -0.08591600507497787, Parent: 1)

********** Step: 4 **********

A: Charles Manson was the leader of a cult known for committing several murders in 1969.
To answer the question, let's break it down into smaller parts:.
1. Identify who Charles Manson was and the context of his actions.
Charles Manson was the leader of a cult known for committing several murders in 1969. (Score: -0.08702737092971802, Parent: 0)

A: Charles Manson was the leader of a cult known for committing several murders in 1969.
To answer the question, let's break it down into smaller parts:.
1. Identify who Charles Manson was and the context of his actions.
Charles Manson was a notorious criminal who led a cult known as the Manson Family. (Score: -0.1021055355668068, Parent: 0)

********** Step: 5 **********

A: Charles Manson was the leader of a cult known for committing several murders in 1969.
To answer the question, let's break it down into smaller parts:.
1. Identify who Charles Manson was and the context of his actions.
Charles Manson was the leader of a cult known for committing several murders in 1969.
2. Determine if any band members of the "Manson Family" had names that exceeded the number of murders committed by Charles Manson. (Score: -0.12553997337818146, Parent: 0)

A: Charles Manson was the leader of a cult known for committing several murders in 1969.
To answer the question, let's break it down into smaller parts:.
1. Identify who Charles Manson was and the context of his actions.
Charles Manson was the leader of a cult known for committing several murders in 1969.
2. Determine the members of the Manson Family and their involvement in the murders. (Score: -0.12569484114646912, Parent: 0)

********** Step: 6 **********

A: Charles Manson was the leader of a cult known for committing several murders in 1969.
To answer the question, let's break it down into smaller parts:.
1. Identify who Charles Manson was and the context of his actions.
Charles Manson was the leader of a cult known for committing several murders in 1969.
2. Determine if any band members of the "Manson Family" had names that exceeded the number of murders committed by Charles Manson.
To answer the question, let's break it down into smaller parts:. (Score: -0.12236423790454865, Parent: 0)

A: Charles Manson was the leader of a cult known for committing several murders in 1969.
To answer the question, let's break it down into smaller parts:.
1. Identify who Charles Manson was and the context of his actions.
Charles Manson was the leader of a cult known for committing several murders in 1969.
2. Determine if any band members of the "Manson Family" had names that exceeded the number of murders committed by Charles Manson.
To answer the question, let's break it down into smaller parts:. (Score: -0.12236423790454865, Parent: 0)

********** Step: 7 **********

A: Charles Manson was the leader of a cult known for committing several murders in 1969.
To answer the question, let's break it down into smaller parts:.
1. Identify who Charles Manson was and the context of his actions.
Charles Manson was the leader of a cult known for committing several murders in 1969.
2. Determine if any band members of the "Manson Family" had names that exceeded the number of murders committed by Charles Manson.
To answer the question, let's break it down into smaller parts:.
A: Charles Manson was the leader of a cult known for committing several murders in 1969. (Score: -0.1299639642238617, Parent: 0)

A: Charles Manson was the leader of a cult known for committing several murders in 1969.
To answer the question, let's break it down into smaller parts:.
1. Identify who Charles Manson was and the context of his actions.
Charles Manson was the leader of a cult known for committing several murders in 1969.
2. Determine if any band members of the "Manson Family" had names that exceeded the number of murders committed by Charles Manson.
To answer the question, let's break it down into smaller parts:.
1. Charles Manson was responsible for orchestrating a series of murders in 1969, notably the Tate-LaBianca murders. (Score: -0.1311413198709488, Parent: 0)

********** Step: 8 **********

A: Charles Manson was the leader of a cult known for committing several murders in 1969.
To answer the question, let's break it down into smaller parts:.
1. Identify who Charles Manson was and the context of his actions.
Charles Manson was the leader of a cult known for committing several murders in 1969.
2. Determine if any band members of the "Manson Family" had names that exceeded the number of murders committed by Charles Manson.
To answer the question, let's break it down into smaller parts:.
A: Charles Manson was the leader of a cult known for committing several murders in 1969.
To answer the question, let's break it down into smaller parts:. (Score: -0.1271367073059082, Parent: 0)

A: Charles Manson was the leader of a cult known for committing several murders in 1969.
To answer the question, let's break it down into smaller parts:.
1. Identify who Charles Manson was and the context of his actions.
Charles Manson was the leader of a cult known for committing several murders in 1969.
2. Determine if any band members of the "Manson Family" had names that exceeded the number of murders committed by Charles Manson.
To answer the question, let's break it down into smaller parts:.
A: Charles Manson was the leader of a cult known for committing several murders in 1969.
1. Charles Manson was the leader of a cult known for committing several murders in 1969. (Score: -0.1303323209285736, Parent: 0)

---------- FINAL ----------
step 8
A: Charles Manson was the leader of a cult known for committing several murders in 1969.
To answer the question, let's break it down into smaller parts:.
1. Identify who Charles Manson was and the context of his actions.
Charles Manson was the leader of a cult known for committing several murders in 1969.
2. Determine if any band members of the "Manson Family" had names that exceeded the number of murders committed by Charles Manson.
To answer the question, let's break it down into smaller parts:.
A: Charles Manson was the leader of a cult known for committing several murders in 1969.
To answer the question, let's break it down into smaller parts:. (Score: -0.1271367073059082)

A: Charles Manson was the leader of a cult known for committing several murders in 1969.
To answer the question, let's break it down into smaller parts:.
1. Identify who Charles Manson was and the context of his actions.
Charles Manson was the leader of a cult known for committing several murders in 1969.
2. Determine if any band members of the "Manson Family" had names that exceeded the number of murders committed by Charles Manson.
To answer the question, let's break it down into smaller parts:.
A: Charles Manson was the leader of a cult known for committing several murders in 1969.
1. Charles Manson was the leader of a cult known for committing several murders in 1969. (Score: -0.1303323209285736)
tensor([[-6286405252594966990,  1370078173495182820, -4277809072140926309,
          7025639016793368802, -4193210191014372955,  1370078173495182820,
         -6286405252594966990,  1370078173495182820],
        [-6286405252594966990,  1370078173495182820, -4277809072140926309,
          7025639016793368802, -4193210191014372955,  1370078173495182820,
         -6286405252594966990,  1045941204854376807]])

====================
Q: Does Ahura Mazda have a rivalry with Zeus?


********** Step: 1 **********

Ahura Mazda is the supreme god in Zoroastrianism, which originated in ancient Persia. (Score: -0.06014884263277054, Parent: 0)

Ahura Mazda is the supreme god in Zoroastrianism, an ancient religion that originated in Persia (modern-day Iran). (Score: -0.07923239469528198, Parent: 0)

********** Step: 2 **********

Ahura Mazda is the supreme god in Zoroastrianism, which originated in ancient Persia.
Ahura Mazda represents good, light, and truth in Zoroastrianism. (Score: -0.07605811208486557, Parent: 0)

Ahura Mazda is the supreme god in Zoroastrianism, which originated in ancient Persia.
Ahura Mazda represents wisdom and is associated with truth and light. (Score: -0.09903576970100403, Parent: 0)

********** Step: 3 **********

Ahura Mazda is the supreme god in Zoroastrianism, which originated in ancient Persia.
Ahura Mazda represents good, light, and truth in Zoroastrianism.
Zeus is the king of the gods in Greek mythology, representing thunder and the sky. (Score: -0.10168308019638062, Parent: 0)

Ahura Mazda is the supreme god in Zoroastrianism, which originated in ancient Persia.
Ahura Mazda represents good, light, and truth in Zoroastrianism.
Zeus is the king of the gods in Greek mythology, representing sky and thunder. (Score: -0.10416162014007568, Parent: 0)

********** Step: 4 **********

Ahura Mazda is the supreme god in Zoroastrianism, which originated in ancient Persia.
Ahura Mazda represents good, light, and truth in Zoroastrianism.
Zeus is the king of the gods in Greek mythology, representing sky and thunder.
Ahura Mazda and Zeus come from completely different religious and cultural backgrounds—Zoroastrianism and Greek mythology, respectively. (Score: -0.11091325432062149, Parent: 1)

Ahura Mazda is the supreme god in Zoroastrianism, which originated in ancient Persia.
Ahura Mazda represents good, light, and truth in Zoroastrianism.
Zeus is the king of the gods in Greek mythology, representing sky and thunder.
A: Ahura Mazda and Zeus come from different religious traditions, Zoroastrianism and Greek mythology, respectively. (Score: -0.11459194123744965, Parent: 1)

********** Step: 5 **********

Ahura Mazda is the supreme god in Zoroastrianism, which originated in ancient Persia.
Ahura Mazda represents good, light, and truth in Zoroastrianism.
Zeus is the king of the gods in Greek mythology, representing sky and thunder.
Ahura Mazda and Zeus come from completely different religious and cultural backgrounds—Zoroastrianism and Greek mythology, respectively.
They do not have a direct rivalry as they belong to separate belief systems and mythologies. (Score: -0.1291566789150238, Parent: 0)

Ahura Mazda is the supreme god in Zoroastrianism, which originated in ancient Persia.
Ahura Mazda represents good, light, and truth in Zoroastrianism.
Zeus is the king of the gods in Greek mythology, representing sky and thunder.
Ahura Mazda and Zeus come from completely different religious and cultural backgrounds—Zoroastrianism and Greek mythology, respectively.
They are not part of the same pantheon or belief system and do not have a direct rivalry. (Score: -0.13154257833957672, Parent: 0)

********** Step: 6 **********

Ahura Mazda is the supreme god in Zoroastrianism, which originated in ancient Persia.
Ahura Mazda represents good, light, and truth in Zoroastrianism.
Zeus is the king of the gods in Greek mythology, representing sky and thunder.
Ahura Mazda and Zeus come from completely different religious and cultural backgrounds—Zoroastrianism and Greek mythology, respectively.
They do not have a direct rivalry as they belong to separate belief systems and mythologies.
#### No. (Score: 0.07552915811538696, Parent: 0)

Ahura Mazda is the supreme god in Zoroastrianism, which originated in ancient Persia.
Ahura Mazda represents good, light, and truth in Zoroastrianism.
Zeus is the king of the gods in Greek mythology, representing sky and thunder.
Ahura Mazda and Zeus come from completely different religious and cultural backgrounds—Zoroastrianism and Greek mythology, respectively.
They are not part of the same pantheon or belief system and do not have a direct rivalry.
#### No. (Score: 0.06970344483852386, Parent: 1)

********** Step: 7 **********

Ahura Mazda is the supreme god in Zoroastrianism, which originated in ancient Persia.
Ahura Mazda represents good, light, and truth in Zoroastrianism.
Zeus is the king of the gods in Greek mythology, representing sky and thunder.
Ahura Mazda and Zeus come from completely different religious and cultural backgrounds—Zoroastrianism and Greek mythology, respectively.
They do not have a direct rivalry as they belong to separate belief systems and mythologies.
#### No.
 (Score: 0.07552915811538696, Parent: 0)

Ahura Mazda is the supreme god in Zoroastrianism, which originated in ancient Persia.
Ahura Mazda represents good, light, and truth in Zoroastrianism.
Zeus is the king of the gods in Greek mythology, representing sky and thunder.
Ahura Mazda and Zeus come from completely different religious and cultural backgrounds—Zoroastrianism and Greek mythology, respectively.
They are not part of the same pantheon or belief system and do not have a direct rivalry.
#### No.
 (Score: 0.06970344483852386, Parent: 1)

---------- FINAL ----------
step 7
Ahura Mazda is the supreme god in Zoroastrianism, which originated in ancient Persia.
Ahura Mazda represents good, light, and truth in Zoroastrianism.
Zeus is the king of the gods in Greek mythology, representing sky and thunder.
Ahura Mazda and Zeus come from completely different religious and cultural backgrounds—Zoroastrianism and Greek mythology, respectively.
They do not have a direct rivalry as they belong to separate belief systems and mythologies.
#### No.
 (Score: 0.07552915811538696)

Ahura Mazda is the supreme god in Zoroastrianism, which originated in ancient Persia.
Ahura Mazda represents good, light, and truth in Zoroastrianism.
Zeus is the king of the gods in Greek mythology, representing sky and thunder.
Ahura Mazda and Zeus come from completely different religious and cultural backgrounds—Zoroastrianism and Greek mythology, respectively.
They are not part of the same pantheon or belief system and do not have a direct rivalry.
#### No.
 (Score: 0.06970344483852386)
tensor([[ 3732534319478768585,  5579036949683341946,  7841388408008740010,
         -2990688016043733351, -2208864703396545485, -5322498821065855045,
                            0,                   -1],
        [ 3732534319478768585,  5579036949683341946,  7841388408008740010,
         -2990688016043733351,  1267544408783278934, -5322498821065855045,
                            0,                   -1]])

====================
Q: Is the Holy Land important to Eastern religions?


********** Step: 1 **********

The Holy Land is a region that includes parts of modern-day Israel, Palestine, and Jordan. (Score: -0.054295238107442856, Parent: 0)

The Holy Land, often referred to as the land of Israel/Palestine, holds significant religious importance for Judaism, Christianity, and Islam. (Score: -0.056626275181770325, Parent: 0)

********** Step: 2 **********

The Holy Land, often referred to as the land of Israel/Palestine, holds significant religious importance for Judaism, Christianity, and Islam.
Judaism considers the Holy Land as the Promised Land given to the descendants of Abraham. (Score: -0.0618775337934494, Parent: 1)

The Holy Land, often referred to as the land of Israel/Palestine, holds significant religious importance for Judaism, Christianity, and Islam.
Judaism considers the Holy Land as the Promised Land given to the descendants of Abraham, Isaac, and Jacob. (Score: -0.06997404992580414, Parent: 1)

********** Step: 3 **********

The Holy Land, often referred to as the land of Israel/Palestine, holds significant religious importance for Judaism, Christianity, and Islam.
Judaism considers the Holy Land as the Promised Land given to the descendants of Abraham.
A: Christianity regards the Holy Land as the birthplace of Jesus and the site of key events in the New Testament. (Score: -0.09556622803211212, Parent: 0)

The Holy Land, often referred to as the land of Israel/Palestine, holds significant religious importance for Judaism, Christianity, and Islam.
Judaism considers the Holy Land as the Promised Land given to the descendants of Abraham, Isaac, and Jacob.
Christianity regards the Holy Land as the birthplace of Jesus Christ and the site of numerous key events in the life of Jesus. (Score: -0.10603258013725281, Parent: 1)

********** Step: 4 **********

The Holy Land, often referred to as the land of Israel/Palestine, holds significant religious importance for Judaism, Christianity, and Islam.
Judaism considers the Holy Land as the Promised Land given to the descendants of Abraham.
A: Christianity regards the Holy Land as the birthplace of Jesus and the site of key events in the New Testament.
A: Islam also holds the Holy Land in high regard, particularly Jerusalem, which is home to the Al-Aqsa Mosque, the third holiest site in Islam. (Score: -0.11691927909851074, Parent: 0)

The Holy Land, often referred to as the land of Israel/Palestine, holds significant religious importance for Judaism, Christianity, and Islam.
Judaism considers the Holy Land as the Promised Land given to the descendants of Abraham.
A: Christianity regards the Holy Land as the birthplace of Jesus and the site of key events in the New Testament.
A: Islam also considers the Holy Land important, as it is home to significant religious sites such as Al-Aqsa Mosque in Jerusalem. (Score: -0.11938676238059998, Parent: 0)

********** Step: 5 **********

The Holy Land, often referred to as the land of Israel/Palestine, holds significant religious importance for Judaism, Christianity, and Islam.
Judaism considers the Holy Land as the Promised Land given to the descendants of Abraham.
A: Christianity regards the Holy Land as the birthplace of Jesus and the site of key events in the New Testament.
A: Islam also holds the Holy Land in high regard, particularly Jerusalem, which is home to the Al-Aqsa Mosque, the third holiest site in Islam.
The Holy Land is crucial to these three major Eastern religions. (Score: -0.11915411055088043, Parent: 0)

The Holy Land, often referred to as the land of Israel/Palestine, holds significant religious importance for Judaism, Christianity, and Islam.
Judaism considers the Holy Land as the Promised Land given to the descendants of Abraham.
A: Christianity regards the Holy Land as the birthplace of Jesus and the site of key events in the New Testament.
A: Islam also considers the Holy Land important, as it is home to significant religious sites such as Al-Aqsa Mosque in Jerusalem.
A: All three major Eastern religions—Judaism, Christianity, and Islam—attribute great significance to the Holy Land. (Score: -0.12085980176925659, Parent: 1)

********** Step: 6 **********

The Holy Land, often referred to as the land of Israel/Palestine, holds significant religious importance for Judaism, Christianity, and Islam.
Judaism considers the Holy Land as the Promised Land given to the descendants of Abraham.
A: Christianity regards the Holy Land as the birthplace of Jesus and the site of key events in the New Testament.
A: Islam also holds the Holy Land in high regard, particularly Jerusalem, which is home to the Al-Aqsa Mosque, the third holiest site in Islam.
The Holy Land is crucial to these three major Eastern religions.
#### Yes. (Score: 0.12360747903585434, Parent: 0)

The Holy Land, often referred to as the land of Israel/Palestine, holds significant religious importance for Judaism, Christianity, and Islam.
Judaism considers the Holy Land as the Promised Land given to the descendants of Abraham.
A: Christianity regards the Holy Land as the birthplace of Jesus and the site of key events in the New Testament.
A: Islam also holds the Holy Land in high regard, particularly Jerusalem, which is home to the Al-Aqsa Mosque, the third holiest site in Islam.
The Holy Land is crucial to these three major Eastern religions.
#### Yes. (Score: 0.12360747903585434, Parent: 0)

********** Step: 7 **********

The Holy Land, often referred to as the land of Israel/Palestine, holds significant religious importance for Judaism, Christianity, and Islam.
Judaism considers the Holy Land as the Promised Land given to the descendants of Abraham.
A: Christianity regards the Holy Land as the birthplace of Jesus and the site of key events in the New Testament.
A: Islam also holds the Holy Land in high regard, particularly Jerusalem, which is home to the Al-Aqsa Mosque, the third holiest site in Islam.
The Holy Land is crucial to these three major Eastern religions.
#### Yes.
 (Score: 0.12360747903585434, Parent: 0)

The Holy Land, often referred to as the land of Israel/Palestine, holds significant religious importance for Judaism, Christianity, and Islam.
Judaism considers the Holy Land as the Promised Land given to the descendants of Abraham.
A: Christianity regards the Holy Land as the birthplace of Jesus and the site of key events in the New Testament.
A: Islam also holds the Holy Land in high regard, particularly Jerusalem, which is home to the Al-Aqsa Mosque, the third holiest site in Islam.
The Holy Land is crucial to these three major Eastern religions.
#### Yes.
 (Score: 0.12360747903585434, Parent: 1)

---------- FINAL ----------
step 7
The Holy Land, often referred to as the land of Israel/Palestine, holds significant religious importance for Judaism, Christianity, and Islam.
Judaism considers the Holy Land as the Promised Land given to the descendants of Abraham.
A: Christianity regards the Holy Land as the birthplace of Jesus and the site of key events in the New Testament.
A: Islam also holds the Holy Land in high regard, particularly Jerusalem, which is home to the Al-Aqsa Mosque, the third holiest site in Islam.
The Holy Land is crucial to these three major Eastern religions.
#### Yes.
 (Score: 0.12360747903585434)

The Holy Land, often referred to as the land of Israel/Palestine, holds significant religious importance for Judaism, Christianity, and Islam.
Judaism considers the Holy Land as the Promised Land given to the descendants of Abraham.
A: Christianity regards the Holy Land as the birthplace of Jesus and the site of key events in the New Testament.
A: Islam also holds the Holy Land in high regard, particularly Jerusalem, which is home to the Al-Aqsa Mosque, the third holiest site in Islam.
The Holy Land is crucial to these three major Eastern religions.
#### Yes.
 (Score: 0.12360747903585434)
tensor([[  493725166403709603,  3634954066465495730, -5784279535591060496,
         -3110511173981841027,  5453887455903468488,  3209685389633853342,
                            0,                   -1],
        [  493725166403709603,  3634954066465495730, -5784279535591060496,
         -3110511173981841027,  5453887455903468488,  3209685389633853342,
                            0,                   -1]])

====================
Q: Does taking ukemi halt kinetic energy?


********** Step: 1 **********

Taking ukemi is a technique used in martial arts to safely fall and roll after being thrown. (Score: 0.09354741126298904, Parent: 0)

Ukemi is a term used in martial arts to describe the technique of falling or rolling safely to minimize injury. (Score: -0.005015163216739893, Parent: 0)

********** Step: 2 **********

Taking ukemi is a technique used in martial arts to safely fall and roll after being thrown.
Taking ukemi helps to dissipate energy during a fall, preventing injury. (Score: -0.01186011265963316, Parent: 0)

Taking ukemi is a technique used in martial arts to safely fall and roll after being thrown.
Taking ukemi helps dissipate the energy from a fall, allowing the practitioner to land safely. (Score: -0.018211867660284042, Parent: 0)

********** Step: 3 **********

Taking ukemi is a technique used in martial arts to safely fall and roll after being thrown.
Taking ukemi helps dissipate the energy from a fall, allowing the practitioner to land safely.
Kinetic energy is the energy of an object in motion. (Score: -0.044520266354084015, Parent: 1)

Taking ukemi is a technique used in martial arts to safely fall and roll after being thrown.
Taking ukemi helps dissipate the energy from a fall, allowing the practitioner to land safely.
Kinetic energy is the energy an object possesses due to its motion. (Score: -0.05922172591090202, Parent: 1)

********** Step: 4 **********

Taking ukemi is a technique used in martial arts to safely fall and roll after being thrown.
Taking ukemi helps dissipate the energy from a fall, allowing the practitioner to land safely.
Kinetic energy is the energy of an object in motion.
Taking ukemi does not halt kinetic energy; instead, it helps to manage and dissipate that energy safely during a fall. (Score: -0.09168989956378937, Parent: 0)

Taking ukemi is a technique used in martial arts to safely fall and roll after being thrown.
Taking ukemi helps dissipate the energy from a fall, allowing the practitioner to land safely.
Kinetic energy is the energy of an object in motion.
Taking ukemi does not stop the kinetic energy; instead, it helps to manage and dissipate it during a fall. (Score: -0.09185610711574554, Parent: 0)

********** Step: 5 **********

Taking ukemi is a technique used in martial arts to safely fall and roll after being thrown.
Taking ukemi helps dissipate the energy from a fall, allowing the practitioner to land safely.
Kinetic energy is the energy of an object in motion.
Taking ukemi does not stop the kinetic energy; instead, it helps to manage and dissipate it during a fall.
#### No. (Score: 0.17269054055213928, Parent: 1)

Taking ukemi is a technique used in martial arts to safely fall and roll after being thrown.
Taking ukemi helps dissipate the energy from a fall, allowing the practitioner to land safely.
Kinetic energy is the energy of an object in motion.
Taking ukemi does not halt kinetic energy; instead, it helps to manage and dissipate that energy safely during a fall.
#### No. (Score: 0.17139503359794617, Parent: 0)

********** Step: 6 **********

Taking ukemi is a technique used in martial arts to safely fall and roll after being thrown.
Taking ukemi helps dissipate the energy from a fall, allowing the practitioner to land safely.
Kinetic energy is the energy of an object in motion.
Taking ukemi does not stop the kinetic energy; instead, it helps to manage and dissipate it during a fall.
#### No.
 (Score: 0.17269054055213928, Parent: 0)

Taking ukemi is a technique used in martial arts to safely fall and roll after being thrown.
Taking ukemi helps dissipate the energy from a fall, allowing the practitioner to land safely.
Kinetic energy is the energy of an object in motion.
Taking ukemi does not halt kinetic energy; instead, it helps to manage and dissipate that energy safely during a fall.
#### No.
 (Score: 0.17139503359794617, Parent: 1)

---------- FINAL ----------
step 6
Taking ukemi is a technique used in martial arts to safely fall and roll after being thrown.
Taking ukemi helps dissipate the energy from a fall, allowing the practitioner to land safely.
Kinetic energy is the energy of an object in motion.
Taking ukemi does not stop the kinetic energy; instead, it helps to manage and dissipate it during a fall.
#### No.
 (Score: 0.17269054055213928)

Taking ukemi is a technique used in martial arts to safely fall and roll after being thrown.
Taking ukemi helps dissipate the energy from a fall, allowing the practitioner to land safely.
Kinetic energy is the energy of an object in motion.
Taking ukemi does not halt kinetic energy; instead, it helps to manage and dissipate that energy safely during a fall.
#### No.
 (Score: 0.17139503359794617)
tensor([[ 8795968019375163738, -9066864258162707365,  6689123387951357820,
         -8987200134145146647, -5322498821065855045,                    0,
                           -1,                   -1],
        [ 8795968019375163738, -9066864258162707365,  6689123387951357820,
         -5636207321011434773, -5322498821065855045,                    0,
                           -1,                   -1]])

====================
Q: Did Jeremy Irons master sweep picking as a child?


********** Step: 1 **********

Jeremy Irons is a well-known English actor, not a musician. (Score: -0.032941825687885284, Parent: 0)

Jeremy Irons is a British actor known for his roles in film and television. (Score: -0.060202814638614655, Parent: 0)

********** Step: 2 **********

Jeremy Irons is a British actor known for his roles in film and television.
Jeremy Irons was born in 1948. (Score: -0.10750390589237213, Parent: 1)

Jeremy Irons is a well-known English actor, not a musician.
He is not primarily known for playing guitar or mastering guitar techniques like sweep picking. (Score: -0.11849755048751831, Parent: 0)

********** Step: 3 **********

Jeremy Irons is a British actor known for his roles in film and television.
Jeremy Irons was born in 1948.
He began acting at a young age and trained at the Bristol Old Vic Theatre School. (Score: -0.10835717618465424, Parent: 0)

Jeremy Irons is a well-known English actor, not a musician.
He is not primarily known for playing guitar or mastering guitar techniques like sweep picking.
Jeremy Irons did not have a background in music during his childhood. (Score: -0.13855743408203125, Parent: 1)

********** Step: 4 **********

Jeremy Irons is a well-known English actor, not a musician.
He is not primarily known for playing guitar or mastering guitar techniques like sweep picking.
Jeremy Irons did not have a background in music during his childhood.
#### No. (Score: 0.13174456357955933, Parent: 1)

Jeremy Irons is a British actor known for his roles in film and television.
Jeremy Irons was born in 1948.
He began acting at a young age and trained at the Bristol Old Vic Theatre School.
There is no public information suggesting that Jeremy Irons mastered sweep picking, which is a guitar technique. (Score: -0.13883599638938904, Parent: 0)

********** Step: 5 **********

Jeremy Irons is a well-known English actor, not a musician.
He is not primarily known for playing guitar or mastering guitar techniques like sweep picking.
Jeremy Irons did not have a background in music during his childhood.
#### No.
 (Score: 0.13174456357955933, Parent: 0)

Jeremy Irons is a British actor known for his roles in film and television.
Jeremy Irons was born in 1948.
He began acting at a young age and trained at the Bristol Old Vic Theatre School.
There is no public information suggesting that Jeremy Irons mastered sweep picking, which is a guitar technique.
#### No. (Score: 0.09250523895025253, Parent: 1)

********** Step: 6 **********

Jeremy Irons is a well-known English actor, not a musician.
He is not primarily known for playing guitar or mastering guitar techniques like sweep picking.
Jeremy Irons did not have a background in music during his childhood.
#### No.

 (Score: 0.13174456357955933, Parent: 0)

Jeremy Irons is a British actor known for his roles in film and television.
Jeremy Irons was born in 1948.
He began acting at a young age and trained at the Bristol Old Vic Theatre School.
There is no public information suggesting that Jeremy Irons mastered sweep picking, which is a guitar technique.
#### No.
 (Score: 0.09250523895025253, Parent: 1)

---------- FINAL ----------
step 6
Jeremy Irons is a well-known English actor, not a musician.
He is not primarily known for playing guitar or mastering guitar techniques like sweep picking.
Jeremy Irons did not have a background in music during his childhood.
#### No.

 (Score: 0.13174456357955933)

Jeremy Irons is a British actor known for his roles in film and television.
Jeremy Irons was born in 1948.
He began acting at a young age and trained at the Bristol Old Vic Theatre School.
There is no public information suggesting that Jeremy Irons mastered sweep picking, which is a guitar technique.
#### No.
 (Score: 0.09250523895025253)
tensor([[-1991677708634463921, -2962907870079300360, -5814920716859853957,
         -5322498821065855045,                    0,                    0,
                           -1,                   -1],
        [ 6193185840259613847,  1769566568107492840, -7896660796891212523,
         -7736912614561009704, -5322498821065855045,                    0,
                           -1,                   -1]])

====================
Q: Is dopamine snorted nasally by drug users?


********** Step: 1 **********

Dopamine is a neurotransmitter in the brain that plays a role in pleasure and reward. (Score: 0.042151112109422684, Parent: 0)

Dopamine is a neurotransmitter that plays a key role in pleasure and reward in the brain. (Score: 0.014216260053217411, Parent: 0)

********** Step: 2 **********

Dopamine is a neurotransmitter in the brain that plays a role in pleasure and reward.
A: Dopamine itself is not typically consumed as a recreational drug. (Score: -0.013588777743279934, Parent: 0)

Dopamine is a neurotransmitter in the brain that plays a role in pleasure and reward.
Dopamine is not typically consumed as a recreational drug. (Score: -0.03778001666069031, Parent: 0)

********** Step: 3 **********

Dopamine is a neurotransmitter in the brain that plays a role in pleasure and reward.
Dopamine is not typically consumed as a recreational drug.
Some users may take drugs that increase dopamine levels rather than ingesting dopamine directly. (Score: -0.08671614527702332, Parent: 1)

Dopamine is a neurotransmitter in the brain that plays a role in pleasure and reward.
A: Dopamine itself is not typically consumed as a recreational drug.
A: Some drugs that affect dopamine levels can be snorted nasally, such as cocaine. (Score: -0.0892777144908905, Parent: 0)

********** Step: 4 **********

Dopamine is a neurotransmitter in the brain that plays a role in pleasure and reward.
Dopamine is not typically consumed as a recreational drug.
Some users may take drugs that increase dopamine levels rather than ingesting dopamine directly.
A: Dopamine is a neurotransmitter in the brain that plays a role in pleasure and reward. (Score: -0.08674722164869308, Parent: 0)

Dopamine is a neurotransmitter in the brain that plays a role in pleasure and reward.
Dopamine is not typically consumed as a recreational drug.
Some users may take drugs that increase dopamine levels rather than ingesting dopamine directly.
Dopamine is a neurotransmitter in the brain that plays a role in pleasure and reward. (Score: -0.09296354651451111, Parent: 0)

********** Step: 5 **********

Dopamine is a neurotransmitter in the brain that plays a role in pleasure and reward.
Dopamine is not typically consumed as a recreational drug.
Some users may take drugs that increase dopamine levels rather than ingesting dopamine directly.
A: Dopamine is a neurotransmitter in the brain that plays a role in pleasure and reward.
Dopamine is a neurotransmitter in the brain that plays a role in pleasure and reward. (Score: -0.09748214483261108, Parent: 0)

Dopamine is a neurotransmitter in the brain that plays a role in pleasure and reward.
Dopamine is not typically consumed as a recreational drug.
Some users may take drugs that increase dopamine levels rather than ingesting dopamine directly.
A: Dopamine is a neurotransmitter in the brain that plays a role in pleasure and reward.
A: Dopamine is a neurotransmitter in the brain that plays a role in pleasure and reward. (Score: -0.09806018322706223, Parent: 0)

********** Step: 6 **********

Dopamine is a neurotransmitter in the brain that plays a role in pleasure and reward.
Dopamine is not typically consumed as a recreational drug.
Some users may take drugs that increase dopamine levels rather than ingesting dopamine directly.
A: Dopamine is a neurotransmitter in the brain that plays a role in pleasure and reward.
A: Dopamine is a neurotransmitter in the brain that plays a role in pleasure and reward.
A: Dopamine is a neurotransmitter in the brain that plays a role in pleasure and reward. (Score: -0.10553646087646484, Parent: 1)

Dopamine is a neurotransmitter in the brain that plays a role in pleasure and reward.
Dopamine is not typically consumed as a recreational drug.
Some users may take drugs that increase dopamine levels rather than ingesting dopamine directly.
A: Dopamine is a neurotransmitter in the brain that plays a role in pleasure and reward.
A: Dopamine is a neurotransmitter in the brain that plays a role in pleasure and reward.
Dopamine is a neurotransmitter in the brain that plays a role in pleasure and reward. (Score: -0.10754796117544174, Parent: 1)

********** Step: 7 **********

Dopamine is a neurotransmitter in the brain that plays a role in pleasure and reward.
Dopamine is not typically consumed as a recreational drug.
Some users may take drugs that increase dopamine levels rather than ingesting dopamine directly.
A: Dopamine is a neurotransmitter in the brain that plays a role in pleasure and reward.
A: Dopamine is a neurotransmitter in the brain that plays a role in pleasure and reward.
A: Dopamine is a neurotransmitter in the brain that plays a role in pleasure and reward.
A: Dopamine is a neurotransmitter in the brain that plays a role in pleasure and reward. (Score: -0.11172674596309662, Parent: 0)

Dopamine is a neurotransmitter in the brain that plays a role in pleasure and reward.
Dopamine is not typically consumed as a recreational drug.
Some users may take drugs that increase dopamine levels rather than ingesting dopamine directly.
A: Dopamine is a neurotransmitter in the brain that plays a role in pleasure and reward.
A: Dopamine is a neurotransmitter in the brain that plays a role in pleasure and reward.
A: Dopamine is a neurotransmitter in the brain that plays a role in pleasure and reward.
A: Dopamine is a neurotransmitter in the brain that plays a role in pleasure and reward. (Score: -0.11172674596309662, Parent: 0)

********** Step: 8 **********

Dopamine is a neurotransmitter in the brain that plays a role in pleasure and reward.
Dopamine is not typically consumed as a recreational drug.
Some users may take drugs that increase dopamine levels rather than ingesting dopamine directly.
A: Dopamine is a neurotransmitter in the brain that plays a role in pleasure and reward.
A: Dopamine is a neurotransmitter in the brain that plays a role in pleasure and reward.
A: Dopamine is a neurotransmitter in the brain that plays a role in pleasure and reward.
A: Dopamine is a neurotransmitter in the brain that plays a role in pleasure and reward.
A: Dopamine is a neurotransmitter in the brain that plays a role in pleasure and reward. (Score: -0.1151193231344223, Parent: 0)

Dopamine is a neurotransmitter in the brain that plays a role in pleasure and reward.
Dopamine is not typically consumed as a recreational drug.
Some users may take drugs that increase dopamine levels rather than ingesting dopamine directly.
A: Dopamine is a neurotransmitter in the brain that plays a role in pleasure and reward.
A: Dopamine is a neurotransmitter in the brain that plays a role in pleasure and reward.
A: Dopamine is a neurotransmitter in the brain that plays a role in pleasure and reward.
A: Dopamine is a neurotransmitter in the brain that plays a role in pleasure and reward.
A: Dopamine is a neurotransmitter in the brain that plays a role in pleasure and reward. (Score: -0.1151193231344223, Parent: 1)

---------- FINAL ----------
step 8
Dopamine is a neurotransmitter in the brain that plays a role in pleasure and reward.
Dopamine is not typically consumed as a recreational drug.
Some users may take drugs that increase dopamine levels rather than ingesting dopamine directly.
A: Dopamine is a neurotransmitter in the brain that plays a role in pleasure and reward.
A: Dopamine is a neurotransmitter in the brain that plays a role in pleasure and reward.
A: Dopamine is a neurotransmitter in the brain that plays a role in pleasure and reward.
A: Dopamine is a neurotransmitter in the brain that plays a role in pleasure and reward.
A: Dopamine is a neurotransmitter in the brain that plays a role in pleasure and reward. (Score: -0.1151193231344223)

Dopamine is a neurotransmitter in the brain that plays a role in pleasure and reward.
Dopamine is not typically consumed as a recreational drug.
Some users may take drugs that increase dopamine levels rather than ingesting dopamine directly.
A: Dopamine is a neurotransmitter in the brain that plays a role in pleasure and reward.
A: Dopamine is a neurotransmitter in the brain that plays a role in pleasure and reward.
A: Dopamine is a neurotransmitter in the brain that plays a role in pleasure and reward.
A: Dopamine is a neurotransmitter in the brain that plays a role in pleasure and reward.
A: Dopamine is a neurotransmitter in the brain that plays a role in pleasure and reward. (Score: -0.1151193231344223)
tensor([[-1027508007953516580, -4228481479912118435, -3010558924338830425,
          1131491198992901030,  1131491198992901030,  1131491198992901030,
          1131491198992901030,  1131491198992901030],
        [-1027508007953516580, -4228481479912118435, -3010558924338830425,
          1131491198992901030,  1131491198992901030,  1131491198992901030,
          1131491198992901030,  1131491198992901030]])

====================
Q: Can a sea turtle play tennis using a tennis racket?


********** Step: 1 **********

A: Sea turtles are aquatic reptiles that live in the ocean. (Score: 0.05355404317378998, Parent: 0)

A: Sea turtles are marine reptiles that primarily live in the ocean. (Score: 0.005265180952847004, Parent: 0)

********** Step: 2 **********

A: Sea turtles are aquatic reptiles that live in the ocean.
Sea turtles do not have the physical ability to hold or use a tennis racket. (Score: -0.008788762614130974, Parent: 0)

A: Sea turtles are marine reptiles that primarily live in the ocean.
Sea turtles do not have the physical capability to play tennis. (Score: -0.021894991397857666, Parent: 1)

********** Step: 3 **********

A: Sea turtles are marine reptiles that primarily live in the ocean.
Sea turtles do not have the physical capability to play tennis.
They do not have hands or the ability to hold objects like a racket. (Score: -0.04903901740908623, Parent: 1)

A: Sea turtles are aquatic reptiles that live in the ocean.
Sea turtles do not have the physical ability to hold or use a tennis racket.
They lack hands and the necessary motor skills to play tennis. (Score: -0.05180688202381134, Parent: 0)

********** Step: 4 **********

A: Sea turtles are aquatic reptiles that live in the ocean.
Sea turtles do not have the physical ability to hold or use a tennis racket.
They lack hands and the necessary motor skills to play tennis.
#### No. (Score: 0.2629217505455017, Parent: 1)

A: Sea turtles are aquatic reptiles that live in the ocean.
Sea turtles do not have the physical ability to hold or use a tennis racket.
They lack hands and the necessary motor skills to play tennis.
#### No. (Score: 0.2629217505455017, Parent: 1)

********** Step: 5 **********

A: Sea turtles are aquatic reptiles that live in the ocean.
Sea turtles do not have the physical ability to hold or use a tennis racket.
They lack hands and the necessary motor skills to play tennis.
#### No.
 (Score: 0.2629217505455017, Parent: 0)

A: Sea turtles are aquatic reptiles that live in the ocean.
Sea turtles do not have the physical ability to hold or use a tennis racket.
They lack hands and the necessary motor skills to play tennis.
#### No.
 (Score: 0.2629217505455017, Parent: 1)

---------- FINAL ----------
step 5
A: Sea turtles are aquatic reptiles that live in the ocean.
Sea turtles do not have the physical ability to hold or use a tennis racket.
They lack hands and the necessary motor skills to play tennis.
#### No.
 (Score: 0.2629217505455017)

A: Sea turtles are aquatic reptiles that live in the ocean.
Sea turtles do not have the physical ability to hold or use a tennis racket.
They lack hands and the necessary motor skills to play tennis.
#### No.
 (Score: 0.2629217505455017)
tensor([[-8828813448499319463, -3819983737653297223, -3722634929976201725,
         -5322498821065855045,                    0,                   -1,
                           -1,                   -1],
        [-8828813448499319463, -3819983737653297223, -3722634929976201725,
         -5322498821065855045,                    0,                   -1,
                           -1,                   -1]])

====================
Q: Were paparazzi involved in the death of a member of the royal family?


********** Step: 1 **********

A: Paparazzi are photographers who take candid pictures of celebrities and public figures. (Score: 0.05245678871870041, Parent: 0)

A: Paparazzi are photographers who take candid pictures of celebrities, often pursuing them aggressively. (Score: -0.008933009579777718, Parent: 0)

********** Step: 2 **********

A: Paparazzi are photographers who take candid pictures of celebrities and public figures.
The most notable instance of paparazzi involvement in the death of a royal family member is the death of Princess Diana. (Score: -0.023025181144475937, Parent: 0)

A: Paparazzi are photographers who take candid pictures of celebrities and public figures.
Paparazzi have been known to follow and photograph members of the royal family. (Score: -0.042925044894218445, Parent: 0)

********** Step: 3 **********

A: Paparazzi are photographers who take candid pictures of celebrities and public figures.
The most notable instance of paparazzi involvement in the death of a royal family member is the death of Princess Diana.
Princess Diana died in a car crash in 1997 in Paris. (Score: -0.06573526561260223, Parent: 0)

A: Paparazzi are photographers who take candid pictures of celebrities and public figures.
The most notable instance of paparazzi involvement in the death of a royal family member is the death of Princess Diana.
Princess Diana was involved in a car crash in 1997 in Paris. (Score: -0.06978309899568558, Parent: 0)

********** Step: 4 **********

A: Paparazzi are photographers who take candid pictures of celebrities and public figures.
The most notable instance of paparazzi involvement in the death of a royal family member is the death of Princess Diana.
Princess Diana died in a car crash in 1997 in Paris.
The crash involved high-speed driving while trying to evade paparazzi. (Score: -0.09347783029079437, Parent: 0)

A: Paparazzi are photographers who take candid pictures of celebrities and public figures.
The most notable instance of paparazzi involvement in the death of a royal family member is the death of Princess Diana.
Princess Diana died in a car crash in 1997 in Paris.
The crash occurred while her car was being pursued by paparazzi. (Score: -0.10130831599235535, Parent: 0)

********** Step: 5 **********

A: Paparazzi are photographers who take candid pictures of celebrities and public figures.
The most notable instance of paparazzi involvement in the death of a royal family member is the death of Princess Diana.
Princess Diana died in a car crash in 1997 in Paris.
The crash involved high-speed driving while trying to evade paparazzi.
A: Paparazzi are known for pursuing celebrities to capture candid images. (Score: -0.1053338348865509, Parent: 0)

A: Paparazzi are photographers who take candid pictures of celebrities and public figures.
The most notable instance of paparazzi involvement in the death of a royal family member is the death of Princess Diana.
Princess Diana died in a car crash in 1997 in Paris.
The crash occurred while her car was being pursued by paparazzi.
A: The involvement of paparazzi in the circumstances leading to Princess Diana's death has been widely reported and discussed. (Score: -0.12471521645784378, Parent: 1)

********** Step: 6 **********

A: Paparazzi are photographers who take candid pictures of celebrities and public figures.
The most notable instance of paparazzi involvement in the death of a royal family member is the death of Princess Diana.
Princess Diana died in a car crash in 1997 in Paris.
The crash involved high-speed driving while trying to evade paparazzi.
A: Paparazzi are known for pursuing celebrities to capture candid images.
A: The most notable instance of paparazzi involvement in the death of a royal family member is the death of Princess Diana. (Score: -0.11293622851371765, Parent: 0)

A: Paparazzi are photographers who take candid pictures of celebrities and public figures.
The most notable instance of paparazzi involvement in the death of a royal family member is the death of Princess Diana.
Princess Diana died in a car crash in 1997 in Paris.
The crash involved high-speed driving while trying to evade paparazzi.
A: Paparazzi are known for pursuing celebrities to capture candid images.
A: The involvement of paparazzi in Princess Diana's death has been widely reported. (Score: -0.1254739910364151, Parent: 0)

********** Step: 7 **********

A: Paparazzi are photographers who take candid pictures of celebrities and public figures.
The most notable instance of paparazzi involvement in the death of a royal family member is the death of Princess Diana.
Princess Diana died in a car crash in 1997 in Paris.
The crash involved high-speed driving while trying to evade paparazzi.
A: Paparazzi are known for pursuing celebrities to capture candid images.
A: The involvement of paparazzi in Princess Diana's death has been widely reported.
#### Yes. (Score: 0.13613681495189667, Parent: 1)

A: Paparazzi are photographers who take candid pictures of celebrities and public figures.
The most notable instance of paparazzi involvement in the death of a royal family member is the death of Princess Diana.
Princess Diana died in a car crash in 1997 in Paris.
The crash involved high-speed driving while trying to evade paparazzi.
A: Paparazzi are known for pursuing celebrities to capture candid images.
A: The most notable instance of paparazzi involvement in the death of a royal family member is the death of Princess Diana.
A: Princess Diana died in a car crash in 1997 in Paris. (Score: -0.11300213634967804, Parent: 0)

********** Step: 8 **********

A: Paparazzi are photographers who take candid pictures of celebrities and public figures.
The most notable instance of paparazzi involvement in the death of a royal family member is the death of Princess Diana.
Princess Diana died in a car crash in 1997 in Paris.
The crash involved high-speed driving while trying to evade paparazzi.
A: Paparazzi are known for pursuing celebrities to capture candid images.
A: The involvement of paparazzi in Princess Diana's death has been widely reported.
#### Yes.
 (Score: 0.13613681495189667, Parent: 0)

A: Paparazzi are photographers who take candid pictures of celebrities and public figures.
The most notable instance of paparazzi involvement in the death of a royal family member is the death of Princess Diana.
Princess Diana died in a car crash in 1997 in Paris.
The crash involved high-speed driving while trying to evade paparazzi.
A: Paparazzi are known for pursuing celebrities to capture candid images.
A: The most notable instance of paparazzi involvement in the death of a royal family member is the death of Princess Diana.
A: Princess Diana died in a car crash in 1997 in Paris.
A: The crash involved high-speed driving while trying to evade paparazzi. (Score: -0.12579558789730072, Parent: 1)

---------- FINAL ----------
step 8
A: Paparazzi are photographers who take candid pictures of celebrities and public figures.
The most notable instance of paparazzi involvement in the death of a royal family member is the death of Princess Diana.
Princess Diana died in a car crash in 1997 in Paris.
The crash involved high-speed driving while trying to evade paparazzi.
A: Paparazzi are known for pursuing celebrities to capture candid images.
A: The involvement of paparazzi in Princess Diana's death has been widely reported.
#### Yes.
 (Score: 0.13613681495189667)

A: Paparazzi are photographers who take candid pictures of celebrities and public figures.
The most notable instance of paparazzi involvement in the death of a royal family member is the death of Princess Diana.
Princess Diana died in a car crash in 1997 in Paris.
The crash involved high-speed driving while trying to evade paparazzi.
A: Paparazzi are known for pursuing celebrities to capture candid images.
A: The most notable instance of paparazzi involvement in the death of a royal family member is the death of Princess Diana.
A: Princess Diana died in a car crash in 1997 in Paris.
A: The crash involved high-speed driving while trying to evade paparazzi. (Score: -0.12579558789730072)
tensor([[ 9215341226422069193, -8535108336652049913, -8162068642230018063,
         -5960464052880335250,  4387306744902857008, -1148991587849309554,
          3209685389633853342,                    0],
        [ 9215341226422069193, -8535108336652049913, -8162068642230018063,
         -5960464052880335250,  4387306744902857008,  6625297373011898487,
         -4356594473051497297, -6173387453493004404]])

====================
Q: Would the Cookie Monster decline an offer of free Keebler products?


********** Step: 1 **********

The Cookie Monster is a character from the children's television show "Sesame Street.". (Score: 0.03281340003013611, Parent: 0)

The Cookie Monster is a character from the television show Sesame Street. (Score: 0.003005087375640869, Parent: 0)

********** Step: 2 **********

The Cookie Monster is a character from the television show Sesame Street.
The Cookie Monster is known for his love of cookies. (Score: -0.08850263059139252, Parent: 1)

The Cookie Monster is a character from the television show Sesame Street.
The Cookie Monster is known for his love of cookies. (Score: -0.08850263059139252, Parent: 1)

********** Step: 3 **********

The Cookie Monster is a character from the television show Sesame Street.
The Cookie Monster is known for his love of cookies.
He often expresses a desire to eat cookies at any opportunity. (Score: -0.10466208308935165, Parent: 0)

The Cookie Monster is a character from the television show Sesame Street.
The Cookie Monster is known for his love of cookies.
He typically enjoys eating cookies and would likely be excited about free cookie products. (Score: -0.10528504848480225, Parent: 0)

********** Step: 4 **********

The Cookie Monster is a character from the television show Sesame Street.
The Cookie Monster is known for his love of cookies.
He typically enjoys eating cookies and would likely be excited about free cookie products.
A: The Cookie Monster is a character from the television show Sesame Street. (Score: -0.12288585305213928, Parent: 1)

The Cookie Monster is a character from the television show Sesame Street.
The Cookie Monster is known for his love of cookies.
He often expresses a desire to eat cookies at any opportunity.
It is unlikely that the Cookie Monster would decline an offer of free cookies. (Score: -0.12482460588216782, Parent: 0)

********** Step: 5 **********

The Cookie Monster is a character from the television show Sesame Street.
The Cookie Monster is known for his love of cookies.
He typically enjoys eating cookies and would likely be excited about free cookie products.
A: The Cookie Monster is a character from the television show Sesame Street.
The Cookie Monster is known for his love of cookies. (Score: -0.13225625455379486, Parent: 0)

The Cookie Monster is a character from the television show Sesame Street.
The Cookie Monster is known for his love of cookies.
He often expresses a desire to eat cookies at any opportunity.
It is unlikely that the Cookie Monster would decline an offer of free cookies.
A: The Cookie Monster is a character from the television show Sesame Street. (Score: -0.1327262669801712, Parent: 1)

********** Step: 6 **********

The Cookie Monster is a character from the television show Sesame Street.
The Cookie Monster is known for his love of cookies.
He typically enjoys eating cookies and would likely be excited about free cookie products.
A: The Cookie Monster is a character from the television show Sesame Street.
The Cookie Monster is known for his love of cookies.
A: The Cookie Monster is a character from the television show Sesame Street. (Score: -0.14049825072288513, Parent: 0)

The Cookie Monster is a character from the television show Sesame Street.
The Cookie Monster is known for his love of cookies.
He often expresses a desire to eat cookies at any opportunity.
It is unlikely that the Cookie Monster would decline an offer of free cookies.
A: The Cookie Monster is a character from the television show Sesame Street.
The Cookie Monster is known for his insatiable appetite for cookies. (Score: -0.14052839577198029, Parent: 1)

********** Step: 7 **********

The Cookie Monster is a character from the television show Sesame Street.
The Cookie Monster is known for his love of cookies.
He typically enjoys eating cookies and would likely be excited about free cookie products.
A: The Cookie Monster is a character from the television show Sesame Street.
The Cookie Monster is known for his love of cookies.
A: The Cookie Monster is a character from the television show Sesame Street.
A: The Cookie Monster is a character from the television show Sesame Street. (Score: -0.14559699594974518, Parent: 0)

The Cookie Monster is a character from the television show Sesame Street.
The Cookie Monster is known for his love of cookies.
He typically enjoys eating cookies and would likely be excited about free cookie products.
A: The Cookie Monster is a character from the television show Sesame Street.
The Cookie Monster is known for his love of cookies.
A: The Cookie Monster is a character from the television show Sesame Street.
A: The Cookie Monster is a character from the television show Sesame Street. (Score: -0.14559699594974518, Parent: 0)

********** Step: 8 **********

The Cookie Monster is a character from the television show Sesame Street.
The Cookie Monster is known for his love of cookies.
He typically enjoys eating cookies and would likely be excited about free cookie products.
A: The Cookie Monster is a character from the television show Sesame Street.
The Cookie Monster is known for his love of cookies.
A: The Cookie Monster is a character from the television show Sesame Street.
A: The Cookie Monster is a character from the television show Sesame Street.
A: The Cookie Monster is a character from the television show Sesame Street. (Score: -0.14916633069515228, Parent: 0)

The Cookie Monster is a character from the television show Sesame Street.
The Cookie Monster is known for his love of cookies.
He typically enjoys eating cookies and would likely be excited about free cookie products.
A: The Cookie Monster is a character from the television show Sesame Street.
The Cookie Monster is known for his love of cookies.
A: The Cookie Monster is a character from the television show Sesame Street.
A: The Cookie Monster is a character from the television show Sesame Street.
A: The Cookie Monster is a character from the television show Sesame Street. (Score: -0.14916633069515228, Parent: 1)

---------- FINAL ----------
step 8
The Cookie Monster is a character from the television show Sesame Street.
The Cookie Monster is known for his love of cookies.
He typically enjoys eating cookies and would likely be excited about free cookie products.
A: The Cookie Monster is a character from the television show Sesame Street.
The Cookie Monster is known for his love of cookies.
A: The Cookie Monster is a character from the television show Sesame Street.
A: The Cookie Monster is a character from the television show Sesame Street.
A: The Cookie Monster is a character from the television show Sesame Street. (Score: -0.14916633069515228)

The Cookie Monster is a character from the television show Sesame Street.
The Cookie Monster is known for his love of cookies.
He typically enjoys eating cookies and would likely be excited about free cookie products.
A: The Cookie Monster is a character from the television show Sesame Street.
The Cookie Monster is known for his love of cookies.
A: The Cookie Monster is a character from the television show Sesame Street.
A: The Cookie Monster is a character from the television show Sesame Street.
A: The Cookie Monster is a character from the television show Sesame Street. (Score: -0.14916633069515228)
tensor([[ 2295569091819624718,  8818456070574500774,   446113615160712856,
         -2461473991419466191,  8818456070574500774, -2461473991419466191,
         -2461473991419466191, -2461473991419466191],
        [ 2295569091819624718,  8818456070574500774,   446113615160712856,
         -2461473991419466191,  8818456070574500774, -2461473991419466191,
         -2461473991419466191, -2461473991419466191]])

====================
Q: Has Oscar Wilde's most famous character ever been in an Eva Green project?


********** Step: 1 **********

Oscar Wilde's most famous character is likely Dorian Gray from "The Picture of Dorian Gray.". (Score: 0.22169142961502075, Parent: 0)

Oscar Wilde is known for his play "The Importance of Being Earnest," which features the character Jack Worthing. (Score: -0.07032005488872528, Parent: 0)

********** Step: 2 **********

Oscar Wilde's most famous character is likely Dorian Gray from "The Picture of Dorian Gray.".
Dorian Gray is a central character in Oscar Wilde's novel "The Picture of Dorian Gray.". (Score: -0.057892464101314545, Parent: 0)

Oscar Wilde's most famous character is likely Dorian Gray from "The Picture of Dorian Gray.".
Dorian Gray is a character that represents themes of vanity and moral decay. (Score: -0.07728146761655807, Parent: 0)

********** Step: 3 **********

Oscar Wilde's most famous character is likely Dorian Gray from "The Picture of Dorian Gray.".
Dorian Gray is a central character in Oscar Wilde's novel "The Picture of Dorian Gray.".
Eva Green starred in a film adaptation of "The Picture of Dorian Gray," released in 2004. (Score: -0.13211005926132202, Parent: 0)

Oscar Wilde's most famous character is likely Dorian Gray from "The Picture of Dorian Gray.".
Dorian Gray is a character that represents themes of vanity and moral decay.
Eva Green is known for her roles in various films and television series. (Score: -0.13291361927986145, Parent: 1)

********** Step: 4 **********

Oscar Wilde's most famous character is likely Dorian Gray from "The Picture of Dorian Gray.".
Dorian Gray is a central character in Oscar Wilde's novel "The Picture of Dorian Gray.".
Eva Green starred in a film adaptation of "The Picture of Dorian Gray," released in 2004.
A: Oscar Wilde's most famous character is likely Dorian Gray from "The Picture of Dorian Gray.". (Score: -0.13057303428649902, Parent: 0)

Oscar Wilde's most famous character is likely Dorian Gray from "The Picture of Dorian Gray.".
Dorian Gray is a central character in Oscar Wilde's novel "The Picture of Dorian Gray.".
Eva Green starred in a film adaptation of "The Picture of Dorian Gray," released in 2004.
A: Oscar Wilde's most famous character is likely Dorian Gray from "The Picture of Dorian Gray.". (Score: -0.13057303428649902, Parent: 0)

********** Step: 5 **********

Oscar Wilde's most famous character is likely Dorian Gray from "The Picture of Dorian Gray.".
Dorian Gray is a central character in Oscar Wilde's novel "The Picture of Dorian Gray.".
Eva Green starred in a film adaptation of "The Picture of Dorian Gray," released in 2004.
A: Oscar Wilde's most famous character is likely Dorian Gray from "The Picture of Dorian Gray.".
A: Oscar Wilde's most famous character is likely Dorian Gray from "The Picture of Dorian Gray.". (Score: -0.12752725183963776, Parent: 0)

Oscar Wilde's most famous character is likely Dorian Gray from "The Picture of Dorian Gray.".
Dorian Gray is a central character in Oscar Wilde's novel "The Picture of Dorian Gray.".
Eva Green starred in a film adaptation of "The Picture of Dorian Gray," released in 2004.
A: Oscar Wilde's most famous character is likely Dorian Gray from "The Picture of Dorian Gray.".
Dorian Gray is a central character in Oscar Wilde's novel "The Picture of Dorian Gray.". (Score: -0.13377563655376434, Parent: 1)

********** Step: 6 **********

Oscar Wilde's most famous character is likely Dorian Gray from "The Picture of Dorian Gray.".
Dorian Gray is a central character in Oscar Wilde's novel "The Picture of Dorian Gray.".
Eva Green starred in a film adaptation of "The Picture of Dorian Gray," released in 2004.
A: Oscar Wilde's most famous character is likely Dorian Gray from "The Picture of Dorian Gray.".
A: Oscar Wilde's most famous character is likely Dorian Gray from "The Picture of Dorian Gray.".
A: Oscar Wilde's most famous character is likely Dorian Gray from "The Picture of Dorian Gray.". (Score: -0.12437807023525238, Parent: 0)

Oscar Wilde's most famous character is likely Dorian Gray from "The Picture of Dorian Gray.".
Dorian Gray is a central character in Oscar Wilde's novel "The Picture of Dorian Gray.".
Eva Green starred in a film adaptation of "The Picture of Dorian Gray," released in 2004.
A: Oscar Wilde's most famous character is likely Dorian Gray from "The Picture of Dorian Gray.".
A: Oscar Wilde's most famous character is likely Dorian Gray from "The Picture of Dorian Gray.".
A: Oscar Wilde's most famous character is likely Dorian Gray from "The Picture of Dorian Gray.". (Score: -0.12437807023525238, Parent: 0)

********** Step: 7 **********

Oscar Wilde's most famous character is likely Dorian Gray from "The Picture of Dorian Gray.".
Dorian Gray is a central character in Oscar Wilde's novel "The Picture of Dorian Gray.".
Eva Green starred in a film adaptation of "The Picture of Dorian Gray," released in 2004.
A: Oscar Wilde's most famous character is likely Dorian Gray from "The Picture of Dorian Gray.".
A: Oscar Wilde's most famous character is likely Dorian Gray from "The Picture of Dorian Gray.".
A: Oscar Wilde's most famous character is likely Dorian Gray from "The Picture of Dorian Gray.".
A: Oscar Wilde's most famous character is likely Dorian Gray from "The Picture of Dorian Gray.". (Score: -0.11660052090883255, Parent: 0)

Oscar Wilde's most famous character is likely Dorian Gray from "The Picture of Dorian Gray.".
Dorian Gray is a central character in Oscar Wilde's novel "The Picture of Dorian Gray.".
Eva Green starred in a film adaptation of "The Picture of Dorian Gray," released in 2004.
A: Oscar Wilde's most famous character is likely Dorian Gray from "The Picture of Dorian Gray.".
A: Oscar Wilde's most famous character is likely Dorian Gray from "The Picture of Dorian Gray.".
A: Oscar Wilde's most famous character is likely Dorian Gray from "The Picture of Dorian Gray.".
A: Oscar Wilde's most famous character is likely Dorian Gray from "The Picture of Dorian Gray.". (Score: -0.11660052090883255, Parent: 1)

********** Step: 8 **********

Oscar Wilde's most famous character is likely Dorian Gray from "The Picture of Dorian Gray.".
Dorian Gray is a central character in Oscar Wilde's novel "The Picture of Dorian Gray.".
Eva Green starred in a film adaptation of "The Picture of Dorian Gray," released in 2004.
A: Oscar Wilde's most famous character is likely Dorian Gray from "The Picture of Dorian Gray.".
A: Oscar Wilde's most famous character is likely Dorian Gray from "The Picture of Dorian Gray.".
A: Oscar Wilde's most famous character is likely Dorian Gray from "The Picture of Dorian Gray.".
A: Oscar Wilde's most famous character is likely Dorian Gray from "The Picture of Dorian Gray.".
A: Oscar Wilde's most famous character is Dorian Gray from "The Picture of Dorian Gray.". (Score: -0.11403228342533112, Parent: 1)

Oscar Wilde's most famous character is likely Dorian Gray from "The Picture of Dorian Gray.".
Dorian Gray is a central character in Oscar Wilde's novel "The Picture of Dorian Gray.".
Eva Green starred in a film adaptation of "The Picture of Dorian Gray," released in 2004.
A: Oscar Wilde's most famous character is likely Dorian Gray from "The Picture of Dorian Gray.".
A: Oscar Wilde's most famous character is likely Dorian Gray from "The Picture of Dorian Gray.".
A: Oscar Wilde's most famous character is likely Dorian Gray from "The Picture of Dorian Gray.".
A: Oscar Wilde's most famous character is likely Dorian Gray from "The Picture of Dorian Gray.".
A: Oscar Wilde's most famous character is likely Dorian Gray from "The Picture of Dorian Gray.". (Score: -0.1142217367887497, Parent: 0)

---------- FINAL ----------
step 8
Oscar Wilde's most famous character is likely Dorian Gray from "The Picture of Dorian Gray.".
Dorian Gray is a central character in Oscar Wilde's novel "The Picture of Dorian Gray.".
Eva Green starred in a film adaptation of "The Picture of Dorian Gray," released in 2004.
A: Oscar Wilde's most famous character is likely Dorian Gray from "The Picture of Dorian Gray.".
A: Oscar Wilde's most famous character is likely Dorian Gray from "The Picture of Dorian Gray.".
A: Oscar Wilde's most famous character is likely Dorian Gray from "The Picture of Dorian Gray.".
A: Oscar Wilde's most famous character is likely Dorian Gray from "The Picture of Dorian Gray.".
A: Oscar Wilde's most famous character is Dorian Gray from "The Picture of Dorian Gray.". (Score: -0.11403228342533112)

Oscar Wilde's most famous character is likely Dorian Gray from "The Picture of Dorian Gray.".
Dorian Gray is a central character in Oscar Wilde's novel "The Picture of Dorian Gray.".
Eva Green starred in a film adaptation of "The Picture of Dorian Gray," released in 2004.
A: Oscar Wilde's most famous character is likely Dorian Gray from "The Picture of Dorian Gray.".
A: Oscar Wilde's most famous character is likely Dorian Gray from "The Picture of Dorian Gray.".
A: Oscar Wilde's most famous character is likely Dorian Gray from "The Picture of Dorian Gray.".
A: Oscar Wilde's most famous character is likely Dorian Gray from "The Picture of Dorian Gray.".
A: Oscar Wilde's most famous character is likely Dorian Gray from "The Picture of Dorian Gray.". (Score: -0.1142217367887497)
tensor([[-5935178250618661758, -5377865018122789061, -2942757228698364933,
         -6412396923857014769, -6412396923857014769, -6412396923857014769,
         -6412396923857014769,  6666015026032190343],
        [-5935178250618661758, -5377865018122789061, -2942757228698364933,
         -6412396923857014769, -6412396923857014769, -6412396923857014769,
         -6412396923857014769, -6412396923857014769]])

====================
Q: Did any Golden Globe winners attend John Kerry's alma mater?


********** Step: 1 **********

A: John Kerry attended Yale University. (Score: 0.24262335896492004, Parent: 0)

A: John Kerry graduated from Harvard University in 1966. (Score: 0.20609940588474274, Parent: 0)

********** Step: 2 **********

A: John Kerry attended Yale University.
John Kerry graduated from Yale University in 1966. (Score: 0.219090074300766, Parent: 0)

A: John Kerry attended Yale University.
John Kerry attended Yale University, which is a prestigious Ivy League school. (Score: 0.11624401807785034, Parent: 0)

********** Step: 3 **********

A: John Kerry attended Yale University.
John Kerry graduated from Yale University in 1966.
A: Yale University has a number of notable alumni, including actors and filmmakers. (Score: 0.0418630987405777, Parent: 0)

A: John Kerry attended Yale University.
John Kerry graduated from Yale University in 1966.
Yale University has produced many notable alumni, including actors and filmmakers who have won Golden Globe Awards. (Score: -0.032498203217983246, Parent: 0)

********** Step: 4 **********

A: John Kerry attended Yale University.
John Kerry graduated from Yale University in 1966.
A: Yale University has a number of notable alumni, including actors and filmmakers.
A: Some Golden Globe winners who attended Yale University include Meryl Streep, Paul Newman, and Jodie Foster. (Score: -0.018888574093580246, Parent: 0)

A: John Kerry attended Yale University.
John Kerry graduated from Yale University in 1966.
A: Yale University has a number of notable alumni, including actors and filmmakers.
A: Some Golden Globe winners are known to be alumni of Yale University. (Score: -0.027253173291683197, Parent: 0)

********** Step: 5 **********

A: John Kerry attended Yale University.
John Kerry graduated from Yale University in 1966.
A: Yale University has a number of notable alumni, including actors and filmmakers.
A: Some Golden Globe winners who attended Yale University include Meryl Streep, Paul Newman, and Jodie Foster.
A: John Kerry attended Yale University. (Score: -0.014086361043155193, Parent: 0)

A: John Kerry attended Yale University.
John Kerry graduated from Yale University in 1966.
A: Yale University has a number of notable alumni, including actors and filmmakers.
A: Some Golden Globe winners who attended Yale University include Meryl Streep, Paul Newman, and Jodie Foster.
A: John Kerry attended Yale University. (Score: -0.014086361043155193, Parent: 0)

********** Step: 6 **********

A: John Kerry attended Yale University.
John Kerry graduated from Yale University in 1966.
A: Yale University has a number of notable alumni, including actors and filmmakers.
A: Some Golden Globe winners who attended Yale University include Meryl Streep, Paul Newman, and Jodie Foster.
A: John Kerry attended Yale University.
A: John Kerry attended Yale University. (Score: -0.01767466962337494, Parent: 0)

A: John Kerry attended Yale University.
John Kerry graduated from Yale University in 1966.
A: Yale University has a number of notable alumni, including actors and filmmakers.
A: Some Golden Globe winners who attended Yale University include Meryl Streep, Paul Newman, and Jodie Foster.
A: John Kerry attended Yale University.
A: John Kerry attended Yale University. (Score: -0.01767466962337494, Parent: 1)

********** Step: 7 **********

A: John Kerry attended Yale University.
John Kerry graduated from Yale University in 1966.
A: Yale University has a number of notable alumni, including actors and filmmakers.
A: Some Golden Globe winners who attended Yale University include Meryl Streep, Paul Newman, and Jodie Foster.
A: John Kerry attended Yale University.
A: John Kerry attended Yale University.
A: John Kerry attended Yale University. (Score: -0.01658577285706997, Parent: 0)

A: John Kerry attended Yale University.
John Kerry graduated from Yale University in 1966.
A: Yale University has a number of notable alumni, including actors and filmmakers.
A: Some Golden Globe winners who attended Yale University include Meryl Streep, Paul Newman, and Jodie Foster.
A: John Kerry attended Yale University.
A: John Kerry attended Yale University.
A: John Kerry attended Yale University. (Score: -0.01658577285706997, Parent: 1)

********** Step: 8 **********

A: John Kerry attended Yale University.
John Kerry graduated from Yale University in 1966.
A: Yale University has a number of notable alumni, including actors and filmmakers.
A: Some Golden Globe winners who attended Yale University include Meryl Streep, Paul Newman, and Jodie Foster.
A: John Kerry attended Yale University.
A: John Kerry attended Yale University.
A: John Kerry attended Yale University.
A: John Kerry attended Yale University. (Score: -0.020764870569109917, Parent: 0)

A: John Kerry attended Yale University.
John Kerry graduated from Yale University in 1966.
A: Yale University has a number of notable alumni, including actors and filmmakers.
A: Some Golden Globe winners who attended Yale University include Meryl Streep, Paul Newman, and Jodie Foster.
A: John Kerry attended Yale University.
A: John Kerry attended Yale University.
A: John Kerry attended Yale University.
A: John Kerry attended Yale University. (Score: -0.020764870569109917, Parent: 1)

---------- FINAL ----------
step 8
A: John Kerry attended Yale University.
John Kerry graduated from Yale University in 1966.
A: Yale University has a number of notable alumni, including actors and filmmakers.
A: Some Golden Globe winners who attended Yale University include Meryl Streep, Paul Newman, and Jodie Foster.
A: John Kerry attended Yale University.
A: John Kerry attended Yale University.
A: John Kerry attended Yale University.
A: John Kerry attended Yale University. (Score: -0.020764870569109917)

A: John Kerry attended Yale University.
John Kerry graduated from Yale University in 1966.
A: Yale University has a number of notable alumni, including actors and filmmakers.
A: Some Golden Globe winners who attended Yale University include Meryl Streep, Paul Newman, and Jodie Foster.
A: John Kerry attended Yale University.
A: John Kerry attended Yale University.
A: John Kerry attended Yale University.
A: John Kerry attended Yale University. (Score: -0.020764870569109917)
tensor([[-1455136015456182855, -2540571399970226195, -3503250965239487875,
         -3555319572383235403, -1455136015456182855, -1455136015456182855,
         -1455136015456182855, -1455136015456182855],
        [-1455136015456182855, -2540571399970226195, -3503250965239487875,
         -3555319572383235403, -1455136015456182855, -1455136015456182855,
         -1455136015456182855, -1455136015456182855]])

====================
Q: Did Malcolm X avoid eating ham?


********** Step: 1 **********

Malcolm X was known for his strong beliefs and adherence to the teachings of Islam. (Score: 0.01722344383597374, Parent: 0)

Malcolm X was known for his strong beliefs and practices regarding diet and religion. (Score: 0.012436004355549812, Parent: 0)

********** Step: 2 **********

Malcolm X was known for his strong beliefs and practices regarding diet and religion.
Malcolm X was a practicing Muslim. (Score: 0.058198701590299606, Parent: 1)

Malcolm X was known for his strong beliefs and practices regarding diet and religion.
A: Malcolm X was a Muslim, and Islamic dietary laws prohibit the consumption of pork, including ham. (Score: 0.005621381103992462, Parent: 1)

********** Step: 3 **********

Malcolm X was known for his strong beliefs and practices regarding diet and religion.
Malcolm X was a practicing Muslim.
In Islam, consuming pork, including ham, is prohibited. (Score: 0.00394349405542016, Parent: 0)

Malcolm X was known for his strong beliefs and practices regarding diet and religion.
Malcolm X was a practicing Muslim.
In Islam, the consumption of pork, including ham, is prohibited (haram). (Score: 0.0024273116141557693, Parent: 0)

********** Step: 4 **********

Malcolm X was known for his strong beliefs and practices regarding diet and religion.
Malcolm X was a practicing Muslim.
In Islam, consuming pork, including ham, is prohibited.
Malcolm X adhered to the dietary laws of Islam. (Score: -0.02045755833387375, Parent: 0)

Malcolm X was known for his strong beliefs and practices regarding diet and religion.
Malcolm X was a practicing Muslim.
In Islam, the consumption of pork, including ham, is prohibited (haram).
Therefore, it can be concluded that Malcolm X avoided eating ham due to his religious beliefs. (Score: -0.05682305246591568, Parent: 1)

********** Step: 5 **********

Malcolm X was known for his strong beliefs and practices regarding diet and religion.
Malcolm X was a practicing Muslim.
In Islam, consuming pork, including ham, is prohibited.
Malcolm X adhered to the dietary laws of Islam.
#### Yes. (Score: 0.2998121678829193, Parent: 0)

Malcolm X was known for his strong beliefs and practices regarding diet and religion.
Malcolm X was a practicing Muslim.
In Islam, consuming pork, including ham, is prohibited.
Malcolm X adhered to the dietary laws of Islam.
#### Yes. (Score: 0.2998121678829193, Parent: 0)

********** Step: 6 **********

Malcolm X was known for his strong beliefs and practices regarding diet and religion.
Malcolm X was a practicing Muslim.
In Islam, consuming pork, including ham, is prohibited.
Malcolm X adhered to the dietary laws of Islam.
#### Yes.
 (Score: 0.2998121678829193, Parent: 0)

Malcolm X was known for his strong beliefs and practices regarding diet and religion.
Malcolm X was a practicing Muslim.
In Islam, consuming pork, including ham, is prohibited.
Malcolm X adhered to the dietary laws of Islam.
#### Yes.
 (Score: 0.2998121678829193, Parent: 1)

---------- FINAL ----------
step 6
Malcolm X was known for his strong beliefs and practices regarding diet and religion.
Malcolm X was a practicing Muslim.
In Islam, consuming pork, including ham, is prohibited.
Malcolm X adhered to the dietary laws of Islam.
#### Yes.
 (Score: 0.2998121678829193)

Malcolm X was known for his strong beliefs and practices regarding diet and religion.
Malcolm X was a practicing Muslim.
In Islam, consuming pork, including ham, is prohibited.
Malcolm X adhered to the dietary laws of Islam.
#### Yes.
 (Score: 0.2998121678829193)
tensor([[8286533998027549602, 7975648164242495256,  635356558605715087,
         -855582506015214165, 3209685389633853342,                   0,
                          -1,                  -1],
        [8286533998027549602, 7975648164242495256,  635356558605715087,
         -855582506015214165, 3209685389633853342,                   0,
                          -1,                  -1]])

====================
Q: Is sunscreen unhelpful for the condition that killed Bob Marley?


********** Step: 1 **********

A: Bob Marley died from complications related to melanoma, a type of skin cancer. (Score: 0.03523902967572212, Parent: 0)

A: Bob Marley died from complications related to melanoma, a form of skin cancer. (Score: 0.03507533669471741, Parent: 0)

********** Step: 2 **********

A: Bob Marley died from complications related to melanoma, a type of skin cancer.
Melanoma is often caused by exposure to UV radiation from the sun. (Score: -0.05478588864207268, Parent: 0)

A: Bob Marley died from complications related to melanoma, a form of skin cancer.
Melanoma can be affected by sun exposure, and sunscreen is used to protect skin from harmful UV rays that can lead to skin cancer. (Score: -0.07661451399326324, Parent: 1)

********** Step: 3 **********

A: Bob Marley died from complications related to melanoma, a type of skin cancer.
Melanoma is often caused by exposure to UV radiation from the sun.
Sunscreen is designed to protect the skin from harmful UV radiation. (Score: -0.0768216922879219, Parent: 0)

A: Bob Marley died from complications related to melanoma, a type of skin cancer.
Melanoma is often caused by exposure to UV radiation from the sun.
Sunscreen is used to protect the skin from harmful UV rays and reduce the risk of skin cancer. (Score: -0.09341312199831009, Parent: 0)

********** Step: 4 **********

A: Bob Marley died from complications related to melanoma, a type of skin cancer.
Melanoma is often caused by exposure to UV radiation from the sun.
Sunscreen is designed to protect the skin from harmful UV radiation.
Sunscreen can help prevent skin damage and reduce the risk of developing melanoma. (Score: -0.09969867765903473, Parent: 0)

A: Bob Marley died from complications related to melanoma, a type of skin cancer.
Melanoma is often caused by exposure to UV radiation from the sun.
Sunscreen is designed to protect the skin from harmful UV radiation.
Sunscreen can help prevent skin damage and reduce the risk of developing melanoma by blocking UV rays. (Score: -0.10036813467741013, Parent: 0)

********** Step: 5 **********

A: Bob Marley died from complications related to melanoma, a type of skin cancer.
Melanoma is often caused by exposure to UV radiation from the sun.
Sunscreen is designed to protect the skin from harmful UV radiation.
Sunscreen can help prevent skin damage and reduce the risk of developing melanoma by blocking UV rays.
#### No. (Score: 0.18918269872665405, Parent: 1)

A: Bob Marley died from complications related to melanoma, a type of skin cancer.
Melanoma is often caused by exposure to UV radiation from the sun.
Sunscreen is designed to protect the skin from harmful UV radiation.
Sunscreen can help prevent skin damage and reduce the risk of developing melanoma.
A: Bob Marley died from complications related to melanoma, a type of skin cancer. (Score: -0.08365114778280258, Parent: 0)

********** Step: 6 **********

A: Bob Marley died from complications related to melanoma, a type of skin cancer.
Melanoma is often caused by exposure to UV radiation from the sun.
Sunscreen is designed to protect the skin from harmful UV radiation.
Sunscreen can help prevent skin damage and reduce the risk of developing melanoma by blocking UV rays.
#### No.
 (Score: 0.18918269872665405, Parent: 0)

A: Bob Marley died from complications related to melanoma, a type of skin cancer.
Melanoma is often caused by exposure to UV radiation from the sun.
Sunscreen is designed to protect the skin from harmful UV radiation.
Sunscreen can help prevent skin damage and reduce the risk of developing melanoma.
A: Bob Marley died from complications related to melanoma, a type of skin cancer.
A: Bob Marley died from complications related to melanoma, a type of skin cancer. (Score: -0.09228599816560745, Parent: 1)

********** Step: 7 **********

A: Bob Marley died from complications related to melanoma, a type of skin cancer.
Melanoma is often caused by exposure to UV radiation from the sun.
Sunscreen is designed to protect the skin from harmful UV radiation.
Sunscreen can help prevent skin damage and reduce the risk of developing melanoma by blocking UV rays.
#### No.

 (Score: 0.18918269872665405, Parent: 0)

A: Bob Marley died from complications related to melanoma, a type of skin cancer.
Melanoma is often caused by exposure to UV radiation from the sun.
Sunscreen is designed to protect the skin from harmful UV radiation.
Sunscreen can help prevent skin damage and reduce the risk of developing melanoma.
A: Bob Marley died from complications related to melanoma, a type of skin cancer.
A: Bob Marley died from complications related to melanoma, a type of skin cancer.
A: Bob Marley died from complications related to melanoma, a type of skin cancer. (Score: -0.09616291522979736, Parent: 1)

********** Step: 8 **********

A: Bob Marley died from complications related to melanoma, a type of skin cancer.
Melanoma is often caused by exposure to UV radiation from the sun.
Sunscreen is designed to protect the skin from harmful UV radiation.
Sunscreen can help prevent skin damage and reduce the risk of developing melanoma by blocking UV rays.
#### No.


 (Score: 0.18918269872665405, Parent: 0)

A: Bob Marley died from complications related to melanoma, a type of skin cancer.
Melanoma is often caused by exposure to UV radiation from the sun.
Sunscreen is designed to protect the skin from harmful UV radiation.
Sunscreen can help prevent skin damage and reduce the risk of developing melanoma.
A: Bob Marley died from complications related to melanoma, a type of skin cancer.
A: Bob Marley died from complications related to melanoma, a type of skin cancer.
A: Bob Marley died from complications related to melanoma, a type of skin cancer.
A: Bob Marley died from complications related to melanoma, a type of skin cancer. (Score: -0.10009360313415527, Parent: 1)

---------- FINAL ----------
step 8
A: Bob Marley died from complications related to melanoma, a type of skin cancer.
Melanoma is often caused by exposure to UV radiation from the sun.
Sunscreen is designed to protect the skin from harmful UV radiation.
Sunscreen can help prevent skin damage and reduce the risk of developing melanoma by blocking UV rays.
#### No.


 (Score: 0.18918269872665405)

A: Bob Marley died from complications related to melanoma, a type of skin cancer.
Melanoma is often caused by exposure to UV radiation from the sun.
Sunscreen is designed to protect the skin from harmful UV radiation.
Sunscreen can help prevent skin damage and reduce the risk of developing melanoma.
A: Bob Marley died from complications related to melanoma, a type of skin cancer.
A: Bob Marley died from complications related to melanoma, a type of skin cancer.
A: Bob Marley died from complications related to melanoma, a type of skin cancer.
A: Bob Marley died from complications related to melanoma, a type of skin cancer. (Score: -0.10009360313415527)
tensor([[-6962073848930292789,  6003828705254628313,  -100457262951148455,
         -4207796784131187096, -5322498821065855045,                    0,
                            0,                    0],
        [-6962073848930292789,  6003828705254628313,  -100457262951148455,
          1854141198961029569, -6962073848930292789, -6962073848930292789,
         -6962073848930292789, -6962073848930292789]])

====================
Q: Does The Doctor keep his ship in his childhood home?


********** Step: 1 **********

The Doctor is a fictional character from the television series "Doctor Who.". (Score: 0.0183586273342371, Parent: 0)

The Doctor is a character from the television series Doctor Who. (Score: -0.009830721653997898, Parent: 0)

********** Step: 2 **********

The Doctor is a character from the television series Doctor Who.
The Doctor is a Time Lord from the planet Gallifrey. (Score: -5.007348954677582e-05, Parent: 1)

The Doctor is a character from the television series Doctor Who.
The Doctor travels in a ship known as the TARDIS, which stands for Time and Relative Dimension in Space. (Score: -0.07857799530029297, Parent: 1)

********** Step: 3 **********

The Doctor is a character from the television series Doctor Who.
The Doctor is a Time Lord from the planet Gallifrey.
The Doctor travels in a time machine known as the TARDIS. (Score: -0.07143837213516235, Parent: 0)

The Doctor is a character from the television series Doctor Who.
The Doctor is a Time Lord from the planet Gallifrey.
The Doctor travels in the TARDIS, which is a time machine and spacecraft. (Score: -0.08871055394411087, Parent: 0)

********** Step: 4 **********

The Doctor is a character from the television series Doctor Who.
The Doctor is a Time Lord from the planet Gallifrey.
The Doctor travels in the TARDIS, which is a time machine and spacecraft.
The Doctor's childhood home is called the "House of Lungbarrow," located on Gallifrey. (Score: -0.06602345407009125, Parent: 1)

The Doctor is a character from the television series Doctor Who.
The Doctor is a Time Lord from the planet Gallifrey.
The Doctor travels in a time machine known as the TARDIS.
The Doctor's childhood home is located on Gallifrey. (Score: -0.09633220732212067, Parent: 0)

********** Step: 5 **********

The Doctor is a character from the television series Doctor Who.
The Doctor is a Time Lord from the planet Gallifrey.
The Doctor travels in the TARDIS, which is a time machine and spacecraft.
The Doctor's childhood home is called the "House of Lungbarrow," located on Gallifrey.
The TARDIS is often described as being "bigger on the inside" and can travel through time and space. (Score: -0.09719227254390717, Parent: 0)

The Doctor is a character from the television series Doctor Who.
The Doctor is a Time Lord from the planet Gallifrey.
The Doctor travels in the TARDIS, which is a time machine and spacecraft.
The Doctor's childhood home is called the "House of Lungbarrow," located on Gallifrey.
The TARDIS is a significant part of The Doctor's life, but it is not kept in his childhood home. (Score: -0.10114133358001709, Parent: 0)

********** Step: 6 **********

The Doctor is a character from the television series Doctor Who.
The Doctor is a Time Lord from the planet Gallifrey.
The Doctor travels in the TARDIS, which is a time machine and spacecraft.
The Doctor's childhood home is called the "House of Lungbarrow," located on Gallifrey.
The TARDIS is often described as being "bigger on the inside" and can travel through time and space.
The Doctor does not keep the TARDIS in his childhood home. (Score: -0.09862535446882248, Parent: 0)

The Doctor is a character from the television series Doctor Who.
The Doctor is a Time Lord from the planet Gallifrey.
The Doctor travels in the TARDIS, which is a time machine and spacecraft.
The Doctor's childhood home is called the "House of Lungbarrow," located on Gallifrey.
The TARDIS is often described as being "bigger on the inside" and can travel through time and space.
The Doctor's TARDIS is not physically located in his childhood home. (Score: -0.10483630746603012, Parent: 0)

********** Step: 7 **********

The Doctor is a character from the television series Doctor Who.
The Doctor is a Time Lord from the planet Gallifrey.
The Doctor travels in the TARDIS, which is a time machine and spacecraft.
The Doctor's childhood home is called the "House of Lungbarrow," located on Gallifrey.
The TARDIS is often described as being "bigger on the inside" and can travel through time and space.
The Doctor's TARDIS is not physically located in his childhood home.
#### No. (Score: 0.08482635021209717, Parent: 1)

The Doctor is a character from the television series Doctor Who.
The Doctor is a Time Lord from the planet Gallifrey.
The Doctor travels in the TARDIS, which is a time machine and spacecraft.
The Doctor's childhood home is called the "House of Lungbarrow," located on Gallifrey.
The TARDIS is often described as being "bigger on the inside" and can travel through time and space.
The Doctor does not keep the TARDIS in his childhood home.
A: The Doctor is a character from the television series Doctor Who. (Score: -0.10921639949083328, Parent: 0)

********** Step: 8 **********

The Doctor is a character from the television series Doctor Who.
The Doctor is a Time Lord from the planet Gallifrey.
The Doctor travels in the TARDIS, which is a time machine and spacecraft.
The Doctor's childhood home is called the "House of Lungbarrow," located on Gallifrey.
The TARDIS is often described as being "bigger on the inside" and can travel through time and space.
The Doctor's TARDIS is not physically located in his childhood home.
#### No.
 (Score: 0.08482635021209717, Parent: 0)

The Doctor is a character from the television series Doctor Who.
The Doctor is a Time Lord from the planet Gallifrey.
The Doctor travels in the TARDIS, which is a time machine and spacecraft.
The Doctor's childhood home is called the "House of Lungbarrow," located on Gallifrey.
The TARDIS is often described as being "bigger on the inside" and can travel through time and space.
The Doctor does not keep the TARDIS in his childhood home.
A: The Doctor is a character from the television series Doctor Who.
The Doctor is a Time Lord from the planet Gallifrey. (Score: -0.10969461500644684, Parent: 1)

---------- FINAL ----------
step 8
The Doctor is a character from the television series Doctor Who.
The Doctor is a Time Lord from the planet Gallifrey.
The Doctor travels in the TARDIS, which is a time machine and spacecraft.
The Doctor's childhood home is called the "House of Lungbarrow," located on Gallifrey.
The TARDIS is often described as being "bigger on the inside" and can travel through time and space.
The Doctor's TARDIS is not physically located in his childhood home.
#### No.
 (Score: 0.08482635021209717)

The Doctor is a character from the television series Doctor Who.
The Doctor is a Time Lord from the planet Gallifrey.
The Doctor travels in the TARDIS, which is a time machine and spacecraft.
The Doctor's childhood home is called the "House of Lungbarrow," located on Gallifrey.
The TARDIS is often described as being "bigger on the inside" and can travel through time and space.
The Doctor does not keep the TARDIS in his childhood home.
A: The Doctor is a character from the television series Doctor Who.
The Doctor is a Time Lord from the planet Gallifrey. (Score: -0.10969461500644684)
tensor([[ 1316021821639251155, -4217872577982473308,  8157829856800285300,
          2284372906847389695, -7930757254302014842, -6489887073546979341,
         -5322498821065855045,                    0],
        [ 1316021821639251155, -4217872577982473308,  8157829856800285300,
          2284372906847389695, -7930757254302014842,   877520983377626494,
          6782681228366667763, -4217872577982473308]])

====================
Q: Can a woman on average have a baby before wheat seed blooms?


********** Step: 1 **********

A: The average gestation period for a human baby is about 9 months. (Score: 0.1718229353427887, Parent: 0)

A: The average human gestation period for a woman is about 9 months or roughly 280 days. (Score: 0.13339835405349731, Parent: 0)

********** Step: 2 **********

A: The average gestation period for a human baby is about 9 months.
Wheat typically takes about 5 to 7 months from planting to harvesting, depending on the variety and growing conditions. (Score: 0.01257846225053072, Parent: 0)

A: The average gestation period for a human baby is about 9 months.
Wheat typically blooms in late spring to early summer, depending on the variety and climate. (Score: 0.007294477894902229, Parent: 0)

********** Step: 3 **********

A: The average gestation period for a human baby is about 9 months.
Wheat typically blooms in late spring to early summer, depending on the variety and climate.
The average time for a woman to conceive and give birth is around 9 months. (Score: -0.03302082046866417, Parent: 1)

A: The average gestation period for a human baby is about 9 months.
Wheat typically takes about 5 to 7 months from planting to harvesting, depending on the variety and growing conditions.
If we consider the average time frames, a woman can typically conceive and carry a baby for about 9 months. (Score: -0.03401046246290207, Parent: 0)

********** Step: 4 **********

A: The average gestation period for a human baby is about 9 months.
Wheat typically takes about 5 to 7 months from planting to harvesting, depending on the variety and growing conditions.
If we consider the average time frames, a woman can typically conceive and carry a baby for about 9 months.
Wheat seeds can bloom and be harvested within 5 to 7 months. (Score: -0.04588063061237335, Parent: 1)

A: The average gestation period for a human baby is about 9 months.
Wheat typically blooms in late spring to early summer, depending on the variety and climate.
The average time for a woman to conceive and give birth is around 9 months.
A: If wheat blooms in late spring to early summer, it means that it typically starts blooming around May or June. (Score: -0.06620042026042938, Parent: 0)

********** Step: 5 **********

A: The average gestation period for a human baby is about 9 months.
Wheat typically takes about 5 to 7 months from planting to harvesting, depending on the variety and growing conditions.
If we consider the average time frames, a woman can typically conceive and carry a baby for about 9 months.
Wheat seeds can bloom and be harvested within 5 to 7 months.
To determine if a woman can have a baby before wheat seed blooms, let's analyze the time frames involved. (Score: -0.07649001479148865, Parent: 0)

A: The average gestation period for a human baby is about 9 months.
Wheat typically takes about 5 to 7 months from planting to harvesting, depending on the variety and growing conditions.
If we consider the average time frames, a woman can typically conceive and carry a baby for about 9 months.
Wheat seeds can bloom and be harvested within 5 to 7 months.
To determine if a woman can have a baby before wheat seed blooms, we need to analyze the average gestation period for humans and the growth cycle of wheat. (Score: -0.07857382297515869, Parent: 0)

********** Step: 6 **********

A: The average gestation period for a human baby is about 9 months.
Wheat typically takes about 5 to 7 months from planting to harvesting, depending on the variety and growing conditions.
If we consider the average time frames, a woman can typically conceive and carry a baby for about 9 months.
Wheat seeds can bloom and be harvested within 5 to 7 months.
To determine if a woman can have a baby before wheat seed blooms, let's analyze the time frames involved.
A: The average gestation period for a human baby is about 9 months. (Score: -0.07297538220882416, Parent: 0)

A: The average gestation period for a human baby is about 9 months.
Wheat typically takes about 5 to 7 months from planting to harvesting, depending on the variety and growing conditions.
If we consider the average time frames, a woman can typically conceive and carry a baby for about 9 months.
Wheat seeds can bloom and be harvested within 5 to 7 months.
To determine if a woman can have a baby before wheat seed blooms, let's analyze the time frames involved.
A: If a woman conceives immediately, she would have a baby in about 9 months. (Score: -0.07312583178281784, Parent: 0)

********** Step: 7 **********

A: The average gestation period for a human baby is about 9 months.
Wheat typically takes about 5 to 7 months from planting to harvesting, depending on the variety and growing conditions.
If we consider the average time frames, a woman can typically conceive and carry a baby for about 9 months.
Wheat seeds can bloom and be harvested within 5 to 7 months.
To determine if a woman can have a baby before wheat seed blooms, let's analyze the time frames involved.
A: If a woman conceives immediately, she would have a baby in about 9 months.
Wheat could bloom in as little as 5 months. (Score: -0.07862831652164459, Parent: 1)

A: The average gestation period for a human baby is about 9 months.
Wheat typically takes about 5 to 7 months from planting to harvesting, depending on the variety and growing conditions.
If we consider the average time frames, a woman can typically conceive and carry a baby for about 9 months.
Wheat seeds can bloom and be harvested within 5 to 7 months.
To determine if a woman can have a baby before wheat seed blooms, let's analyze the time frames involved.
A: If a woman conceives immediately, she would have a baby in about 9 months.
Wheat seeds can bloom in about 5 to 7 months. (Score: -0.08044646680355072, Parent: 1)

********** Step: 8 **********

A: The average gestation period for a human baby is about 9 months.
Wheat typically takes about 5 to 7 months from planting to harvesting, depending on the variety and growing conditions.
If we consider the average time frames, a woman can typically conceive and carry a baby for about 9 months.
Wheat seeds can bloom and be harvested within 5 to 7 months.
To determine if a woman can have a baby before wheat seed blooms, let's analyze the time frames involved.
A: If a woman conceives immediately, she would have a baby in about 9 months.
Wheat could bloom in as little as 5 months.
A: Since the gestation period for a human baby is about 9 months and wheat can bloom in as little as 5 months, a woman cannot have a baby before wheat seed blooms. (Score: -0.08901309967041016, Parent: 0)

A: The average gestation period for a human baby is about 9 months.
Wheat typically takes about 5 to 7 months from planting to harvesting, depending on the variety and growing conditions.
If we consider the average time frames, a woman can typically conceive and carry a baby for about 9 months.
Wheat seeds can bloom and be harvested within 5 to 7 months.
To determine if a woman can have a baby before wheat seed blooms, let's analyze the time frames involved.
A: If a woman conceives immediately, she would have a baby in about 9 months.
Wheat seeds can bloom in about 5 to 7 months.
If a woman can have a baby in 9 months and wheat seeds bloom in 5 to 7 months, it is clear that the woman would not be able to have her baby before the wheat seeds bloom. (Score: -0.09125649183988571, Parent: 1)

---------- FINAL ----------
step 8
A: The average gestation period for a human baby is about 9 months.
Wheat typically takes about 5 to 7 months from planting to harvesting, depending on the variety and growing conditions.
If we consider the average time frames, a woman can typically conceive and carry a baby for about 9 months.
Wheat seeds can bloom and be harvested within 5 to 7 months.
To determine if a woman can have a baby before wheat seed blooms, let's analyze the time frames involved.
A: If a woman conceives immediately, she would have a baby in about 9 months.
Wheat could bloom in as little as 5 months.
A: Since the gestation period for a human baby is about 9 months and wheat can bloom in as little as 5 months, a woman cannot have a baby before wheat seed blooms. (Score: -0.08901309967041016)

A: The average gestation period for a human baby is about 9 months.
Wheat typically takes about 5 to 7 months from planting to harvesting, depending on the variety and growing conditions.
If we consider the average time frames, a woman can typically conceive and carry a baby for about 9 months.
Wheat seeds can bloom and be harvested within 5 to 7 months.
To determine if a woman can have a baby before wheat seed blooms, let's analyze the time frames involved.
A: If a woman conceives immediately, she would have a baby in about 9 months.
Wheat seeds can bloom in about 5 to 7 months.
If a woman can have a baby in 9 months and wheat seeds bloom in 5 to 7 months, it is clear that the woman would not be able to have her baby before the wheat seeds bloom. (Score: -0.09125649183988571)
tensor([[ 4948239875544654743,  3705809294872849927,  8619201079774246838,
          3074502870934122394,  4987735652672183750,  2210229960258069178,
          3117618493924553545,  3561602200807462531],
        [ 4948239875544654743,  3705809294872849927,  8619201079774246838,
          3074502870934122394,  4987735652672183750,  2210229960258069178,
         -5971540487074765998, -3692151103977019616]])

====================
Q: Would Tony Stark be considered a polymath?


********** Step: 1 **********

Tony Stark is a fictional character from the Marvel Comics and the Marvel Cinematic Universe. (Score: -0.06589701771736145, Parent: 0)

Tony Stark is a fictional character from the Marvel Comics universe, known as Iron Man. (Score: -0.07235416769981384, Parent: 0)

********** Step: 2 **********

Tony Stark is a fictional character from the Marvel Comics universe, known as Iron Man.
A: Tony Stark is a genius inventor, engineer, and entrepreneur. (Score: -0.10989029705524445, Parent: 1)

Tony Stark is a fictional character from the Marvel Comics and the Marvel Cinematic Universe.
Tony Stark, also known as Iron Man, is depicted as a genius inventor and engineer. (Score: -0.1266268789768219, Parent: 0)

********** Step: 3 **********

Tony Stark is a fictional character from the Marvel Comics universe, known as Iron Man.
A: Tony Stark is a genius inventor, engineer, and entrepreneur.
A: He possesses extensive knowledge in various fields such as physics, computer science, and robotics. (Score: -0.15039655566215515, Parent: 0)

Tony Stark is a fictional character from the Marvel Comics universe, known as Iron Man.
A: Tony Stark is a genius inventor, engineer, and entrepreneur.
A: He possesses extensive knowledge in various fields such as physics, computer science, and artificial intelligence. (Score: -0.1513364017009735, Parent: 0)

********** Step: 4 **********

Tony Stark is a fictional character from the Marvel Comics universe, known as Iron Man.
A: Tony Stark is a genius inventor, engineer, and entrepreneur.
A: He possesses extensive knowledge in various fields such as physics, computer science, and artificial intelligence.
A: A polymath is defined as a person of wide-ranging knowledge or learning in multiple fields. (Score: -0.15507084131240845, Parent: 1)

Tony Stark is a fictional character from the Marvel Comics universe, known as Iron Man.
A: Tony Stark is a genius inventor, engineer, and entrepreneur.
A: He possesses extensive knowledge in various fields such as physics, computer science, and robotics.
A: A polymath is defined as a person with knowledge in multiple disciplines or fields. (Score: -0.15645739436149597, Parent: 0)

********** Step: 5 **********

Tony Stark is a fictional character from the Marvel Comics universe, known as Iron Man.
A: Tony Stark is a genius inventor, engineer, and entrepreneur.
A: He possesses extensive knowledge in various fields such as physics, computer science, and robotics.
A: A polymath is defined as a person with knowledge in multiple disciplines or fields.
A: Given that Tony Stark has expertise in multiple disciplines including technology, engineering, and physics, he fits the definition of a polymath. (Score: -0.15901249647140503, Parent: 1)

Tony Stark is a fictional character from the Marvel Comics universe, known as Iron Man.
A: Tony Stark is a genius inventor, engineer, and entrepreneur.
A: He possesses extensive knowledge in various fields such as physics, computer science, and robotics.
A: A polymath is defined as a person with knowledge in multiple disciplines or fields.
A: Since Tony Stark exhibits a high level of expertise across several domains, he fits the definition of a polymath. (Score: -0.1592249870300293, Parent: 1)

********** Step: 6 **********

Tony Stark is a fictional character from the Marvel Comics universe, known as Iron Man.
A: Tony Stark is a genius inventor, engineer, and entrepreneur.
A: He possesses extensive knowledge in various fields such as physics, computer science, and robotics.
A: A polymath is defined as a person with knowledge in multiple disciplines or fields.
A: Since Tony Stark exhibits a high level of expertise across several domains, he fits the definition of a polymath.
#### Yes. (Score: 0.08729549497365952, Parent: 1)

Tony Stark is a fictional character from the Marvel Comics universe, known as Iron Man.
A: Tony Stark is a genius inventor, engineer, and entrepreneur.
A: He possesses extensive knowledge in various fields such as physics, computer science, and robotics.
A: A polymath is defined as a person with knowledge in multiple disciplines or fields.
A: Since Tony Stark exhibits a high level of expertise across several domains, he fits the definition of a polymath.
#### Yes. (Score: 0.08729549497365952, Parent: 1)

********** Step: 7 **********

Tony Stark is a fictional character from the Marvel Comics universe, known as Iron Man.
A: Tony Stark is a genius inventor, engineer, and entrepreneur.
A: He possesses extensive knowledge in various fields such as physics, computer science, and robotics.
A: A polymath is defined as a person with knowledge in multiple disciplines or fields.
A: Since Tony Stark exhibits a high level of expertise across several domains, he fits the definition of a polymath.
#### Yes.
 (Score: 0.08729549497365952, Parent: 0)

Tony Stark is a fictional character from the Marvel Comics universe, known as Iron Man.
A: Tony Stark is a genius inventor, engineer, and entrepreneur.
A: He possesses extensive knowledge in various fields such as physics, computer science, and robotics.
A: A polymath is defined as a person with knowledge in multiple disciplines or fields.
A: Since Tony Stark exhibits a high level of expertise across several domains, he fits the definition of a polymath.
#### Yes.
 (Score: 0.08729549497365952, Parent: 1)

---------- FINAL ----------
step 7
Tony Stark is a fictional character from the Marvel Comics universe, known as Iron Man.
A: Tony Stark is a genius inventor, engineer, and entrepreneur.
A: He possesses extensive knowledge in various fields such as physics, computer science, and robotics.
A: A polymath is defined as a person with knowledge in multiple disciplines or fields.
A: Since Tony Stark exhibits a high level of expertise across several domains, he fits the definition of a polymath.
#### Yes.
 (Score: 0.08729549497365952)

Tony Stark is a fictional character from the Marvel Comics universe, known as Iron Man.
A: Tony Stark is a genius inventor, engineer, and entrepreneur.
A: He possesses extensive knowledge in various fields such as physics, computer science, and robotics.
A: A polymath is defined as a person with knowledge in multiple disciplines or fields.
A: Since Tony Stark exhibits a high level of expertise across several domains, he fits the definition of a polymath.
#### Yes.
 (Score: 0.08729549497365952)
tensor([[ 3074946602799132421, -8790604058030484363,  1395203545149511483,
         -8433226242083949650, -3072470326383234898,  3209685389633853342,
                            0,                   -1],
        [ 3074946602799132421, -8790604058030484363,  1395203545149511483,
         -8433226242083949650, -3072470326383234898,  3209685389633853342,
                            0,                   -1]])

====================
Q: Do depressed people travel to the Golden Gate Bridge often?


********** Step: 1 **********

Depressed individuals may seek out the Golden Gate Bridge for various reasons. (Score: 0.09338671714067459, Parent: 0)

Depression can affect individuals in various ways, and their behaviors may vary. (Score: 0.0479891337454319, Parent: 0)

********** Step: 2 **********

Depression can affect individuals in various ways, and their behaviors may vary.
Some depressed individuals may seek out places that are significant to them or that they associate with certain memories. (Score: -0.05973796546459198, Parent: 1)

Depression can affect individuals in various ways, and their behaviors may vary.
Some people with depression may seek solitude or a place to reflect, which could lead them to visit iconic locations like the Golden Gate Bridge. (Score: -0.07556412369012833, Parent: 1)

********** Step: 3 **********

Depression can affect individuals in various ways, and their behaviors may vary.
Some people with depression may seek solitude or a place to reflect, which could lead them to visit iconic locations like the Golden Gate Bridge.
However, it is not a definitive or common behavior for all depressed individuals to travel to the Golden Gate Bridge specifically. (Score: -0.11073428392410278, Parent: 1)

Depression can affect individuals in various ways, and their behaviors may vary.
Some people with depression may seek solitude or a place to reflect, which could lead them to visit iconic locations like the Golden Gate Bridge.
However, there is no specific evidence or data that suggests depressed people travel to the Golden Gate Bridge more often than others. (Score: -0.11082904040813446, Parent: 1)

********** Step: 4 **********

Depression can affect individuals in various ways, and their behaviors may vary.
Some people with depression may seek solitude or a place to reflect, which could lead them to visit iconic locations like the Golden Gate Bridge.
However, it is not a definitive or common behavior for all depressed individuals to travel to the Golden Gate Bridge specifically.
A: Depression can affect individuals in various ways, leading some to seek solitude or a place to reflect. (Score: -0.12027551233768463, Parent: 0)

Depression can affect individuals in various ways, and their behaviors may vary.
Some people with depression may seek solitude or a place to reflect, which could lead them to visit iconic locations like the Golden Gate Bridge.
However, it is not a definitive or common behavior for all depressed individuals to travel to the Golden Gate Bridge specifically.
A: While some individuals with depression may be drawn to visit places like the Golden Gate Bridge for reflection or solitude, it does not mean that this is a common or frequent behavior for all depressed people. (Score: -0.12513206899166107, Parent: 0)

********** Step: 5 **********

Depression can affect individuals in various ways, and their behaviors may vary.
Some people with depression may seek solitude or a place to reflect, which could lead them to visit iconic locations like the Golden Gate Bridge.
However, it is not a definitive or common behavior for all depressed individuals to travel to the Golden Gate Bridge specifically.
A: Depression can affect individuals in various ways, leading some to seek solitude or a place to reflect.
Some individuals with depression might find comfort in visiting scenic or iconic places. (Score: -0.12236980348825455, Parent: 0)

Depression can affect individuals in various ways, and their behaviors may vary.
Some people with depression may seek solitude or a place to reflect, which could lead them to visit iconic locations like the Golden Gate Bridge.
However, it is not a definitive or common behavior for all depressed individuals to travel to the Golden Gate Bridge specifically.
A: Depression can affect individuals in various ways, leading some to seek solitude or a place to reflect.
Some people with depression may be drawn to iconic locations like the Golden Gate Bridge for contemplation. (Score: -0.12526795268058777, Parent: 0)

********** Step: 6 **********

Depression can affect individuals in various ways, and their behaviors may vary.
Some people with depression may seek solitude or a place to reflect, which could lead them to visit iconic locations like the Golden Gate Bridge.
However, it is not a definitive or common behavior for all depressed individuals to travel to the Golden Gate Bridge specifically.
A: Depression can affect individuals in various ways, leading some to seek solitude or a place to reflect.
Some individuals with depression might find comfort in visiting scenic or iconic places.
However, there is no evidence to suggest that depressed people travel to the Golden Gate Bridge more often than any other location. (Score: -0.13261118531227112, Parent: 0)

Depression can affect individuals in various ways, and their behaviors may vary.
Some people with depression may seek solitude or a place to reflect, which could lead them to visit iconic locations like the Golden Gate Bridge.
However, it is not a definitive or common behavior for all depressed individuals to travel to the Golden Gate Bridge specifically.
A: Depression can affect individuals in various ways, leading some to seek solitude or a place to reflect.
Some individuals with depression might find comfort in visiting scenic or iconic places.
However, there is no specific evidence or statistics indicating that depressed people travel to the Golden Gate Bridge more often than to other locations. (Score: -0.13262183964252472, Parent: 0)

********** Step: 7 **********

Depression can affect individuals in various ways, and their behaviors may vary.
Some people with depression may seek solitude or a place to reflect, which could lead them to visit iconic locations like the Golden Gate Bridge.
However, it is not a definitive or common behavior for all depressed individuals to travel to the Golden Gate Bridge specifically.
A: Depression can affect individuals in various ways, leading some to seek solitude or a place to reflect.
Some individuals with depression might find comfort in visiting scenic or iconic places.
However, there is no specific evidence or statistics indicating that depressed people travel to the Golden Gate Bridge more often than to other locations.
A: Depression can lead individuals to seek out places for reflection or solace. (Score: -0.13332803547382355, Parent: 1)

Depression can affect individuals in various ways, and their behaviors may vary.
Some people with depression may seek solitude or a place to reflect, which could lead them to visit iconic locations like the Golden Gate Bridge.
However, it is not a definitive or common behavior for all depressed individuals to travel to the Golden Gate Bridge specifically.
A: Depression can affect individuals in various ways, leading some to seek solitude or a place to reflect.
Some individuals with depression might find comfort in visiting scenic or iconic places.
However, there is no specific evidence or statistics indicating that depressed people travel to the Golden Gate Bridge more often than to other locations.
A: Depression can impact individuals differently, leading some to seek out places for contemplation or solace. (Score: -0.13523522019386292, Parent: 1)

********** Step: 8 **********

Depression can affect individuals in various ways, and their behaviors may vary.
Some people with depression may seek solitude or a place to reflect, which could lead them to visit iconic locations like the Golden Gate Bridge.
However, it is not a definitive or common behavior for all depressed individuals to travel to the Golden Gate Bridge specifically.
A: Depression can affect individuals in various ways, leading some to seek solitude or a place to reflect.
Some individuals with depression might find comfort in visiting scenic or iconic places.
However, there is no specific evidence or statistics indicating that depressed people travel to the Golden Gate Bridge more often than to other locations.
A: Depression can lead individuals to seek out places for reflection or solace.
A: Depression can lead individuals to seek out places for reflection or solace. (Score: -0.13051414489746094, Parent: 0)

Depression can affect individuals in various ways, and their behaviors may vary.
Some people with depression may seek solitude or a place to reflect, which could lead them to visit iconic locations like the Golden Gate Bridge.
However, it is not a definitive or common behavior for all depressed individuals to travel to the Golden Gate Bridge specifically.
A: Depression can affect individuals in various ways, leading some to seek solitude or a place to reflect.
Some individuals with depression might find comfort in visiting scenic or iconic places.
However, there is no specific evidence or statistics indicating that depressed people travel to the Golden Gate Bridge more often than to other locations.
A: Depression can lead individuals to seek out places for reflection or solace.
Some individuals with depression may choose to visit iconic locations for comfort or solitude. (Score: -0.1350027322769165, Parent: 0)

---------- FINAL ----------
step 8
Depression can affect individuals in various ways, and their behaviors may vary.
Some people with depression may seek solitude or a place to reflect, which could lead them to visit iconic locations like the Golden Gate Bridge.
However, it is not a definitive or common behavior for all depressed individuals to travel to the Golden Gate Bridge specifically.
A: Depression can affect individuals in various ways, leading some to seek solitude or a place to reflect.
Some individuals with depression might find comfort in visiting scenic or iconic places.
However, there is no specific evidence or statistics indicating that depressed people travel to the Golden Gate Bridge more often than to other locations.
A: Depression can lead individuals to seek out places for reflection or solace.
A: Depression can lead individuals to seek out places for reflection or solace. (Score: -0.13051414489746094)

Depression can affect individuals in various ways, and their behaviors may vary.
Some people with depression may seek solitude or a place to reflect, which could lead them to visit iconic locations like the Golden Gate Bridge.
However, it is not a definitive or common behavior for all depressed individuals to travel to the Golden Gate Bridge specifically.
A: Depression can affect individuals in various ways, leading some to seek solitude or a place to reflect.
Some individuals with depression might find comfort in visiting scenic or iconic places.
However, there is no specific evidence or statistics indicating that depressed people travel to the Golden Gate Bridge more often than to other locations.
A: Depression can lead individuals to seek out places for reflection or solace.
Some individuals with depression may choose to visit iconic locations for comfort or solitude. (Score: -0.1350027322769165)
tensor([[ 2449074372186717450, -2567176664178233185,  4652857547382945716,
         -8094856854005156152,  1689925911585244003,  8202194868995473105,
         -3449039981614344621, -3449039981614344621],
        [ 2449074372186717450, -2567176664178233185,  4652857547382945716,
         -8094856854005156152,  1689925911585244003,  8202194868995473105,
         -3449039981614344621, -8030904679050739673]])

====================
Q: Did Easy Rider make a profit at the theater when it was released?


********** Step: 1 **********

Easy Rider was released in 1969. (Score: -0.013631736859679222, Parent: 0)

Easy Rider is a film released in 1969. (Score: -0.06175968050956726, Parent: 0)

********** Step: 2 **********

Easy Rider was released in 1969.
Easy Rider was produced on a low budget of around $400,000. (Score: -0.0481918640434742, Parent: 0)

Easy Rider was released in 1969.
Easy Rider was produced on a low budget of approximately $400,000. (Score: -0.05121202394366264, Parent: 0)

********** Step: 3 **********

Easy Rider was released in 1969.
Easy Rider was produced on a low budget of around $400,000.
Easy Rider grossed over $40 million at the box office during its initial release. (Score: -0.10416226089000702, Parent: 0)

Easy Rider was released in 1969.
Easy Rider was produced on a low budget of around $400,000.
Easy Rider became a cultural phenomenon and had significant box office success. (Score: -0.11520694196224213, Parent: 0)

********** Step: 4 **********

Easy Rider was released in 1969.
Easy Rider was produced on a low budget of around $400,000.
Easy Rider grossed over $40 million at the box office during its initial release.
A: Easy Rider was released in 1969. (Score: -0.11404488980770111, Parent: 0)

Easy Rider was released in 1969.
Easy Rider was produced on a low budget of around $400,000.
Easy Rider became a cultural phenomenon and had significant box office success.
A: Easy Rider was released in 1969. (Score: -0.1218915730714798, Parent: 1)

********** Step: 5 **********

Easy Rider was released in 1969.
Easy Rider was produced on a low budget of around $400,000.
Easy Rider became a cultural phenomenon and had significant box office success.
A: Easy Rider was released in 1969.
Easy Rider was released in 1969. (Score: -0.12794601917266846, Parent: 1)

Easy Rider was released in 1969.
Easy Rider was produced on a low budget of around $400,000.
Easy Rider grossed over $40 million at the box office during its initial release.
A: Easy Rider was released in 1969.
Easy Rider was produced on a low budget of around $400,000. (Score: -0.12838609516620636, Parent: 0)

********** Step: 6 **********

Easy Rider was released in 1969.
Easy Rider was produced on a low budget of around $400,000.
Easy Rider became a cultural phenomenon and had significant box office success.
A: Easy Rider was released in 1969.
Easy Rider was released in 1969.
A: Easy Rider was released in 1969. (Score: -0.13591696321964264, Parent: 0)

Easy Rider was released in 1969.
Easy Rider was produced on a low budget of around $400,000.
Easy Rider became a cultural phenomenon and had significant box office success.
A: Easy Rider was released in 1969.
Easy Rider was released in 1969.
A: Easy Rider was released in 1969. (Score: -0.13591696321964264, Parent: 0)

********** Step: 7 **********

Easy Rider was released in 1969.
Easy Rider was produced on a low budget of around $400,000.
Easy Rider became a cultural phenomenon and had significant box office success.
A: Easy Rider was released in 1969.
Easy Rider was released in 1969.
A: Easy Rider was released in 1969.
A: Easy Rider was released in 1969. (Score: -0.14072799682617188, Parent: 0)

Easy Rider was released in 1969.
Easy Rider was produced on a low budget of around $400,000.
Easy Rider became a cultural phenomenon and had significant box office success.
A: Easy Rider was released in 1969.
Easy Rider was released in 1969.
A: Easy Rider was released in 1969.
A: Easy Rider was released in 1969. (Score: -0.14072799682617188, Parent: 1)

********** Step: 8 **********

Easy Rider was released in 1969.
Easy Rider was produced on a low budget of around $400,000.
Easy Rider became a cultural phenomenon and had significant box office success.
A: Easy Rider was released in 1969.
Easy Rider was released in 1969.
A: Easy Rider was released in 1969.
A: Easy Rider was released in 1969.
A: Easy Rider was released in 1969. (Score: -0.14173707365989685, Parent: 0)

Easy Rider was released in 1969.
Easy Rider was produced on a low budget of around $400,000.
Easy Rider became a cultural phenomenon and had significant box office success.
A: Easy Rider was released in 1969.
Easy Rider was released in 1969.
A: Easy Rider was released in 1969.
A: Easy Rider was released in 1969.
A: Easy Rider was released in 1969. (Score: -0.14173707365989685, Parent: 1)

---------- FINAL ----------
step 8
Easy Rider was released in 1969.
Easy Rider was produced on a low budget of around $400,000.
Easy Rider became a cultural phenomenon and had significant box office success.
A: Easy Rider was released in 1969.
Easy Rider was released in 1969.
A: Easy Rider was released in 1969.
A: Easy Rider was released in 1969.
A: Easy Rider was released in 1969. (Score: -0.14173707365989685)

Easy Rider was released in 1969.
Easy Rider was produced on a low budget of around $400,000.
Easy Rider became a cultural phenomenon and had significant box office success.
A: Easy Rider was released in 1969.
Easy Rider was released in 1969.
A: Easy Rider was released in 1969.
A: Easy Rider was released in 1969.
A: Easy Rider was released in 1969. (Score: -0.14173707365989685)
tensor([[  386712780974251402, -6991627247032497163,  6045099457067337003,
           486849456584702409,   386712780974251402,   486849456584702409,
           486849456584702409,   486849456584702409],
        [  386712780974251402, -6991627247032497163,  6045099457067337003,
           486849456584702409,   386712780974251402,   486849456584702409,
           486849456584702409,   486849456584702409]])

====================
Q: Was Mother Theresa a follower of atheism?


********** Step: 1 **********

Mother Teresa was a Roman Catholic nun and missionary. (Score: 0.18591240048408508, Parent: 0)

Mother Teresa was a Roman Catholic nun and missionary. (Score: 0.18591240048408508, Parent: 0)

********** Step: 2 **********

Mother Teresa was a Roman Catholic nun and missionary.
She dedicated her life to serving the poor and sick, following the teachings of Christianity. (Score: -0.06762243807315826, Parent: 0)

Mother Teresa was a Roman Catholic nun and missionary.
She dedicated her life to serving the poor and sick, following the teachings of Christianity. (Score: -0.06762243807315826, Parent: 1)

********** Step: 3 **********

Mother Teresa was a Roman Catholic nun and missionary.
She dedicated her life to serving the poor and sick, following the teachings of Christianity.
Atheism is the lack of belief in gods or deities. (Score: -0.08081340789794922, Parent: 1)

Mother Teresa was a Roman Catholic nun and missionary.
She dedicated her life to serving the poor and sick, following the teachings of Christianity.
She was known for her deep faith and belief in God. (Score: -0.12327786535024643, Parent: 0)

********** Step: 4 **********

Mother Teresa was a Roman Catholic nun and missionary.
She dedicated her life to serving the poor and sick, following the teachings of Christianity.
Atheism is the lack of belief in gods or deities.
Mother Teresa explicitly believed in God and the doctrines of the Catholic Church. (Score: -0.08569179475307465, Parent: 0)

Mother Teresa was a Roman Catholic nun and missionary.
She dedicated her life to serving the poor and sick, following the teachings of Christianity.
She was known for her deep faith and belief in God.
A: Mother Teresa was a Roman Catholic nun and missionary. (Score: -0.11824048310518265, Parent: 1)

********** Step: 5 **********

Mother Teresa was a Roman Catholic nun and missionary.
She dedicated her life to serving the poor and sick, following the teachings of Christianity.
Atheism is the lack of belief in gods or deities.
Mother Teresa explicitly believed in God and the doctrines of the Catholic Church.
#### No. (Score: 0.18898577988147736, Parent: 0)

Mother Teresa was a Roman Catholic nun and missionary.
She dedicated her life to serving the poor and sick, following the teachings of Christianity.
Atheism is the lack of belief in gods or deities.
Mother Teresa explicitly believed in God and the doctrines of the Catholic Church.
A: Mother Teresa was a Roman Catholic nun and missionary. (Score: -0.07669193297624588, Parent: 0)

********** Step: 6 **********

Mother Teresa was a Roman Catholic nun and missionary.
She dedicated her life to serving the poor and sick, following the teachings of Christianity.
Atheism is the lack of belief in gods or deities.
Mother Teresa explicitly believed in God and the doctrines of the Catholic Church.
#### No.
 (Score: 0.18898577988147736, Parent: 0)

Mother Teresa was a Roman Catholic nun and missionary.
She dedicated her life to serving the poor and sick, following the teachings of Christianity.
Atheism is the lack of belief in gods or deities.
Mother Teresa explicitly believed in God and the doctrines of the Catholic Church.
A: Mother Teresa was a Roman Catholic nun and missionary.
A: Mother Teresa was a Roman Catholic nun and missionary. (Score: -0.08096468448638916, Parent: 1)

********** Step: 7 **********

Mother Teresa was a Roman Catholic nun and missionary.
She dedicated her life to serving the poor and sick, following the teachings of Christianity.
Atheism is the lack of belief in gods or deities.
Mother Teresa explicitly believed in God and the doctrines of the Catholic Church.
#### No.

 (Score: 0.18898577988147736, Parent: 0)

Mother Teresa was a Roman Catholic nun and missionary.
She dedicated her life to serving the poor and sick, following the teachings of Christianity.
Atheism is the lack of belief in gods or deities.
Mother Teresa explicitly believed in God and the doctrines of the Catholic Church.
A: Mother Teresa was a Roman Catholic nun and missionary.
A: Mother Teresa was a Roman Catholic nun and missionary.
A: Mother Teresa was a Roman Catholic nun and missionary. (Score: -0.08644530922174454, Parent: 1)

********** Step: 8 **********

Mother Teresa was a Roman Catholic nun and missionary.
She dedicated her life to serving the poor and sick, following the teachings of Christianity.
Atheism is the lack of belief in gods or deities.
Mother Teresa explicitly believed in God and the doctrines of the Catholic Church.
#### No.


 (Score: 0.18898577988147736, Parent: 0)

Mother Teresa was a Roman Catholic nun and missionary.
She dedicated her life to serving the poor and sick, following the teachings of Christianity.
Atheism is the lack of belief in gods or deities.
Mother Teresa explicitly believed in God and the doctrines of the Catholic Church.
A: Mother Teresa was a Roman Catholic nun and missionary.
A: Mother Teresa was a Roman Catholic nun and missionary.
A: Mother Teresa was a Roman Catholic nun and missionary.
A: Mother Teresa was a Roman Catholic nun and missionary. (Score: -0.08870009332895279, Parent: 1)

---------- FINAL ----------
step 8
Mother Teresa was a Roman Catholic nun and missionary.
She dedicated her life to serving the poor and sick, following the teachings of Christianity.
Atheism is the lack of belief in gods or deities.
Mother Teresa explicitly believed in God and the doctrines of the Catholic Church.
#### No.


 (Score: 0.18898577988147736)

Mother Teresa was a Roman Catholic nun and missionary.
She dedicated her life to serving the poor and sick, following the teachings of Christianity.
Atheism is the lack of belief in gods or deities.
Mother Teresa explicitly believed in God and the doctrines of the Catholic Church.
A: Mother Teresa was a Roman Catholic nun and missionary.
A: Mother Teresa was a Roman Catholic nun and missionary.
A: Mother Teresa was a Roman Catholic nun and missionary.
A: Mother Teresa was a Roman Catholic nun and missionary. (Score: -0.08870009332895279)
tensor([[-1178439100511093343,  2129620503035256952,  5901607200948336196,
         -5238610451642564796, -5322498821065855045,                    0,
                            0,                    0],
        [-1178439100511093343,  2129620503035256952,  5901607200948336196,
         -5238610451642564796,   490779337700063592,   490779337700063592,
           490779337700063592,   490779337700063592]])

====================
Q: Was P. G. Wodehouse's favorite book The Hunger Games?


********** Step: 1 **********

P. (Score: 0.2507438063621521, Parent: 0)

P. (Score: 0.2507438063621521, Parent: 0)

********** Step: 2 **********

P.
G. (Score: 0.25480490922927856, Parent: 0)

P.
G. (Score: 0.25480490922927856, Parent: 1)

********** Step: 3 **********

P.
G.
Wodehouse was a British author known for his humorous writing. (Score: -0.050139084458351135, Parent: 0)

P.
G.
Wodehouse was an English author known for his humorous writing. (Score: -0.05016298592090607, Parent: 0)

********** Step: 4 **********

P.
G.
Wodehouse was a British author known for his humorous writing.
A: P. (Score: -0.014120340347290039, Parent: 0)

P.
G.
Wodehouse was a British author known for his humorous writing.
P. (Score: -0.026081137359142303, Parent: 0)

********** Step: 5 **********

P.
G.
Wodehouse was a British author known for his humorous writing.
A: P.
G. (Score: -0.008255556225776672, Parent: 0)

P.
G.
Wodehouse was a British author known for his humorous writing.
A: P.
G. (Score: -0.008255556225776672, Parent: 0)

********** Step: 6 **********

P.
G.
Wodehouse was a British author known for his humorous writing.
A: P.
G.
Wodehouse passed away in 1975. (Score: -0.08367898315191269, Parent: 0)

P.
G.
Wodehouse was a British author known for his humorous writing.
A: P.
G.
Wodehouse published many novels and stories during his lifetime. (Score: -0.1111866682767868, Parent: 0)

********** Step: 7 **********

P.
G.
Wodehouse was a British author known for his humorous writing.
A: P.
G.
Wodehouse published many novels and stories during his lifetime.
A: P. (Score: -0.085113525390625, Parent: 1)

P.
G.
Wodehouse was a British author known for his humorous writing.
A: P.
G.
Wodehouse published many novels and stories during his lifetime.
A: P. (Score: -0.085113525390625, Parent: 1)

********** Step: 8 **********

P.
G.
Wodehouse was a British author known for his humorous writing.
A: P.
G.
Wodehouse published many novels and stories during his lifetime.
A: P.
G. (Score: -0.07751473784446716, Parent: 0)

P.
G.
Wodehouse was a British author known for his humorous writing.
A: P.
G.
Wodehouse published many novels and stories during his lifetime.
A: P.
G. (Score: -0.07751473784446716, Parent: 1)

---------- FINAL ----------
step 8
P.
G.
Wodehouse was a British author known for his humorous writing.
A: P.
G.
Wodehouse published many novels and stories during his lifetime.
A: P.
G. (Score: -0.07751473784446716)

P.
G.
Wodehouse was a British author known for his humorous writing.
A: P.
G.
Wodehouse published many novels and stories during his lifetime.
A: P.
G. (Score: -0.07751473784446716)
tensor([[ 7124920567568959234,  1424635320857703762,  1563679337116625189,
         -3989224018092250485,  1424635320857703762,  6230550091471907742,
         -3989224018092250485,  1424635320857703762],
        [ 7124920567568959234,  1424635320857703762,  1563679337116625189,
         -3989224018092250485,  1424635320857703762,  6230550091471907742,
         -3989224018092250485,  1424635320857703762]])

====================
Q: Could a markhor give birth three times in a single year?


********** Step: 1 **********

A: The markhor is a species of wild goat found in Central Asia. (Score: -0.05861722305417061, Parent: 0)

A: The markhor is a species of wild goat found in Central Asia and the Himalayas. (Score: -0.07755003869533539, Parent: 0)

********** Step: 2 **********

A: The markhor is a species of wild goat found in Central Asia.
The markhor typically has a gestation period of about 5 to 6 months. (Score: -0.10774573683738708, Parent: 0)

A: The markhor is a species of wild goat found in Central Asia.
Markhors typically have a gestation period of around 150 days, which means they can give birth once a year. (Score: -0.11297132074832916, Parent: 0)

********** Step: 3 **********

A: The markhor is a species of wild goat found in Central Asia.
The markhor typically has a gestation period of about 5 to 6 months.
A: Markhor usually give birth to one kid at a time. (Score: -0.09521633386611938, Parent: 0)

A: The markhor is a species of wild goat found in Central Asia.
The markhor typically has a gestation period of about 5 to 6 months.
A: Female markhors usually give birth to one kid at a time. (Score: -0.09620649367570877, Parent: 0)

********** Step: 4 **********

A: The markhor is a species of wild goat found in Central Asia.
The markhor typically has a gestation period of about 5 to 6 months.
A: Female markhors usually give birth to one kid at a time.
A: The markhor is a species of wild goat found in Central Asia. (Score: -0.10907980799674988, Parent: 1)

A: The markhor is a species of wild goat found in Central Asia.
The markhor typically has a gestation period of about 5 to 6 months.
A: Markhor usually give birth to one kid at a time.
A: It is uncommon for markhor to give birth more than once a year. (Score: -0.10945834964513779, Parent: 0)

********** Step: 5 **********

A: The markhor is a species of wild goat found in Central Asia.
The markhor typically has a gestation period of about 5 to 6 months.
A: Markhor usually give birth to one kid at a time.
A: It is uncommon for markhor to give birth more than once a year.
#### No. (Score: 0.1447354406118393, Parent: 1)

A: The markhor is a species of wild goat found in Central Asia.
The markhor typically has a gestation period of about 5 to 6 months.
A: Markhor usually give birth to one kid at a time.
A: It is uncommon for markhor to give birth more than once a year.
A: The markhor is a species of wild goat found in Central Asia. (Score: -0.11487597227096558, Parent: 1)

********** Step: 6 **********

A: The markhor is a species of wild goat found in Central Asia.
The markhor typically has a gestation period of about 5 to 6 months.
A: Markhor usually give birth to one kid at a time.
A: It is uncommon for markhor to give birth more than once a year.
#### No.
 (Score: 0.1447354406118393, Parent: 0)

A: The markhor is a species of wild goat found in Central Asia.
The markhor typically has a gestation period of about 5 to 6 months.
A: Markhor usually give birth to one kid at a time.
A: It is uncommon for markhor to give birth more than once a year.
A: The markhor is a species of wild goat found in Central Asia.
A: The markhor is a species of wild goat found in Central Asia. (Score: -0.12194037437438965, Parent: 1)

********** Step: 7 **********

A: The markhor is a species of wild goat found in Central Asia.
The markhor typically has a gestation period of about 5 to 6 months.
A: Markhor usually give birth to one kid at a time.
A: It is uncommon for markhor to give birth more than once a year.
#### No.

 (Score: 0.1447354406118393, Parent: 0)

A: The markhor is a species of wild goat found in Central Asia.
The markhor typically has a gestation period of about 5 to 6 months.
A: Markhor usually give birth to one kid at a time.
A: It is uncommon for markhor to give birth more than once a year.
A: The markhor is a species of wild goat found in Central Asia.
A: The markhor is a species of wild goat found in Central Asia.
A: The markhor is a species of wild goat found in Central Asia. (Score: -0.12779517471790314, Parent: 1)

********** Step: 8 **********

A: The markhor is a species of wild goat found in Central Asia.
The markhor typically has a gestation period of about 5 to 6 months.
A: Markhor usually give birth to one kid at a time.
A: It is uncommon for markhor to give birth more than once a year.
#### No.


 (Score: 0.1447354406118393, Parent: 0)

A: The markhor is a species of wild goat found in Central Asia.
The markhor typically has a gestation period of about 5 to 6 months.
A: Markhor usually give birth to one kid at a time.
A: It is uncommon for markhor to give birth more than once a year.
A: The markhor is a species of wild goat found in Central Asia.
A: The markhor is a species of wild goat found in Central Asia.
A: The markhor is a species of wild goat found in Central Asia.
A: The markhor is a species of wild goat found in Central Asia. (Score: -0.1306060254573822, Parent: 1)

---------- FINAL ----------
step 8
A: The markhor is a species of wild goat found in Central Asia.
The markhor typically has a gestation period of about 5 to 6 months.
A: Markhor usually give birth to one kid at a time.
A: It is uncommon for markhor to give birth more than once a year.
#### No.


 (Score: 0.1447354406118393)

A: The markhor is a species of wild goat found in Central Asia.
The markhor typically has a gestation period of about 5 to 6 months.
A: Markhor usually give birth to one kid at a time.
A: It is uncommon for markhor to give birth more than once a year.
A: The markhor is a species of wild goat found in Central Asia.
A: The markhor is a species of wild goat found in Central Asia.
A: The markhor is a species of wild goat found in Central Asia.
A: The markhor is a species of wild goat found in Central Asia. (Score: -0.1306060254573822)
tensor([[ -353283790823093927,  9108465136647187237,  8758395905366898988,
          3370463530931235276, -5322498821065855045,                    0,
                            0,                    0],
        [ -353283790823093927,  9108465136647187237,  8758395905366898988,
          3370463530931235276,  -353283790823093927,  -353283790823093927,
          -353283790823093927,  -353283790823093927]])

====================
Q: Can you buy chlorine at a dollar store?


********** Step: 1 **********

A: Dollar stores typically sell a variety of household cleaning products. (Score: 0.14974209666252136, Parent: 0)

Dollar stores typically sell a variety of household items, cleaning supplies, and pool maintenance products. (Score: 0.10374154150485992, Parent: 0)

********** Step: 2 **********

A: Dollar stores typically sell a variety of household cleaning products.
Many dollar stores offer cleaning supplies, including bleach, which contains chlorine. (Score: 0.08086717128753662, Parent: 0)

Dollar stores typically sell a variety of household items, cleaning supplies, and pool maintenance products.
Chlorine is commonly used for cleaning and pool maintenance. (Score: 0.05536128580570221, Parent: 1)

********** Step: 3 **********

A: Dollar stores typically sell a variety of household cleaning products.
Many dollar stores offer cleaning supplies, including bleach, which contains chlorine.
Chlorine is often used in cleaning products and disinfectants. (Score: 0.041276365518569946, Parent: 0)

A: Dollar stores typically sell a variety of household cleaning products.
Many dollar stores offer cleaning supplies, including bleach, which contains chlorine.
Some dollar stores may carry swimming pool supplies, which often include chlorine products. (Score: 0.00432974100112915, Parent: 0)

********** Step: 4 **********

A: Dollar stores typically sell a variety of household cleaning products.
Many dollar stores offer cleaning supplies, including bleach, which contains chlorine.
Some dollar stores may carry swimming pool supplies, which often include chlorine products.
#### Yes. (Score: 0.34003201127052307, Parent: 1)

A: Dollar stores typically sell a variety of household cleaning products.
Many dollar stores offer cleaning supplies, including bleach, which contains chlorine.
Some dollar stores may carry swimming pool supplies, which often include chlorine products.
To determine if you can buy chlorine at a dollar store, let's break it down:. (Score: 0.02975904569029808, Parent: 1)

********** Step: 5 **********

A: Dollar stores typically sell a variety of household cleaning products.
Many dollar stores offer cleaning supplies, including bleach, which contains chlorine.
Some dollar stores may carry swimming pool supplies, which often include chlorine products.
#### Yes.
 (Score: 0.34003201127052307, Parent: 0)

A: Dollar stores typically sell a variety of household cleaning products.
Many dollar stores offer cleaning supplies, including bleach, which contains chlorine.
Some dollar stores may carry swimming pool supplies, which often include chlorine products.
To determine if you can buy chlorine at a dollar store, let's break it down:.
1. Dollar stores usually have a selection of cleaning supplies. (Score: 0.014812669716775417, Parent: 1)

********** Step: 6 **********

A: Dollar stores typically sell a variety of household cleaning products.
Many dollar stores offer cleaning supplies, including bleach, which contains chlorine.
Some dollar stores may carry swimming pool supplies, which often include chlorine products.
#### Yes.

 (Score: 0.34003201127052307, Parent: 0)

A: Dollar stores typically sell a variety of household cleaning products.
Many dollar stores offer cleaning supplies, including bleach, which contains chlorine.
Some dollar stores may carry swimming pool supplies, which often include chlorine products.
To determine if you can buy chlorine at a dollar store, let's break it down:.
1. Dollar stores usually have a selection of cleaning supplies.
2. Cleaning supplies often include bleach, which contains chlorine. (Score: -0.026141751557588577, Parent: 1)

********** Step: 7 **********

A: Dollar stores typically sell a variety of household cleaning products.
Many dollar stores offer cleaning supplies, including bleach, which contains chlorine.
Some dollar stores may carry swimming pool supplies, which often include chlorine products.
#### Yes.


 (Score: 0.34003201127052307, Parent: 0)

A: Dollar stores typically sell a variety of household cleaning products.
Many dollar stores offer cleaning supplies, including bleach, which contains chlorine.
Some dollar stores may carry swimming pool supplies, which often include chlorine products.
To determine if you can buy chlorine at a dollar store, let's break it down:.
1. Dollar stores usually have a selection of cleaning supplies.
2. Cleaning supplies often include bleach, which contains chlorine.
3. Some dollar stores may also carry pool supplies with chlorine. (Score: -0.04344522953033447, Parent: 1)

********** Step: 8 **********

A: Dollar stores typically sell a variety of household cleaning products.
Many dollar stores offer cleaning supplies, including bleach, which contains chlorine.
Some dollar stores may carry swimming pool supplies, which often include chlorine products.
#### Yes.



 (Score: 0.34003201127052307, Parent: 0)

A: Dollar stores typically sell a variety of household cleaning products.
Many dollar stores offer cleaning supplies, including bleach, which contains chlorine.
Some dollar stores may carry swimming pool supplies, which often include chlorine products.
To determine if you can buy chlorine at a dollar store, let's break it down:.
1. Dollar stores usually have a selection of cleaning supplies.
2. Cleaning supplies often include bleach, which contains chlorine.
3. Some dollar stores may also carry pool supplies with chlorine.
A: Based on the information gathered:. (Score: -0.013079212047159672, Parent: 1)

---------- FINAL ----------
step 8
A: Dollar stores typically sell a variety of household cleaning products.
Many dollar stores offer cleaning supplies, including bleach, which contains chlorine.
Some dollar stores may carry swimming pool supplies, which often include chlorine products.
#### Yes.



 (Score: 0.34003201127052307)

A: Dollar stores typically sell a variety of household cleaning products.
Many dollar stores offer cleaning supplies, including bleach, which contains chlorine.
Some dollar stores may carry swimming pool supplies, which often include chlorine products.
To determine if you can buy chlorine at a dollar store, let's break it down:.
1. Dollar stores usually have a selection of cleaning supplies.
2. Cleaning supplies often include bleach, which contains chlorine.
3. Some dollar stores may also carry pool supplies with chlorine.
A: Based on the information gathered:. (Score: -0.013079212047159672)
tensor([[ 1172939609822184508, -4919740612105638431,  -515091292393691849,
          3209685389633853342,                    0,                    0,
                            0,                    0],
        [ 1172939609822184508, -4919740612105638431,  -515091292393691849,
         -1204789034532325036, -1098861591239972877,  2925359532302811163,
         -7178521225963314304, -4035375566410702491]])

====================
Q: Would Felicity Huffman vote for Mike DeWine?


********** Step: 1 **********

Felicity Huffman is an American actress known for her role in "Desperate Housewives.". (Score: 0.03827643394470215, Parent: 0)

Felicity Huffman is an actress known for her roles in television and film. (Score: -0.034297697246074677, Parent: 0)

********** Step: 2 **********

Felicity Huffman is an American actress known for her role in "Desperate Housewives.".
Felicity Huffman has not publicly stated her political preferences regarding Mike DeWine, the governor of Ohio. (Score: -0.0822308361530304, Parent: 0)

Felicity Huffman is an actress known for her roles in television and film.
A: Felicity Huffman is an actress known for her roles in television and film. (Score: -0.09880980104207993, Parent: 1)

********** Step: 3 **********

Felicity Huffman is an American actress known for her role in "Desperate Housewives.".
Felicity Huffman has not publicly stated her political preferences regarding Mike DeWine, the governor of Ohio.
There is no available information on Felicity Huffman's voting preferences or endorsements for Mike DeWine. (Score: -0.11117494106292725, Parent: 0)

Felicity Huffman is an American actress known for her role in "Desperate Housewives.".
Felicity Huffman has not publicly stated her political preferences regarding Mike DeWine, the governor of Ohio.
Felicity Huffman has generally kept her political views private and has not been known to endorse specific candidates publicly. (Score: -0.11799762398004532, Parent: 0)

********** Step: 4 **********

Felicity Huffman is an American actress known for her role in "Desperate Housewives.".
Felicity Huffman has not publicly stated her political preferences regarding Mike DeWine, the governor of Ohio.
There is no available information on Felicity Huffman's voting preferences or endorsements for Mike DeWine.
#### No. (Score: 0.17083603143692017, Parent: 0)

Felicity Huffman is an American actress known for her role in "Desperate Housewives.".
Felicity Huffman has not publicly stated her political preferences regarding Mike DeWine, the governor of Ohio.
There is no available information on Felicity Huffman's voting preferences or endorsements for Mike DeWine.
#### No. (Score: 0.17083603143692017, Parent: 0)

********** Step: 5 **********

Felicity Huffman is an American actress known for her role in "Desperate Housewives.".
Felicity Huffman has not publicly stated her political preferences regarding Mike DeWine, the governor of Ohio.
There is no available information on Felicity Huffman's voting preferences or endorsements for Mike DeWine.
#### No.
 (Score: 0.17083603143692017, Parent: 0)

Felicity Huffman is an American actress known for her role in "Desperate Housewives.".
Felicity Huffman has not publicly stated her political preferences regarding Mike DeWine, the governor of Ohio.
There is no available information on Felicity Huffman's voting preferences or endorsements for Mike DeWine.
#### No.
 (Score: 0.17083603143692017, Parent: 1)

---------- FINAL ----------
step 5
Felicity Huffman is an American actress known for her role in "Desperate Housewives.".
Felicity Huffman has not publicly stated her political preferences regarding Mike DeWine, the governor of Ohio.
There is no available information on Felicity Huffman's voting preferences or endorsements for Mike DeWine.
#### No.
 (Score: 0.17083603143692017)

Felicity Huffman is an American actress known for her role in "Desperate Housewives.".
Felicity Huffman has not publicly stated her political preferences regarding Mike DeWine, the governor of Ohio.
There is no available information on Felicity Huffman's voting preferences or endorsements for Mike DeWine.
#### No.
 (Score: 0.17083603143692017)
tensor([[  483399028975123289, -2741693810854735419, -6656567097121900235,
         -5322498821065855045,                    0,                   -1,
                           -1,                   -1],
        [  483399028975123289, -2741693810854735419, -6656567097121900235,
         -5322498821065855045,                    0,                   -1,
                           -1,                   -1]])

====================
Q: Is basil safe from Hypervitaminosis D?


********** Step: 1 **********

Basil is an herb commonly used in cooking. (Score: 0.04304519668221474, Parent: 0)

Basil is a culinary herb commonly used in cooking. (Score: 0.035467833280563354, Parent: 0)

********** Step: 2 **********

Basil is a culinary herb commonly used in cooking.
Basil contains very low levels of vitamin D compared to other sources. (Score: -0.026636824011802673, Parent: 1)

Basil is an herb commonly used in cooking.
Hypervitaminosis D is a condition caused by excessive vitamin D levels in the body. (Score: -0.060748882591724396, Parent: 0)

********** Step: 3 **********

Basil is an herb commonly used in cooking.
Hypervitaminosis D is a condition caused by excessive vitamin D levels in the body.
Basil contains very low levels of vitamin D. (Score: -0.04422377794981003, Parent: 1)

Basil is an herb commonly used in cooking.
Hypervitaminosis D is a condition caused by excessive vitamin D levels in the body.
A: Basil is an herb commonly used in cooking. (Score: -0.06750880926847458, Parent: 1)

********** Step: 4 **********

Basil is an herb commonly used in cooking.
Hypervitaminosis D is a condition caused by excessive vitamin D levels in the body.
Basil contains very low levels of vitamin D.
Basil is not a significant source of vitamin D. (Score: -0.07667594403028488, Parent: 0)

Basil is an herb commonly used in cooking.
Hypervitaminosis D is a condition caused by excessive vitamin D levels in the body.
A: Basil is an herb commonly used in cooking.
A: Basil is an herb commonly used in cooking. (Score: -0.08555382490158081, Parent: 1)

********** Step: 5 **********

Basil is an herb commonly used in cooking.
Hypervitaminosis D is a condition caused by excessive vitamin D levels in the body.
A: Basil is an herb commonly used in cooking.
A: Basil is an herb commonly used in cooking.
A: Basil is an herb commonly used in cooking. (Score: -0.10187756270170212, Parent: 1)

Basil is an herb commonly used in cooking.
Hypervitaminosis D is a condition caused by excessive vitamin D levels in the body.
A: Basil is an herb commonly used in cooking.
A: Basil is an herb commonly used in cooking.
A: Basil is an herb commonly used in cooking. (Score: -0.10187756270170212, Parent: 1)

********** Step: 6 **********

Basil is an herb commonly used in cooking.
Hypervitaminosis D is a condition caused by excessive vitamin D levels in the body.
A: Basil is an herb commonly used in cooking.
A: Basil is an herb commonly used in cooking.
A: Basil is an herb commonly used in cooking.
A: Basil is an herb commonly used in cooking. (Score: -0.11054449528455734, Parent: 0)

Basil is an herb commonly used in cooking.
Hypervitaminosis D is a condition caused by excessive vitamin D levels in the body.
A: Basil is an herb commonly used in cooking.
A: Basil is an herb commonly used in cooking.
A: Basil is an herb commonly used in cooking.
A: Basil is an herb commonly used in cooking. (Score: -0.11054449528455734, Parent: 1)

********** Step: 7 **********

Basil is an herb commonly used in cooking.
Hypervitaminosis D is a condition caused by excessive vitamin D levels in the body.
A: Basil is an herb commonly used in cooking.
A: Basil is an herb commonly used in cooking.
A: Basil is an herb commonly used in cooking.
A: Basil is an herb commonly used in cooking.
A: Basil is an herb commonly used in cooking. (Score: -0.11580395698547363, Parent: 0)

Basil is an herb commonly used in cooking.
Hypervitaminosis D is a condition caused by excessive vitamin D levels in the body.
A: Basil is an herb commonly used in cooking.
A: Basil is an herb commonly used in cooking.
A: Basil is an herb commonly used in cooking.
A: Basil is an herb commonly used in cooking.
A: Basil is an herb commonly used in cooking. (Score: -0.11580395698547363, Parent: 1)

********** Step: 8 **********

Basil is an herb commonly used in cooking.
Hypervitaminosis D is a condition caused by excessive vitamin D levels in the body.
A: Basil is an herb commonly used in cooking.
A: Basil is an herb commonly used in cooking.
A: Basil is an herb commonly used in cooking.
A: Basil is an herb commonly used in cooking.
A: Basil is an herb commonly used in cooking.
A: Basil is an herb commonly used in cooking. (Score: -0.1221461296081543, Parent: 0)

Basil is an herb commonly used in cooking.
Hypervitaminosis D is a condition caused by excessive vitamin D levels in the body.
A: Basil is an herb commonly used in cooking.
A: Basil is an herb commonly used in cooking.
A: Basil is an herb commonly used in cooking.
A: Basil is an herb commonly used in cooking.
A: Basil is an herb commonly used in cooking.
A: Basil is an herb commonly used in cooking. (Score: -0.1221461296081543, Parent: 1)

---------- FINAL ----------
step 8
Basil is an herb commonly used in cooking.
Hypervitaminosis D is a condition caused by excessive vitamin D levels in the body.
A: Basil is an herb commonly used in cooking.
A: Basil is an herb commonly used in cooking.
A: Basil is an herb commonly used in cooking.
A: Basil is an herb commonly used in cooking.
A: Basil is an herb commonly used in cooking.
A: Basil is an herb commonly used in cooking. (Score: -0.1221461296081543)

Basil is an herb commonly used in cooking.
Hypervitaminosis D is a condition caused by excessive vitamin D levels in the body.
A: Basil is an herb commonly used in cooking.
A: Basil is an herb commonly used in cooking.
A: Basil is an herb commonly used in cooking.
A: Basil is an herb commonly used in cooking.
A: Basil is an herb commonly used in cooking.
A: Basil is an herb commonly used in cooking. (Score: -0.1221461296081543)
tensor([[ 2227321545651457777, -7545742893932643832,  2524002192446580237,
          2524002192446580237,  2524002192446580237,  2524002192446580237,
          2524002192446580237,  2524002192446580237],
        [ 2227321545651457777, -7545742893932643832,  2524002192446580237,
          2524002192446580237,  2524002192446580237,  2524002192446580237,
          2524002192446580237,  2524002192446580237]])

====================
Q: Does Alec Baldwin have more children than Clint Eastwood?


********** Step: 1 **********

Alec Baldwin has six children. (Score: 0.24669726192951202, Parent: 0)

Alec Baldwin has a total of 7 children. (Score: 0.2283100038766861, Parent: 0)

********** Step: 2 **********

Alec Baldwin has six children.
Clint Eastwood has eight children. (Score: 0.23734986782073975, Parent: 0)

Alec Baldwin has six children.
Clint Eastwood has eight children. (Score: 0.23734986782073975, Parent: 0)

********** Step: 3 **********

Alec Baldwin has six children.
Clint Eastwood has eight children.
A: Alec Baldwin has six children. (Score: 0.22361783683300018, Parent: 1)

Alec Baldwin has six children.
Clint Eastwood has eight children.
A: Alec Baldwin has six children. (Score: 0.2235526144504547, Parent: 0)

********** Step: 4 **********

Alec Baldwin has six children.
Clint Eastwood has eight children.
A: Alec Baldwin has six children.
A: Alec Baldwin has six children. (Score: 0.2172052264213562, Parent: 0)

Alec Baldwin has six children.
Clint Eastwood has eight children.
A: Alec Baldwin has six children.
A: Alec Baldwin has six children. (Score: 0.2172052264213562, Parent: 1)

********** Step: 5 **********

Alec Baldwin has six children.
Clint Eastwood has eight children.
A: Alec Baldwin has six children.
A: Alec Baldwin has six children.
A: Alec Baldwin has six children. (Score: 0.19862240552902222, Parent: 0)

Alec Baldwin has six children.
Clint Eastwood has eight children.
A: Alec Baldwin has six children.
A: Alec Baldwin has six children.
A: Alec Baldwin has six children. (Score: 0.19862240552902222, Parent: 1)

********** Step: 6 **********

Alec Baldwin has six children.
Clint Eastwood has eight children.
A: Alec Baldwin has six children.
A: Alec Baldwin has six children.
A: Alec Baldwin has six children.
A: Alec Baldwin has six children. (Score: 0.183847114443779, Parent: 0)

Alec Baldwin has six children.
Clint Eastwood has eight children.
A: Alec Baldwin has six children.
A: Alec Baldwin has six children.
A: Alec Baldwin has six children.
A: Alec Baldwin has six children. (Score: 0.183847114443779, Parent: 1)

********** Step: 7 **********

Alec Baldwin has six children.
Clint Eastwood has eight children.
A: Alec Baldwin has six children.
A: Alec Baldwin has six children.
A: Alec Baldwin has six children.
A: Alec Baldwin has six children.
A: Alec Baldwin has six children. (Score: 0.17280495166778564, Parent: 0)

Alec Baldwin has six children.
Clint Eastwood has eight children.
A: Alec Baldwin has six children.
A: Alec Baldwin has six children.
A: Alec Baldwin has six children.
A: Alec Baldwin has six children.
A: Alec Baldwin has six children. (Score: 0.17280495166778564, Parent: 1)

********** Step: 8 **********

Alec Baldwin has six children.
Clint Eastwood has eight children.
A: Alec Baldwin has six children.
A: Alec Baldwin has six children.
A: Alec Baldwin has six children.
A: Alec Baldwin has six children.
A: Alec Baldwin has six children.
A: Alec Baldwin has six children. (Score: 0.1630793958902359, Parent: 0)

Alec Baldwin has six children.
Clint Eastwood has eight children.
A: Alec Baldwin has six children.
A: Alec Baldwin has six children.
A: Alec Baldwin has six children.
A: Alec Baldwin has six children.
A: Alec Baldwin has six children.
A: Alec Baldwin has six children. (Score: 0.1630793958902359, Parent: 1)

---------- FINAL ----------
step 8
Alec Baldwin has six children.
Clint Eastwood has eight children.
A: Alec Baldwin has six children.
A: Alec Baldwin has six children.
A: Alec Baldwin has six children.
A: Alec Baldwin has six children.
A: Alec Baldwin has six children.
A: Alec Baldwin has six children. (Score: 0.1630793958902359)

Alec Baldwin has six children.
Clint Eastwood has eight children.
A: Alec Baldwin has six children.
A: Alec Baldwin has six children.
A: Alec Baldwin has six children.
A: Alec Baldwin has six children.
A: Alec Baldwin has six children.
A: Alec Baldwin has six children. (Score: 0.1630793958902359)
tensor([[ 7635627372366898131, -5542881898622560250,  1338056111810278585,
          1338056111810278585,  1338056111810278585,  1338056111810278585,
          1338056111810278585,  1338056111810278585],
        [ 7635627372366898131, -5542881898622560250,  1338056111810278585,
          1338056111810278585,  1338056111810278585,  1338056111810278585,
          1338056111810278585,  1338056111810278585]])

====================
Q: Can 200 men end to end cover Great Pyramid of Giza's base?


********** Step: 1 **********

The Great Pyramid of Giza has a square base. (Score: 0.2591782510280609, Parent: 0)

The Great Pyramid of Giza has a square base with each side measuring approximately 230.4 meters. (Score: 0.14273226261138916, Parent: 0)

********** Step: 2 **********

The Great Pyramid of Giza has a square base.
A: The Great Pyramid of Giza has a square base. (Score: 0.21840912103652954, Parent: 0)

The Great Pyramid of Giza has a square base.
A: The base of the Great Pyramid of Giza measures approximately 230.4 meters on each side. (Score: 0.16143622994422913, Parent: 0)

********** Step: 3 **********

The Great Pyramid of Giza has a square base.
A: The Great Pyramid of Giza has a square base.
A: The base of the Great Pyramid of Giza measures approximately 230.4 meters on each side. (Score: 0.1406281292438507, Parent: 0)

The Great Pyramid of Giza has a square base.
A: The Great Pyramid of Giza has a square base.
The base of the Great Pyramid of Giza measures approximately 230.4 meters on each side. (Score: 0.12639792263507843, Parent: 0)

********** Step: 4 **********

The Great Pyramid of Giza has a square base.
A: The Great Pyramid of Giza has a square base.
A: The base of the Great Pyramid of Giza measures approximately 230.4 meters on each side.
A: 200 men standing end to end would cover a certain length. (Score: 0.11363677680492401, Parent: 0)

The Great Pyramid of Giza has a square base.
A: The Great Pyramid of Giza has a square base.
A: The base of the Great Pyramid of Giza measures approximately 230.4 meters on each side.
A: The average length of an adult male is about 1.7 meters when standing. (Score: 0.10878671705722809, Parent: 0)

********** Step: 5 **********

The Great Pyramid of Giza has a square base.
A: The Great Pyramid of Giza has a square base.
A: The base of the Great Pyramid of Giza measures approximately 230.4 meters on each side.
A: 200 men standing end to end would cover a certain length.
A: The average length of an adult man is approximately 1.7 meters. (Score: 0.10548388957977295, Parent: 0)

The Great Pyramid of Giza has a square base.
A: The Great Pyramid of Giza has a square base.
A: The base of the Great Pyramid of Giza measures approximately 230.4 meters on each side.
A: 200 men standing end to end would cover a certain length.
A: Assuming an average width of a man standing end to end is about 0.5 meters, 200 men would cover approximately 200 * 0.5 = 100 meters. (Score: 0.07212913036346436, Parent: 0)

********** Step: 6 **********

The Great Pyramid of Giza has a square base.
A: The Great Pyramid of Giza has a square base.
A: The base of the Great Pyramid of Giza measures approximately 230.4 meters on each side.
A: 200 men standing end to end would cover a certain length.
A: The average length of an adult man is approximately 1.7 meters.
A: Therefore, 200 men end to end would cover approximately 200 * 1.7 = 340 meters. (Score: 0.07583446800708771, Parent: 0)

The Great Pyramid of Giza has a square base.
A: The Great Pyramid of Giza has a square base.
A: The base of the Great Pyramid of Giza measures approximately 230.4 meters on each side.
A: 200 men standing end to end would cover a certain length.
A: The average length of an adult man is approximately 1.7 meters.
A: Therefore, the total length that 200 men would cover is 200 men * 1.7 meters/man = 340 meters. (Score: 0.05986015498638153, Parent: 0)

********** Step: 7 **********

The Great Pyramid of Giza has a square base.
A: The Great Pyramid of Giza has a square base.
A: The base of the Great Pyramid of Giza measures approximately 230.4 meters on each side.
A: 200 men standing end to end would cover a certain length.
A: The average length of an adult man is approximately 1.7 meters.
A: Therefore, the total length that 200 men would cover is 200 men * 1.7 meters/man = 340 meters.
A: The Great Pyramid of Giza has a square base. (Score: 0.039655521512031555, Parent: 1)

The Great Pyramid of Giza has a square base.
A: The Great Pyramid of Giza has a square base.
A: The base of the Great Pyramid of Giza measures approximately 230.4 meters on each side.
A: 200 men standing end to end would cover a certain length.
A: The average length of an adult man is approximately 1.7 meters.
A: Therefore, the total length that 200 men would cover is 200 men * 1.7 meters/man = 340 meters.
A: The total length of 200 men standing end to end is 340 meters. (Score: 0.03677980974316597, Parent: 1)

********** Step: 8 **********

The Great Pyramid of Giza has a square base.
A: The Great Pyramid of Giza has a square base.
A: The base of the Great Pyramid of Giza measures approximately 230.4 meters on each side.
A: 200 men standing end to end would cover a certain length.
A: The average length of an adult man is approximately 1.7 meters.
A: Therefore, the total length that 200 men would cover is 200 men * 1.7 meters/man = 340 meters.
A: The Great Pyramid of Giza has a square base.
A: The base of the Great Pyramid of Giza measures approximately 230.4 meters on each side. (Score: 0.01470344327390194, Parent: 0)

The Great Pyramid of Giza has a square base.
A: The Great Pyramid of Giza has a square base.
A: The base of the Great Pyramid of Giza measures approximately 230.4 meters on each side.
A: 200 men standing end to end would cover a certain length.
A: The average length of an adult man is approximately 1.7 meters.
A: Therefore, the total length that 200 men would cover is 200 men * 1.7 meters/man = 340 meters.
A: The Great Pyramid of Giza has a square base.
A: Each side of the base of the Great Pyramid of Giza measures approximately 230.4 meters. (Score: 0.012499906122684479, Parent: 0)

---------- FINAL ----------
step 8
The Great Pyramid of Giza has a square base.
A: The Great Pyramid of Giza has a square base.
A: The base of the Great Pyramid of Giza measures approximately 230.4 meters on each side.
A: 200 men standing end to end would cover a certain length.
A: The average length of an adult man is approximately 1.7 meters.
A: Therefore, the total length that 200 men would cover is 200 men * 1.7 meters/man = 340 meters.
A: The Great Pyramid of Giza has a square base.
A: The base of the Great Pyramid of Giza measures approximately 230.4 meters on each side. (Score: 0.01470344327390194)

The Great Pyramid of Giza has a square base.
A: The Great Pyramid of Giza has a square base.
A: The base of the Great Pyramid of Giza measures approximately 230.4 meters on each side.
A: 200 men standing end to end would cover a certain length.
A: The average length of an adult man is approximately 1.7 meters.
A: Therefore, the total length that 200 men would cover is 200 men * 1.7 meters/man = 340 meters.
A: The Great Pyramid of Giza has a square base.
A: Each side of the base of the Great Pyramid of Giza measures approximately 230.4 meters. (Score: 0.012499906122684479)
tensor([[ 7751251860348764444,  4905818028458946339, -3488543341660347221,
          3955909638912398813, -1174359771487965658, -3564088326633962695,
          4905818028458946339, -3488543341660347221],
        [ 7751251860348764444,  4905818028458946339, -3488543341660347221,
          3955909638912398813, -1174359771487965658, -3564088326633962695,
          4905818028458946339,  3600595572536858375]])

====================
Q: Would you spend less on your food at Aldi than at Whole Foods?


********** Step: 1 **********

Aldi is known for its low prices and discount grocery model. (Score: 0.07408970594406128, Parent: 0)

A: Aldi is known for its low prices and discount grocery model. (Score: 0.028571126982569695, Parent: 0)

********** Step: 2 **********

Aldi is known for its low prices and discount grocery model.
A: Whole Foods is known for its premium products and higher prices. (Score: 0.05388359725475311, Parent: 0)

Aldi is known for its low prices and discount grocery model.
A: Whole Foods is known for its premium products and higher price points. (Score: 0.048226624727249146, Parent: 0)

********** Step: 3 **********

Aldi is known for its low prices and discount grocery model.
A: Whole Foods is known for its premium products and higher prices.
A: Many consumers report spending less on groceries at Aldi compared to Whole Foods. (Score: 0.021910889074206352, Parent: 0)

Aldi is known for its low prices and discount grocery model.
A: Whole Foods is known for its premium products and higher prices.
A: Many consumers report that they save money when shopping at Aldi compared to Whole Foods. (Score: 0.008077137172222137, Parent: 0)

********** Step: 4 **********

Aldi is known for its low prices and discount grocery model.
A: Whole Foods is known for its premium products and higher prices.
A: Many consumers report spending less on groceries at Aldi compared to Whole Foods.
A: Aldi focuses on private label products and cost-saving measures to keep prices low. (Score: -0.00347939133644104, Parent: 0)

Aldi is known for its low prices and discount grocery model.
A: Whole Foods is known for its premium products and higher prices.
A: Many consumers report spending less on groceries at Aldi compared to Whole Foods.
A: Aldi often has lower-priced items and focuses on private label brands. (Score: -0.015685811638832092, Parent: 0)

********** Step: 5 **********

Aldi is known for its low prices and discount grocery model.
A: Whole Foods is known for its premium products and higher prices.
A: Many consumers report spending less on groceries at Aldi compared to Whole Foods.
A: Aldi often has lower-priced items and focuses on private label brands.
A: Whole Foods tends to offer organic and specialty items that can be more expensive. (Score: -0.04193849861621857, Parent: 1)

Aldi is known for its low prices and discount grocery model.
A: Whole Foods is known for its premium products and higher prices.
A: Many consumers report spending less on groceries at Aldi compared to Whole Foods.
A: Aldi often has lower-priced items and focuses on private label brands.
A: Whole Foods tends to prioritize organic and specialty items which typically come at a higher cost. (Score: -0.045652274042367935, Parent: 1)

********** Step: 6 **********

Aldi is known for its low prices and discount grocery model.
A: Whole Foods is known for its premium products and higher prices.
A: Many consumers report spending less on groceries at Aldi compared to Whole Foods.
A: Aldi often has lower-priced items and focuses on private label brands.
A: Whole Foods tends to offer organic and specialty items that can be more expensive.
#### Yes. (Score: 0.24720989167690277, Parent: 0)

Aldi is known for its low prices and discount grocery model.
A: Whole Foods is known for its premium products and higher prices.
A: Many consumers report spending less on groceries at Aldi compared to Whole Foods.
A: Aldi often has lower-priced items and focuses on private label brands.
A: Whole Foods tends to prioritize organic and specialty items which typically come at a higher cost.
#### Yes. (Score: 0.23867586255073547, Parent: 1)

********** Step: 7 **********

Aldi is known for its low prices and discount grocery model.
A: Whole Foods is known for its premium products and higher prices.
A: Many consumers report spending less on groceries at Aldi compared to Whole Foods.
A: Aldi often has lower-priced items and focuses on private label brands.
A: Whole Foods tends to offer organic and specialty items that can be more expensive.
#### Yes.
 (Score: 0.24720989167690277, Parent: 0)

Aldi is known for its low prices and discount grocery model.
A: Whole Foods is known for its premium products and higher prices.
A: Many consumers report spending less on groceries at Aldi compared to Whole Foods.
A: Aldi often has lower-priced items and focuses on private label brands.
A: Whole Foods tends to prioritize organic and specialty items which typically come at a higher cost.
#### Yes.
 (Score: 0.23867586255073547, Parent: 1)

---------- FINAL ----------
step 7
Aldi is known for its low prices and discount grocery model.
A: Whole Foods is known for its premium products and higher prices.
A: Many consumers report spending less on groceries at Aldi compared to Whole Foods.
A: Aldi often has lower-priced items and focuses on private label brands.
A: Whole Foods tends to offer organic and specialty items that can be more expensive.
#### Yes.
 (Score: 0.24720989167690277)

Aldi is known for its low prices and discount grocery model.
A: Whole Foods is known for its premium products and higher prices.
A: Many consumers report spending less on groceries at Aldi compared to Whole Foods.
A: Aldi often has lower-priced items and focuses on private label brands.
A: Whole Foods tends to prioritize organic and specialty items which typically come at a higher cost.
#### Yes.
 (Score: 0.23867586255073547)
tensor([[-1987524409338276473, -8661893428878408973, -8164378043556398580,
           700817252655024426,  2173604010392357423,  3209685389633853342,
                            0,                   -1],
        [-1987524409338276473, -8661893428878408973, -8164378043556398580,
           700817252655024426, -4542140249420702477,  3209685389633853342,
                            0,                   -1]])

====================
Q: Is "A Tale of Two Cities" a popular science novel?


********** Step: 1 **********

"A Tale of Two Cities" is a novel written by Charles Dickens. (Score: -0.06808394193649292, Parent: 0)

"A Tale of Two Cities" is a historical novel by Charles Dickens published in 1859. (Score: -0.09044883400201797, Parent: 0)

********** Step: 2 **********

"A Tale of Two Cities" is a novel written by Charles Dickens.
The genre of "A Tale of Two Cities" is historical fiction, not science. (Score: -0.10515071451663971, Parent: 0)

"A Tale of Two Cities" is a novel written by Charles Dickens.
It is set in London and Paris before and during the French Revolution. (Score: -0.11052295565605164, Parent: 0)

********** Step: 3 **********

"A Tale of Two Cities" is a novel written by Charles Dickens.
The genre of "A Tale of Two Cities" is historical fiction, not science.
A: "A Tale of Two Cities" is a novel written by Charles Dickens. (Score: -0.12171480059623718, Parent: 0)

"A Tale of Two Cities" is a novel written by Charles Dickens.
It is set in London and Paris before and during the French Revolution.
The genre of "A Tale of Two Cities" is historical fiction, not science fiction. (Score: -0.13269385695457458, Parent: 1)

********** Step: 4 **********

"A Tale of Two Cities" is a novel written by Charles Dickens.
It is set in London and Paris before and during the French Revolution.
The genre of "A Tale of Two Cities" is historical fiction, not science fiction.
#### No. (Score: 0.14142106473445892, Parent: 1)

"A Tale of Two Cities" is a novel written by Charles Dickens.
The genre of "A Tale of Two Cities" is historical fiction, not science.
A: "A Tale of Two Cities" is a novel written by Charles Dickens.
The genre of "A Tale of Two Cities" is historical fiction, not science fiction or popular science. (Score: -0.13011230528354645, Parent: 0)

********** Step: 5 **********

"A Tale of Two Cities" is a novel written by Charles Dickens.
The genre of "A Tale of Two Cities" is historical fiction, not science.
A: "A Tale of Two Cities" is a novel written by Charles Dickens.
The genre of "A Tale of Two Cities" is historical fiction, not science fiction or popular science.
#### No. (Score: 0.14204859733581543, Parent: 1)

"A Tale of Two Cities" is a novel written by Charles Dickens.
The genre of "A Tale of Two Cities" is historical fiction, not science.
A: "A Tale of Two Cities" is a novel written by Charles Dickens.
The genre of "A Tale of Two Cities" is historical fiction, not science fiction or popular science.
#### No. (Score: 0.14204859733581543, Parent: 1)

********** Step: 6 **********

"A Tale of Two Cities" is a novel written by Charles Dickens.
The genre of "A Tale of Two Cities" is historical fiction, not science.
A: "A Tale of Two Cities" is a novel written by Charles Dickens.
The genre of "A Tale of Two Cities" is historical fiction, not science fiction or popular science.
#### No.
 (Score: 0.14204859733581543, Parent: 0)

"A Tale of Two Cities" is a novel written by Charles Dickens.
The genre of "A Tale of Two Cities" is historical fiction, not science.
A: "A Tale of Two Cities" is a novel written by Charles Dickens.
The genre of "A Tale of Two Cities" is historical fiction, not science fiction or popular science.
#### No.
 (Score: 0.14204859733581543, Parent: 1)

---------- FINAL ----------
step 6
"A Tale of Two Cities" is a novel written by Charles Dickens.
The genre of "A Tale of Two Cities" is historical fiction, not science.
A: "A Tale of Two Cities" is a novel written by Charles Dickens.
The genre of "A Tale of Two Cities" is historical fiction, not science fiction or popular science.
#### No.
 (Score: 0.14204859733581543)

"A Tale of Two Cities" is a novel written by Charles Dickens.
The genre of "A Tale of Two Cities" is historical fiction, not science.
A: "A Tale of Two Cities" is a novel written by Charles Dickens.
The genre of "A Tale of Two Cities" is historical fiction, not science fiction or popular science.
#### No.
 (Score: 0.14204859733581543)
tensor([[ 4955119632828648686, -4107053918121044501, -7112351903377726243,
          4620226400777202533, -5322498821065855045,                    0,
                           -1,                   -1],
        [ 4955119632828648686, -4107053918121044501, -7112351903377726243,
          4620226400777202533, -5322498821065855045,                    0,
                           -1,                   -1]])

====================
Q: Was the Second Amendment to the United States Constitution written without consideration for black Americans?


********** Step: 1 **********

The Second Amendment was ratified in 1791. (Score: 0.08709996938705444, Parent: 0)

The Second Amendment to the United States Constitution was ratified in 1791. (Score: 0.013208158314228058, Parent: 0)

********** Step: 2 **********

The Second Amendment was ratified in 1791.
The Second Amendment states: "A well regulated Militia, being necessary to the security of a free State, the right of the people to keep and bear Arms, shall not be infringed.". (Score: 0.09904967248439789, Parent: 0)

The Second Amendment was ratified in 1791.
A: The Second Amendment was ratified in 1791. (Score: 0.09381040930747986, Parent: 0)

********** Step: 3 **********

The Second Amendment was ratified in 1791.
A: The Second Amendment was ratified in 1791.
The Second Amendment states: "A well regulated Militia, being necessary to the security of a free State, the right of the people to keep and bear Arms, shall not be infringed.". (Score: 0.08362440764904022, Parent: 1)

The Second Amendment was ratified in 1791.
A: The Second Amendment was ratified in 1791.
A: The Second Amendment was ratified in 1791. (Score: 0.052086107432842255, Parent: 1)

********** Step: 4 **********

The Second Amendment was ratified in 1791.
A: The Second Amendment was ratified in 1791.
A: The Second Amendment was ratified in 1791.
A: The Second Amendment to the United States Constitution states: "A well regulated Militia, being necessary to the security of a free State, the right of the people to keep and bear Arms, shall not be infringed.". (Score: 0.061119720339775085, Parent: 1)

The Second Amendment was ratified in 1791.
A: The Second Amendment was ratified in 1791.
The Second Amendment states: "A well regulated Militia, being necessary to the security of a free State, the right of the people to keep and bear Arms, shall not be infringed.".
A: The Second Amendment was ratified in 1791. (Score: 0.015846189111471176, Parent: 0)

********** Step: 5 **********

The Second Amendment was ratified in 1791.
A: The Second Amendment was ratified in 1791.
A: The Second Amendment was ratified in 1791.
A: The Second Amendment to the United States Constitution states: "A well regulated Militia, being necessary to the security of a free State, the right of the people to keep and bear Arms, shall not be infringed.".
A: The Second Amendment was ratified in 1791. (Score: 0.003320054616779089, Parent: 0)

The Second Amendment was ratified in 1791.
A: The Second Amendment was ratified in 1791.
A: The Second Amendment was ratified in 1791.
A: The Second Amendment to the United States Constitution states: "A well regulated Militia, being necessary to the security of a free State, the right of the people to keep and bear Arms, shall not be infringed.".
A: The Second Amendment was ratified in 1791. (Score: 0.003320054616779089, Parent: 0)

********** Step: 6 **********

The Second Amendment was ratified in 1791.
A: The Second Amendment was ratified in 1791.
A: The Second Amendment was ratified in 1791.
A: The Second Amendment to the United States Constitution states: "A well regulated Militia, being necessary to the security of a free State, the right of the people to keep and bear Arms, shall not be infringed.".
A: The Second Amendment was ratified in 1791.
A: The Second Amendment was ratified in 1791. (Score: -0.018298078328371048, Parent: 0)

The Second Amendment was ratified in 1791.
A: The Second Amendment was ratified in 1791.
A: The Second Amendment was ratified in 1791.
A: The Second Amendment to the United States Constitution states: "A well regulated Militia, being necessary to the security of a free State, the right of the people to keep and bear Arms, shall not be infringed.".
A: The Second Amendment was ratified in 1791.
A: The Second Amendment was ratified in 1791. (Score: -0.018298078328371048, Parent: 1)

********** Step: 7 **********

The Second Amendment was ratified in 1791.
A: The Second Amendment was ratified in 1791.
A: The Second Amendment was ratified in 1791.
A: The Second Amendment to the United States Constitution states: "A well regulated Militia, being necessary to the security of a free State, the right of the people to keep and bear Arms, shall not be infringed.".
A: The Second Amendment was ratified in 1791.
A: The Second Amendment was ratified in 1791.
A: The Second Amendment was ratified in 1791. (Score: -0.02698749303817749, Parent: 0)

The Second Amendment was ratified in 1791.
A: The Second Amendment was ratified in 1791.
A: The Second Amendment was ratified in 1791.
A: The Second Amendment to the United States Constitution states: "A well regulated Militia, being necessary to the security of a free State, the right of the people to keep and bear Arms, shall not be infringed.".
A: The Second Amendment was ratified in 1791.
A: The Second Amendment was ratified in 1791.
A: The Second Amendment was ratified in 1791. (Score: -0.02698749303817749, Parent: 1)

********** Step: 8 **********

The Second Amendment was ratified in 1791.
A: The Second Amendment was ratified in 1791.
A: The Second Amendment was ratified in 1791.
A: The Second Amendment to the United States Constitution states: "A well regulated Militia, being necessary to the security of a free State, the right of the people to keep and bear Arms, shall not be infringed.".
A: The Second Amendment was ratified in 1791.
A: The Second Amendment was ratified in 1791.
A: The Second Amendment was ratified in 1791.
A: The Second Amendment was ratified in 1791. (Score: -0.034808456897735596, Parent: 0)

The Second Amendment was ratified in 1791.
A: The Second Amendment was ratified in 1791.
A: The Second Amendment was ratified in 1791.
A: The Second Amendment to the United States Constitution states: "A well regulated Militia, being necessary to the security of a free State, the right of the people to keep and bear Arms, shall not be infringed.".
A: The Second Amendment was ratified in 1791.
A: The Second Amendment was ratified in 1791.
A: The Second Amendment was ratified in 1791.
A: The Second Amendment was ratified in 1791. (Score: -0.034808456897735596, Parent: 1)

---------- FINAL ----------
step 8
The Second Amendment was ratified in 1791.
A: The Second Amendment was ratified in 1791.
A: The Second Amendment was ratified in 1791.
A: The Second Amendment to the United States Constitution states: "A well regulated Militia, being necessary to the security of a free State, the right of the people to keep and bear Arms, shall not be infringed.".
A: The Second Amendment was ratified in 1791.
A: The Second Amendment was ratified in 1791.
A: The Second Amendment was ratified in 1791.
A: The Second Amendment was ratified in 1791. (Score: -0.034808456897735596)

The Second Amendment was ratified in 1791.
A: The Second Amendment was ratified in 1791.
A: The Second Amendment was ratified in 1791.
A: The Second Amendment to the United States Constitution states: "A well regulated Militia, being necessary to the security of a free State, the right of the people to keep and bear Arms, shall not be infringed.".
A: The Second Amendment was ratified in 1791.
A: The Second Amendment was ratified in 1791.
A: The Second Amendment was ratified in 1791.
A: The Second Amendment was ratified in 1791. (Score: -0.034808456897735596)
tensor([[ 6731881259132991042, -1496522361882352921, -1496522361882352921,
          8397001815299492993, -1496522361882352921, -1496522361882352921,
         -1496522361882352921, -1496522361882352921],
        [ 6731881259132991042, -1496522361882352921, -1496522361882352921,
          8397001815299492993, -1496522361882352921, -1496522361882352921,
         -1496522361882352921, -1496522361882352921]])

====================
Q: Could someone with fine motor control issues benefit from an altered keyboard layout?


********** Step: 1 **********

A: Fine motor control issues can make it difficult to use standard keyboard layouts effectively. (Score: 0.07981058955192566, Parent: 0)

A: Fine motor control issues can make it difficult for individuals to accurately use standard keyboards. (Score: 0.07321930676698685, Parent: 0)

********** Step: 2 **********

A: Fine motor control issues can make it difficult for individuals to accurately use standard keyboards.
A: Alternative keyboard layouts can be designed to accommodate individuals with fine motor control issues. (Score: 0.04564143717288971, Parent: 1)

A: Fine motor control issues can make it difficult for individuals to accurately use standard keyboards.
A: Alternative keyboard layouts can be designed to accommodate users with fine motor control issues. (Score: 0.042848072946071625, Parent: 1)

********** Step: 3 **********

A: Fine motor control issues can make it difficult for individuals to accurately use standard keyboards.
A: Alternative keyboard layouts can be designed to accommodate users with fine motor control issues.
A: These layouts can include larger keys, fewer keys, or keys that require less precision to press. (Score: 0.0010688165202736855, Parent: 1)

A: Fine motor control issues can make it difficult for individuals to accurately use standard keyboards.
A: Alternative keyboard layouts can be designed to accommodate individuals with fine motor control issues.
A: These layouts might include larger keys, fewer keys, or a different arrangement that reduces the need for precise movement. (Score: -0.005538472905755043, Parent: 0)

********** Step: 4 **********

A: Fine motor control issues can make it difficult for individuals to accurately use standard keyboards.
A: Alternative keyboard layouts can be designed to accommodate individuals with fine motor control issues.
A: These layouts might include larger keys, fewer keys, or a different arrangement that reduces the need for precise movement.
A: Individuals with fine motor control issues often struggle with traditional keyboard designs. (Score: -0.02198517695069313, Parent: 1)

A: Fine motor control issues can make it difficult for individuals to accurately use standard keyboards.
A: Alternative keyboard layouts can be designed to accommodate users with fine motor control issues.
A: These layouts can include larger keys, fewer keys, or keys that require less precision to press.
A: Research has shown that customized tools can help individuals with disabilities improve their typing efficiency and comfort. (Score: -0.025394493713974953, Parent: 0)

********** Step: 5 **********

A: Fine motor control issues can make it difficult for individuals to accurately use standard keyboards.
A: Alternative keyboard layouts can be designed to accommodate users with fine motor control issues.
A: These layouts can include larger keys, fewer keys, or keys that require less precision to press.
A: Research has shown that customized tools can help individuals with disabilities improve their typing efficiency and comfort.
A: Fine motor control issues can make it difficult for individuals to accurately use standard keyboards. (Score: -0.03606705367565155, Parent: 1)

A: Fine motor control issues can make it difficult for individuals to accurately use standard keyboards.
A: Alternative keyboard layouts can be designed to accommodate individuals with fine motor control issues.
A: These layouts might include larger keys, fewer keys, or a different arrangement that reduces the need for precise movement.
A: Individuals with fine motor control issues often struggle with traditional keyboard designs.
A: Therefore, an altered keyboard layout could provide a more accessible option for these individuals. (Score: -0.03915847837924957, Parent: 0)

********** Step: 6 **********

A: Fine motor control issues can make it difficult for individuals to accurately use standard keyboards.
A: Alternative keyboard layouts can be designed to accommodate individuals with fine motor control issues.
A: These layouts might include larger keys, fewer keys, or a different arrangement that reduces the need for precise movement.
A: Individuals with fine motor control issues often struggle with traditional keyboard designs.
A: Therefore, an altered keyboard layout could provide a more accessible option for these individuals.
#### Yes. (Score: 0.21836936473846436, Parent: 1)

A: Fine motor control issues can make it difficult for individuals to accurately use standard keyboards.
A: Alternative keyboard layouts can be designed to accommodate individuals with fine motor control issues.
A: These layouts might include larger keys, fewer keys, or a different arrangement that reduces the need for precise movement.
A: Individuals with fine motor control issues often struggle with traditional keyboard designs.
A: Therefore, an altered keyboard layout could provide a more accessible option for these individuals.
#### Yes. (Score: 0.21836936473846436, Parent: 1)

********** Step: 7 **********

A: Fine motor control issues can make it difficult for individuals to accurately use standard keyboards.
A: Alternative keyboard layouts can be designed to accommodate individuals with fine motor control issues.
A: These layouts might include larger keys, fewer keys, or a different arrangement that reduces the need for precise movement.
A: Individuals with fine motor control issues often struggle with traditional keyboard designs.
A: Therefore, an altered keyboard layout could provide a more accessible option for these individuals.
#### Yes.
 (Score: 0.21836936473846436, Parent: 0)

A: Fine motor control issues can make it difficult for individuals to accurately use standard keyboards.
A: Alternative keyboard layouts can be designed to accommodate individuals with fine motor control issues.
A: These layouts might include larger keys, fewer keys, or a different arrangement that reduces the need for precise movement.
A: Individuals with fine motor control issues often struggle with traditional keyboard designs.
A: Therefore, an altered keyboard layout could provide a more accessible option for these individuals.
#### Yes.
 (Score: 0.21836936473846436, Parent: 1)

---------- FINAL ----------
step 7
A: Fine motor control issues can make it difficult for individuals to accurately use standard keyboards.
A: Alternative keyboard layouts can be designed to accommodate individuals with fine motor control issues.
A: These layouts might include larger keys, fewer keys, or a different arrangement that reduces the need for precise movement.
A: Individuals with fine motor control issues often struggle with traditional keyboard designs.
A: Therefore, an altered keyboard layout could provide a more accessible option for these individuals.
#### Yes.
 (Score: 0.21836936473846436)

A: Fine motor control issues can make it difficult for individuals to accurately use standard keyboards.
A: Alternative keyboard layouts can be designed to accommodate individuals with fine motor control issues.
A: These layouts might include larger keys, fewer keys, or a different arrangement that reduces the need for precise movement.
A: Individuals with fine motor control issues often struggle with traditional keyboard designs.
A: Therefore, an altered keyboard layout could provide a more accessible option for these individuals.
#### Yes.
 (Score: 0.21836936473846436)
tensor([[-2740468389184027054, -6979878320624842639,  6390141546835964843,
          7599087952897741337,  4228455903965360912,  3209685389633853342,
                            0,                   -1],
        [-2740468389184027054, -6979878320624842639,  6390141546835964843,
          7599087952897741337,  4228455903965360912,  3209685389633853342,
                            0,                   -1]])

====================
Q: Would a Dodo hypothetically tower over Ma Petite?


********** Step: 1 **********

A: The Dodo was a flightless bird that lived on the island of Mauritius and stood about 3 feet tall. (Score: 0.04811716079711914, Parent: 0)

A: The Dodo was a flightless bird that lived on the island of Mauritius and is now extinct. (Score: 0.03316756710410118, Parent: 0)

********** Step: 2 **********

A: The Dodo was a flightless bird that lived on the island of Mauritius and is now extinct.
The Dodo was approximately 1 meter tall when standing. (Score: 0.01931053027510643, Parent: 1)

A: The Dodo was a flightless bird that lived on the island of Mauritius and is now extinct.
The average height of a Dodo was about 1 meter (3.3 feet). (Score: -0.0043989443220198154, Parent: 1)

********** Step: 3 **********

A: The Dodo was a flightless bird that lived on the island of Mauritius and is now extinct.
The Dodo was approximately 1 meter tall when standing.
Ma Petite is a character from the series "American Horror Story: Freak Show," who is known to be a little person, standing at about 2 feet 4 inches (approximately 0.71 meters) tall. (Score: -0.07231852412223816, Parent: 0)

A: The Dodo was a flightless bird that lived on the island of Mauritius and is now extinct.
The average height of a Dodo was about 1 meter (3.3 feet).
Ma Petite is a character from the television series "American Horror Story," portrayed as a diminutive person with a height of about 2 feet (0.61 meters). (Score: -0.08375441282987595, Parent: 1)

********** Step: 4 **********

A: The Dodo was a flightless bird that lived on the island of Mauritius and is now extinct.
The Dodo was approximately 1 meter tall when standing.
Ma Petite is a character from the series "American Horror Story: Freak Show," who is known to be a little person, standing at about 2 feet 4 inches (approximately 0.71 meters) tall.
To compare the heights of the Dodo and Ma Petite:. (Score: -0.05892275273799896, Parent: 0)

A: The Dodo was a flightless bird that lived on the island of Mauritius and is now extinct.
The Dodo was approximately 1 meter tall when standing.
Ma Petite is a character from the series "American Horror Story: Freak Show," who is known to be a little person, standing at about 2 feet 4 inches (approximately 0.71 meters) tall.
To compare the heights of the Dodo and Ma Petite, we can break it down as follows:. (Score: -0.07293984293937683, Parent: 0)

********** Step: 5 **********

A: The Dodo was a flightless bird that lived on the island of Mauritius and is now extinct.
The Dodo was approximately 1 meter tall when standing.
Ma Petite is a character from the series "American Horror Story: Freak Show," who is known to be a little person, standing at about 2 feet 4 inches (approximately 0.71 meters) tall.
To compare the heights of the Dodo and Ma Petite, we can break it down as follows:.
1. The height of the Dodo is approximately 1 meter (100 centimeters). (Score: -0.07575885951519012, Parent: 1)

A: The Dodo was a flightless bird that lived on the island of Mauritius and is now extinct.
The Dodo was approximately 1 meter tall when standing.
Ma Petite is a character from the series "American Horror Story: Freak Show," who is known to be a little person, standing at about 2 feet 4 inches (approximately 0.71 meters) tall.
To compare the heights of the Dodo and Ma Petite, we can break it down as follows:.
1. The Dodo's height is about 1 meter (approximately 3 feet). (Score: -0.07868799567222595, Parent: 1)

********** Step: 6 **********

A: The Dodo was a flightless bird that lived on the island of Mauritius and is now extinct.
The Dodo was approximately 1 meter tall when standing.
Ma Petite is a character from the series "American Horror Story: Freak Show," who is known to be a little person, standing at about 2 feet 4 inches (approximately 0.71 meters) tall.
To compare the heights of the Dodo and Ma Petite, we can break it down as follows:.
1. The height of the Dodo is approximately 1 meter (100 centimeters).
2. The height of Ma Petite is approximately 0.71 meters (71 centimeters). (Score: -0.08870469033718109, Parent: 0)

A: The Dodo was a flightless bird that lived on the island of Mauritius and is now extinct.
The Dodo was approximately 1 meter tall when standing.
Ma Petite is a character from the series "American Horror Story: Freak Show," who is known to be a little person, standing at about 2 feet 4 inches (approximately 0.71 meters) tall.
To compare the heights of the Dodo and Ma Petite, we can break it down as follows:.
1. The height of the Dodo is approximately 1 meter (100 centimeters).
2. The height of Ma Petite is approximately 0.71 meters (71 centimeters). (Score: -0.08870469033718109, Parent: 0)

********** Step: 7 **********

A: The Dodo was a flightless bird that lived on the island of Mauritius and is now extinct.
The Dodo was approximately 1 meter tall when standing.
Ma Petite is a character from the series "American Horror Story: Freak Show," who is known to be a little person, standing at about 2 feet 4 inches (approximately 0.71 meters) tall.
To compare the heights of the Dodo and Ma Petite, we can break it down as follows:.
1. The height of the Dodo is approximately 1 meter (100 centimeters).
2. The height of Ma Petite is approximately 0.71 meters (71 centimeters).
3. Comparing the two heights: 1 meter (Dodo) is greater than 0.71 meters (Ma Petite). (Score: -0.08285561203956604, Parent: 0)

A: The Dodo was a flightless bird that lived on the island of Mauritius and is now extinct.
The Dodo was approximately 1 meter tall when standing.
Ma Petite is a character from the series "American Horror Story: Freak Show," who is known to be a little person, standing at about 2 feet 4 inches (approximately 0.71 meters) tall.
To compare the heights of the Dodo and Ma Petite, we can break it down as follows:.
1. The height of the Dodo is approximately 1 meter (100 centimeters).
2. The height of Ma Petite is approximately 0.71 meters (71 centimeters).
3. Comparing the two heights, 1 meter (Dodo) is greater than 0.71 meters (Ma Petite). (Score: -0.08652099967002869, Parent: 1)

********** Step: 8 **********

A: The Dodo was a flightless bird that lived on the island of Mauritius and is now extinct.
The Dodo was approximately 1 meter tall when standing.
Ma Petite is a character from the series "American Horror Story: Freak Show," who is known to be a little person, standing at about 2 feet 4 inches (approximately 0.71 meters) tall.
To compare the heights of the Dodo and Ma Petite, we can break it down as follows:.
1. The height of the Dodo is approximately 1 meter (100 centimeters).
2. The height of Ma Petite is approximately 0.71 meters (71 centimeters).
3. Comparing the two heights: 1 meter (Dodo) is greater than 0.71 meters (Ma Petite).
#### Yes. (Score: 0.13072046637535095, Parent: 0)

A: The Dodo was a flightless bird that lived on the island of Mauritius and is now extinct.
The Dodo was approximately 1 meter tall when standing.
Ma Petite is a character from the series "American Horror Story: Freak Show," who is known to be a little person, standing at about 2 feet 4 inches (approximately 0.71 meters) tall.
To compare the heights of the Dodo and Ma Petite, we can break it down as follows:.
1. The height of the Dodo is approximately 1 meter (100 centimeters).
2. The height of Ma Petite is approximately 0.71 meters (71 centimeters).
3. Comparing the two heights, 1 meter (Dodo) is greater than 0.71 meters (Ma Petite).
#### Yes. (Score: 0.1276831328868866, Parent: 1)

---------- FINAL ----------
step 8
A: The Dodo was a flightless bird that lived on the island of Mauritius and is now extinct.
The Dodo was approximately 1 meter tall when standing.
Ma Petite is a character from the series "American Horror Story: Freak Show," who is known to be a little person, standing at about 2 feet 4 inches (approximately 0.71 meters) tall.
To compare the heights of the Dodo and Ma Petite, we can break it down as follows:.
1. The height of the Dodo is approximately 1 meter (100 centimeters).
2. The height of Ma Petite is approximately 0.71 meters (71 centimeters).
3. Comparing the two heights: 1 meter (Dodo) is greater than 0.71 meters (Ma Petite).
#### Yes. (Score: 0.13072046637535095)

A: The Dodo was a flightless bird that lived on the island of Mauritius and is now extinct.
The Dodo was approximately 1 meter tall when standing.
Ma Petite is a character from the series "American Horror Story: Freak Show," who is known to be a little person, standing at about 2 feet 4 inches (approximately 0.71 meters) tall.
To compare the heights of the Dodo and Ma Petite, we can break it down as follows:.
1. The height of the Dodo is approximately 1 meter (100 centimeters).
2. The height of Ma Petite is approximately 0.71 meters (71 centimeters).
3. Comparing the two heights, 1 meter (Dodo) is greater than 0.71 meters (Ma Petite).
#### Yes. (Score: 0.1276831328868866)
tensor([[ 6501917899798289668, -3098936719652985571,  2707078224856654730,
         -3780826467773667561,  6603671268967820261, -5979778435058900211,
         -4974141124110858465,  3209685389633853342],
        [ 6501917899798289668, -3098936719652985571,  2707078224856654730,
         -3780826467773667561,  6603671268967820261, -5979778435058900211,
         -7403630254169849180,  3209685389633853342]])

====================
Q: Can you use the T-Mobile tuesdays app if you aren't a T-Mobile customer?


********** Step: 1 **********

The T-Mobile Tuesdays app is designed for T-Mobile customers. (Score: 0.12935084104537964, Parent: 0)

T-Mobile Tuesdays is a rewards program offered by T-Mobile for its customers. (Score: -0.01900557056069374, Parent: 0)

********** Step: 2 **********

The T-Mobile Tuesdays app is designed for T-Mobile customers.
To use the T-Mobile Tuesdays app, one must be a T-Mobile customer. (Score: 0.04244658723473549, Parent: 0)

The T-Mobile Tuesdays app is designed for T-Mobile customers.
To access the T-Mobile Tuesdays app, you need to be a T-Mobile customer. (Score: 0.03911152854561806, Parent: 0)

********** Step: 3 **********

The T-Mobile Tuesdays app is designed for T-Mobile customers.
To use the T-Mobile Tuesdays app, one must be a T-Mobile customer.
#### No. (Score: 0.3554723858833313, Parent: 0)

The T-Mobile Tuesdays app is designed for T-Mobile customers.
To access the T-Mobile Tuesdays app, you need to be a T-Mobile customer.
A: The T-Mobile Tuesdays app is designed specifically for T-Mobile customers. (Score: 0.0154542475938797, Parent: 1)

********** Step: 4 **********

The T-Mobile Tuesdays app is designed for T-Mobile customers.
To use the T-Mobile Tuesdays app, one must be a T-Mobile customer.
#### No.
 (Score: 0.3554723858833313, Parent: 0)

The T-Mobile Tuesdays app is designed for T-Mobile customers.
To access the T-Mobile Tuesdays app, you need to be a T-Mobile customer.
A: The T-Mobile Tuesdays app is designed specifically for T-Mobile customers.
A: The T-Mobile Tuesdays app is designed for T-Mobile customers. (Score: -0.0009451638907194138, Parent: 1)

********** Step: 5 **********

The T-Mobile Tuesdays app is designed for T-Mobile customers.
To use the T-Mobile Tuesdays app, one must be a T-Mobile customer.
#### No.

 (Score: 0.3554723858833313, Parent: 0)

The T-Mobile Tuesdays app is designed for T-Mobile customers.
To access the T-Mobile Tuesdays app, you need to be a T-Mobile customer.
A: The T-Mobile Tuesdays app is designed specifically for T-Mobile customers.
A: The T-Mobile Tuesdays app is designed for T-Mobile customers.
A: The T-Mobile Tuesdays app is designed for T-Mobile customers. (Score: -0.012259377166628838, Parent: 1)

********** Step: 6 **********

The T-Mobile Tuesdays app is designed for T-Mobile customers.
To use the T-Mobile Tuesdays app, one must be a T-Mobile customer.
#### No.


 (Score: 0.3554723858833313, Parent: 0)

The T-Mobile Tuesdays app is designed for T-Mobile customers.
To access the T-Mobile Tuesdays app, you need to be a T-Mobile customer.
A: The T-Mobile Tuesdays app is designed specifically for T-Mobile customers.
A: The T-Mobile Tuesdays app is designed for T-Mobile customers.
A: The T-Mobile Tuesdays app is designed for T-Mobile customers.
A: The T-Mobile Tuesdays app is designed for T-Mobile customers. (Score: -0.019840409979224205, Parent: 1)

********** Step: 7 **********

The T-Mobile Tuesdays app is designed for T-Mobile customers.
To use the T-Mobile Tuesdays app, one must be a T-Mobile customer.
#### No.



 (Score: 0.3554723858833313, Parent: 0)

The T-Mobile Tuesdays app is designed for T-Mobile customers.
To access the T-Mobile Tuesdays app, you need to be a T-Mobile customer.
A: The T-Mobile Tuesdays app is designed specifically for T-Mobile customers.
A: The T-Mobile Tuesdays app is designed for T-Mobile customers.
A: The T-Mobile Tuesdays app is designed for T-Mobile customers.
A: The T-Mobile Tuesdays app is designed for T-Mobile customers.
A: The T-Mobile Tuesdays app is designed for T-Mobile customers. (Score: -0.02858203835785389, Parent: 1)

********** Step: 8 **********

The T-Mobile Tuesdays app is designed for T-Mobile customers.
To use the T-Mobile Tuesdays app, one must be a T-Mobile customer.
#### No.




 (Score: 0.3554723858833313, Parent: 0)

The T-Mobile Tuesdays app is designed for T-Mobile customers.
To access the T-Mobile Tuesdays app, you need to be a T-Mobile customer.
A: The T-Mobile Tuesdays app is designed specifically for T-Mobile customers.
A: The T-Mobile Tuesdays app is designed for T-Mobile customers.
A: The T-Mobile Tuesdays app is designed for T-Mobile customers.
A: The T-Mobile Tuesdays app is designed for T-Mobile customers.
A: The T-Mobile Tuesdays app is designed for T-Mobile customers.
A: The T-Mobile Tuesdays app is designed for T-Mobile customers. (Score: -0.03167182207107544, Parent: 1)

---------- FINAL ----------
step 8
The T-Mobile Tuesdays app is designed for T-Mobile customers.
To use the T-Mobile Tuesdays app, one must be a T-Mobile customer.
#### No.




 (Score: 0.3554723858833313)

The T-Mobile Tuesdays app is designed for T-Mobile customers.
To access the T-Mobile Tuesdays app, you need to be a T-Mobile customer.
A: The T-Mobile Tuesdays app is designed specifically for T-Mobile customers.
A: The T-Mobile Tuesdays app is designed for T-Mobile customers.
A: The T-Mobile Tuesdays app is designed for T-Mobile customers.
A: The T-Mobile Tuesdays app is designed for T-Mobile customers.
A: The T-Mobile Tuesdays app is designed for T-Mobile customers.
A: The T-Mobile Tuesdays app is designed for T-Mobile customers. (Score: -0.03167182207107544)
tensor([[ 2935557368950857016,  7449446121128450072, -5322498821065855045,
                            0,                    0,                    0,
                            0,                    0],
        [ 2935557368950857016,  2808651517978002181,  6433212520320355653,
          8785385530741896878,  8785385530741896878,  8785385530741896878,
          8785385530741896878,  8785385530741896878]])

====================
Q: Would the chef at La Grenouille find salsa to be a strange request?


********** Step: 1 **********

La Grenouille is a renowned French restaurant known for its classic French cuisine. (Score: -0.05293699726462364, Parent: 0)

La Grenouille is a renowned French restaurant in New York City, known for its classic French cuisine. (Score: -0.0798342227935791, Parent: 0)

********** Step: 2 **********

La Grenouille is a renowned French restaurant known for its classic French cuisine.
A: The chef at La Grenouille specializes in traditional French dishes. (Score: -0.08190852403640747, Parent: 0)

La Grenouille is a renowned French restaurant known for its classic French cuisine.
The chef at La Grenouille specializes in French culinary traditions and techniques. (Score: -0.09145814180374146, Parent: 0)

********** Step: 3 **********

La Grenouille is a renowned French restaurant known for its classic French cuisine.
A: The chef at La Grenouille specializes in traditional French dishes.
A: Salsa is a sauce that is more commonly associated with Mexican cuisine than French cuisine. (Score: -0.12017654627561569, Parent: 0)

La Grenouille is a renowned French restaurant known for its classic French cuisine.
A: The chef at La Grenouille specializes in traditional French dishes.
A: Salsa is a sauce that is typically associated with Mexican cuisine. (Score: -0.12141100317239761, Parent: 0)

********** Step: 4 **********

La Grenouille is a renowned French restaurant known for its classic French cuisine.
A: The chef at La Grenouille specializes in traditional French dishes.
A: Salsa is a sauce that is typically associated with Mexican cuisine.
A: Salsa is not a traditional ingredient in French cooking. (Score: -0.12786513566970825, Parent: 1)

La Grenouille is a renowned French restaurant known for its classic French cuisine.
A: The chef at La Grenouille specializes in traditional French dishes.
A: Salsa is a sauce that is typically associated with Mexican cuisine.
A: The use of salsa in a traditional French restaurant would be unconventional. (Score: -0.12789346277713776, Parent: 1)

********** Step: 5 **********

La Grenouille is a renowned French restaurant known for its classic French cuisine.
A: The chef at La Grenouille specializes in traditional French dishes.
A: Salsa is a sauce that is typically associated with Mexican cuisine.
A: The use of salsa in a traditional French restaurant would be unconventional.
#### Yes. (Score: 0.19245193898677826, Parent: 1)

La Grenouille is a renowned French restaurant known for its classic French cuisine.
A: The chef at La Grenouille specializes in traditional French dishes.
A: Salsa is a sauce that is typically associated with Mexican cuisine.
A: The use of salsa in a traditional French restaurant would be unconventional.
#### Yes. (Score: 0.19245193898677826, Parent: 1)

********** Step: 6 **********

La Grenouille is a renowned French restaurant known for its classic French cuisine.
A: The chef at La Grenouille specializes in traditional French dishes.
A: Salsa is a sauce that is typically associated with Mexican cuisine.
A: The use of salsa in a traditional French restaurant would be unconventional.
#### Yes.
 (Score: 0.19245193898677826, Parent: 0)

La Grenouille is a renowned French restaurant known for its classic French cuisine.
A: The chef at La Grenouille specializes in traditional French dishes.
A: Salsa is a sauce that is typically associated with Mexican cuisine.
A: The use of salsa in a traditional French restaurant would be unconventional.
#### Yes.
 (Score: 0.19245193898677826, Parent: 1)

---------- FINAL ----------
step 6
La Grenouille is a renowned French restaurant known for its classic French cuisine.
A: The chef at La Grenouille specializes in traditional French dishes.
A: Salsa is a sauce that is typically associated with Mexican cuisine.
A: The use of salsa in a traditional French restaurant would be unconventional.
#### Yes.
 (Score: 0.19245193898677826)

La Grenouille is a renowned French restaurant known for its classic French cuisine.
A: The chef at La Grenouille specializes in traditional French dishes.
A: Salsa is a sauce that is typically associated with Mexican cuisine.
A: The use of salsa in a traditional French restaurant would be unconventional.
#### Yes.
 (Score: 0.19245193898677826)
tensor([[1069850094291776458, 5592327397874885416, -600055739232545079,
         8199747506378801981, 3209685389633853342,                   0,
                          -1,                  -1],
        [1069850094291776458, 5592327397874885416, -600055739232545079,
         8199747506378801981, 3209685389633853342,                   0,
                          -1,                  -1]])

====================
Q: Was Dr. Seuss a liar?


********** Step: 1 **********

Dr. Seuss, whose real name was Theodor Seuss Geisel, was a renowned children's author and illustrator. (Score: -0.06566882133483887, Parent: 0)

Dr. Seuss is a pen name for Theodor Seuss Geisel, an American author known for children's books. (Score: -0.07292250543832779, Parent: 0)

********** Step: 2 **********

Dr. Seuss, whose real name was Theodor Seuss Geisel, was a renowned children's author and illustrator.
He is best known for his imaginative characters and whimsical rhymes in books like "The Cat in the Hat" and "Green Eggs and Ham.". (Score: -0.06727682799100876, Parent: 0)

Dr. Seuss is a pen name for Theodor Seuss Geisel, an American author known for children's books.
A: Dr. Seuss is known for his imaginative writing and storytelling. (Score: -0.1132020354270935, Parent: 1)

********** Step: 3 **********

Dr. Seuss, whose real name was Theodor Seuss Geisel, was a renowned children's author and illustrator.
He is best known for his imaginative characters and whimsical rhymes in books like "The Cat in the Hat" and "Green Eggs and Ham.".
A: Dr. Seuss's works often convey moral lessons and encourage creativity and imagination in children. (Score: -0.10853694379329681, Parent: 0)

Dr. Seuss, whose real name was Theodor Seuss Geisel, was a renowned children's author and illustrator.
He is best known for his imaginative characters and whimsical rhymes in books like "The Cat in the Hat" and "Green Eggs and Ham.".
A: Dr. Seuss is widely celebrated for his contributions to children's literature. (Score: -0.10915820300579071, Parent: 0)

********** Step: 4 **********

Dr. Seuss, whose real name was Theodor Seuss Geisel, was a renowned children's author and illustrator.
He is best known for his imaginative characters and whimsical rhymes in books like "The Cat in the Hat" and "Green Eggs and Ham.".
A: Dr. Seuss is widely celebrated for his contributions to children's literature.
A: Dr. Seuss, whose real name was Theodor Seuss Geisel, was a renowned children's author and illustrator. (Score: -0.1170956939458847, Parent: 1)

Dr. Seuss, whose real name was Theodor Seuss Geisel, was a renowned children's author and illustrator.
He is best known for his imaginative characters and whimsical rhymes in books like "The Cat in the Hat" and "Green Eggs and Ham.".
A: Dr. Seuss's works often convey moral lessons and encourage creativity and imagination in children.
A: There is no evidence or indication that Dr. Seuss was a liar. (Score: -0.11824379116296768, Parent: 0)

********** Step: 5 **********

Dr. Seuss, whose real name was Theodor Seuss Geisel, was a renowned children's author and illustrator.
He is best known for his imaginative characters and whimsical rhymes in books like "The Cat in the Hat" and "Green Eggs and Ham.".
A: Dr. Seuss's works often convey moral lessons and encourage creativity and imagination in children.
A: There is no evidence or indication that Dr. Seuss was a liar.
A: Dr. Seuss, whose real name was Theodor Seuss Geisel, was a renowned children's author and illustrator. (Score: -0.11803359538316727, Parent: 1)

Dr. Seuss, whose real name was Theodor Seuss Geisel, was a renowned children's author and illustrator.
He is best known for his imaginative characters and whimsical rhymes in books like "The Cat in the Hat" and "Green Eggs and Ham.".
A: Dr. Seuss's works often convey moral lessons and encourage creativity and imagination in children.
A: There is no evidence or indication that Dr. Seuss was a liar.
A: Dr. Seuss, whose real name was Theodor Seuss Geisel, was a renowned children's author and illustrator. (Score: -0.11803359538316727, Parent: 1)

********** Step: 6 **********

Dr. Seuss, whose real name was Theodor Seuss Geisel, was a renowned children's author and illustrator.
He is best known for his imaginative characters and whimsical rhymes in books like "The Cat in the Hat" and "Green Eggs and Ham.".
A: Dr. Seuss's works often convey moral lessons and encourage creativity and imagination in children.
A: There is no evidence or indication that Dr. Seuss was a liar.
A: Dr. Seuss, whose real name was Theodor Seuss Geisel, was a renowned children's author and illustrator.
A: Dr. Seuss, whose real name was Theodor Seuss Geisel, was a renowned children's author and illustrator. (Score: -0.12294308841228485, Parent: 1)

Dr. Seuss, whose real name was Theodor Seuss Geisel, was a renowned children's author and illustrator.
He is best known for his imaginative characters and whimsical rhymes in books like "The Cat in the Hat" and "Green Eggs and Ham.".
A: Dr. Seuss's works often convey moral lessons and encourage creativity and imagination in children.
A: There is no evidence or indication that Dr. Seuss was a liar.
A: Dr. Seuss, whose real name was Theodor Seuss Geisel, was a renowned children's author and illustrator.
A: Dr. Seuss, whose real name was Theodor Seuss Geisel, was a renowned children's author and illustrator. (Score: -0.12294308841228485, Parent: 1)

********** Step: 7 **********

Dr. Seuss, whose real name was Theodor Seuss Geisel, was a renowned children's author and illustrator.
He is best known for his imaginative characters and whimsical rhymes in books like "The Cat in the Hat" and "Green Eggs and Ham.".
A: Dr. Seuss's works often convey moral lessons and encourage creativity and imagination in children.
A: There is no evidence or indication that Dr. Seuss was a liar.
A: Dr. Seuss, whose real name was Theodor Seuss Geisel, was a renowned children's author and illustrator.
A: Dr. Seuss, whose real name was Theodor Seuss Geisel, was a renowned children's author and illustrator.
A: Dr. Seuss, whose real name was Theodor Seuss Geisel, was a renowned children's author and illustrator. (Score: -0.126567542552948, Parent: 0)

Dr. Seuss, whose real name was Theodor Seuss Geisel, was a renowned children's author and illustrator.
He is best known for his imaginative characters and whimsical rhymes in books like "The Cat in the Hat" and "Green Eggs and Ham.".
A: Dr. Seuss's works often convey moral lessons and encourage creativity and imagination in children.
A: There is no evidence or indication that Dr. Seuss was a liar.
A: Dr. Seuss, whose real name was Theodor Seuss Geisel, was a renowned children's author and illustrator.
A: Dr. Seuss, whose real name was Theodor Seuss Geisel, was a renowned children's author and illustrator.
A: Dr. Seuss, whose real name was Theodor Seuss Geisel, was a renowned children's author and illustrator. (Score: -0.126567542552948, Parent: 1)

********** Step: 8 **********

Dr. Seuss, whose real name was Theodor Seuss Geisel, was a renowned children's author and illustrator.
He is best known for his imaginative characters and whimsical rhymes in books like "The Cat in the Hat" and "Green Eggs and Ham.".
A: Dr. Seuss's works often convey moral lessons and encourage creativity and imagination in children.
A: There is no evidence or indication that Dr. Seuss was a liar.
A: Dr. Seuss, whose real name was Theodor Seuss Geisel, was a renowned children's author and illustrator.
A: Dr. Seuss, whose real name was Theodor Seuss Geisel, was a renowned children's author and illustrator.
A: Dr. Seuss, whose real name was Theodor Seuss Geisel, was a renowned children's author and illustrator.
A: Dr. Seuss, whose real name was Theodor Seuss Geisel, was a renowned children's author and illustrator. (Score: -0.13127847015857697, Parent: 0)

Dr. Seuss, whose real name was Theodor Seuss Geisel, was a renowned children's author and illustrator.
He is best known for his imaginative characters and whimsical rhymes in books like "The Cat in the Hat" and "Green Eggs and Ham.".
A: Dr. Seuss's works often convey moral lessons and encourage creativity and imagination in children.
A: There is no evidence or indication that Dr. Seuss was a liar.
A: Dr. Seuss, whose real name was Theodor Seuss Geisel, was a renowned children's author and illustrator.
A: Dr. Seuss, whose real name was Theodor Seuss Geisel, was a renowned children's author and illustrator.
A: Dr. Seuss, whose real name was Theodor Seuss Geisel, was a renowned children's author and illustrator.
A: Dr. Seuss, whose real name was Theodor Seuss Geisel, was a renowned children's author and illustrator. (Score: -0.13127847015857697, Parent: 1)

---------- FINAL ----------
step 8
Dr. Seuss, whose real name was Theodor Seuss Geisel, was a renowned children's author and illustrator.
He is best known for his imaginative characters and whimsical rhymes in books like "The Cat in the Hat" and "Green Eggs and Ham.".
A: Dr. Seuss's works often convey moral lessons and encourage creativity and imagination in children.
A: There is no evidence or indication that Dr. Seuss was a liar.
A: Dr. Seuss, whose real name was Theodor Seuss Geisel, was a renowned children's author and illustrator.
A: Dr. Seuss, whose real name was Theodor Seuss Geisel, was a renowned children's author and illustrator.
A: Dr. Seuss, whose real name was Theodor Seuss Geisel, was a renowned children's author and illustrator.
A: Dr. Seuss, whose real name was Theodor Seuss Geisel, was a renowned children's author and illustrator. (Score: -0.13127847015857697)

Dr. Seuss, whose real name was Theodor Seuss Geisel, was a renowned children's author and illustrator.
He is best known for his imaginative characters and whimsical rhymes in books like "The Cat in the Hat" and "Green Eggs and Ham.".
A: Dr. Seuss's works often convey moral lessons and encourage creativity and imagination in children.
A: There is no evidence or indication that Dr. Seuss was a liar.
A: Dr. Seuss, whose real name was Theodor Seuss Geisel, was a renowned children's author and illustrator.
A: Dr. Seuss, whose real name was Theodor Seuss Geisel, was a renowned children's author and illustrator.
A: Dr. Seuss, whose real name was Theodor Seuss Geisel, was a renowned children's author and illustrator.
A: Dr. Seuss, whose real name was Theodor Seuss Geisel, was a renowned children's author and illustrator. (Score: -0.13127847015857697)
tensor([[-7581239178229667929,  9213137967450968347, -1039313152994337368,
         -1355960742833419951,  5775905803398638979,  5775905803398638979,
          5775905803398638979,  5775905803398638979],
        [-7581239178229667929,  9213137967450968347, -1039313152994337368,
         -1355960742833419951,  5775905803398638979,  5775905803398638979,
          5775905803398638979,  5775905803398638979]])

====================
Q: Can an art dealer buy Boeing 737-800 with a Da Vinci painting?


********** Step: 1 **********

An art dealer specializes in buying and selling art, including paintings. (Score: 0.10139474272727966, Parent: 0)

An art dealer specializes in buying and selling artworks, including paintings. (Score: 0.0937671810388565, Parent: 0)

********** Step: 2 **********

An art dealer specializes in buying and selling art, including paintings.
An art dealer can have significant financial resources depending on the value of the art they deal with. (Score: -0.0019192942418158054, Parent: 0)

An art dealer specializes in buying and selling artworks, including paintings.
An art dealer can engage in transactions involving valuable items such as art and aircraft. (Score: -0.01619778387248516, Parent: 1)

********** Step: 3 **********

An art dealer specializes in buying and selling art, including paintings.
An art dealer can have significant financial resources depending on the value of the art they deal with.
A: A Da Vinci painting is considered a highly valuable piece of art. (Score: -0.03259426727890968, Parent: 0)

An art dealer specializes in buying and selling art, including paintings.
An art dealer can have significant financial resources depending on the value of the art they deal with.
A: A Boeing 737-800 is a commercial aircraft and typically requires a substantial financial investment. (Score: -0.10721921920776367, Parent: 0)

********** Step: 4 **********

An art dealer specializes in buying and selling art, including paintings.
An art dealer can have significant financial resources depending on the value of the art they deal with.
A: A Da Vinci painting is considered a highly valuable piece of art.
A: The value of a Da Vinci painting can be in the millions of dollars. (Score: -0.04646783694624901, Parent: 0)

An art dealer specializes in buying and selling art, including paintings.
An art dealer can have significant financial resources depending on the value of the art they deal with.
A: A Da Vinci painting is considered a highly valuable piece of art.
A: The price of a Boeing 737-800 is typically in the tens of millions of dollars. (Score: -0.04992149770259857, Parent: 0)

********** Step: 5 **********

An art dealer specializes in buying and selling art, including paintings.
An art dealer can have significant financial resources depending on the value of the art they deal with.
A: A Da Vinci painting is considered a highly valuable piece of art.
A: The price of a Boeing 737-800 is typically in the tens of millions of dollars.
A: The value of a Da Vinci painting can vary, but it could potentially be worth tens to hundreds of millions of dollars. (Score: -0.07962274551391602, Parent: 1)

An art dealer specializes in buying and selling art, including paintings.
An art dealer can have significant financial resources depending on the value of the art they deal with.
A: A Da Vinci painting is considered a highly valuable piece of art.
A: The price of a Boeing 737-800 is typically in the tens of millions of dollars.
A: It is unlikely that the value of a Da Vinci painting would equal or exceed the cost of a Boeing 737-800. (Score: -0.08159898221492767, Parent: 1)

********** Step: 6 **********

An art dealer specializes in buying and selling art, including paintings.
An art dealer can have significant financial resources depending on the value of the art they deal with.
A: A Da Vinci painting is considered a highly valuable piece of art.
A: The price of a Boeing 737-800 is typically in the tens of millions of dollars.
A: It is unlikely that the value of a Da Vinci painting would equal or exceed the cost of a Boeing 737-800.
A: An art dealer specializes in buying and selling art, including paintings. (Score: -0.09152925759553909, Parent: 1)

An art dealer specializes in buying and selling art, including paintings.
An art dealer can have significant financial resources depending on the value of the art they deal with.
A: A Da Vinci painting is considered a highly valuable piece of art.
A: The price of a Boeing 737-800 is typically in the tens of millions of dollars.
A: The value of a Da Vinci painting can vary, but it could potentially be worth tens to hundreds of millions of dollars.
A: If an art dealer owns a Da Vinci painting, they may potentially sell it to raise funds. (Score: -0.09524118900299072, Parent: 0)

********** Step: 7 **********

An art dealer specializes in buying and selling art, including paintings.
An art dealer can have significant financial resources depending on the value of the art they deal with.
A: A Da Vinci painting is considered a highly valuable piece of art.
A: The price of a Boeing 737-800 is typically in the tens of millions of dollars.
A: It is unlikely that the value of a Da Vinci painting would equal or exceed the cost of a Boeing 737-800.
A: An art dealer specializes in buying and selling art, including paintings.
A: An art dealer specializes in buying and selling art, including paintings. (Score: -0.0969543308019638, Parent: 0)

An art dealer specializes in buying and selling art, including paintings.
An art dealer can have significant financial resources depending on the value of the art they deal with.
A: A Da Vinci painting is considered a highly valuable piece of art.
A: The price of a Boeing 737-800 is typically in the tens of millions of dollars.
A: It is unlikely that the value of a Da Vinci painting would equal or exceed the cost of a Boeing 737-800.
A: An art dealer specializes in buying and selling art, including paintings.
A: An art dealer specializes in buying and selling art, including paintings. (Score: -0.0969543308019638, Parent: 0)

********** Step: 8 **********

An art dealer specializes in buying and selling art, including paintings.
An art dealer can have significant financial resources depending on the value of the art they deal with.
A: A Da Vinci painting is considered a highly valuable piece of art.
A: The price of a Boeing 737-800 is typically in the tens of millions of dollars.
A: It is unlikely that the value of a Da Vinci painting would equal or exceed the cost of a Boeing 737-800.
A: An art dealer specializes in buying and selling art, including paintings.
A: An art dealer specializes in buying and selling art, including paintings.
A: An art dealer specializes in buying and selling art, including paintings. (Score: -0.10190634429454803, Parent: 0)

An art dealer specializes in buying and selling art, including paintings.
An art dealer can have significant financial resources depending on the value of the art they deal with.
A: A Da Vinci painting is considered a highly valuable piece of art.
A: The price of a Boeing 737-800 is typically in the tens of millions of dollars.
A: It is unlikely that the value of a Da Vinci painting would equal or exceed the cost of a Boeing 737-800.
A: An art dealer specializes in buying and selling art, including paintings.
A: An art dealer specializes in buying and selling art, including paintings.
A: An art dealer specializes in buying and selling art, including paintings. (Score: -0.10190634429454803, Parent: 1)

---------- FINAL ----------
step 8
An art dealer specializes in buying and selling art, including paintings.
An art dealer can have significant financial resources depending on the value of the art they deal with.
A: A Da Vinci painting is considered a highly valuable piece of art.
A: The price of a Boeing 737-800 is typically in the tens of millions of dollars.
A: It is unlikely that the value of a Da Vinci painting would equal or exceed the cost of a Boeing 737-800.
A: An art dealer specializes in buying and selling art, including paintings.
A: An art dealer specializes in buying and selling art, including paintings.
A: An art dealer specializes in buying and selling art, including paintings. (Score: -0.10190634429454803)

An art dealer specializes in buying and selling art, including paintings.
An art dealer can have significant financial resources depending on the value of the art they deal with.
A: A Da Vinci painting is considered a highly valuable piece of art.
A: The price of a Boeing 737-800 is typically in the tens of millions of dollars.
A: It is unlikely that the value of a Da Vinci painting would equal or exceed the cost of a Boeing 737-800.
A: An art dealer specializes in buying and selling art, including paintings.
A: An art dealer specializes in buying and selling art, including paintings.
A: An art dealer specializes in buying and selling art, including paintings. (Score: -0.10190634429454803)
tensor([[ 1447243376892954431,  4679070782339899178, -1410579165317704074,
         -2537559333686092622,  4135230623407941847,  5376939247180629424,
          5376939247180629424,  5376939247180629424],
        [ 1447243376892954431,  4679070782339899178, -1410579165317704074,
         -2537559333686092622,  4135230623407941847,  5376939247180629424,
          5376939247180629424,  5376939247180629424]])

====================
Q: Is Edgar Allan Poe obscure in the world of horror fiction?


********** Step: 1 **********

Edgar Allan Poe is considered one of the most influential figures in American literature. (Score: -0.027719510719180107, Parent: 0)

Edgar Allan Poe is considered one of the foundational figures in the genre of horror fiction. (Score: -0.030117502436041832, Parent: 0)

********** Step: 2 **********

Edgar Allan Poe is considered one of the foundational figures in the genre of horror fiction.
He is well-known for his macabre and gothic tales, such as "The Tell-Tale Heart" and "The Fall of the House of Usher." Poe's work has significantly influenced both literature and popular culture. (Score: -0.10907475650310516, Parent: 1)

Edgar Allan Poe is considered one of the foundational figures in the genre of horror fiction.
He is known for his macabre and gothic tales, such as "The Tell-Tale Heart" and "The Fall of the House of Usher." His works have had a significant influence on later horror writers and the genre as a whole. (Score: -0.1130179762840271, Parent: 1)

********** Step: 3 **********

Edgar Allan Poe is considered one of the foundational figures in the genre of horror fiction.
He is known for his macabre and gothic tales, such as "The Tell-Tale Heart" and "The Fall of the House of Usher." His works have had a significant influence on later horror writers and the genre as a whole.
A: Edgar Allan Poe is considered one of the foundational figures in the genre of horror fiction. (Score: -0.12003833055496216, Parent: 1)

Edgar Allan Poe is considered one of the foundational figures in the genre of horror fiction.
He is well-known for his macabre and gothic tales, such as "The Tell-Tale Heart" and "The Fall of the House of Usher." Poe's work has significantly influenced both literature and popular culture.
Poe's stories are frequently studied in literature courses, and he has a lasting legacy in horror and mystery genres. (Score: -0.12372875958681107, Parent: 0)

********** Step: 4 **********

Edgar Allan Poe is considered one of the foundational figures in the genre of horror fiction.
He is known for his macabre and gothic tales, such as "The Tell-Tale Heart" and "The Fall of the House of Usher." His works have had a significant influence on later horror writers and the genre as a whole.
A: Edgar Allan Poe is considered one of the foundational figures in the genre of horror fiction.
A: Edgar Allan Poe is considered one of the foundational figures in the genre of horror fiction. (Score: -0.12186694890260696, Parent: 0)

Edgar Allan Poe is considered one of the foundational figures in the genre of horror fiction.
He is well-known for his macabre and gothic tales, such as "The Tell-Tale Heart" and "The Fall of the House of Usher." Poe's work has significantly influenced both literature and popular culture.
Poe's stories are frequently studied in literature courses, and he has a lasting legacy in horror and mystery genres.
A: Edgar Allan Poe is considered one of the foundational figures in the genre of horror fiction. (Score: -0.12716509401798248, Parent: 1)

********** Step: 5 **********

Edgar Allan Poe is considered one of the foundational figures in the genre of horror fiction.
He is known for his macabre and gothic tales, such as "The Tell-Tale Heart" and "The Fall of the House of Usher." His works have had a significant influence on later horror writers and the genre as a whole.
A: Edgar Allan Poe is considered one of the foundational figures in the genre of horror fiction.
A: Edgar Allan Poe is considered one of the foundational figures in the genre of horror fiction.
A: Edgar Allan Poe is considered one of the foundational figures in the genre of horror fiction. (Score: -0.12474191188812256, Parent: 0)

Edgar Allan Poe is considered one of the foundational figures in the genre of horror fiction.
He is known for his macabre and gothic tales, such as "The Tell-Tale Heart" and "The Fall of the House of Usher." His works have had a significant influence on later horror writers and the genre as a whole.
A: Edgar Allan Poe is considered one of the foundational figures in the genre of horror fiction.
A: Edgar Allan Poe is considered one of the foundational figures in the genre of horror fiction.
A: Edgar Allan Poe is considered one of the foundational figures in the genre of horror fiction. (Score: -0.12474191188812256, Parent: 0)

********** Step: 6 **********

Edgar Allan Poe is considered one of the foundational figures in the genre of horror fiction.
He is known for his macabre and gothic tales, such as "The Tell-Tale Heart" and "The Fall of the House of Usher." His works have had a significant influence on later horror writers and the genre as a whole.
A: Edgar Allan Poe is considered one of the foundational figures in the genre of horror fiction.
A: Edgar Allan Poe is considered one of the foundational figures in the genre of horror fiction.
A: Edgar Allan Poe is considered one of the foundational figures in the genre of horror fiction.
A: Edgar Allan Poe is considered one of the foundational figures in the genre of horror fiction. (Score: -0.1268317699432373, Parent: 0)

Edgar Allan Poe is considered one of the foundational figures in the genre of horror fiction.
He is known for his macabre and gothic tales, such as "The Tell-Tale Heart" and "The Fall of the House of Usher." His works have had a significant influence on later horror writers and the genre as a whole.
A: Edgar Allan Poe is considered one of the foundational figures in the genre of horror fiction.
A: Edgar Allan Poe is considered one of the foundational figures in the genre of horror fiction.
A: Edgar Allan Poe is considered one of the foundational figures in the genre of horror fiction.
A: Edgar Allan Poe is considered one of the foundational figures in the genre of horror fiction. (Score: -0.1268317699432373, Parent: 1)

********** Step: 7 **********

Edgar Allan Poe is considered one of the foundational figures in the genre of horror fiction.
He is known for his macabre and gothic tales, such as "The Tell-Tale Heart" and "The Fall of the House of Usher." His works have had a significant influence on later horror writers and the genre as a whole.
A: Edgar Allan Poe is considered one of the foundational figures in the genre of horror fiction.
A: Edgar Allan Poe is considered one of the foundational figures in the genre of horror fiction.
A: Edgar Allan Poe is considered one of the foundational figures in the genre of horror fiction.
A: Edgar Allan Poe is considered one of the foundational figures in the genre of horror fiction.
A: Edgar Allan Poe is considered one of the foundational figures in the genre of horror fiction. (Score: -0.12809619307518005, Parent: 0)

Edgar Allan Poe is considered one of the foundational figures in the genre of horror fiction.
He is known for his macabre and gothic tales, such as "The Tell-Tale Heart" and "The Fall of the House of Usher." His works have had a significant influence on later horror writers and the genre as a whole.
A: Edgar Allan Poe is considered one of the foundational figures in the genre of horror fiction.
A: Edgar Allan Poe is considered one of the foundational figures in the genre of horror fiction.
A: Edgar Allan Poe is considered one of the foundational figures in the genre of horror fiction.
A: Edgar Allan Poe is considered one of the foundational figures in the genre of horror fiction.
A: Edgar Allan Poe is considered one of the foundational figures in the genre of horror fiction. (Score: -0.12809619307518005, Parent: 1)

********** Step: 8 **********

Edgar Allan Poe is considered one of the foundational figures in the genre of horror fiction.
He is known for his macabre and gothic tales, such as "The Tell-Tale Heart" and "The Fall of the House of Usher." His works have had a significant influence on later horror writers and the genre as a whole.
A: Edgar Allan Poe is considered one of the foundational figures in the genre of horror fiction.
A: Edgar Allan Poe is considered one of the foundational figures in the genre of horror fiction.
A: Edgar Allan Poe is considered one of the foundational figures in the genre of horror fiction.
A: Edgar Allan Poe is considered one of the foundational figures in the genre of horror fiction.
A: Edgar Allan Poe is considered one of the foundational figures in the genre of horror fiction.
A: Edgar Allan Poe is considered one of the foundational figures in the genre of horror fiction. (Score: -0.12972600758075714, Parent: 0)

Edgar Allan Poe is considered one of the foundational figures in the genre of horror fiction.
He is known for his macabre and gothic tales, such as "The Tell-Tale Heart" and "The Fall of the House of Usher." His works have had a significant influence on later horror writers and the genre as a whole.
A: Edgar Allan Poe is considered one of the foundational figures in the genre of horror fiction.
A: Edgar Allan Poe is considered one of the foundational figures in the genre of horror fiction.
A: Edgar Allan Poe is considered one of the foundational figures in the genre of horror fiction.
A: Edgar Allan Poe is considered one of the foundational figures in the genre of horror fiction.
A: Edgar Allan Poe is considered one of the foundational figures in the genre of horror fiction.
A: Edgar Allan Poe is considered one of the foundational figures in the genre of horror fiction. (Score: -0.12972600758075714, Parent: 1)

---------- FINAL ----------
step 8
Edgar Allan Poe is considered one of the foundational figures in the genre of horror fiction.
He is known for his macabre and gothic tales, such as "The Tell-Tale Heart" and "The Fall of the House of Usher." His works have had a significant influence on later horror writers and the genre as a whole.
A: Edgar Allan Poe is considered one of the foundational figures in the genre of horror fiction.
A: Edgar Allan Poe is considered one of the foundational figures in the genre of horror fiction.
A: Edgar Allan Poe is considered one of the foundational figures in the genre of horror fiction.
A: Edgar Allan Poe is considered one of the foundational figures in the genre of horror fiction.
A: Edgar Allan Poe is considered one of the foundational figures in the genre of horror fiction.
A: Edgar Allan Poe is considered one of the foundational figures in the genre of horror fiction. (Score: -0.12972600758075714)

Edgar Allan Poe is considered one of the foundational figures in the genre of horror fiction.
He is known for his macabre and gothic tales, such as "The Tell-Tale Heart" and "The Fall of the House of Usher." His works have had a significant influence on later horror writers and the genre as a whole.
A: Edgar Allan Poe is considered one of the foundational figures in the genre of horror fiction.
A: Edgar Allan Poe is considered one of the foundational figures in the genre of horror fiction.
A: Edgar Allan Poe is considered one of the foundational figures in the genre of horror fiction.
A: Edgar Allan Poe is considered one of the foundational figures in the genre of horror fiction.
A: Edgar Allan Poe is considered one of the foundational figures in the genre of horror fiction.
A: Edgar Allan Poe is considered one of the foundational figures in the genre of horror fiction. (Score: -0.12972600758075714)
tensor([[-3189196728160436837,  5482457074127885201, -3336571418613158319,
         -3336571418613158319, -3336571418613158319, -3336571418613158319,
         -3336571418613158319, -3336571418613158319],
        [-3189196728160436837,  5482457074127885201, -3336571418613158319,
         -3336571418613158319, -3336571418613158319, -3336571418613158319,
         -3336571418613158319, -3336571418613158319]])

====================
Q: Has Elon Musk's hairline changed?


********** Step: 1 **********

Elon Musk is a well-known entrepreneur and CEO of multiple companies. (Score: -0.05452612787485123, Parent: 0)

Elon Musk is a well-known entrepreneur and CEO of companies like Tesla and SpaceX. (Score: -0.06709283590316772, Parent: 0)

********** Step: 2 **********

Elon Musk is a well-known entrepreneur and CEO of companies like Tesla and SpaceX.
A: Elon Musk has been known to have a receding hairline in the past. (Score: -0.10997626185417175, Parent: 1)

Elon Musk is a well-known entrepreneur and CEO of multiple companies.
Elon Musk has been in the public eye for many years. (Score: -0.11750443279743195, Parent: 0)

********** Step: 3 **********

Elon Musk is a well-known entrepreneur and CEO of multiple companies.
Elon Musk has been in the public eye for many years.
A: Observations of Elon Musk over the years show that his hairline has appeared to change. (Score: -0.12100265920162201, Parent: 1)

Elon Musk is a well-known entrepreneur and CEO of companies like Tesla and SpaceX.
A: Elon Musk has been known to have a receding hairline in the past.
A: In recent years, there have been numerous photographs and reports suggesting that Elon Musk's hair has appeared thicker than in earlier images. (Score: -0.13597440719604492, Parent: 0)

********** Step: 4 **********

Elon Musk is a well-known entrepreneur and CEO of multiple companies.
Elon Musk has been in the public eye for many years.
A: Observations of Elon Musk over the years show that his hairline has appeared to change.
A: In earlier public appearances, Elon Musk had a receding hairline. (Score: -0.12195279449224472, Parent: 0)

Elon Musk is a well-known entrepreneur and CEO of multiple companies.
Elon Musk has been in the public eye for many years.
A: Observations of Elon Musk over the years show that his hairline has appeared to change.
A: Elon Musk is a well-known entrepreneur and CEO of multiple companies. (Score: -0.12561650574207306, Parent: 0)

********** Step: 5 **********

Elon Musk is a well-known entrepreneur and CEO of multiple companies.
Elon Musk has been in the public eye for many years.
A: Observations of Elon Musk over the years show that his hairline has appeared to change.
A: In earlier public appearances, Elon Musk had a receding hairline.
A: In more recent appearances, his hairline appears fuller and less receded. (Score: -0.11688444763422012, Parent: 0)

Elon Musk is a well-known entrepreneur and CEO of multiple companies.
Elon Musk has been in the public eye for many years.
A: Observations of Elon Musk over the years show that his hairline has appeared to change.
A: In earlier public appearances, Elon Musk had a receding hairline.
A: In more recent years, Elon Musk's hairline appears fuller and less receded. (Score: -0.11748038232326508, Parent: 0)

********** Step: 6 **********

Elon Musk is a well-known entrepreneur and CEO of multiple companies.
Elon Musk has been in the public eye for many years.
A: Observations of Elon Musk over the years show that his hairline has appeared to change.
A: In earlier public appearances, Elon Musk had a receding hairline.
A: In more recent appearances, his hairline appears fuller and less receded.
#### Yes. (Score: 0.19274765253067017, Parent: 0)

Elon Musk is a well-known entrepreneur and CEO of multiple companies.
Elon Musk has been in the public eye for many years.
A: Observations of Elon Musk over the years show that his hairline has appeared to change.
A: In earlier public appearances, Elon Musk had a receding hairline.
A: In more recent years, Elon Musk's hairline appears fuller and less receded.
#### Yes. (Score: 0.18660317361354828, Parent: 1)

********** Step: 7 **********

Elon Musk is a well-known entrepreneur and CEO of multiple companies.
Elon Musk has been in the public eye for many years.
A: Observations of Elon Musk over the years show that his hairline has appeared to change.
A: In earlier public appearances, Elon Musk had a receding hairline.
A: In more recent appearances, his hairline appears fuller and less receded.
#### Yes.
 (Score: 0.19274765253067017, Parent: 0)

Elon Musk is a well-known entrepreneur and CEO of multiple companies.
Elon Musk has been in the public eye for many years.
A: Observations of Elon Musk over the years show that his hairline has appeared to change.
A: In earlier public appearances, Elon Musk had a receding hairline.
A: In more recent years, Elon Musk's hairline appears fuller and less receded.
#### Yes.
 (Score: 0.18660317361354828, Parent: 1)

---------- FINAL ----------
step 7
Elon Musk is a well-known entrepreneur and CEO of multiple companies.
Elon Musk has been in the public eye for many years.
A: Observations of Elon Musk over the years show that his hairline has appeared to change.
A: In earlier public appearances, Elon Musk had a receding hairline.
A: In more recent appearances, his hairline appears fuller and less receded.
#### Yes.
 (Score: 0.19274765253067017)

Elon Musk is a well-known entrepreneur and CEO of multiple companies.
Elon Musk has been in the public eye for many years.
A: Observations of Elon Musk over the years show that his hairline has appeared to change.
A: In earlier public appearances, Elon Musk had a receding hairline.
A: In more recent years, Elon Musk's hairline appears fuller and less receded.
#### Yes.
 (Score: 0.18660317361354828)
tensor([[ -561329514301089168,  4010468829526954408,  5918474806084697661,
         -1444326449047709551, -6025875922182000402,  3209685389633853342,
                            0,                   -1],
        [ -561329514301089168,  4010468829526954408,  5918474806084697661,
         -1444326449047709551,  7652260498940318988,  3209685389633853342,
                            0,                   -1]])

====================
Q: Can the United Nations Framework Convention on Climate Change be held at the Javits Center?


********** Step: 1 **********

The United Nations Framework Convention on Climate Change (UNFCCC) is an international treaty aimed at addressing climate change. (Score: -0.044457752257585526, Parent: 0)

The United Nations Framework Convention on Climate Change (UNFCCC) is an international treaty aimed at addressing climate change and its impacts. (Score: -0.062210775911808014, Parent: 0)

********** Step: 2 **********

The United Nations Framework Convention on Climate Change (UNFCCC) is an international treaty aimed at addressing climate change and its impacts.
The Javits Center is a convention center located in New York City. (Score: -0.11073659360408783, Parent: 1)

The United Nations Framework Convention on Climate Change (UNFCCC) is an international treaty aimed at addressing climate change.
The Javits Center is a large convention center located in New York City. (Score: -0.11136950552463531, Parent: 0)

********** Step: 3 **********

The United Nations Framework Convention on Climate Change (UNFCCC) is an international treaty aimed at addressing climate change and its impacts.
The Javits Center is a convention center located in New York City.
The Javits Center is equipped to host large-scale international conferences and events. (Score: -0.13946563005447388, Parent: 0)

The United Nations Framework Convention on Climate Change (UNFCCC) is an international treaty aimed at addressing climate change.
The Javits Center is a large convention center located in New York City.
The Javits Center is a venue that can host large international conferences and events. (Score: -0.1403929591178894, Parent: 1)

********** Step: 4 **********

The United Nations Framework Convention on Climate Change (UNFCCC) is an international treaty aimed at addressing climate change.
The Javits Center is a large convention center located in New York City.
The Javits Center is a venue that can host large international conferences and events.
The UNFCCC meetings have been held at various locations around the world. (Score: -0.1569558084011078, Parent: 1)

The United Nations Framework Convention on Climate Change (UNFCCC) is an international treaty aimed at addressing climate change and its impacts.
The Javits Center is a convention center located in New York City.
The Javits Center is equipped to host large-scale international conferences and events.
The UNFCCC has been held in various locations around the world, including major cities with suitable venues. (Score: -0.15725994110107422, Parent: 0)

********** Step: 5 **********

The United Nations Framework Convention on Climate Change (UNFCCC) is an international treaty aimed at addressing climate change and its impacts.
The Javits Center is a convention center located in New York City.
The Javits Center is equipped to host large-scale international conferences and events.
The UNFCCC has been held in various locations around the world, including major cities with suitable venues.
The Javits Center is a suitable venue for hosting large international conferences. (Score: -0.15888571739196777, Parent: 1)

The United Nations Framework Convention on Climate Change (UNFCCC) is an international treaty aimed at addressing climate change.
The Javits Center is a large convention center located in New York City.
The Javits Center is a venue that can host large international conferences and events.
The UNFCCC meetings have been held at various locations around the world.
The Javits Center has the capacity and facilities to host such events. (Score: -0.15942752361297607, Parent: 0)

********** Step: 6 **********

The United Nations Framework Convention on Climate Change (UNFCCC) is an international treaty aimed at addressing climate change.
The Javits Center is a large convention center located in New York City.
The Javits Center is a venue that can host large international conferences and events.
The UNFCCC meetings have been held at various locations around the world.
The Javits Center has the capacity and facilities to host such events.
#### Yes. (Score: 0.11359276622533798, Parent: 1)

The United Nations Framework Convention on Climate Change (UNFCCC) is an international treaty aimed at addressing climate change.
The Javits Center is a large convention center located in New York City.
The Javits Center is a venue that can host large international conferences and events.
The UNFCCC meetings have been held at various locations around the world.
The Javits Center has the capacity and facilities to host such events.
#### Yes. (Score: 0.11359276622533798, Parent: 1)

********** Step: 7 **********

The United Nations Framework Convention on Climate Change (UNFCCC) is an international treaty aimed at addressing climate change.
The Javits Center is a large convention center located in New York City.
The Javits Center is a venue that can host large international conferences and events.
The UNFCCC meetings have been held at various locations around the world.
The Javits Center has the capacity and facilities to host such events.
#### Yes.
 (Score: 0.11359276622533798, Parent: 0)

The United Nations Framework Convention on Climate Change (UNFCCC) is an international treaty aimed at addressing climate change.
The Javits Center is a large convention center located in New York City.
The Javits Center is a venue that can host large international conferences and events.
The UNFCCC meetings have been held at various locations around the world.
The Javits Center has the capacity and facilities to host such events.
#### Yes.
 (Score: 0.11359276622533798, Parent: 1)

---------- FINAL ----------
step 7
The United Nations Framework Convention on Climate Change (UNFCCC) is an international treaty aimed at addressing climate change.
The Javits Center is a large convention center located in New York City.
The Javits Center is a venue that can host large international conferences and events.
The UNFCCC meetings have been held at various locations around the world.
The Javits Center has the capacity and facilities to host such events.
#### Yes.
 (Score: 0.11359276622533798)

The United Nations Framework Convention on Climate Change (UNFCCC) is an international treaty aimed at addressing climate change.
The Javits Center is a large convention center located in New York City.
The Javits Center is a venue that can host large international conferences and events.
The UNFCCC meetings have been held at various locations around the world.
The Javits Center has the capacity and facilities to host such events.
#### Yes.
 (Score: 0.11359276622533798)
tensor([[-6607993368195940766, -9026511438094455403, -7129773740747902086,
         -3997266832463098868,  5859619922415935721,  3209685389633853342,
                            0,                   -1],
        [-6607993368195940766, -9026511438094455403, -7129773740747902086,
         -3997266832463098868,  5859619922415935721,  3209685389633853342,
                            0,                   -1]])

====================
Q: Is "A Tale of Two Cities" a parody of the Bible?


********** Step: 1 **********

"A Tale of Two Cities" is a historical novel by Charles Dickens published in 1859. (Score: -0.08332879096269608, Parent: 0)

"A Tale of Two Cities" is a historical novel by Charles Dickens, published in 1859. (Score: -0.0938817709684372, Parent: 0)

********** Step: 2 **********

"A Tale of Two Cities" is a historical novel by Charles Dickens published in 1859.
The novel is set in London and Paris before and during the French Revolution. (Score: -0.1187610924243927, Parent: 0)

"A Tale of Two Cities" is a historical novel by Charles Dickens published in 1859.
The novel "A Tale of Two Cities" explores themes of resurrection, sacrifice, and social injustice during the French Revolution. (Score: -0.13721072673797607, Parent: 0)

********** Step: 3 **********

"A Tale of Two Cities" is a historical novel by Charles Dickens published in 1859.
The novel "A Tale of Two Cities" explores themes of resurrection, sacrifice, and social injustice during the French Revolution.
The book is known for its famous opening line, "It was the best of times, it was the worst of times," which sets the stage for its exploration of contrasting conditions in society. (Score: -0.13895221054553986, Parent: 1)

"A Tale of Two Cities" is a historical novel by Charles Dickens published in 1859.
The novel is set in London and Paris before and during the French Revolution.
The novel explores themes of resurrection, sacrifice, and social justice. (Score: -0.14177806675434113, Parent: 0)

********** Step: 4 **********

"A Tale of Two Cities" is a historical novel by Charles Dickens published in 1859.
The novel is set in London and Paris before and during the French Revolution.
The novel explores themes of resurrection, sacrifice, and social justice.
These themes are not a parody but rather serious examinations of human nature and society. (Score: -0.14296600222587585, Parent: 1)

"A Tale of Two Cities" is a historical novel by Charles Dickens published in 1859.
The novel "A Tale of Two Cities" explores themes of resurrection, sacrifice, and social injustice during the French Revolution.
The book is known for its famous opening line, "It was the best of times, it was the worst of times," which sets the stage for its exploration of contrasting conditions in society.
The novel does not specifically parody the Bible, but it does contain biblical references and themes. (Score: -0.14546722173690796, Parent: 0)

********** Step: 5 **********

"A Tale of Two Cities" is a historical novel by Charles Dickens published in 1859.
The novel is set in London and Paris before and during the French Revolution.
The novel explores themes of resurrection, sacrifice, and social justice.
These themes are not a parody but rather serious examinations of human nature and society.
#### No. (Score: 0.08769841492176056, Parent: 0)

"A Tale of Two Cities" is a historical novel by Charles Dickens published in 1859.
The novel is set in London and Paris before and during the French Revolution.
The novel explores themes of resurrection, sacrifice, and social justice.
These themes are not a parody but rather serious examinations of human nature and society.
A: "A Tale of Two Cities" is a historical novel by Charles Dickens published in 1859. (Score: -0.14827729761600494, Parent: 0)

********** Step: 6 **********

"A Tale of Two Cities" is a historical novel by Charles Dickens published in 1859.
The novel is set in London and Paris before and during the French Revolution.
The novel explores themes of resurrection, sacrifice, and social justice.
These themes are not a parody but rather serious examinations of human nature and society.
#### No.
 (Score: 0.08769841492176056, Parent: 0)

"A Tale of Two Cities" is a historical novel by Charles Dickens published in 1859.
The novel is set in London and Paris before and during the French Revolution.
The novel explores themes of resurrection, sacrifice, and social justice.
These themes are not a parody but rather serious examinations of human nature and society.
A: "A Tale of Two Cities" is a historical novel by Charles Dickens published in 1859.
The novel is set in London and Paris before and during the French Revolution. (Score: -0.15367719531059265, Parent: 1)

********** Step: 7 **********

"A Tale of Two Cities" is a historical novel by Charles Dickens published in 1859.
The novel is set in London and Paris before and during the French Revolution.
The novel explores themes of resurrection, sacrifice, and social justice.
These themes are not a parody but rather serious examinations of human nature and society.
#### No.

 (Score: 0.08769841492176056, Parent: 0)

"A Tale of Two Cities" is a historical novel by Charles Dickens published in 1859.
The novel is set in London and Paris before and during the French Revolution.
The novel explores themes of resurrection, sacrifice, and social justice.
These themes are not a parody but rather serious examinations of human nature and society.
A: "A Tale of Two Cities" is a historical novel by Charles Dickens published in 1859.
The novel is set in London and Paris before and during the French Revolution.
The novel explores themes of resurrection, sacrifice, and social justice. (Score: -0.15877582132816315, Parent: 1)

********** Step: 8 **********

"A Tale of Two Cities" is a historical novel by Charles Dickens published in 1859.
The novel is set in London and Paris before and during the French Revolution.
The novel explores themes of resurrection, sacrifice, and social justice.
These themes are not a parody but rather serious examinations of human nature and society.
#### No.


 (Score: 0.08769841492176056, Parent: 0)

"A Tale of Two Cities" is a historical novel by Charles Dickens published in 1859.
The novel is set in London and Paris before and during the French Revolution.
The novel explores themes of resurrection, sacrifice, and social justice.
These themes are not a parody but rather serious examinations of human nature and society.
A: "A Tale of Two Cities" is a historical novel by Charles Dickens published in 1859.
The novel is set in London and Paris before and during the French Revolution.
The novel explores themes of resurrection, sacrifice, and social justice.
These themes are not a parody but rather serious examinations of human nature and society. (Score: -0.16390696167945862, Parent: 1)

---------- FINAL ----------
step 8
"A Tale of Two Cities" is a historical novel by Charles Dickens published in 1859.
The novel is set in London and Paris before and during the French Revolution.
The novel explores themes of resurrection, sacrifice, and social justice.
These themes are not a parody but rather serious examinations of human nature and society.
#### No.


 (Score: 0.08769841492176056)

"A Tale of Two Cities" is a historical novel by Charles Dickens published in 1859.
The novel is set in London and Paris before and during the French Revolution.
The novel explores themes of resurrection, sacrifice, and social justice.
These themes are not a parody but rather serious examinations of human nature and society.
A: "A Tale of Two Cities" is a historical novel by Charles Dickens published in 1859.
The novel is set in London and Paris before and during the French Revolution.
The novel explores themes of resurrection, sacrifice, and social justice.
These themes are not a parody but rather serious examinations of human nature and society. (Score: -0.16390696167945862)
tensor([[ 6191739619028497446, -7083604852248027883, -4235789398214911616,
          8144335044055821678, -5322498821065855045,                    0,
                            0,                    0],
        [ 6191739619028497446, -7083604852248027883, -4235789398214911616,
          8144335044055821678, -1296093999891955447, -7083604852248027883,
         -4235789398214911616,  8144335044055821678]])

====================
Q: Karachi was a part of Alexander the Great's success?


********** Step: 1 **********

Karachi is a city in modern day Pakistan. (Score: 0.008069772273302078, Parent: 0)

Karachi is a city in modern-day Pakistan. (Score: -0.007008728105574846, Parent: 0)

********** Step: 2 **********

Karachi is a city in modern day Pakistan.
Krokola was an ancient port located in what is now Karachi. (Score: -0.023146290332078934, Parent: 0)

Karachi is a city in modern day Pakistan.
Karachi is a city in modern-day Pakistan. (Score: -0.02345559373497963, Parent: 0)

********** Step: 3 **********

Karachi is a city in modern day Pakistan.
Karachi is a city in modern-day Pakistan.
Krokola was an ancient port located in what is now Karachi. (Score: -0.03415291756391525, Parent: 1)

Karachi is a city in modern day Pakistan.
Karachi is a city in modern-day Pakistan.
Krokola, an ancient port, was located in what is now Karachi. (Score: -0.057095326483249664, Parent: 1)

********** Step: 4 **********

Karachi is a city in modern day Pakistan.
Karachi is a city in modern-day Pakistan.
Krokola was an ancient port located in what is now Karachi.
Alexander the Great stationed his fleet in Krokola on his way to Babylon. (Score: -0.08359304815530777, Parent: 0)

Karachi is a city in modern day Pakistan.
Karachi is a city in modern-day Pakistan.
Krokola was an ancient port located in what is now Karachi.
Alexander the Great stationed his fleet in Krokola on his way to Babylon. (Score: -0.08359304815530777, Parent: 0)

********** Step: 5 **********

Karachi is a city in modern day Pakistan.
Karachi is a city in modern-day Pakistan.
Krokola was an ancient port located in what is now Karachi.
Alexander the Great stationed his fleet in Krokola on his way to Babylon.
Alexander the Great defeated Darius and conquered Babylon before expanding his empire. (Score: -0.07632294297218323, Parent: 0)

Karachi is a city in modern day Pakistan.
Karachi is a city in modern-day Pakistan.
Krokola was an ancient port located in what is now Karachi.
Alexander the Great stationed his fleet in Krokola on his way to Babylon.
Alexander the Great defeated Darius and conquered Babylon before expanding his empire. (Score: -0.07632352411746979, Parent: 1)

********** Step: 6 **********

Karachi is a city in modern day Pakistan.
Karachi is a city in modern-day Pakistan.
Krokola was an ancient port located in what is now Karachi.
Alexander the Great stationed his fleet in Krokola on his way to Babylon.
Alexander the Great defeated Darius and conquered Babylon before expanding his empire.
#### Yes. (Score: 0.2057008445262909, Parent: 0)

Karachi is a city in modern day Pakistan.
Karachi is a city in modern-day Pakistan.
Krokola was an ancient port located in what is now Karachi.
Alexander the Great stationed his fleet in Krokola on his way to Babylon.
Alexander the Great defeated Darius and conquered Babylon before expanding his empire.
#### Yes. (Score: 0.20569899678230286, Parent: 1)

********** Step: 7 **********

Karachi is a city in modern day Pakistan.
Karachi is a city in modern-day Pakistan.
Krokola was an ancient port located in what is now Karachi.
Alexander the Great stationed his fleet in Krokola on his way to Babylon.
Alexander the Great defeated Darius and conquered Babylon before expanding his empire.
#### Yes.
 (Score: 0.2057008445262909, Parent: 0)

Karachi is a city in modern day Pakistan.
Karachi is a city in modern-day Pakistan.
Krokola was an ancient port located in what is now Karachi.
Alexander the Great stationed his fleet in Krokola on his way to Babylon.
Alexander the Great defeated Darius and conquered Babylon before expanding his empire.
#### Yes.
 (Score: 0.20569899678230286, Parent: 1)

---------- FINAL ----------
step 7
Karachi is a city in modern day Pakistan.
Karachi is a city in modern-day Pakistan.
Krokola was an ancient port located in what is now Karachi.
Alexander the Great stationed his fleet in Krokola on his way to Babylon.
Alexander the Great defeated Darius and conquered Babylon before expanding his empire.
#### Yes.
 (Score: 0.2057008445262909)

Karachi is a city in modern day Pakistan.
Karachi is a city in modern-day Pakistan.
Krokola was an ancient port located in what is now Karachi.
Alexander the Great stationed his fleet in Krokola on his way to Babylon.
Alexander the Great defeated Darius and conquered Babylon before expanding his empire.
#### Yes.
 (Score: 0.20569899678230286)
tensor([[ -219017653151555520,  5376586859477351315,  9055065600048261790,
          4826178189326034300, -5502276316531372591,  3209685389633853342,
                            0,                   -1],
        [ -219017653151555520,  5376586859477351315,  9055065600048261790,
          4826178189326034300, -5502276316531372591,  3209685389633853342,
                            0,                   -1]])

====================
Q: Would the average American family find Adam Sandler's home to be too small?


********** Step: 1 **********

Adam Sandler is a well-known actor and comedian. (Score: -0.023160040378570557, Parent: 0)

Adam Sandler is a well-known actor and comedian. (Score: -0.023160040378570557, Parent: 0)

********** Step: 2 **********

Adam Sandler is a well-known actor and comedian.
Adam Sandler is a well-known actor and comedian. (Score: -0.05910323187708855, Parent: 0)

Adam Sandler is a well-known actor and comedian.
Adam Sandler owns a large home in Los Angeles, California. (Score: -0.08008568733930588, Parent: 1)

********** Step: 3 **********

Adam Sandler is a well-known actor and comedian.
Adam Sandler is a well-known actor and comedian.
A: Adam Sandler is a well-known actor and comedian. (Score: -0.0863456130027771, Parent: 0)

Adam Sandler is a well-known actor and comedian.
Adam Sandler owns a large home in Los Angeles, California.
The average American family typically lives in a home that is around 2,500 square feet. (Score: -0.08683432638645172, Parent: 1)

********** Step: 4 **********

Adam Sandler is a well-known actor and comedian.
Adam Sandler owns a large home in Los Angeles, California.
The average American family typically lives in a home that is around 2,500 square feet.
Adam Sandler's home is significantly larger than the average American home. (Score: -0.1006467342376709, Parent: 1)

Adam Sandler is a well-known actor and comedian.
Adam Sandler owns a large home in Los Angeles, California.
The average American family typically lives in a home that is around 2,500 square feet.
Adam Sandler's home is reportedly much larger than the average American home. (Score: -0.10404951870441437, Parent: 1)

********** Step: 5 **********

Adam Sandler is a well-known actor and comedian.
Adam Sandler owns a large home in Los Angeles, California.
The average American family typically lives in a home that is around 2,500 square feet.
Adam Sandler's home is significantly larger than the average American home.
A: Adam Sandler is a well-known actor and comedian. (Score: -0.10699658840894699, Parent: 0)

Adam Sandler is a well-known actor and comedian.
Adam Sandler owns a large home in Los Angeles, California.
The average American family typically lives in a home that is around 2,500 square feet.
Adam Sandler's home is reportedly much larger than the average American home.
A: Adam Sandler is a well-known actor and comedian. (Score: -0.1087709590792656, Parent: 1)

********** Step: 6 **********

Adam Sandler is a well-known actor and comedian.
Adam Sandler owns a large home in Los Angeles, California.
The average American family typically lives in a home that is around 2,500 square feet.
Adam Sandler's home is significantly larger than the average American home.
A: Adam Sandler is a well-known actor and comedian.
Adam Sandler owns a large home in Los Angeles, California. (Score: -0.11292245984077454, Parent: 0)

Adam Sandler is a well-known actor and comedian.
Adam Sandler owns a large home in Los Angeles, California.
The average American family typically lives in a home that is around 2,500 square feet.
Adam Sandler's home is significantly larger than the average American home.
A: Adam Sandler is a well-known actor and comedian.
Adam Sandler owns a large home in Los Angeles, California. (Score: -0.11292245984077454, Parent: 0)

********** Step: 7 **********

Adam Sandler is a well-known actor and comedian.
Adam Sandler owns a large home in Los Angeles, California.
The average American family typically lives in a home that is around 2,500 square feet.
Adam Sandler's home is significantly larger than the average American home.
A: Adam Sandler is a well-known actor and comedian.
Adam Sandler owns a large home in Los Angeles, California.
Adam Sandler's home is significantly larger than the average American home. (Score: -0.1258590668439865, Parent: 1)

Adam Sandler is a well-known actor and comedian.
Adam Sandler owns a large home in Los Angeles, California.
The average American family typically lives in a home that is around 2,500 square feet.
Adam Sandler's home is significantly larger than the average American home.
A: Adam Sandler is a well-known actor and comedian.
Adam Sandler owns a large home in Los Angeles, California.
The average American family typically lives in a home that is around 2,500 square feet. (Score: -0.13586999475955963, Parent: 0)

********** Step: 8 **********

Adam Sandler is a well-known actor and comedian.
Adam Sandler owns a large home in Los Angeles, California.
The average American family typically lives in a home that is around 2,500 square feet.
Adam Sandler's home is significantly larger than the average American home.
A: Adam Sandler is a well-known actor and comedian.
Adam Sandler owns a large home in Los Angeles, California.
Adam Sandler's home is significantly larger than the average American home.
#### No. (Score: 0.10354463756084442, Parent: 0)

Adam Sandler is a well-known actor and comedian.
Adam Sandler owns a large home in Los Angeles, California.
The average American family typically lives in a home that is around 2,500 square feet.
Adam Sandler's home is significantly larger than the average American home.
A: Adam Sandler is a well-known actor and comedian.
Adam Sandler owns a large home in Los Angeles, California.
Adam Sandler's home is significantly larger than the average American home.
A: Adam Sandler is a well-known actor and comedian. (Score: -0.13101227581501007, Parent: 0)

---------- FINAL ----------
step 8
Adam Sandler is a well-known actor and comedian.
Adam Sandler owns a large home in Los Angeles, California.
The average American family typically lives in a home that is around 2,500 square feet.
Adam Sandler's home is significantly larger than the average American home.
A: Adam Sandler is a well-known actor and comedian.
Adam Sandler owns a large home in Los Angeles, California.
Adam Sandler's home is significantly larger than the average American home.
#### No. (Score: 0.10354463756084442)

Adam Sandler is a well-known actor and comedian.
Adam Sandler owns a large home in Los Angeles, California.
The average American family typically lives in a home that is around 2,500 square feet.
Adam Sandler's home is significantly larger than the average American home.
A: Adam Sandler is a well-known actor and comedian.
Adam Sandler owns a large home in Los Angeles, California.
Adam Sandler's home is significantly larger than the average American home.
A: Adam Sandler is a well-known actor and comedian. (Score: -0.13101227581501007)
tensor([[ 6889571566987631415, -5386082018706726286, -8855367461390264149,
          6089588725380686108,  7113370269591585972, -5386082018706726286,
          6089588725380686108, -5322498821065855045],
        [ 6889571566987631415, -5386082018706726286, -8855367461390264149,
          6089588725380686108,  7113370269591585972, -5386082018706726286,
          6089588725380686108,  7113370269591585972]])

====================
Q: Did Harvey Milk ever run for governor?


********** Step: 1 **********

Harvey Milk was a prominent political figure and the first openly gay elected official in California. (Score: -0.03277823328971863, Parent: 0)

Harvey Milk was a prominent gay rights activist and politician in San Francisco. (Score: -0.04711103439331055, Parent: 0)

********** Step: 2 **********

Harvey Milk was a prominent political figure and the first openly gay elected official in California.
He served on the San Francisco Board of Supervisors. (Score: -0.09722356498241425, Parent: 0)

Harvey Milk was a prominent political figure and the first openly gay elected official in California.
Harvey Milk was elected to the San Francisco Board of Supervisors in 1977. (Score: -0.1046651229262352, Parent: 0)

********** Step: 3 **********

Harvey Milk was a prominent political figure and the first openly gay elected official in California.
Harvey Milk was elected to the San Francisco Board of Supervisors in 1977.
Harvey Milk did not run for governor during his political career. (Score: -0.12376804649829865, Parent: 1)

Harvey Milk was a prominent political figure and the first openly gay elected official in California.
Harvey Milk was elected to the San Francisco Board of Supervisors in 1977.
Harvey Milk did not run for governor of California during his political career. (Score: -0.12513695657253265, Parent: 1)

********** Step: 4 **********

Harvey Milk was a prominent political figure and the first openly gay elected official in California.
Harvey Milk was elected to the San Francisco Board of Supervisors in 1977.
Harvey Milk did not run for governor during his political career.
#### No. (Score: 0.1919023096561432, Parent: 0)

Harvey Milk was a prominent political figure and the first openly gay elected official in California.
Harvey Milk was elected to the San Francisco Board of Supervisors in 1977.
Harvey Milk did not run for governor during his political career.
A: Harvey Milk was a prominent political figure and the first openly gay elected official in California. (Score: -0.12630900740623474, Parent: 0)

********** Step: 5 **********

Harvey Milk was a prominent political figure and the first openly gay elected official in California.
Harvey Milk was elected to the San Francisco Board of Supervisors in 1977.
Harvey Milk did not run for governor during his political career.
#### No.
 (Score: 0.1919023096561432, Parent: 0)

Harvey Milk was a prominent political figure and the first openly gay elected official in California.
Harvey Milk was elected to the San Francisco Board of Supervisors in 1977.
Harvey Milk did not run for governor during his political career.
A: Harvey Milk was a prominent political figure and the first openly gay elected official in California.
Harvey Milk was elected to the San Francisco Board of Supervisors in 1977. (Score: -0.1325724720954895, Parent: 1)

********** Step: 6 **********

Harvey Milk was a prominent political figure and the first openly gay elected official in California.
Harvey Milk was elected to the San Francisco Board of Supervisors in 1977.
Harvey Milk did not run for governor during his political career.
#### No.

 (Score: 0.1919023096561432, Parent: 0)

Harvey Milk was a prominent political figure and the first openly gay elected official in California.
Harvey Milk was elected to the San Francisco Board of Supervisors in 1977.
Harvey Milk did not run for governor during his political career.
A: Harvey Milk was a prominent political figure and the first openly gay elected official in California.
Harvey Milk was elected to the San Francisco Board of Supervisors in 1977.
Harvey Milk did not run for governor during his political career. (Score: -0.14074206352233887, Parent: 1)

********** Step: 7 **********

Harvey Milk was a prominent political figure and the first openly gay elected official in California.
Harvey Milk was elected to the San Francisco Board of Supervisors in 1977.
Harvey Milk did not run for governor during his political career.
#### No.


 (Score: 0.1919023096561432, Parent: 0)

Harvey Milk was a prominent political figure and the first openly gay elected official in California.
Harvey Milk was elected to the San Francisco Board of Supervisors in 1977.
Harvey Milk did not run for governor during his political career.
A: Harvey Milk was a prominent political figure and the first openly gay elected official in California.
Harvey Milk was elected to the San Francisco Board of Supervisors in 1977.
Harvey Milk did not run for governor during his political career.
A: Harvey Milk was a prominent political figure and the first openly gay elected official in California. (Score: -0.14691942930221558, Parent: 1)

********** Step: 8 **********

Harvey Milk was a prominent political figure and the first openly gay elected official in California.
Harvey Milk was elected to the San Francisco Board of Supervisors in 1977.
Harvey Milk did not run for governor during his political career.
#### No.



 (Score: 0.1919023096561432, Parent: 0)

Harvey Milk was a prominent political figure and the first openly gay elected official in California.
Harvey Milk was elected to the San Francisco Board of Supervisors in 1977.
Harvey Milk did not run for governor during his political career.
A: Harvey Milk was a prominent political figure and the first openly gay elected official in California.
Harvey Milk was elected to the San Francisco Board of Supervisors in 1977.
Harvey Milk did not run for governor during his political career.
A: Harvey Milk was a prominent political figure and the first openly gay elected official in California.
A: Harvey Milk was a prominent political figure and the first openly gay elected official in California. (Score: -0.14993645250797272, Parent: 1)

---------- FINAL ----------
step 8
Harvey Milk was a prominent political figure and the first openly gay elected official in California.
Harvey Milk was elected to the San Francisco Board of Supervisors in 1977.
Harvey Milk did not run for governor during his political career.
#### No.



 (Score: 0.1919023096561432)

Harvey Milk was a prominent political figure and the first openly gay elected official in California.
Harvey Milk was elected to the San Francisco Board of Supervisors in 1977.
Harvey Milk did not run for governor during his political career.
A: Harvey Milk was a prominent political figure and the first openly gay elected official in California.
Harvey Milk was elected to the San Francisco Board of Supervisors in 1977.
Harvey Milk did not run for governor during his political career.
A: Harvey Milk was a prominent political figure and the first openly gay elected official in California.
A: Harvey Milk was a prominent political figure and the first openly gay elected official in California. (Score: -0.14993645250797272)
tensor([[  204230425916634517,   278251020867947286,  6648872097553528794,
         -5322498821065855045,                    0,                    0,
                            0,                    0],
        [  204230425916634517,   278251020867947286,  6648872097553528794,
          7082368521285107762,   278251020867947286,  6648872097553528794,
          7082368521285107762,  7082368521285107762]])

====================
Q: Is a Boeing 737 cost covered by Wonder Woman (2017 film) box office receipts?


********** Step: 1 **********

The Boeing 737 is a commercial aircraft used by airlines. (Score: -0.0005041668191552162, Parent: 0)

A: The Boeing 737 is a commercial aircraft manufactured by Boeing. (Score: -0.03858178108930588, Parent: 0)

********** Step: 2 **********

A: The Boeing 737 is a commercial aircraft manufactured by Boeing.
A: The Boeing 737 is a commercial aircraft manufactured by Boeing. (Score: -0.04175383597612381, Parent: 1)

A: The Boeing 737 is a commercial aircraft manufactured by Boeing.
The Boeing 737 is a commercial aircraft manufactured by Boeing. (Score: -0.06338311731815338, Parent: 1)

********** Step: 3 **********

A: The Boeing 737 is a commercial aircraft manufactured by Boeing.
The Boeing 737 is a commercial aircraft manufactured by Boeing.
A: The Boeing 737 is a commercial aircraft manufactured by Boeing. (Score: -0.07259965687990189, Parent: 1)

A: The Boeing 737 is a commercial aircraft manufactured by Boeing.
A: The Boeing 737 is a commercial aircraft manufactured by Boeing.
A: The Boeing 737 is a commercial aircraft manufactured by Boeing. (Score: -0.07721215486526489, Parent: 0)

********** Step: 4 **********

A: The Boeing 737 is a commercial aircraft manufactured by Boeing.
A: The Boeing 737 is a commercial aircraft manufactured by Boeing.
A: The Boeing 737 is a commercial aircraft manufactured by Boeing.
A: The Boeing 737 is a commercial aircraft manufactured by Boeing. (Score: -0.09546857327222824, Parent: 1)

A: The Boeing 737 is a commercial aircraft manufactured by Boeing.
A: The Boeing 737 is a commercial aircraft manufactured by Boeing.
A: The Boeing 737 is a commercial aircraft manufactured by Boeing.
A: The Boeing 737 is a commercial aircraft manufactured by Boeing. (Score: -0.09546857327222824, Parent: 1)

********** Step: 5 **********

A: The Boeing 737 is a commercial aircraft manufactured by Boeing.
A: The Boeing 737 is a commercial aircraft manufactured by Boeing.
A: The Boeing 737 is a commercial aircraft manufactured by Boeing.
A: The Boeing 737 is a commercial aircraft manufactured by Boeing.
A: The Boeing 737 is a commercial aircraft manufactured by Boeing. (Score: -0.10947631299495697, Parent: 0)

A: The Boeing 737 is a commercial aircraft manufactured by Boeing.
A: The Boeing 737 is a commercial aircraft manufactured by Boeing.
A: The Boeing 737 is a commercial aircraft manufactured by Boeing.
A: The Boeing 737 is a commercial aircraft manufactured by Boeing.
A: The Boeing 737 is a commercial aircraft manufactured by Boeing. (Score: -0.10947631299495697, Parent: 1)

********** Step: 6 **********

A: The Boeing 737 is a commercial aircraft manufactured by Boeing.
A: The Boeing 737 is a commercial aircraft manufactured by Boeing.
A: The Boeing 737 is a commercial aircraft manufactured by Boeing.
A: The Boeing 737 is a commercial aircraft manufactured by Boeing.
A: The Boeing 737 is a commercial aircraft manufactured by Boeing.
A: The Boeing 737 is a commercial aircraft manufactured by Boeing. (Score: -0.11880365014076233, Parent: 0)

A: The Boeing 737 is a commercial aircraft manufactured by Boeing.
A: The Boeing 737 is a commercial aircraft manufactured by Boeing.
A: The Boeing 737 is a commercial aircraft manufactured by Boeing.
A: The Boeing 737 is a commercial aircraft manufactured by Boeing.
A: The Boeing 737 is a commercial aircraft manufactured by Boeing.
A: The Boeing 737 is a commercial aircraft manufactured by Boeing. (Score: -0.11880365014076233, Parent: 1)

********** Step: 7 **********

A: The Boeing 737 is a commercial aircraft manufactured by Boeing.
A: The Boeing 737 is a commercial aircraft manufactured by Boeing.
A: The Boeing 737 is a commercial aircraft manufactured by Boeing.
A: The Boeing 737 is a commercial aircraft manufactured by Boeing.
A: The Boeing 737 is a commercial aircraft manufactured by Boeing.
A: The Boeing 737 is a commercial aircraft manufactured by Boeing.
A: The Boeing 737 is a commercial aircraft manufactured by Boeing. (Score: -0.1254333257675171, Parent: 0)

A: The Boeing 737 is a commercial aircraft manufactured by Boeing.
A: The Boeing 737 is a commercial aircraft manufactured by Boeing.
A: The Boeing 737 is a commercial aircraft manufactured by Boeing.
A: The Boeing 737 is a commercial aircraft manufactured by Boeing.
A: The Boeing 737 is a commercial aircraft manufactured by Boeing.
A: The Boeing 737 is a commercial aircraft manufactured by Boeing.
A: The Boeing 737 is a commercial aircraft manufactured by Boeing. (Score: -0.1254333257675171, Parent: 1)

********** Step: 8 **********

A: The Boeing 737 is a commercial aircraft manufactured by Boeing.
A: The Boeing 737 is a commercial aircraft manufactured by Boeing.
A: The Boeing 737 is a commercial aircraft manufactured by Boeing.
A: The Boeing 737 is a commercial aircraft manufactured by Boeing.
A: The Boeing 737 is a commercial aircraft manufactured by Boeing.
A: The Boeing 737 is a commercial aircraft manufactured by Boeing.
A: The Boeing 737 is a commercial aircraft manufactured by Boeing.
A: The Boeing 737 is a commercial aircraft manufactured by Boeing. (Score: -0.13024987280368805, Parent: 0)

A: The Boeing 737 is a commercial aircraft manufactured by Boeing.
A: The Boeing 737 is a commercial aircraft manufactured by Boeing.
A: The Boeing 737 is a commercial aircraft manufactured by Boeing.
A: The Boeing 737 is a commercial aircraft manufactured by Boeing.
A: The Boeing 737 is a commercial aircraft manufactured by Boeing.
A: The Boeing 737 is a commercial aircraft manufactured by Boeing.
A: The Boeing 737 is a commercial aircraft manufactured by Boeing.
A: The Boeing 737 is a commercial aircraft manufactured by Boeing. (Score: -0.13024987280368805, Parent: 1)

---------- FINAL ----------
step 8
A: The Boeing 737 is a commercial aircraft manufactured by Boeing.
A: The Boeing 737 is a commercial aircraft manufactured by Boeing.
A: The Boeing 737 is a commercial aircraft manufactured by Boeing.
A: The Boeing 737 is a commercial aircraft manufactured by Boeing.
A: The Boeing 737 is a commercial aircraft manufactured by Boeing.
A: The Boeing 737 is a commercial aircraft manufactured by Boeing.
A: The Boeing 737 is a commercial aircraft manufactured by Boeing.
A: The Boeing 737 is a commercial aircraft manufactured by Boeing. (Score: -0.13024987280368805)

A: The Boeing 737 is a commercial aircraft manufactured by Boeing.
A: The Boeing 737 is a commercial aircraft manufactured by Boeing.
A: The Boeing 737 is a commercial aircraft manufactured by Boeing.
A: The Boeing 737 is a commercial aircraft manufactured by Boeing.
A: The Boeing 737 is a commercial aircraft manufactured by Boeing.
A: The Boeing 737 is a commercial aircraft manufactured by Boeing.
A: The Boeing 737 is a commercial aircraft manufactured by Boeing.
A: The Boeing 737 is a commercial aircraft manufactured by Boeing. (Score: -0.13024987280368805)
tensor([[2970204703370996852, 2970204703370996852, 2970204703370996852,
         2970204703370996852, 2970204703370996852, 2970204703370996852,
         2970204703370996852, 2970204703370996852],
        [2970204703370996852, 2970204703370996852, 2970204703370996852,
         2970204703370996852, 2970204703370996852, 2970204703370996852,
         2970204703370996852, 2970204703370996852]])

====================
Q: Did Neanderthals use arithmetic?


********** Step: 1 **********

Neanderthals existed from around 400,000 to 40,000 years ago. (Score: -0.03863083943724632, Parent: 0)

Neanderthals were a species of archaic humans who lived in Europe and parts of Asia. (Score: -0.2191319763660431, Parent: 0)

********** Step: 2 **********

Neanderthals were a species of archaic humans who lived in Europe and parts of Asia.
They existed from approximately 400,000 to 40,000 years ago. (Score: -0.22035396099090576, Parent: 1)

Neanderthals were a species of archaic humans who lived in Europe and parts of Asia.
Neanderthals are known to have used tools and engaged in complex hunting strategies. (Score: -0.228502094745636, Parent: 1)

********** Step: 3 **********

Neanderthals were a species of archaic humans who lived in Europe and parts of Asia.
They existed from approximately 400,000 to 40,000 years ago.
Neanderthals are known for their tool-making abilities and use of natural resources. (Score: -0.22404497861862183, Parent: 0)

Neanderthals were a species of archaic humans who lived in Europe and parts of Asia.
They existed from approximately 400,000 to 40,000 years ago.
There is no substantial evidence that Neanderthals used arithmetic in the way modern humans understand it. (Score: -0.22483767569065094, Parent: 0)

********** Step: 4 **********

Neanderthals were a species of archaic humans who lived in Europe and parts of Asia.
They existed from approximately 400,000 to 40,000 years ago.
There is no substantial evidence that Neanderthals used arithmetic in the way modern humans understand it.
A: Neanderthals were a species of archaic humans who lived in Europe and parts of Asia. (Score: -0.22259262204170227, Parent: 1)

Neanderthals were a species of archaic humans who lived in Europe and parts of Asia.
They existed from approximately 400,000 to 40,000 years ago.
Neanderthals are known for their tool-making abilities and use of natural resources.
There is no direct evidence that Neanderthals used arithmetic as we understand it today. (Score: -0.22482043504714966, Parent: 0)

********** Step: 5 **********

Neanderthals were a species of archaic humans who lived in Europe and parts of Asia.
They existed from approximately 400,000 to 40,000 years ago.
There is no substantial evidence that Neanderthals used arithmetic in the way modern humans understand it.
A: Neanderthals were a species of archaic humans who lived in Europe and parts of Asia.
They existed from approximately 400,000 to 40,000 years ago. (Score: -0.2202194333076477, Parent: 0)

Neanderthals were a species of archaic humans who lived in Europe and parts of Asia.
They existed from approximately 400,000 to 40,000 years ago.
Neanderthals are known for their tool-making abilities and use of natural resources.
There is no direct evidence that Neanderthals used arithmetic as we understand it today.
A: Neanderthals were a species of archaic humans who lived in Europe and parts of Asia. (Score: -0.22248847782611847, Parent: 1)

********** Step: 6 **********

Neanderthals were a species of archaic humans who lived in Europe and parts of Asia.
They existed from approximately 400,000 to 40,000 years ago.
There is no substantial evidence that Neanderthals used arithmetic in the way modern humans understand it.
A: Neanderthals were a species of archaic humans who lived in Europe and parts of Asia.
They existed from approximately 400,000 to 40,000 years ago.
There is no substantial evidence that Neanderthals used arithmetic in the way modern humans understand it. (Score: -0.21871846914291382, Parent: 0)

Neanderthals were a species of archaic humans who lived in Europe and parts of Asia.
They existed from approximately 400,000 to 40,000 years ago.
Neanderthals are known for their tool-making abilities and use of natural resources.
There is no direct evidence that Neanderthals used arithmetic as we understand it today.
A: Neanderthals were a species of archaic humans who lived in Europe and parts of Asia.
They existed from approximately 400,000 to 40,000 years ago. (Score: -0.22192686796188354, Parent: 1)

********** Step: 7 **********

Neanderthals were a species of archaic humans who lived in Europe and parts of Asia.
They existed from approximately 400,000 to 40,000 years ago.
There is no substantial evidence that Neanderthals used arithmetic in the way modern humans understand it.
A: Neanderthals were a species of archaic humans who lived in Europe and parts of Asia.
They existed from approximately 400,000 to 40,000 years ago.
There is no substantial evidence that Neanderthals used arithmetic in the way modern humans understand it.
A: Neanderthals were a species of archaic humans who lived in Europe and parts of Asia. (Score: -0.21665263175964355, Parent: 0)

Neanderthals were a species of archaic humans who lived in Europe and parts of Asia.
They existed from approximately 400,000 to 40,000 years ago.
There is no substantial evidence that Neanderthals used arithmetic in the way modern humans understand it.
A: Neanderthals were a species of archaic humans who lived in Europe and parts of Asia.
They existed from approximately 400,000 to 40,000 years ago.
There is no substantial evidence that Neanderthals used arithmetic in the way modern humans understand it.
A: Neanderthals were a species of archaic humans who lived in Europe and parts of Asia. (Score: -0.21665263175964355, Parent: 0)

********** Step: 8 **********

Neanderthals were a species of archaic humans who lived in Europe and parts of Asia.
They existed from approximately 400,000 to 40,000 years ago.
There is no substantial evidence that Neanderthals used arithmetic in the way modern humans understand it.
A: Neanderthals were a species of archaic humans who lived in Europe and parts of Asia.
They existed from approximately 400,000 to 40,000 years ago.
There is no substantial evidence that Neanderthals used arithmetic in the way modern humans understand it.
A: Neanderthals were a species of archaic humans who lived in Europe and parts of Asia.
They existed from approximately 400,000 to 40,000 years ago. (Score: -0.21723203361034393, Parent: 1)

Neanderthals were a species of archaic humans who lived in Europe and parts of Asia.
They existed from approximately 400,000 to 40,000 years ago.
There is no substantial evidence that Neanderthals used arithmetic in the way modern humans understand it.
A: Neanderthals were a species of archaic humans who lived in Europe and parts of Asia.
They existed from approximately 400,000 to 40,000 years ago.
There is no substantial evidence that Neanderthals used arithmetic in the way modern humans understand it.
A: Neanderthals were a species of archaic humans who lived in Europe and parts of Asia.
They existed from approximately 400,000 to 40,000 years ago. (Score: -0.21723203361034393, Parent: 1)

---------- FINAL ----------
step 8
Neanderthals were a species of archaic humans who lived in Europe and parts of Asia.
They existed from approximately 400,000 to 40,000 years ago.
There is no substantial evidence that Neanderthals used arithmetic in the way modern humans understand it.
A: Neanderthals were a species of archaic humans who lived in Europe and parts of Asia.
They existed from approximately 400,000 to 40,000 years ago.
There is no substantial evidence that Neanderthals used arithmetic in the way modern humans understand it.
A: Neanderthals were a species of archaic humans who lived in Europe and parts of Asia.
They existed from approximately 400,000 to 40,000 years ago. (Score: -0.21723203361034393)

Neanderthals were a species of archaic humans who lived in Europe and parts of Asia.
They existed from approximately 400,000 to 40,000 years ago.
There is no substantial evidence that Neanderthals used arithmetic in the way modern humans understand it.
A: Neanderthals were a species of archaic humans who lived in Europe and parts of Asia.
They existed from approximately 400,000 to 40,000 years ago.
There is no substantial evidence that Neanderthals used arithmetic in the way modern humans understand it.
A: Neanderthals were a species of archaic humans who lived in Europe and parts of Asia.
They existed from approximately 400,000 to 40,000 years ago. (Score: -0.21723203361034393)
tensor([[-3402900457202857703,  -552876972673083705, -1841091283724456631,
          3767958044091266229,  -552876972673083705, -1841091283724456631,
          3767958044091266229,  -552876972673083705],
        [-3402900457202857703,  -552876972673083705, -1841091283724456631,
          3767958044091266229,  -552876972673083705, -1841091283724456631,
          3767958044091266229,  -552876972673083705]])

====================
Q: Can children become lieutenants?


********** Step: 1 **********

Children are generally defined as individuals under the age of 18. (Score: -0.16721010208129883, Parent: 0)

A: A lieutenant is a specific military rank. (Score: -0.16916722059249878, Parent: 0)

********** Step: 2 **********

Children are generally defined as individuals under the age of 18.
Most military organizations have age requirements for their ranks. (Score: -0.2203194797039032, Parent: 0)

Children are generally defined as individuals under the age of 18.
Lieutenants are typically adults who hold a rank in the military or law enforcement. (Score: -0.23867401480674744, Parent: 0)

********** Step: 3 **********

Children are generally defined as individuals under the age of 18.
Most military organizations have age requirements for their ranks.
For example, in the United States Army, the minimum age to become a commissioned officer is 18. (Score: -0.2370244860649109, Parent: 0)

Children are generally defined as individuals under the age of 18.
Most military organizations have age requirements for their ranks.
Lieutenant is typically a rank within the military or law enforcement. (Score: -0.24022871255874634, Parent: 0)

********** Step: 4 **********

Children are generally defined as individuals under the age of 18.
Most military organizations have age requirements for their ranks.
For example, in the United States Army, the minimum age to become a commissioned officer is 18.
Therefore, children cannot meet this requirement to become lieutenants in such organizations. (Score: -0.2392825335264206, Parent: 0)

Children are generally defined as individuals under the age of 18.
Most military organizations have age requirements for their ranks.
For example, in the United States Army, the minimum age to become a commissioned officer is 18.
Therefore, children cannot meet the age requirement to become lieutenants in military organizations. (Score: -0.23990830779075623, Parent: 0)

********** Step: 5 **********

Children are generally defined as individuals under the age of 18.
Most military organizations have age requirements for their ranks.
For example, in the United States Army, the minimum age to become a commissioned officer is 18.
Therefore, children cannot meet the age requirement to become lieutenants in military organizations.
#### No. (Score: 0.11660158634185791, Parent: 1)

Children are generally defined as individuals under the age of 18.
Most military organizations have age requirements for their ranks.
For example, in the United States Army, the minimum age to become a commissioned officer is 18.
Therefore, children cannot meet the age requirement to become lieutenants in military organizations.
#### No. (Score: 0.11660158634185791, Parent: 1)

********** Step: 6 **********

Children are generally defined as individuals under the age of 18.
Most military organizations have age requirements for their ranks.
For example, in the United States Army, the minimum age to become a commissioned officer is 18.
Therefore, children cannot meet the age requirement to become lieutenants in military organizations.
#### No.
 (Score: 0.11660158634185791, Parent: 0)

Children are generally defined as individuals under the age of 18.
Most military organizations have age requirements for their ranks.
For example, in the United States Army, the minimum age to become a commissioned officer is 18.
Therefore, children cannot meet the age requirement to become lieutenants in military organizations.
#### No.
 (Score: 0.11660158634185791, Parent: 1)

---------- FINAL ----------
step 6
Children are generally defined as individuals under the age of 18.
Most military organizations have age requirements for their ranks.
For example, in the United States Army, the minimum age to become a commissioned officer is 18.
Therefore, children cannot meet the age requirement to become lieutenants in military organizations.
#### No.
 (Score: 0.11660158634185791)

Children are generally defined as individuals under the age of 18.
Most military organizations have age requirements for their ranks.
For example, in the United States Army, the minimum age to become a commissioned officer is 18.
Therefore, children cannot meet the age requirement to become lieutenants in military organizations.
#### No.
 (Score: 0.11660158634185791)
tensor([[ 3320061118370216878, -7648152851492877758, -8145426792817332736,
         -2789716101719137599, -5322498821065855045,                    0,
                           -1,                   -1],
        [ 3320061118370216878, -7648152851492877758, -8145426792817332736,
         -2789716101719137599, -5322498821065855045,                    0,
                           -1,                   -1]])

====================
Q: Could someone in a coma experience fear?


********** Step: 1 **********

A: A coma is a state of prolonged unconsciousness. (Score: -0.13510967791080475, Parent: 0)

A: A coma is a state of prolonged unconsciousness where a person is unresponsive to their environment. (Score: -0.21573655307292938, Parent: 0)

********** Step: 2 **********

A: A coma is a state of prolonged unconsciousness.
A: During a coma, a person does not have conscious awareness or responsiveness to their environment. (Score: -0.23489391803741455, Parent: 0)

A: A coma is a state of prolonged unconsciousness.
A: During a coma, a person is not aware of their surroundings and does not exhibit conscious responses. (Score: -0.23551152646541595, Parent: 0)

********** Step: 3 **********

A: A coma is a state of prolonged unconsciousness.
A: During a coma, a person does not have conscious awareness or responsiveness to their environment.
A: Fear is an emotional response that requires consciousness and awareness. (Score: -0.2385387420654297, Parent: 0)

A: A coma is a state of prolonged unconsciousness.
A: During a coma, a person does not have conscious awareness or responsiveness to their environment.
A: Fear is an emotional response that requires conscious awareness and cognitive processing. (Score: -0.2388899177312851, Parent: 0)

********** Step: 4 **********

A: A coma is a state of prolonged unconsciousness.
A: During a coma, a person does not have conscious awareness or responsiveness to their environment.
A: Fear is an emotional response that requires conscious awareness and cognitive processing.
A: Therefore, someone in a coma would not be able to consciously experience fear. (Score: -0.23892343044281006, Parent: 1)

A: A coma is a state of prolonged unconsciousness.
A: During a coma, a person does not have conscious awareness or responsiveness to their environment.
A: Fear is an emotional response that requires conscious awareness and cognitive processing.
A: Therefore, someone in a coma would not be able to experience fear as they lack the necessary awareness and cognitive ability. (Score: -0.23924973607063293, Parent: 1)

********** Step: 5 **********

A: A coma is a state of prolonged unconsciousness.
A: During a coma, a person does not have conscious awareness or responsiveness to their environment.
A: Fear is an emotional response that requires conscious awareness and cognitive processing.
A: Therefore, someone in a coma would not be able to consciously experience fear.
#### No. (Score: 0.11709574609994888, Parent: 0)

A: A coma is a state of prolonged unconsciousness.
A: During a coma, a person does not have conscious awareness or responsiveness to their environment.
A: Fear is an emotional response that requires conscious awareness and cognitive processing.
A: Therefore, someone in a coma would not be able to consciously experience fear.
#### No. (Score: 0.11709574609994888, Parent: 0)

********** Step: 6 **********

A: A coma is a state of prolonged unconsciousness.
A: During a coma, a person does not have conscious awareness or responsiveness to their environment.
A: Fear is an emotional response that requires conscious awareness and cognitive processing.
A: Therefore, someone in a coma would not be able to consciously experience fear.
#### No.
 (Score: 0.11709574609994888, Parent: 0)

A: A coma is a state of prolonged unconsciousness.
A: During a coma, a person does not have conscious awareness or responsiveness to their environment.
A: Fear is an emotional response that requires conscious awareness and cognitive processing.
A: Therefore, someone in a coma would not be able to consciously experience fear.
#### No.
 (Score: 0.11709574609994888, Parent: 1)

---------- FINAL ----------
step 6
A: A coma is a state of prolonged unconsciousness.
A: During a coma, a person does not have conscious awareness or responsiveness to their environment.
A: Fear is an emotional response that requires conscious awareness and cognitive processing.
A: Therefore, someone in a coma would not be able to consciously experience fear.
#### No.
 (Score: 0.11709574609994888)

A: A coma is a state of prolonged unconsciousness.
A: During a coma, a person does not have conscious awareness or responsiveness to their environment.
A: Fear is an emotional response that requires conscious awareness and cognitive processing.
A: Therefore, someone in a coma would not be able to consciously experience fear.
#### No.
 (Score: 0.11709574609994888)
tensor([[-5448489355264386164,  8892078798791763323,   650876884858160302,
         -5797353839422296627, -5322498821065855045,                    0,
                           -1,                   -1],
        [-5448489355264386164,  8892078798791763323,   650876884858160302,
         -5797353839422296627, -5322498821065855045,                    0,
                           -1,                   -1]])

====================
Q: Was Walt Disney ever interviewed by Anderson Cooper?


********** Step: 1 **********

Walt Disney was born in 1901 and died in 1966. (Score: -0.21344906091690063, Parent: 0)

Walt Disney was a prominent American entrepreneur and animator, known for founding the Disney Company. (Score: -0.21953818202018738, Parent: 0)

********** Step: 2 **********

Walt Disney was a prominent American entrepreneur and animator, known for founding the Disney Company.
Walt Disney passed away in 1966. (Score: -0.22157198190689087, Parent: 1)

Walt Disney was a prominent American entrepreneur and animator, known for founding the Disney Company.
Walt Disney passed away in 1966. (Score: -0.22157198190689087, Parent: 1)

********** Step: 3 **********

Walt Disney was a prominent American entrepreneur and animator, known for founding the Disney Company.
Walt Disney passed away in 1966.
Anderson Cooper is a journalist who began his career in the late 1990s. (Score: -0.2200324535369873, Parent: 0)

Walt Disney was a prominent American entrepreneur and animator, known for founding the Disney Company.
Walt Disney passed away in 1966.
Anderson Cooper is a journalist and television personality who began his career in the late 1990s. (Score: -0.2205006331205368, Parent: 1)

********** Step: 4 **********

Walt Disney was a prominent American entrepreneur and animator, known for founding the Disney Company.
Walt Disney passed away in 1966.
Anderson Cooper is a journalist who began his career in the late 1990s.
A: Anderson Cooper was not active as a journalist until decades after Walt Disney's death. (Score: -0.2197064459323883, Parent: 0)

Walt Disney was a prominent American entrepreneur and animator, known for founding the Disney Company.
Walt Disney passed away in 1966.
Anderson Cooper is a journalist and television personality who began his career in the late 1990s.
Anderson Cooper was born in 1967, after Walt Disney's death. (Score: -0.21982015669345856, Parent: 1)

********** Step: 5 **********

Walt Disney was a prominent American entrepreneur and animator, known for founding the Disney Company.
Walt Disney passed away in 1966.
Anderson Cooper is a journalist who began his career in the late 1990s.
A: Anderson Cooper was not active as a journalist until decades after Walt Disney's death.
#### No. (Score: 0.1246199756860733, Parent: 0)

Walt Disney was a prominent American entrepreneur and animator, known for founding the Disney Company.
Walt Disney passed away in 1966.
Anderson Cooper is a journalist who began his career in the late 1990s.
A: Anderson Cooper was not active as a journalist until decades after Walt Disney's death.
#### No. (Score: 0.1246199756860733, Parent: 0)

********** Step: 6 **********

Walt Disney was a prominent American entrepreneur and animator, known for founding the Disney Company.
Walt Disney passed away in 1966.
Anderson Cooper is a journalist who began his career in the late 1990s.
A: Anderson Cooper was not active as a journalist until decades after Walt Disney's death.
#### No.
 (Score: 0.1246199756860733, Parent: 0)

Walt Disney was a prominent American entrepreneur and animator, known for founding the Disney Company.
Walt Disney passed away in 1966.
Anderson Cooper is a journalist who began his career in the late 1990s.
A: Anderson Cooper was not active as a journalist until decades after Walt Disney's death.
#### No.
 (Score: 0.1246199756860733, Parent: 1)

---------- FINAL ----------
step 6
Walt Disney was a prominent American entrepreneur and animator, known for founding the Disney Company.
Walt Disney passed away in 1966.
Anderson Cooper is a journalist who began his career in the late 1990s.
A: Anderson Cooper was not active as a journalist until decades after Walt Disney's death.
#### No.
 (Score: 0.1246199756860733)

Walt Disney was a prominent American entrepreneur and animator, known for founding the Disney Company.
Walt Disney passed away in 1966.
Anderson Cooper is a journalist who began his career in the late 1990s.
A: Anderson Cooper was not active as a journalist until decades after Walt Disney's death.
#### No.
 (Score: 0.1246199756860733)
tensor([[-7219626622772888743, -4414263811191986825,  3444728777122395481,
           -43613849966013296, -5322498821065855045,                    0,
                           -1,                   -1],
        [-7219626622772888743, -4414263811191986825,  3444728777122395481,
           -43613849966013296, -5322498821065855045,                    0,
                           -1,                   -1]])

====================
Q: Is Gandalf hypothetically a formidable foe for Charmed's Barbas?


********** Step: 1 **********

A: Gandalf is a powerful wizard from J.R.R. Tolkien's Middle-earth legendarium. (Score: -0.06419868022203445, Parent: 0)

A: Gandalf is a powerful wizard from J.R.R. Tolkien's Middle-earth universe. (Score: -0.16528883576393127, Parent: 0)

********** Step: 2 **********

A: Gandalf is a powerful wizard from J.R.R. Tolkien's Middle-earth legendarium.
Gandalf possesses a range of magical abilities and wisdom gained from his long life. (Score: -0.22743558883666992, Parent: 0)

A: Gandalf is a powerful wizard from J.R.R. Tolkien's Middle-earth legendarium.
Gandalf possesses immense magical abilities, wisdom, and experience in combat. (Score: -0.23194339871406555, Parent: 0)

********** Step: 3 **********

A: Gandalf is a powerful wizard from J.R.R. Tolkien's Middle-earth legendarium.
Gandalf possesses immense magical abilities, wisdom, and experience in combat.
Barbas is a demon and a recurring antagonist in the TV show Charmed. (Score: -0.2303585559129715, Parent: 1)

A: Gandalf is a powerful wizard from J.R.R. Tolkien's Middle-earth legendarium.
Gandalf possesses immense magical abilities, wisdom, and experience in combat.
Barbas is a demon from the TV show "Charmed," known for his ability to manipulate fear and time. (Score: -0.23486381769180298, Parent: 1)

********** Step: 4 **********

A: Gandalf is a powerful wizard from J.R.R. Tolkien's Middle-earth legendarium.
Gandalf possesses immense magical abilities, wisdom, and experience in combat.
Barbas is a demon from the TV show "Charmed," known for his ability to manipulate fear and time.
Barbas has various powers, including shape-shifting and the ability to create illusions. (Score: -0.23459434509277344, Parent: 1)

A: Gandalf is a powerful wizard from J.R.R. Tolkien's Middle-earth legendarium.
Gandalf possesses immense magical abilities, wisdom, and experience in combat.
Barbas is a demon from the TV show "Charmed," known for his ability to manipulate fear and time.
Barbas has been shown to be a formidable opponent for witches, using his powers to exploit their fears. (Score: -0.23519359529018402, Parent: 1)

********** Step: 5 **********

A: Gandalf is a powerful wizard from J.R.R. Tolkien's Middle-earth legendarium.
Gandalf possesses immense magical abilities, wisdom, and experience in combat.
Barbas is a demon from the TV show "Charmed," known for his ability to manipulate fear and time.
Barbas has been shown to be a formidable opponent for witches, using his powers to exploit their fears.
To determine if Gandalf is hypothetically a formidable foe for Charmed's Barbas, we can analyze their respective abilities and characteristics. (Score: -0.23272179067134857, Parent: 1)

A: Gandalf is a powerful wizard from J.R.R. Tolkien's Middle-earth legendarium.
Gandalf possesses immense magical abilities, wisdom, and experience in combat.
Barbas is a demon from the TV show "Charmed," known for his ability to manipulate fear and time.
Barbas has various powers, including shape-shifting and the ability to create illusions.
To determine if Gandalf is hypothetically a formidable foe for Barbas, we need to assess their abilities and strengths. (Score: -0.23274445533752441, Parent: 0)

********** Step: 6 **********

A: Gandalf is a powerful wizard from J.R.R. Tolkien's Middle-earth legendarium.
Gandalf possesses immense magical abilities, wisdom, and experience in combat.
Barbas is a demon from the TV show "Charmed," known for his ability to manipulate fear and time.
Barbas has various powers, including shape-shifting and the ability to create illusions.
To determine if Gandalf is hypothetically a formidable foe for Barbas, we need to assess their abilities and strengths.
Gandalf's magical abilities include powerful spells, combat skills, and the ability to inspire courage in others. (Score: -0.2310796082019806, Parent: 1)

A: Gandalf is a powerful wizard from J.R.R. Tolkien's Middle-earth legendarium.
Gandalf possesses immense magical abilities, wisdom, and experience in combat.
Barbas is a demon from the TV show "Charmed," known for his ability to manipulate fear and time.
Barbas has various powers, including shape-shifting and the ability to create illusions.
To determine if Gandalf is hypothetically a formidable foe for Barbas, we need to assess their abilities and strengths.
Gandalf's magical abilities allow him to counteract many forms of deception and fear, which are Barbas's primary powers. (Score: -0.23147787153720856, Parent: 1)

********** Step: 7 **********

A: Gandalf is a powerful wizard from J.R.R. Tolkien's Middle-earth legendarium.
Gandalf possesses immense magical abilities, wisdom, and experience in combat.
Barbas is a demon from the TV show "Charmed," known for his ability to manipulate fear and time.
Barbas has various powers, including shape-shifting and the ability to create illusions.
To determine if Gandalf is hypothetically a formidable foe for Barbas, we need to assess their abilities and strengths.
Gandalf's magical abilities allow him to counteract many forms of deception and fear, which are Barbas's primary powers.
A: Additionally, Gandalf has faced powerful adversaries such as Sauron and the Balrog, showcasing his combat prowess and strategic mind. (Score: -0.2302052229642868, Parent: 1)

A: Gandalf is a powerful wizard from J.R.R. Tolkien's Middle-earth legendarium.
Gandalf possesses immense magical abilities, wisdom, and experience in combat.
Barbas is a demon from the TV show "Charmed," known for his ability to manipulate fear and time.
Barbas has various powers, including shape-shifting and the ability to create illusions.
To determine if Gandalf is hypothetically a formidable foe for Barbas, we need to assess their abilities and strengths.
Gandalf's magical abilities include powerful spells, combat skills, and the ability to inspire courage in others.
A: Barbas thrives on fear and has demonstrated the ability to manipulate and control situations to his advantage. (Score: -0.2304331362247467, Parent: 0)

********** Step: 8 **********

A: Gandalf is a powerful wizard from J.R.R. Tolkien's Middle-earth legendarium.
Gandalf possesses immense magical abilities, wisdom, and experience in combat.
Barbas is a demon from the TV show "Charmed," known for his ability to manipulate fear and time.
Barbas has various powers, including shape-shifting and the ability to create illusions.
To determine if Gandalf is hypothetically a formidable foe for Barbas, we need to assess their abilities and strengths.
Gandalf's magical abilities allow him to counteract many forms of deception and fear, which are Barbas's primary powers.
A: Additionally, Gandalf has faced powerful adversaries such as Sauron and the Balrog, showcasing his combat prowess and strategic mind.
A: Barbas, as a demon, thrives on fear and has a range of supernatural abilities that allow him to manipulate situations in his favor. (Score: -0.2284649908542633, Parent: 0)

A: Gandalf is a powerful wizard from J.R.R. Tolkien's Middle-earth legendarium.
Gandalf possesses immense magical abilities, wisdom, and experience in combat.
Barbas is a demon from the TV show "Charmed," known for his ability to manipulate fear and time.
Barbas has various powers, including shape-shifting and the ability to create illusions.
To determine if Gandalf is hypothetically a formidable foe for Barbas, we need to assess their abilities and strengths.
Gandalf's magical abilities include powerful spells, combat skills, and the ability to inspire courage in others.
A: Barbas thrives on fear and has demonstrated the ability to manipulate and control situations to his advantage.
A: Given Gandalf's extensive magical prowess and combat experience, he possesses the skills to counter Barbas's fear-based abilities. (Score: -0.22972144186496735, Parent: 1)

---------- FINAL ----------
step 8
A: Gandalf is a powerful wizard from J.R.R. Tolkien's Middle-earth legendarium.
Gandalf possesses immense magical abilities, wisdom, and experience in combat.
Barbas is a demon from the TV show "Charmed," known for his ability to manipulate fear and time.
Barbas has various powers, including shape-shifting and the ability to create illusions.
To determine if Gandalf is hypothetically a formidable foe for Barbas, we need to assess their abilities and strengths.
Gandalf's magical abilities allow him to counteract many forms of deception and fear, which are Barbas's primary powers.
A: Additionally, Gandalf has faced powerful adversaries such as Sauron and the Balrog, showcasing his combat prowess and strategic mind.
A: Barbas, as a demon, thrives on fear and has a range of supernatural abilities that allow him to manipulate situations in his favor. (Score: -0.2284649908542633)

A: Gandalf is a powerful wizard from J.R.R. Tolkien's Middle-earth legendarium.
Gandalf possesses immense magical abilities, wisdom, and experience in combat.
Barbas is a demon from the TV show "Charmed," known for his ability to manipulate fear and time.
Barbas has various powers, including shape-shifting and the ability to create illusions.
To determine if Gandalf is hypothetically a formidable foe for Barbas, we need to assess their abilities and strengths.
Gandalf's magical abilities include powerful spells, combat skills, and the ability to inspire courage in others.
A: Barbas thrives on fear and has demonstrated the ability to manipulate and control situations to his advantage.
A: Given Gandalf's extensive magical prowess and combat experience, he possesses the skills to counter Barbas's fear-based abilities. (Score: -0.22972144186496735)
tensor([[  421170015418167315, -6693467443517289701,  7822029491891887759,
         -7118682430685851944, -2753647906663000409,  2420531471409897526,
          2015477549147925640,  4134068723643626112],
        [  421170015418167315, -6693467443517289701,  7822029491891887759,
         -7118682430685851944, -2753647906663000409, -3868358582323778717,
          4819594025946181976,  8382946097579857075]])

====================
Q: Will twenty pea pods contents cover entire chess board?


********** Step: 1 **********

A: A chess board has 64 squares (8 rows and 8 columns). (Score: -0.15689289569854736, Parent: 0)

A: A chessboard has 64 squares (8 rows and 8 columns). (Score: -0.15727463364601135, Parent: 0)

********** Step: 2 **********

A: A chessboard has 64 squares (8 rows and 8 columns).
Each pea pod typically contains several peas. (Score: -0.17847084999084473, Parent: 1)

A: A chess board has 64 squares (8 rows and 8 columns).
A: The average pea pod contains about 5 to 7 peas. (Score: -0.1988947093486786, Parent: 0)

********** Step: 3 **********

A: A chessboard has 64 squares (8 rows and 8 columns).
Each pea pod typically contains several peas.
To determine if the contents of twenty pea pods will cover an entire chessboard, we need to consider the following:. (Score: -0.22738884389400482, Parent: 0)

A: A chess board has 64 squares (8 rows and 8 columns).
A: The average pea pod contains about 5 to 7 peas.
A: Therefore, twenty pea pods would contain approximately 100 to 140 peas (assuming 5 to 7 peas per pod). (Score: -0.2357453554868698, Parent: 1)

********** Step: 4 **********

A: A chessboard has 64 squares (8 rows and 8 columns).
Each pea pod typically contains several peas.
To determine if the contents of twenty pea pods will cover an entire chessboard, we need to consider the following:.
1. A chessboard has 64 squares, and each square can hold a certain number of items. (Score: -0.23648129403591156, Parent: 0)

A: A chess board has 64 squares (8 rows and 8 columns).
A: The average pea pod contains about 5 to 7 peas.
A: Therefore, twenty pea pods would contain approximately 100 to 140 peas (assuming 5 to 7 peas per pod).
A: A single pea typically covers about 1 square of the chess board. (Score: -0.23690196871757507, Parent: 1)

********** Step: 5 **********

A: A chess board has 64 squares (8 rows and 8 columns).
A: The average pea pod contains about 5 to 7 peas.
A: Therefore, twenty pea pods would contain approximately 100 to 140 peas (assuming 5 to 7 peas per pod).
A: A single pea typically covers about 1 square of the chess board.
A: To cover the entire chessboard, we need to cover all 64 squares. (Score: -0.2373196929693222, Parent: 1)

A: A chess board has 64 squares (8 rows and 8 columns).
A: The average pea pod contains about 5 to 7 peas.
A: Therefore, twenty pea pods would contain approximately 100 to 140 peas (assuming 5 to 7 peas per pod).
A: A single pea typically covers about 1 square of the chess board.
A: To cover an entire chess board, we need to cover all 64 squares. (Score: -0.23751544952392578, Parent: 1)

********** Step: 6 **********

A: A chess board has 64 squares (8 rows and 8 columns).
A: The average pea pod contains about 5 to 7 peas.
A: Therefore, twenty pea pods would contain approximately 100 to 140 peas (assuming 5 to 7 peas per pod).
A: A single pea typically covers about 1 square of the chess board.
A: To cover the entire chessboard, we need to cover all 64 squares.
A: Since twenty pea pods contain approximately 100 to 140 peas, this amount is more than enough to cover the 64 squares of the chess board. (Score: -0.23907215893268585, Parent: 0)

A: A chess board has 64 squares (8 rows and 8 columns).
A: The average pea pod contains about 5 to 7 peas.
A: Therefore, twenty pea pods would contain approximately 100 to 140 peas (assuming 5 to 7 peas per pod).
A: A single pea typically covers about 1 square of the chess board.
A: To cover the entire chessboard, we need to cover all 64 squares.
A: Since twenty pea pods yield approximately 100 to 140 peas, this means there are more than enough peas to cover the 64 squares of the chess board. (Score: -0.23926949501037598, Parent: 0)

********** Step: 7 **********

A: A chess board has 64 squares (8 rows and 8 columns).
A: The average pea pod contains about 5 to 7 peas.
A: Therefore, twenty pea pods would contain approximately 100 to 140 peas (assuming 5 to 7 peas per pod).
A: A single pea typically covers about 1 square of the chess board.
A: To cover the entire chessboard, we need to cover all 64 squares.
A: Since twenty pea pods yield approximately 100 to 140 peas, this means there are more than enough peas to cover the 64 squares of the chess board.
#### Yes. (Score: 0.061994519084692, Parent: 1)

A: A chess board has 64 squares (8 rows and 8 columns).
A: The average pea pod contains about 5 to 7 peas.
A: Therefore, twenty pea pods would contain approximately 100 to 140 peas (assuming 5 to 7 peas per pod).
A: A single pea typically covers about 1 square of the chess board.
A: To cover the entire chessboard, we need to cover all 64 squares.
A: Since twenty pea pods yield approximately 100 to 140 peas, this means there are more than enough peas to cover the 64 squares of the chess board.
#### Yes. (Score: 0.061994519084692, Parent: 1)

********** Step: 8 **********

A: A chess board has 64 squares (8 rows and 8 columns).
A: The average pea pod contains about 5 to 7 peas.
A: Therefore, twenty pea pods would contain approximately 100 to 140 peas (assuming 5 to 7 peas per pod).
A: A single pea typically covers about 1 square of the chess board.
A: To cover the entire chessboard, we need to cover all 64 squares.
A: Since twenty pea pods yield approximately 100 to 140 peas, this means there are more than enough peas to cover the 64 squares of the chess board.
#### Yes.
 (Score: 0.061994519084692, Parent: 0)

A: A chess board has 64 squares (8 rows and 8 columns).
A: The average pea pod contains about 5 to 7 peas.
A: Therefore, twenty pea pods would contain approximately 100 to 140 peas (assuming 5 to 7 peas per pod).
A: A single pea typically covers about 1 square of the chess board.
A: To cover the entire chessboard, we need to cover all 64 squares.
A: Since twenty pea pods yield approximately 100 to 140 peas, this means there are more than enough peas to cover the 64 squares of the chess board.
#### Yes.
 (Score: 0.061994519084692, Parent: 1)

---------- FINAL ----------
step 8
A: A chess board has 64 squares (8 rows and 8 columns).
A: The average pea pod contains about 5 to 7 peas.
A: Therefore, twenty pea pods would contain approximately 100 to 140 peas (assuming 5 to 7 peas per pod).
A: A single pea typically covers about 1 square of the chess board.
A: To cover the entire chessboard, we need to cover all 64 squares.
A: Since twenty pea pods yield approximately 100 to 140 peas, this means there are more than enough peas to cover the 64 squares of the chess board.
#### Yes.
 (Score: 0.061994519084692)

A: A chess board has 64 squares (8 rows and 8 columns).
A: The average pea pod contains about 5 to 7 peas.
A: Therefore, twenty pea pods would contain approximately 100 to 140 peas (assuming 5 to 7 peas per pod).
A: A single pea typically covers about 1 square of the chess board.
A: To cover the entire chessboard, we need to cover all 64 squares.
A: Since twenty pea pods yield approximately 100 to 140 peas, this means there are more than enough peas to cover the 64 squares of the chess board.
#### Yes.
 (Score: 0.061994519084692)
tensor([[-8263324636779573163,  -314036590203913076, -6624410918314189045,
         -5544543768275086277, -5208330569051910930,  -916360129777672767,
          3209685389633853342,                    0],
        [-8263324636779573163,  -314036590203913076, -6624410918314189045,
         -5544543768275086277, -5208330569051910930,  -916360129777672767,
          3209685389633853342,                    0]])

====================
Q: While on a liquid diet, are there some types of soup you cannot eat?


********** Step: 1 **********

A: A liquid diet typically includes foods that are liquid at room temperature. (Score: -0.19303402304649353, Parent: 0)

A: A liquid diet typically includes liquids and foods that turn into liquids at room temperature. (Score: -0.20033681392669678, Parent: 0)

********** Step: 2 **********

A: A liquid diet typically includes liquids and foods that turn into liquids at room temperature.
Certain soups may contain solid ingredients that do not fit within the guidelines of a liquid diet. (Score: -0.22710303962230682, Parent: 1)

A: A liquid diet typically includes foods that are liquid at room temperature.
Certain soups may contain solid ingredients or be chunky, which would not qualify as a part of a liquid diet. (Score: -0.22875700891017914, Parent: 0)

********** Step: 3 **********

A: A liquid diet typically includes foods that are liquid at room temperature.
Certain soups may contain solid ingredients or be chunky, which would not qualify as a part of a liquid diet.
Some soups are pureed or broth-based and are suitable for a liquid diet. (Score: -0.2391580194234848, Parent: 1)

A: A liquid diet typically includes liquids and foods that turn into liquids at room temperature.
Certain soups may contain solid ingredients that do not fit within the guidelines of a liquid diet.
For example, chunky soups or those with large pieces of vegetables or meat may not be suitable. (Score: -0.23945170640945435, Parent: 0)

********** Step: 4 **********

A: A liquid diet typically includes foods that are liquid at room temperature.
Certain soups may contain solid ingredients or be chunky, which would not qualify as a part of a liquid diet.
Some soups are pureed or broth-based and are suitable for a liquid diet.
Certain chunky soups or those with solid pieces would not be appropriate for a liquid diet. (Score: -0.24020929634571075, Parent: 0)

A: A liquid diet typically includes foods that are liquid at room temperature.
Certain soups may contain solid ingredients or be chunky, which would not qualify as a part of a liquid diet.
Some soups are pureed or broth-based and are suitable for a liquid diet.
To maintain a liquid diet, one must focus on consuming foods that are fully liquid. (Score: -0.24068862199783325, Parent: 0)

********** Step: 5 **********

A: A liquid diet typically includes foods that are liquid at room temperature.
Certain soups may contain solid ingredients or be chunky, which would not qualify as a part of a liquid diet.
Some soups are pureed or broth-based and are suitable for a liquid diet.
To maintain a liquid diet, one must focus on consuming foods that are fully liquid.
A: A liquid diet typically includes foods that are liquid at room temperature. (Score: -0.24359196424484253, Parent: 1)

A: A liquid diet typically includes foods that are liquid at room temperature.
Certain soups may contain solid ingredients or be chunky, which would not qualify as a part of a liquid diet.
Some soups are pureed or broth-based and are suitable for a liquid diet.
To maintain a liquid diet, one must focus on consuming foods that are fully liquid.
A: A liquid diet typically includes foods that are liquid at room temperature. (Score: -0.24359196424484253, Parent: 1)

********** Step: 6 **********

A: A liquid diet typically includes foods that are liquid at room temperature.
Certain soups may contain solid ingredients or be chunky, which would not qualify as a part of a liquid diet.
Some soups are pureed or broth-based and are suitable for a liquid diet.
To maintain a liquid diet, one must focus on consuming foods that are fully liquid.
A: A liquid diet typically includes foods that are liquid at room temperature.
Certain soups may contain solid ingredients or be chunky, which would not qualify as a part of a liquid diet. (Score: -0.24095381796360016, Parent: 0)

A: A liquid diet typically includes foods that are liquid at room temperature.
Certain soups may contain solid ingredients or be chunky, which would not qualify as a part of a liquid diet.
Some soups are pureed or broth-based and are suitable for a liquid diet.
To maintain a liquid diet, one must focus on consuming foods that are fully liquid.
A: A liquid diet typically includes foods that are liquid at room temperature.
Certain soups may contain solid ingredients or be chunky, which would not qualify as a part of a liquid diet. (Score: -0.24095381796360016, Parent: 1)

********** Step: 7 **********

A: A liquid diet typically includes foods that are liquid at room temperature.
Certain soups may contain solid ingredients or be chunky, which would not qualify as a part of a liquid diet.
Some soups are pureed or broth-based and are suitable for a liquid diet.
To maintain a liquid diet, one must focus on consuming foods that are fully liquid.
A: A liquid diet typically includes foods that are liquid at room temperature.
Certain soups may contain solid ingredients or be chunky, which would not qualify as a part of a liquid diet.
A: Some soups are pureed or broth-based and are suitable for a liquid diet. (Score: -0.23879525065422058, Parent: 1)

A: A liquid diet typically includes foods that are liquid at room temperature.
Certain soups may contain solid ingredients or be chunky, which would not qualify as a part of a liquid diet.
Some soups are pureed or broth-based and are suitable for a liquid diet.
To maintain a liquid diet, one must focus on consuming foods that are fully liquid.
A: A liquid diet typically includes foods that are liquid at room temperature.
Certain soups may contain solid ingredients or be chunky, which would not qualify as a part of a liquid diet.
A: Some soups are pureed or broth-based and are suitable for a liquid diet. (Score: -0.23879525065422058, Parent: 0)

********** Step: 8 **********

A: A liquid diet typically includes foods that are liquid at room temperature.
Certain soups may contain solid ingredients or be chunky, which would not qualify as a part of a liquid diet.
Some soups are pureed or broth-based and are suitable for a liquid diet.
To maintain a liquid diet, one must focus on consuming foods that are fully liquid.
A: A liquid diet typically includes foods that are liquid at room temperature.
Certain soups may contain solid ingredients or be chunky, which would not qualify as a part of a liquid diet.
A: Some soups are pureed or broth-based and are suitable for a liquid diet.
A: To maintain a liquid diet, one must focus on consuming foods that are fully liquid. (Score: -0.23628604412078857, Parent: 0)

A: A liquid diet typically includes foods that are liquid at room temperature.
Certain soups may contain solid ingredients or be chunky, which would not qualify as a part of a liquid diet.
Some soups are pureed or broth-based and are suitable for a liquid diet.
To maintain a liquid diet, one must focus on consuming foods that are fully liquid.
A: A liquid diet typically includes foods that are liquid at room temperature.
Certain soups may contain solid ingredients or be chunky, which would not qualify as a part of a liquid diet.
A: Some soups are pureed or broth-based and are suitable for a liquid diet.
To maintain a liquid diet, one must focus on consuming foods that are fully liquid. (Score: -0.2367096245288849, Parent: 1)

---------- FINAL ----------
step 8
A: A liquid diet typically includes foods that are liquid at room temperature.
Certain soups may contain solid ingredients or be chunky, which would not qualify as a part of a liquid diet.
Some soups are pureed or broth-based and are suitable for a liquid diet.
To maintain a liquid diet, one must focus on consuming foods that are fully liquid.
A: A liquid diet typically includes foods that are liquid at room temperature.
Certain soups may contain solid ingredients or be chunky, which would not qualify as a part of a liquid diet.
A: Some soups are pureed or broth-based and are suitable for a liquid diet.
A: To maintain a liquid diet, one must focus on consuming foods that are fully liquid. (Score: -0.23628604412078857)

A: A liquid diet typically includes foods that are liquid at room temperature.
Certain soups may contain solid ingredients or be chunky, which would not qualify as a part of a liquid diet.
Some soups are pureed or broth-based and are suitable for a liquid diet.
To maintain a liquid diet, one must focus on consuming foods that are fully liquid.
A: A liquid diet typically includes foods that are liquid at room temperature.
Certain soups may contain solid ingredients or be chunky, which would not qualify as a part of a liquid diet.
A: Some soups are pureed or broth-based and are suitable for a liquid diet.
To maintain a liquid diet, one must focus on consuming foods that are fully liquid. (Score: -0.2367096245288849)
tensor([[-8062460347802521443, -5974011214261853393,  4252424897628763734,
          2608460938790420515, -8062460347802521443, -5974011214261853393,
         -2600370650500270110,  5079864069666323008],
        [-8062460347802521443, -5974011214261853393,  4252424897628763734,
          2608460938790420515, -8062460347802521443, -5974011214261853393,
         -2600370650500270110,  2608460938790420515]])

====================
Q: Is breast cancer associated with a ribbon?


********** Step: 1 **********

Breast cancer awareness is commonly represented by a pink ribbon. (Score: -0.17115864157676697, Parent: 0)

A: Breast cancer awareness is symbolized by a pink ribbon. (Score: -0.217702716588974, Parent: 0)

********** Step: 2 **********

A: Breast cancer awareness is symbolized by a pink ribbon.
Breast cancer is a significant health issue affecting many individuals worldwide. (Score: -0.23765188455581665, Parent: 1)

Breast cancer awareness is commonly represented by a pink ribbon.
Breast cancer awareness campaigns use the pink ribbon symbol to raise awareness about the disease. (Score: -0.23791387677192688, Parent: 0)

********** Step: 3 **********

Breast cancer awareness is commonly represented by a pink ribbon.
Breast cancer awareness campaigns use the pink ribbon symbol to raise awareness about the disease.
Breast cancer has a recognized symbol, which is the pink ribbon. (Score: -0.2367546260356903, Parent: 1)

Breast cancer awareness is commonly represented by a pink ribbon.
Breast cancer awareness campaigns use the pink ribbon symbol to raise awareness about the disease.
Breast cancer is a major health concern and has specific awareness initiatives. (Score: -0.24046286940574646, Parent: 1)

********** Step: 4 **********

Breast cancer awareness is commonly represented by a pink ribbon.
Breast cancer awareness campaigns use the pink ribbon symbol to raise awareness about the disease.
Breast cancer has a recognized symbol, which is the pink ribbon.
#### Yes. (Score: 0.19887307286262512, Parent: 0)

Breast cancer awareness is commonly represented by a pink ribbon.
Breast cancer awareness campaigns use the pink ribbon symbol to raise awareness about the disease.
Breast cancer has a recognized symbol, which is the pink ribbon.
#### Yes. (Score: 0.19887307286262512, Parent: 0)

********** Step: 5 **********

Breast cancer awareness is commonly represented by a pink ribbon.
Breast cancer awareness campaigns use the pink ribbon symbol to raise awareness about the disease.
Breast cancer has a recognized symbol, which is the pink ribbon.
#### Yes.
 (Score: 0.19887307286262512, Parent: 0)

Breast cancer awareness is commonly represented by a pink ribbon.
Breast cancer awareness campaigns use the pink ribbon symbol to raise awareness about the disease.
Breast cancer has a recognized symbol, which is the pink ribbon.
#### Yes.
 (Score: 0.19887307286262512, Parent: 1)

---------- FINAL ----------
step 5
Breast cancer awareness is commonly represented by a pink ribbon.
Breast cancer awareness campaigns use the pink ribbon symbol to raise awareness about the disease.
Breast cancer has a recognized symbol, which is the pink ribbon.
#### Yes.
 (Score: 0.19887307286262512)

Breast cancer awareness is commonly represented by a pink ribbon.
Breast cancer awareness campaigns use the pink ribbon symbol to raise awareness about the disease.
Breast cancer has a recognized symbol, which is the pink ribbon.
#### Yes.
 (Score: 0.19887307286262512)
tensor([[9030089710155161821, -265351762811624900, 4961661533896044190,
         3209685389633853342,                   0,                  -1,
                          -1,                  -1],
        [9030089710155161821, -265351762811624900, 4961661533896044190,
         3209685389633853342,                   0,                  -1,
                          -1,                  -1]])

====================
Q: Could Eddie Murphy dial 911 in a car as a young child?


********** Step: 1 **********

Eddie Murphy was born in 1961. (Score: -0.19688855111598969, Parent: 0)

Eddie Murphy was born in 1961. (Score: -0.19688855111598969, Parent: 0)

********** Step: 2 **********

Eddie Murphy was born in 1961.
Eddie Murphy was born in 1961. (Score: -0.20976532995700836, Parent: 1)

Eddie Murphy was born in 1961.
Eddie Murphy grew up in the 1960s and 1970s. (Score: -0.22341564297676086, Parent: 0)

********** Step: 3 **********

Eddie Murphy was born in 1961.
Eddie Murphy was born in 1961.
Eddie Murphy was born in 1961. (Score: -0.21735498309135437, Parent: 0)

Eddie Murphy was born in 1961.
Eddie Murphy was born in 1961.
Eddie Murphy grew up in the 1960s and 1970s. (Score: -0.22626519203186035, Parent: 0)

********** Step: 4 **********

Eddie Murphy was born in 1961.
Eddie Murphy was born in 1961.
Eddie Murphy was born in 1961.
A: Eddie Murphy was born in 1961. (Score: -0.22450906038284302, Parent: 0)

Eddie Murphy was born in 1961.
Eddie Murphy was born in 1961.
Eddie Murphy was born in 1961.
A: Eddie Murphy was born in 1961. (Score: -0.22450906038284302, Parent: 0)

********** Step: 5 **********

Eddie Murphy was born in 1961.
Eddie Murphy was born in 1961.
Eddie Murphy was born in 1961.
A: Eddie Murphy was born in 1961.
A: Eddie Murphy was born in 1961. (Score: -0.22335171699523926, Parent: 0)

Eddie Murphy was born in 1961.
Eddie Murphy was born in 1961.
Eddie Murphy was born in 1961.
A: Eddie Murphy was born in 1961.
A: Eddie Murphy was born in 1961. (Score: -0.22335171699523926, Parent: 1)

********** Step: 6 **********

Eddie Murphy was born in 1961.
Eddie Murphy was born in 1961.
Eddie Murphy was born in 1961.
A: Eddie Murphy was born in 1961.
A: Eddie Murphy was born in 1961.
A: Eddie Murphy was born in 1961. (Score: -0.22394204139709473, Parent: 0)

Eddie Murphy was born in 1961.
Eddie Murphy was born in 1961.
Eddie Murphy was born in 1961.
A: Eddie Murphy was born in 1961.
A: Eddie Murphy was born in 1961.
A: Eddie Murphy was born in 1961. (Score: -0.22394204139709473, Parent: 1)

********** Step: 7 **********

Eddie Murphy was born in 1961.
Eddie Murphy was born in 1961.
Eddie Murphy was born in 1961.
A: Eddie Murphy was born in 1961.
A: Eddie Murphy was born in 1961.
A: Eddie Murphy was born in 1961.
A: Eddie Murphy was born in 1961. (Score: -0.22428388893604279, Parent: 0)

Eddie Murphy was born in 1961.
Eddie Murphy was born in 1961.
Eddie Murphy was born in 1961.
A: Eddie Murphy was born in 1961.
A: Eddie Murphy was born in 1961.
A: Eddie Murphy was born in 1961.
A: Eddie Murphy was born in 1961. (Score: -0.22428388893604279, Parent: 1)

********** Step: 8 **********

Eddie Murphy was born in 1961.
Eddie Murphy was born in 1961.
Eddie Murphy was born in 1961.
A: Eddie Murphy was born in 1961.
A: Eddie Murphy was born in 1961.
A: Eddie Murphy was born in 1961.
A: Eddie Murphy was born in 1961.
A: Eddie Murphy was born in 1961. (Score: -0.2229510247707367, Parent: 0)

Eddie Murphy was born in 1961.
Eddie Murphy was born in 1961.
Eddie Murphy was born in 1961.
A: Eddie Murphy was born in 1961.
A: Eddie Murphy was born in 1961.
A: Eddie Murphy was born in 1961.
A: Eddie Murphy was born in 1961.
A: Eddie Murphy was born in 1961. (Score: -0.2229510247707367, Parent: 1)

---------- FINAL ----------
step 8
Eddie Murphy was born in 1961.
Eddie Murphy was born in 1961.
Eddie Murphy was born in 1961.
A: Eddie Murphy was born in 1961.
A: Eddie Murphy was born in 1961.
A: Eddie Murphy was born in 1961.
A: Eddie Murphy was born in 1961.
A: Eddie Murphy was born in 1961. (Score: -0.2229510247707367)

Eddie Murphy was born in 1961.
Eddie Murphy was born in 1961.
Eddie Murphy was born in 1961.
A: Eddie Murphy was born in 1961.
A: Eddie Murphy was born in 1961.
A: Eddie Murphy was born in 1961.
A: Eddie Murphy was born in 1961.
A: Eddie Murphy was born in 1961. (Score: -0.2229510247707367)
tensor([[3758222560673657369, 3758222560673657369, 3758222560673657369,
         1868274955767043102, 1868274955767043102, 1868274955767043102,
         1868274955767043102, 1868274955767043102],
        [3758222560673657369, 3758222560673657369, 3758222560673657369,
         1868274955767043102, 1868274955767043102, 1868274955767043102,
         1868274955767043102, 1868274955767043102]])

====================
Q: Does Olympia Washington share name with Hephaestus's workshop location?


********** Step: 1 **********

Olympia is a city in Washington state, USA. (Score: 0.204890176653862, Parent: 0)

Olympia is the capital city of Washington State in the United States. (Score: 0.07081915438175201, Parent: 0)

********** Step: 2 **********

Olympia is a city in Washington state, USA.
Olympia was the site of the ancient Olympic Games in Greece, which were dedicated to Zeus. (Score: 0.04937276244163513, Parent: 0)

Olympia is the capital city of Washington State in the United States.
Hephaestus is a figure from Greek mythology associated with craftsmanship and forge. (Score: -0.12592270970344543, Parent: 1)

********** Step: 3 **********

Olympia is a city in Washington state, USA.
Olympia was the site of the ancient Olympic Games in Greece, which were dedicated to Zeus.
Hephaestus, the god of blacksmiths and craftsmen in Greek mythology, is said to have crafted his workshop on Mount Etna in Sicily. (Score: -0.2030801773071289, Parent: 0)

Olympia is a city in Washington state, USA.
Olympia was the site of the ancient Olympic Games in Greece, which were dedicated to Zeus.
Hephaestus was the Greek god of fire and metalworking, and his workshop was said to be located under Mount Etna in Sicily, not in Olympia. (Score: -0.22579264640808105, Parent: 0)

********** Step: 4 **********

Olympia is a city in Washington state, USA.
Olympia was the site of the ancient Olympic Games in Greece, which were dedicated to Zeus.
Hephaestus, the god of blacksmiths and craftsmen in Greek mythology, is said to have crafted his workshop on Mount Etna in Sicily.
A: Olympia is a city in Washington state, USA. (Score: -0.23600296676158905, Parent: 0)

Olympia is a city in Washington state, USA.
Olympia was the site of the ancient Olympic Games in Greece, which were dedicated to Zeus.
Hephaestus, the god of blacksmiths and craftsmen in Greek mythology, is said to have crafted his workshop on Mount Etna in Sicily.
Hephaestus's workshop is not located in Olympia, but rather in a different location according to mythology. (Score: -0.2360735535621643, Parent: 0)

********** Step: 5 **********

Olympia is a city in Washington state, USA.
Olympia was the site of the ancient Olympic Games in Greece, which were dedicated to Zeus.
Hephaestus, the god of blacksmiths and craftsmen in Greek mythology, is said to have crafted his workshop on Mount Etna in Sicily.
Hephaestus's workshop is not located in Olympia, but rather in a different location according to mythology.
#### No. (Score: 0.11296799778938293, Parent: 1)

Olympia is a city in Washington state, USA.
Olympia was the site of the ancient Olympic Games in Greece, which were dedicated to Zeus.
Hephaestus, the god of blacksmiths and craftsmen in Greek mythology, is said to have crafted his workshop on Mount Etna in Sicily.
A: Olympia is a city in Washington state, USA.
Olympia was the site of the ancient Olympic Games in Greece, which were dedicated to Zeus. (Score: -0.23794442415237427, Parent: 0)

********** Step: 6 **********

Olympia is a city in Washington state, USA.
Olympia was the site of the ancient Olympic Games in Greece, which were dedicated to Zeus.
Hephaestus, the god of blacksmiths and craftsmen in Greek mythology, is said to have crafted his workshop on Mount Etna in Sicily.
Hephaestus's workshop is not located in Olympia, but rather in a different location according to mythology.
#### No.
 (Score: 0.11296799778938293, Parent: 0)

Olympia is a city in Washington state, USA.
Olympia was the site of the ancient Olympic Games in Greece, which were dedicated to Zeus.
Hephaestus, the god of blacksmiths and craftsmen in Greek mythology, is said to have crafted his workshop on Mount Etna in Sicily.
A: Olympia is a city in Washington state, USA.
Olympia was the site of the ancient Olympic Games in Greece, which were dedicated to Zeus.
Hephaestus, the god of blacksmiths and craftsmen in Greek mythology, is said to have crafted his workshop on Mount Etna in Sicily, not in Olympia. (Score: -0.23462608456611633, Parent: 1)

********** Step: 7 **********

Olympia is a city in Washington state, USA.
Olympia was the site of the ancient Olympic Games in Greece, which were dedicated to Zeus.
Hephaestus, the god of blacksmiths and craftsmen in Greek mythology, is said to have crafted his workshop on Mount Etna in Sicily.
Hephaestus's workshop is not located in Olympia, but rather in a different location according to mythology.
#### No.

 (Score: 0.11296799778938293, Parent: 0)

Olympia is a city in Washington state, USA.
Olympia was the site of the ancient Olympic Games in Greece, which were dedicated to Zeus.
Hephaestus, the god of blacksmiths and craftsmen in Greek mythology, is said to have crafted his workshop on Mount Etna in Sicily.
A: Olympia is a city in Washington state, USA.
Olympia was the site of the ancient Olympic Games in Greece, which were dedicated to Zeus.
Hephaestus, the god of blacksmiths and craftsmen in Greek mythology, is said to have crafted his workshop on Mount Etna in Sicily, not in Olympia.
#### No. (Score: 0.0668187290430069, Parent: 1)

********** Step: 8 **********

Olympia is a city in Washington state, USA.
Olympia was the site of the ancient Olympic Games in Greece, which were dedicated to Zeus.
Hephaestus, the god of blacksmiths and craftsmen in Greek mythology, is said to have crafted his workshop on Mount Etna in Sicily.
Hephaestus's workshop is not located in Olympia, but rather in a different location according to mythology.
#### No.


 (Score: 0.11296799778938293, Parent: 0)

Olympia is a city in Washington state, USA.
Olympia was the site of the ancient Olympic Games in Greece, which were dedicated to Zeus.
Hephaestus, the god of blacksmiths and craftsmen in Greek mythology, is said to have crafted his workshop on Mount Etna in Sicily.
A: Olympia is a city in Washington state, USA.
Olympia was the site of the ancient Olympic Games in Greece, which were dedicated to Zeus.
Hephaestus, the god of blacksmiths and craftsmen in Greek mythology, is said to have crafted his workshop on Mount Etna in Sicily, not in Olympia.
#### No.
 (Score: 0.0668187290430069, Parent: 1)

---------- FINAL ----------
step 8
Olympia is a city in Washington state, USA.
Olympia was the site of the ancient Olympic Games in Greece, which were dedicated to Zeus.
Hephaestus, the god of blacksmiths and craftsmen in Greek mythology, is said to have crafted his workshop on Mount Etna in Sicily.
Hephaestus's workshop is not located in Olympia, but rather in a different location according to mythology.
#### No.


 (Score: 0.11296799778938293)

Olympia is a city in Washington state, USA.
Olympia was the site of the ancient Olympic Games in Greece, which were dedicated to Zeus.
Hephaestus, the god of blacksmiths and craftsmen in Greek mythology, is said to have crafted his workshop on Mount Etna in Sicily.
A: Olympia is a city in Washington state, USA.
Olympia was the site of the ancient Olympic Games in Greece, which were dedicated to Zeus.
Hephaestus, the god of blacksmiths and craftsmen in Greek mythology, is said to have crafted his workshop on Mount Etna in Sicily, not in Olympia.
#### No.
 (Score: 0.0668187290430069)
tensor([[  398864928992787606,  5433647108558176850,  4187629568351140616,
         -1774174319312089546, -5322498821065855045,                    0,
                            0,                    0],
        [  398864928992787606,  5433647108558176850,  4187629568351140616,
          2023471945908801171,  5433647108558176850,  1500957946587173524,
         -5322498821065855045,                    0]])

====================
Q: Would a Nike shoebox be too small to fit a swan in?


********** Step: 1 **********

A: A standard Nike shoebox is designed to hold a pair of shoes. (Score: -0.18265876173973083, Parent: 0)

A: A typical Nike shoebox is designed to hold a pair of shoes. (Score: -0.18626247346401215, Parent: 0)

********** Step: 2 **********

A: A standard Nike shoebox is designed to hold a pair of shoes.
A: A standard Nike shoebox is designed to hold a pair of shoes. (Score: -0.2329951524734497, Parent: 0)

A: A standard Nike shoebox is designed to hold a pair of shoes.
A: The dimensions of a standard Nike shoebox are approximately 13 inches long, 8 inches wide, and 4 inches tall. (Score: -0.238576740026474, Parent: 0)

********** Step: 3 **********

A: A standard Nike shoebox is designed to hold a pair of shoes.
A: A standard Nike shoebox is designed to hold a pair of shoes.
A: A standard Nike shoebox is designed to hold a pair of shoes. (Score: -0.2277383804321289, Parent: 0)

A: A standard Nike shoebox is designed to hold a pair of shoes.
A: A standard Nike shoebox is designed to hold a pair of shoes.
A: A standard Nike shoebox typically measures about 13 inches long, 8 inches wide, and 5 inches tall. (Score: -0.2331182360649109, Parent: 0)

********** Step: 4 **********

A: A standard Nike shoebox is designed to hold a pair of shoes.
A: A standard Nike shoebox is designed to hold a pair of shoes.
A: A standard Nike shoebox typically measures about 13 inches long, 8 inches wide, and 5 inches tall.
A: A swan is a large bird known for its size. (Score: -0.22668009996414185, Parent: 1)

A: A standard Nike shoebox is designed to hold a pair of shoes.
A: A standard Nike shoebox is designed to hold a pair of shoes.
A: A standard Nike shoebox is designed to hold a pair of shoes.
A: A standard Nike shoebox is typically around 13 inches long, 8 inches wide, and 5 inches tall. (Score: -0.23089516162872314, Parent: 0)

********** Step: 5 **********

A: A standard Nike shoebox is designed to hold a pair of shoes.
A: A standard Nike shoebox is designed to hold a pair of shoes.
A: A standard Nike shoebox typically measures about 13 inches long, 8 inches wide, and 5 inches tall.
A: A swan is a large bird known for its size.
A: Adult swans can be quite large, typically measuring between 4 to 6 feet in length and having a wingspan of 6 to 10 feet. (Score: -0.22674943506717682, Parent: 0)

A: A standard Nike shoebox is designed to hold a pair of shoes.
A: A standard Nike shoebox is designed to hold a pair of shoes.
A: A standard Nike shoebox typically measures about 13 inches long, 8 inches wide, and 5 inches tall.
A: A swan is a large bird known for its size.
A: Adult swans can have a wingspan of 6 to 10 feet and can weigh between 15 to 30 pounds, depending on the species. (Score: -0.2271893322467804, Parent: 0)

********** Step: 6 **********

A: A standard Nike shoebox is designed to hold a pair of shoes.
A: A standard Nike shoebox is designed to hold a pair of shoes.
A: A standard Nike shoebox typically measures about 13 inches long, 8 inches wide, and 5 inches tall.
A: A swan is a large bird known for its size.
A: Adult swans can be quite large, typically measuring between 4 to 6 feet in length and having a wingspan of 6 to 10 feet.
A: Given the dimensions of a Nike shoebox (about 13 inches long, 8 inches wide, and 5 inches tall), it is relatively small. (Score: -0.22474443912506104, Parent: 0)

A: A standard Nike shoebox is designed to hold a pair of shoes.
A: A standard Nike shoebox is designed to hold a pair of shoes.
A: A standard Nike shoebox typically measures about 13 inches long, 8 inches wide, and 5 inches tall.
A: A swan is a large bird known for its size.
A: Adult swans can be quite large, typically measuring between 4 to 6 feet in length and having a wingspan of 6 to 10 feet.
A: Given that a standard Nike shoebox measures about 13 inches long, 8 inches wide, and 5 inches tall, it is significantly smaller than the size of an adult swan. (Score: -0.22487211227416992, Parent: 0)

********** Step: 7 **********

A: A standard Nike shoebox is designed to hold a pair of shoes.
A: A standard Nike shoebox is designed to hold a pair of shoes.
A: A standard Nike shoebox typically measures about 13 inches long, 8 inches wide, and 5 inches tall.
A: A swan is a large bird known for its size.
A: Adult swans can be quite large, typically measuring between 4 to 6 feet in length and having a wingspan of 6 to 10 feet.
A: Given that a standard Nike shoebox measures about 13 inches long, 8 inches wide, and 5 inches tall, it is significantly smaller than the size of an adult swan.
#### No. (Score: 0.04443690925836563, Parent: 1)

A: A standard Nike shoebox is designed to hold a pair of shoes.
A: A standard Nike shoebox is designed to hold a pair of shoes.
A: A standard Nike shoebox typically measures about 13 inches long, 8 inches wide, and 5 inches tall.
A: A swan is a large bird known for its size.
A: Adult swans can be quite large, typically measuring between 4 to 6 feet in length and having a wingspan of 6 to 10 feet.
A: Given the dimensions of a Nike shoebox (about 13 inches long, 8 inches wide, and 5 inches tall), it is relatively small.
A: A standard Nike shoebox is designed to hold a pair of shoes. (Score: -0.22183692455291748, Parent: 0)

********** Step: 8 **********

A: A standard Nike shoebox is designed to hold a pair of shoes.
A: A standard Nike shoebox is designed to hold a pair of shoes.
A: A standard Nike shoebox typically measures about 13 inches long, 8 inches wide, and 5 inches tall.
A: A swan is a large bird known for its size.
A: Adult swans can be quite large, typically measuring between 4 to 6 feet in length and having a wingspan of 6 to 10 feet.
A: Given that a standard Nike shoebox measures about 13 inches long, 8 inches wide, and 5 inches tall, it is significantly smaller than the size of an adult swan.
#### No.
 (Score: 0.04443690925836563, Parent: 0)

A: A standard Nike shoebox is designed to hold a pair of shoes.
A: A standard Nike shoebox is designed to hold a pair of shoes.
A: A standard Nike shoebox typically measures about 13 inches long, 8 inches wide, and 5 inches tall.
A: A swan is a large bird known for its size.
A: Adult swans can be quite large, typically measuring between 4 to 6 feet in length and having a wingspan of 6 to 10 feet.
A: Given the dimensions of a Nike shoebox (about 13 inches long, 8 inches wide, and 5 inches tall), it is relatively small.
A: A standard Nike shoebox is designed to hold a pair of shoes.
A: A standard Nike shoebox is designed to hold a pair of shoes. (Score: -0.2205626517534256, Parent: 1)

---------- FINAL ----------
step 8
A: A standard Nike shoebox is designed to hold a pair of shoes.
A: A standard Nike shoebox is designed to hold a pair of shoes.
A: A standard Nike shoebox typically measures about 13 inches long, 8 inches wide, and 5 inches tall.
A: A swan is a large bird known for its size.
A: Adult swans can be quite large, typically measuring between 4 to 6 feet in length and having a wingspan of 6 to 10 feet.
A: Given that a standard Nike shoebox measures about 13 inches long, 8 inches wide, and 5 inches tall, it is significantly smaller than the size of an adult swan.
#### No.
 (Score: 0.04443690925836563)

A: A standard Nike shoebox is designed to hold a pair of shoes.
A: A standard Nike shoebox is designed to hold a pair of shoes.
A: A standard Nike shoebox typically measures about 13 inches long, 8 inches wide, and 5 inches tall.
A: A swan is a large bird known for its size.
A: Adult swans can be quite large, typically measuring between 4 to 6 feet in length and having a wingspan of 6 to 10 feet.
A: Given the dimensions of a Nike shoebox (about 13 inches long, 8 inches wide, and 5 inches tall), it is relatively small.
A: A standard Nike shoebox is designed to hold a pair of shoes.
A: A standard Nike shoebox is designed to hold a pair of shoes. (Score: -0.2205626517534256)
tensor([[-7458838478685157764, -7458838478685157764, -1838731006702751283,
          3269428593450693442, -6441874296335085570, -9174200335735009355,
         -5322498821065855045,                    0],
        [-7458838478685157764, -7458838478685157764, -1838731006702751283,
          3269428593450693442, -6441874296335085570, -5104696338390973149,
         -7458838478685157764, -7458838478685157764]])

====================
Q: Are all the elements plants need for photosynthesis present in atmosphere of Mars?


********** Step: 1 **********

Mars has a thin atmosphere primarily composed of carbon dioxide (about 95.3%). (Score: -0.15645229816436768, Parent: 0)

Photosynthesis primarily requires sunlight, carbon dioxide, and water. (Score: -0.18854588270187378, Parent: 0)

********** Step: 2 **********

Photosynthesis primarily requires sunlight, carbon dioxide, and water.
Photosynthesis requires sunlight, carbon dioxide, and water. (Score: -0.2254248857498169, Parent: 1)

Mars has a thin atmosphere primarily composed of carbon dioxide (about 95.3%).
Mars has very low levels of oxygen and nitrogen, which are not conducive to photosynthesis. (Score: -0.23342305421829224, Parent: 0)

********** Step: 3 **********

Mars has a thin atmosphere primarily composed of carbon dioxide (about 95.3%).
Mars has very low levels of oxygen and nitrogen, which are not conducive to photosynthesis.
Photosynthesis primarily requires carbon dioxide, water, and sunlight, along with certain nutrients that plants absorb from the soil. (Score: -0.24088361859321594, Parent: 1)

Photosynthesis primarily requires sunlight, carbon dioxide, and water.
Photosynthesis requires sunlight, carbon dioxide, and water.
Mars has a very thin atmosphere composed mostly of carbon dioxide, but it lacks significant amounts of water and has extremely low temperatures and pressures. (Score: -0.2412729114294052, Parent: 0)

********** Step: 4 **********

Photosynthesis primarily requires sunlight, carbon dioxide, and water.
Photosynthesis requires sunlight, carbon dioxide, and water.
Mars has a very thin atmosphere composed mostly of carbon dioxide, but it lacks significant amounts of water and has extremely low temperatures and pressures.
Mars has an atmosphere that is about 95% carbon dioxide, which is a requirement for photosynthesis. (Score: -0.24079230427742004, Parent: 1)

Mars has a thin atmosphere primarily composed of carbon dioxide (about 95.3%).
Mars has very low levels of oxygen and nitrogen, which are not conducive to photosynthesis.
Photosynthesis primarily requires carbon dioxide, water, and sunlight, along with certain nutrients that plants absorb from the soil.
Mars does not have sufficient water in its atmosphere to support photosynthesis, as it is mostly found in solid ice or vapor form rather than as a liquid. (Score: -0.24122625589370728, Parent: 0)

********** Step: 5 **********

Photosynthesis primarily requires sunlight, carbon dioxide, and water.
Photosynthesis requires sunlight, carbon dioxide, and water.
Mars has a very thin atmosphere composed mostly of carbon dioxide, but it lacks significant amounts of water and has extremely low temperatures and pressures.
Mars has an atmosphere that is about 95% carbon dioxide, which is a requirement for photosynthesis.
However, the absence of liquid water and the extreme conditions on Mars make it inhospitable for the photosynthesis process as we understand it on Earth. (Score: -0.24126823246479034, Parent: 0)

Photosynthesis primarily requires sunlight, carbon dioxide, and water.
Photosynthesis requires sunlight, carbon dioxide, and water.
Mars has a very thin atmosphere composed mostly of carbon dioxide, but it lacks significant amounts of water and has extremely low temperatures and pressures.
Mars has an atmosphere that is about 95% carbon dioxide, which is a requirement for photosynthesis.
However, the lack of liquid water and the extreme conditions on Mars make it inhospitable for the process of photosynthesis as we know it on Earth. (Score: -0.24142369627952576, Parent: 0)

********** Step: 6 **********

Photosynthesis primarily requires sunlight, carbon dioxide, and water.
Photosynthesis requires sunlight, carbon dioxide, and water.
Mars has a very thin atmosphere composed mostly of carbon dioxide, but it lacks significant amounts of water and has extremely low temperatures and pressures.
Mars has an atmosphere that is about 95% carbon dioxide, which is a requirement for photosynthesis.
However, the lack of liquid water and the extreme conditions on Mars make it inhospitable for the process of photosynthesis as we know it on Earth.
A: Photosynthesis primarily requires sunlight, carbon dioxide, and water. (Score: -0.24336868524551392, Parent: 1)

Photosynthesis primarily requires sunlight, carbon dioxide, and water.
Photosynthesis requires sunlight, carbon dioxide, and water.
Mars has a very thin atmosphere composed mostly of carbon dioxide, but it lacks significant amounts of water and has extremely low temperatures and pressures.
Mars has an atmosphere that is about 95% carbon dioxide, which is a requirement for photosynthesis.
However, the lack of liquid water and the extreme conditions on Mars make it inhospitable for the process of photosynthesis as we know it on Earth.
A: Photosynthesis primarily requires sunlight, carbon dioxide, and water. (Score: -0.24336868524551392, Parent: 1)

********** Step: 7 **********

Photosynthesis primarily requires sunlight, carbon dioxide, and water.
Photosynthesis requires sunlight, carbon dioxide, and water.
Mars has a very thin atmosphere composed mostly of carbon dioxide, but it lacks significant amounts of water and has extremely low temperatures and pressures.
Mars has an atmosphere that is about 95% carbon dioxide, which is a requirement for photosynthesis.
However, the lack of liquid water and the extreme conditions on Mars make it inhospitable for the process of photosynthesis as we know it on Earth.
A: Photosynthesis primarily requires sunlight, carbon dioxide, and water.
To determine if all the elements plants need for photosynthesis are present in the atmosphere of Mars, we will analyze the requirements for photosynthesis and the conditions on Mars step-by-step. (Score: -0.24119162559509277, Parent: 0)

Photosynthesis primarily requires sunlight, carbon dioxide, and water.
Photosynthesis requires sunlight, carbon dioxide, and water.
Mars has a very thin atmosphere composed mostly of carbon dioxide, but it lacks significant amounts of water and has extremely low temperatures and pressures.
Mars has an atmosphere that is about 95% carbon dioxide, which is a requirement for photosynthesis.
However, the lack of liquid water and the extreme conditions on Mars make it inhospitable for the process of photosynthesis as we know it on Earth.
A: Photosynthesis primarily requires sunlight, carbon dioxide, and water.
A: Photosynthesis primarily requires sunlight, carbon dioxide, and water. (Score: -0.24277997016906738, Parent: 1)

********** Step: 8 **********

Photosynthesis primarily requires sunlight, carbon dioxide, and water.
Photosynthesis requires sunlight, carbon dioxide, and water.
Mars has a very thin atmosphere composed mostly of carbon dioxide, but it lacks significant amounts of water and has extremely low temperatures and pressures.
Mars has an atmosphere that is about 95% carbon dioxide, which is a requirement for photosynthesis.
However, the lack of liquid water and the extreme conditions on Mars make it inhospitable for the process of photosynthesis as we know it on Earth.
A: Photosynthesis primarily requires sunlight, carbon dioxide, and water.
To determine if all the elements plants need for photosynthesis are present in the atmosphere of Mars, we will analyze the requirements for photosynthesis and the conditions on Mars step-by-step.
1. Photosynthesis is the process by which plants convert light energy into chemical energy, primarily involving sunlight, carbon dioxide, and water. (Score: -0.23819999396800995, Parent: 0)

Photosynthesis primarily requires sunlight, carbon dioxide, and water.
Photosynthesis requires sunlight, carbon dioxide, and water.
Mars has a very thin atmosphere composed mostly of carbon dioxide, but it lacks significant amounts of water and has extremely low temperatures and pressures.
Mars has an atmosphere that is about 95% carbon dioxide, which is a requirement for photosynthesis.
However, the lack of liquid water and the extreme conditions on Mars make it inhospitable for the process of photosynthesis as we know it on Earth.
A: Photosynthesis primarily requires sunlight, carbon dioxide, and water.
To determine if all the elements plants need for photosynthesis are present in the atmosphere of Mars, we will analyze the requirements for photosynthesis and the conditions on Mars step-by-step.
1. Photosynthesis requires three main elements: sunlight, carbon dioxide, and water. (Score: -0.24118220806121826, Parent: 0)

---------- FINAL ----------
step 8
Photosynthesis primarily requires sunlight, carbon dioxide, and water.
Photosynthesis requires sunlight, carbon dioxide, and water.
Mars has a very thin atmosphere composed mostly of carbon dioxide, but it lacks significant amounts of water and has extremely low temperatures and pressures.
Mars has an atmosphere that is about 95% carbon dioxide, which is a requirement for photosynthesis.
However, the lack of liquid water and the extreme conditions on Mars make it inhospitable for the process of photosynthesis as we know it on Earth.
A: Photosynthesis primarily requires sunlight, carbon dioxide, and water.
To determine if all the elements plants need for photosynthesis are present in the atmosphere of Mars, we will analyze the requirements for photosynthesis and the conditions on Mars step-by-step.
1. Photosynthesis is the process by which plants convert light energy into chemical energy, primarily involving sunlight, carbon dioxide, and water. (Score: -0.23819999396800995)

Photosynthesis primarily requires sunlight, carbon dioxide, and water.
Photosynthesis requires sunlight, carbon dioxide, and water.
Mars has a very thin atmosphere composed mostly of carbon dioxide, but it lacks significant amounts of water and has extremely low temperatures and pressures.
Mars has an atmosphere that is about 95% carbon dioxide, which is a requirement for photosynthesis.
However, the lack of liquid water and the extreme conditions on Mars make it inhospitable for the process of photosynthesis as we know it on Earth.
A: Photosynthesis primarily requires sunlight, carbon dioxide, and water.
To determine if all the elements plants need for photosynthesis are present in the atmosphere of Mars, we will analyze the requirements for photosynthesis and the conditions on Mars step-by-step.
1. Photosynthesis requires three main elements: sunlight, carbon dioxide, and water. (Score: -0.24118220806121826)
tensor([[ 2904190039554767584,  6408030243486080125,  3248410085919204049,
            31118530888100675,  1476075390983409144,  3404332338435029431,
         -3799348145370942759, -1353369734744996378],
        [ 2904190039554767584,  6408030243486080125,  3248410085919204049,
            31118530888100675,  1476075390983409144,  3404332338435029431,
         -3799348145370942759, -8053083878130050617]])

====================
Q: Could you make the kitchen 'holy trinity' without celery?


********** Step: 1 **********

The kitchen 'holy trinity' typically refers to a flavor base used in various cuisines, particularly in Cajun and Creole cooking. (Score: -0.23681291937828064, Parent: 0)

The 'holy trinity' in cooking, particularly in Cajun and Creole cuisines, typically consists of three ingredients: onions, bell peppers, and celery. (Score: -0.23771795630455017, Parent: 0)

********** Step: 2 **********

The 'holy trinity' in cooking, particularly in Cajun and Creole cuisines, typically consists of three ingredients: onions, bell peppers, and celery.
Celery is one of the three essential ingredients in the 'holy trinity' used in various cuisines. (Score: -0.2403935343027115, Parent: 1)

The kitchen 'holy trinity' typically refers to a flavor base used in various cuisines, particularly in Cajun and Creole cooking.
The holy trinity usually consists of three main ingredients: onions, bell peppers, and celery. (Score: -0.2409021407365799, Parent: 0)

********** Step: 3 **********

The 'holy trinity' in cooking, particularly in Cajun and Creole cuisines, typically consists of three ingredients: onions, bell peppers, and celery.
Celery is one of the three essential ingredients in the 'holy trinity' used in various cuisines.
A: The 'holy trinity' in cooking, particularly in Cajun and Creole cuisines, typically consists of three ingredients: onions, bell peppers, and celery. (Score: -0.23680460453033447, Parent: 0)

The 'holy trinity' in cooking, particularly in Cajun and Creole cuisines, typically consists of three ingredients: onions, bell peppers, and celery.
Celery is one of the three essential ingredients in the 'holy trinity' used in various cuisines.
A: The 'holy trinity' in cooking, particularly in Cajun and Creole cuisines, consists of onions, bell peppers, and celery. (Score: -0.2391035258769989, Parent: 0)

********** Step: 4 **********

The 'holy trinity' in cooking, particularly in Cajun and Creole cuisines, typically consists of three ingredients: onions, bell peppers, and celery.
Celery is one of the three essential ingredients in the 'holy trinity' used in various cuisines.
A: The 'holy trinity' in cooking, particularly in Cajun and Creole cuisines, consists of onions, bell peppers, and celery.
A: The 'holy trinity' in cooking, particularly in Cajun and Creole cuisines, typically consists of three ingredients: onions, bell peppers, and celery. (Score: -0.2330908477306366, Parent: 1)

The 'holy trinity' in cooking, particularly in Cajun and Creole cuisines, typically consists of three ingredients: onions, bell peppers, and celery.
Celery is one of the three essential ingredients in the 'holy trinity' used in various cuisines.
A: The 'holy trinity' in cooking, particularly in Cajun and Creole cuisines, typically consists of three ingredients: onions, bell peppers, and celery.
A: The 'holy trinity' in cooking, particularly in Cajun and Creole cuisines, typically consists of three ingredients: onions, bell peppers, and celery. (Score: -0.23329982161521912, Parent: 0)

********** Step: 5 **********

The 'holy trinity' in cooking, particularly in Cajun and Creole cuisines, typically consists of three ingredients: onions, bell peppers, and celery.
Celery is one of the three essential ingredients in the 'holy trinity' used in various cuisines.
A: The 'holy trinity' in cooking, particularly in Cajun and Creole cuisines, typically consists of three ingredients: onions, bell peppers, and celery.
A: The 'holy trinity' in cooking, particularly in Cajun and Creole cuisines, typically consists of three ingredients: onions, bell peppers, and celery.
A: The 'holy trinity' in cooking, particularly in Cajun and Creole cuisines, typically consists of three ingredients: onions, bell peppers, and celery. (Score: -0.23022019863128662, Parent: 1)

The 'holy trinity' in cooking, particularly in Cajun and Creole cuisines, typically consists of three ingredients: onions, bell peppers, and celery.
Celery is one of the three essential ingredients in the 'holy trinity' used in various cuisines.
A: The 'holy trinity' in cooking, particularly in Cajun and Creole cuisines, typically consists of three ingredients: onions, bell peppers, and celery.
A: The 'holy trinity' in cooking, particularly in Cajun and Creole cuisines, typically consists of three ingredients: onions, bell peppers, and celery.
A: The 'holy trinity' in cooking, particularly in Cajun and Creole cuisines, typically consists of three ingredients: onions, bell peppers, and celery. (Score: -0.23022019863128662, Parent: 1)

********** Step: 6 **********

The 'holy trinity' in cooking, particularly in Cajun and Creole cuisines, typically consists of three ingredients: onions, bell peppers, and celery.
Celery is one of the three essential ingredients in the 'holy trinity' used in various cuisines.
A: The 'holy trinity' in cooking, particularly in Cajun and Creole cuisines, typically consists of three ingredients: onions, bell peppers, and celery.
A: The 'holy trinity' in cooking, particularly in Cajun and Creole cuisines, typically consists of three ingredients: onions, bell peppers, and celery.
A: The 'holy trinity' in cooking, particularly in Cajun and Creole cuisines, typically consists of three ingredients: onions, bell peppers, and celery.
A: The 'holy trinity' in cooking, particularly in Cajun and Creole cuisines, typically consists of three ingredients: onions, bell peppers, and celery. (Score: -0.22885966300964355, Parent: 1)

The 'holy trinity' in cooking, particularly in Cajun and Creole cuisines, typically consists of three ingredients: onions, bell peppers, and celery.
Celery is one of the three essential ingredients in the 'holy trinity' used in various cuisines.
A: The 'holy trinity' in cooking, particularly in Cajun and Creole cuisines, typically consists of three ingredients: onions, bell peppers, and celery.
A: The 'holy trinity' in cooking, particularly in Cajun and Creole cuisines, typically consists of three ingredients: onions, bell peppers, and celery.
A: The 'holy trinity' in cooking, particularly in Cajun and Creole cuisines, typically consists of three ingredients: onions, bell peppers, and celery.
A: The 'holy trinity' in cooking, particularly in Cajun and Creole cuisines, typically consists of three ingredients: onions, bell peppers, and celery. (Score: -0.22885966300964355, Parent: 1)

********** Step: 7 **********

The 'holy trinity' in cooking, particularly in Cajun and Creole cuisines, typically consists of three ingredients: onions, bell peppers, and celery.
Celery is one of the three essential ingredients in the 'holy trinity' used in various cuisines.
A: The 'holy trinity' in cooking, particularly in Cajun and Creole cuisines, typically consists of three ingredients: onions, bell peppers, and celery.
A: The 'holy trinity' in cooking, particularly in Cajun and Creole cuisines, typically consists of three ingredients: onions, bell peppers, and celery.
A: The 'holy trinity' in cooking, particularly in Cajun and Creole cuisines, typically consists of three ingredients: onions, bell peppers, and celery.
A: The 'holy trinity' in cooking, particularly in Cajun and Creole cuisines, typically consists of three ingredients: onions, bell peppers, and celery.
A: The 'holy trinity' in cooking, particularly in Cajun and Creole cuisines, typically consists of three ingredients: onions, bell peppers, and celery. (Score: -0.22749274969100952, Parent: 1)

The 'holy trinity' in cooking, particularly in Cajun and Creole cuisines, typically consists of three ingredients: onions, bell peppers, and celery.
Celery is one of the three essential ingredients in the 'holy trinity' used in various cuisines.
A: The 'holy trinity' in cooking, particularly in Cajun and Creole cuisines, typically consists of three ingredients: onions, bell peppers, and celery.
A: The 'holy trinity' in cooking, particularly in Cajun and Creole cuisines, typically consists of three ingredients: onions, bell peppers, and celery.
A: The 'holy trinity' in cooking, particularly in Cajun and Creole cuisines, typically consists of three ingredients: onions, bell peppers, and celery.
A: The 'holy trinity' in cooking, particularly in Cajun and Creole cuisines, typically consists of three ingredients: onions, bell peppers, and celery.
A: The 'holy trinity' in cooking, particularly in Cajun and Creole cuisines, typically consists of three ingredients: onions, bell peppers, and celery. (Score: -0.22749274969100952, Parent: 1)

********** Step: 8 **********

The 'holy trinity' in cooking, particularly in Cajun and Creole cuisines, typically consists of three ingredients: onions, bell peppers, and celery.
Celery is one of the three essential ingredients in the 'holy trinity' used in various cuisines.
A: The 'holy trinity' in cooking, particularly in Cajun and Creole cuisines, typically consists of three ingredients: onions, bell peppers, and celery.
A: The 'holy trinity' in cooking, particularly in Cajun and Creole cuisines, typically consists of three ingredients: onions, bell peppers, and celery.
A: The 'holy trinity' in cooking, particularly in Cajun and Creole cuisines, typically consists of three ingredients: onions, bell peppers, and celery.
A: The 'holy trinity' in cooking, particularly in Cajun and Creole cuisines, typically consists of three ingredients: onions, bell peppers, and celery.
A: The 'holy trinity' in cooking, particularly in Cajun and Creole cuisines, typically consists of three ingredients: onions, bell peppers, and celery.
A: The 'holy trinity' in cooking, particularly in Cajun and Creole cuisines, typically consists of three ingredients: onions, bell peppers, and celery. (Score: -0.22590045630931854, Parent: 1)

The 'holy trinity' in cooking, particularly in Cajun and Creole cuisines, typically consists of three ingredients: onions, bell peppers, and celery.
Celery is one of the three essential ingredients in the 'holy trinity' used in various cuisines.
A: The 'holy trinity' in cooking, particularly in Cajun and Creole cuisines, typically consists of three ingredients: onions, bell peppers, and celery.
A: The 'holy trinity' in cooking, particularly in Cajun and Creole cuisines, typically consists of three ingredients: onions, bell peppers, and celery.
A: The 'holy trinity' in cooking, particularly in Cajun and Creole cuisines, typically consists of three ingredients: onions, bell peppers, and celery.
A: The 'holy trinity' in cooking, particularly in Cajun and Creole cuisines, typically consists of three ingredients: onions, bell peppers, and celery.
A: The 'holy trinity' in cooking, particularly in Cajun and Creole cuisines, typically consists of three ingredients: onions, bell peppers, and celery.
A: The 'holy trinity' in cooking, particularly in Cajun and Creole cuisines, typically consists of three ingredients: onions, bell peppers, and celery. (Score: -0.22590045630931854, Parent: 1)

---------- FINAL ----------
step 8
The 'holy trinity' in cooking, particularly in Cajun and Creole cuisines, typically consists of three ingredients: onions, bell peppers, and celery.
Celery is one of the three essential ingredients in the 'holy trinity' used in various cuisines.
A: The 'holy trinity' in cooking, particularly in Cajun and Creole cuisines, typically consists of three ingredients: onions, bell peppers, and celery.
A: The 'holy trinity' in cooking, particularly in Cajun and Creole cuisines, typically consists of three ingredients: onions, bell peppers, and celery.
A: The 'holy trinity' in cooking, particularly in Cajun and Creole cuisines, typically consists of three ingredients: onions, bell peppers, and celery.
A: The 'holy trinity' in cooking, particularly in Cajun and Creole cuisines, typically consists of three ingredients: onions, bell peppers, and celery.
A: The 'holy trinity' in cooking, particularly in Cajun and Creole cuisines, typically consists of three ingredients: onions, bell peppers, and celery.
A: The 'holy trinity' in cooking, particularly in Cajun and Creole cuisines, typically consists of three ingredients: onions, bell peppers, and celery. (Score: -0.22590045630931854)

The 'holy trinity' in cooking, particularly in Cajun and Creole cuisines, typically consists of three ingredients: onions, bell peppers, and celery.
Celery is one of the three essential ingredients in the 'holy trinity' used in various cuisines.
A: The 'holy trinity' in cooking, particularly in Cajun and Creole cuisines, typically consists of three ingredients: onions, bell peppers, and celery.
A: The 'holy trinity' in cooking, particularly in Cajun and Creole cuisines, typically consists of three ingredients: onions, bell peppers, and celery.
A: The 'holy trinity' in cooking, particularly in Cajun and Creole cuisines, typically consists of three ingredients: onions, bell peppers, and celery.
A: The 'holy trinity' in cooking, particularly in Cajun and Creole cuisines, typically consists of three ingredients: onions, bell peppers, and celery.
A: The 'holy trinity' in cooking, particularly in Cajun and Creole cuisines, typically consists of three ingredients: onions, bell peppers, and celery.
A: The 'holy trinity' in cooking, particularly in Cajun and Creole cuisines, typically consists of three ingredients: onions, bell peppers, and celery. (Score: -0.22590045630931854)
tensor([[5980525542095289268, 7541399341915971028, -178634087532139817,
         -178634087532139817, -178634087532139817, -178634087532139817,
         -178634087532139817, -178634087532139817],
        [5980525542095289268, 7541399341915971028, -178634087532139817,
         -178634087532139817, -178634087532139817, -178634087532139817,
         -178634087532139817, -178634087532139817]])

====================
Q: Is Garfield known for hating italian cuisine?


********** Step: 1 **********

Garfield is a fictional cat created by Jim Davis. (Score: -0.2031644582748413, Parent: 0)

Garfield is a fictional comic strip character created by Jim Davis. (Score: -0.21482905745506287, Parent: 0)

********** Step: 2 **********

Garfield is a fictional comic strip character created by Jim Davis.
Garfield is known for being a lazy, lasagna-loving cat. (Score: -0.22622328996658325, Parent: 1)

Garfield is a fictional cat created by Jim Davis.
Garfield is known for his love of lasagna, which is an Italian dish. (Score: -0.22779428958892822, Parent: 0)

********** Step: 3 **********

Garfield is a fictional cat created by Jim Davis.
Garfield is known for his love of lasagna, which is an Italian dish.
Garfield's favorite food is lasagna, which is a staple of Italian cuisine. (Score: -0.2272796332836151, Parent: 1)

Garfield is a fictional comic strip character created by Jim Davis.
Garfield is known for being a lazy, lasagna-loving cat.
Garfield is famous for his love of lasagna, which is an Italian dish. (Score: -0.22966033220291138, Parent: 0)

********** Step: 4 **********

Garfield is a fictional cat created by Jim Davis.
Garfield is known for his love of lasagna, which is an Italian dish.
Garfield's favorite food is lasagna, which is a staple of Italian cuisine.
#### No. (Score: 0.16233445703983307, Parent: 0)

Garfield is a fictional cat created by Jim Davis.
Garfield is known for his love of lasagna, which is an Italian dish.
Garfield's favorite food is lasagna, which is a staple of Italian cuisine.
Garfield's character is widely recognized for his love of Italian cuisine, particularly lasagna. (Score: -0.22631528973579407, Parent: 0)

********** Step: 5 **********

Garfield is a fictional cat created by Jim Davis.
Garfield is known for his love of lasagna, which is an Italian dish.
Garfield's favorite food is lasagna, which is a staple of Italian cuisine.
#### No.
 (Score: 0.16233445703983307, Parent: 0)

Garfield is a fictional cat created by Jim Davis.
Garfield is known for his love of lasagna, which is an Italian dish.
Garfield's favorite food is lasagna, which is a staple of Italian cuisine.
Garfield's character is widely recognized for his love of Italian cuisine, particularly lasagna.
#### No. (Score: 0.12264611572027206, Parent: 1)

********** Step: 6 **********

Garfield is a fictional cat created by Jim Davis.
Garfield is known for his love of lasagna, which is an Italian dish.
Garfield's favorite food is lasagna, which is a staple of Italian cuisine.
#### No.

 (Score: 0.16233445703983307, Parent: 0)

Garfield is a fictional cat created by Jim Davis.
Garfield is known for his love of lasagna, which is an Italian dish.
Garfield's favorite food is lasagna, which is a staple of Italian cuisine.
Garfield's character is widely recognized for his love of Italian cuisine, particularly lasagna.
#### No.
 (Score: 0.12264611572027206, Parent: 1)

---------- FINAL ----------
step 6
Garfield is a fictional cat created by Jim Davis.
Garfield is known for his love of lasagna, which is an Italian dish.
Garfield's favorite food is lasagna, which is a staple of Italian cuisine.
#### No.

 (Score: 0.16233445703983307)

Garfield is a fictional cat created by Jim Davis.
Garfield is known for his love of lasagna, which is an Italian dish.
Garfield's favorite food is lasagna, which is a staple of Italian cuisine.
Garfield's character is widely recognized for his love of Italian cuisine, particularly lasagna.
#### No.
 (Score: 0.12264611572027206)
tensor([[ 5865809734299849244,  7823090751538551559, -6059316476318653575,
         -5322498821065855045,                    0,                    0,
                           -1,                   -1],
        [ 5865809734299849244,  7823090751538551559, -6059316476318653575,
          -200123674960712019, -5322498821065855045,                    0,
                           -1,                   -1]])

====================
Q: Did Jack Dempsey fight the current WBC heavyweight champion?


********** Step: 1 **********

Jack Dempsey was a famous American professional boxer who fought from 1914 to 1927. (Score: -0.21980524063110352, Parent: 0)

Jack Dempsey was a famous American professional boxer who competed in the early 20th century. (Score: -0.22104625403881073, Parent: 0)

********** Step: 2 **********

Jack Dempsey was a famous American professional boxer who fought from 1914 to 1927.
Jack Dempsey was the world heavyweight champion from 1919 to 1926. The current WBC heavyweight champion as of October 2023 is Tyson Fury. (Score: -0.19950397312641144, Parent: 0)

Jack Dempsey was a famous American professional boxer who fought from 1914 to 1927.
Jack Dempsey's career ended in 1927. (Score: -0.21991077065467834, Parent: 0)

********** Step: 3 **********

Jack Dempsey was a famous American professional boxer who fought from 1914 to 1927.
Jack Dempsey's career ended in 1927.
The current WBC heavyweight champion as of October 2023 is Tyson Fury. (Score: -0.19746528565883636, Parent: 1)

Jack Dempsey was a famous American professional boxer who fought from 1914 to 1927.
Jack Dempsey's career ended in 1927.
The current WBC heavyweight champion as of 2023 is Tyson Fury. (Score: -0.20197875797748566, Parent: 1)

********** Step: 4 **********

Jack Dempsey was a famous American professional boxer who fought from 1914 to 1927.
Jack Dempsey's career ended in 1927.
The current WBC heavyweight champion as of October 2023 is Tyson Fury.
Jack Dempsey and Tyson Fury belong to different eras of boxing. (Score: -0.2102133333683014, Parent: 0)

Jack Dempsey was a famous American professional boxer who fought from 1914 to 1927.
Jack Dempsey's career ended in 1927.
The current WBC heavyweight champion as of October 2023 is Tyson Fury.
Jack Dempsey and Tyson Fury are from different eras in boxing history. (Score: -0.2110854536294937, Parent: 0)

********** Step: 5 **********

Jack Dempsey was a famous American professional boxer who fought from 1914 to 1927.
Jack Dempsey's career ended in 1927.
The current WBC heavyweight champion as of October 2023 is Tyson Fury.
Jack Dempsey and Tyson Fury belong to different eras of boxing.
#### No. (Score: 0.13967350125312805, Parent: 0)

Jack Dempsey was a famous American professional boxer who fought from 1914 to 1927.
Jack Dempsey's career ended in 1927.
The current WBC heavyweight champion as of October 2023 is Tyson Fury.
Jack Dempsey and Tyson Fury belong to different eras of boxing.
#### No. (Score: 0.13967350125312805, Parent: 0)

********** Step: 6 **********

Jack Dempsey was a famous American professional boxer who fought from 1914 to 1927.
Jack Dempsey's career ended in 1927.
The current WBC heavyweight champion as of October 2023 is Tyson Fury.
Jack Dempsey and Tyson Fury belong to different eras of boxing.
#### No.
 (Score: 0.13967350125312805, Parent: 0)

Jack Dempsey was a famous American professional boxer who fought from 1914 to 1927.
Jack Dempsey's career ended in 1927.
The current WBC heavyweight champion as of October 2023 is Tyson Fury.
Jack Dempsey and Tyson Fury belong to different eras of boxing.
#### No.
 (Score: 0.13967350125312805, Parent: 1)

---------- FINAL ----------
step 6
Jack Dempsey was a famous American professional boxer who fought from 1914 to 1927.
Jack Dempsey's career ended in 1927.
The current WBC heavyweight champion as of October 2023 is Tyson Fury.
Jack Dempsey and Tyson Fury belong to different eras of boxing.
#### No.
 (Score: 0.13967350125312805)

Jack Dempsey was a famous American professional boxer who fought from 1914 to 1927.
Jack Dempsey's career ended in 1927.
The current WBC heavyweight champion as of October 2023 is Tyson Fury.
Jack Dempsey and Tyson Fury belong to different eras of boxing.
#### No.
 (Score: 0.13967350125312805)
tensor([[-6359317398113870683,  1093641359639421180,  3301845824104110738,
         -5136439517242313948, -5322498821065855045,                    0,
                           -1,                   -1],
        [-6359317398113870683,  1093641359639421180,  3301845824104110738,
         -5136439517242313948, -5322498821065855045,                    0,
                           -1,                   -1]])

====================
Q: Can Spartina Patens thrive in the Sahara Desert?


********** Step: 1 **********

Spartina Patens, commonly known as saltmarsh cordgrass, is a plant that typically grows in coastal salt marshes and brackish environments. (Score: -0.2198159396648407, Parent: 0)

Spartina Patens, commonly known as salt marsh cordgrass, is a plant that typically grows in coastal salt marshes and estuaries. (Score: -0.22122418880462646, Parent: 0)

********** Step: 2 **********

Spartina Patens, commonly known as salt marsh cordgrass, is a plant that typically grows in coastal salt marshes and estuaries.
It is adapted to saline conditions and is found in regions with brackish water. (Score: -0.22127000987529755, Parent: 1)

Spartina Patens, commonly known as salt marsh cordgrass, is a plant that typically grows in coastal salt marshes and estuaries.
It is adapted to saline conditions and is often found in areas with high water availability, such as wetlands. (Score: -0.22210869193077087, Parent: 1)

********** Step: 3 **********

Spartina Patens, commonly known as salt marsh cordgrass, is a plant that typically grows in coastal salt marshes and estuaries.
It is adapted to saline conditions and is often found in areas with high water availability, such as wetlands.
Spartina Patens is not adapted to arid environments like deserts. (Score: -0.2217537760734558, Parent: 1)

Spartina Patens, commonly known as salt marsh cordgrass, is a plant that typically grows in coastal salt marshes and estuaries.
It is adapted to saline conditions and is often found in areas with high water availability, such as wetlands.
The Sahara Desert is characterized by extreme aridity and very low water availability. (Score: -0.22209176421165466, Parent: 1)

********** Step: 4 **********

Spartina Patens, commonly known as salt marsh cordgrass, is a plant that typically grows in coastal salt marshes and estuaries.
It is adapted to saline conditions and is often found in areas with high water availability, such as wetlands.
Spartina Patens is not adapted to arid environments like deserts.
The Sahara Desert is characterized by extremely low rainfall and high temperatures. (Score: -0.22052603960037231, Parent: 0)

Spartina Patens, commonly known as salt marsh cordgrass, is a plant that typically grows in coastal salt marshes and estuaries.
It is adapted to saline conditions and is often found in areas with high water availability, such as wetlands.
The Sahara Desert is characterized by extreme aridity and very low water availability.
Spartina Patens is not adapted to thrive in arid desert conditions. (Score: -0.22150884568691254, Parent: 1)

********** Step: 5 **********

Spartina Patens, commonly known as salt marsh cordgrass, is a plant that typically grows in coastal salt marshes and estuaries.
It is adapted to saline conditions and is often found in areas with high water availability, such as wetlands.
The Sahara Desert is characterized by extreme aridity and very low water availability.
Spartina Patens is not adapted to thrive in arid desert conditions.
#### No. (Score: 0.09706227481365204, Parent: 1)

Spartina Patens, commonly known as salt marsh cordgrass, is a plant that typically grows in coastal salt marshes and estuaries.
It is adapted to saline conditions and is often found in areas with high water availability, such as wetlands.
The Sahara Desert is characterized by extreme aridity and very low water availability.
Spartina Patens is not adapted to thrive in arid desert conditions.
#### No. (Score: 0.09706227481365204, Parent: 1)

********** Step: 6 **********

Spartina Patens, commonly known as salt marsh cordgrass, is a plant that typically grows in coastal salt marshes and estuaries.
It is adapted to saline conditions and is often found in areas with high water availability, such as wetlands.
The Sahara Desert is characterized by extreme aridity and very low water availability.
Spartina Patens is not adapted to thrive in arid desert conditions.
#### No.
 (Score: 0.09706227481365204, Parent: 0)

Spartina Patens, commonly known as salt marsh cordgrass, is a plant that typically grows in coastal salt marshes and estuaries.
It is adapted to saline conditions and is often found in areas with high water availability, such as wetlands.
The Sahara Desert is characterized by extreme aridity and very low water availability.
Spartina Patens is not adapted to thrive in arid desert conditions.
#### No.
 (Score: 0.09706227481365204, Parent: 1)

---------- FINAL ----------
step 6
Spartina Patens, commonly known as salt marsh cordgrass, is a plant that typically grows in coastal salt marshes and estuaries.
It is adapted to saline conditions and is often found in areas with high water availability, such as wetlands.
The Sahara Desert is characterized by extreme aridity and very low water availability.
Spartina Patens is not adapted to thrive in arid desert conditions.
#### No.
 (Score: 0.09706227481365204)

Spartina Patens, commonly known as salt marsh cordgrass, is a plant that typically grows in coastal salt marshes and estuaries.
It is adapted to saline conditions and is often found in areas with high water availability, such as wetlands.
The Sahara Desert is characterized by extreme aridity and very low water availability.
Spartina Patens is not adapted to thrive in arid desert conditions.
#### No.
 (Score: 0.09706227481365204)
tensor([[ 4430717393491499495, -1850268920310095659,  1158177991680499902,
         -9203840434859677138, -5322498821065855045,                    0,
                           -1,                   -1],
        [ 4430717393491499495, -1850268920310095659,  1158177991680499902,
         -9203840434859677138, -5322498821065855045,                    0,
                           -1,                   -1]])

====================
Q: Does meat from cows fed only grass taste more like wild game?


********** Step: 1 **********

Cows that are fed only grass are often referred to as grass-fed cows. (Score: -0.20790791511535645, Parent: 0)

A: Cows that are fed grass are often referred to as grass-fed cattle. (Score: -0.233504056930542, Parent: 0)

********** Step: 2 **********

Cows that are fed only grass are often referred to as grass-fed cows.
Grass-fed beef is known for having a different flavor profile compared to grain-fed beef. (Score: -0.2389741688966751, Parent: 0)

A: Cows that are fed grass are often referred to as grass-fed cattle.
Grass-fed beef is known for having a different flavor profile compared to grain-fed beef. (Score: -0.24177226424217224, Parent: 1)

********** Step: 3 **********

Cows that are fed only grass are often referred to as grass-fed cows.
Grass-fed beef is known for having a different flavor profile compared to grain-fed beef.
Grass-fed beef typically has a more gamey taste, which is similar to wild game. (Score: -0.23782159388065338, Parent: 0)

Cows that are fed only grass are often referred to as grass-fed cows.
Grass-fed beef is known for having a different flavor profile compared to grain-fed beef.
Grass-fed beef is often described as having a more gamey or earthy flavor, which some people associate with wild game. (Score: -0.23862764239311218, Parent: 0)

********** Step: 4 **********

Cows that are fed only grass are often referred to as grass-fed cows.
Grass-fed beef is known for having a different flavor profile compared to grain-fed beef.
Grass-fed beef typically has a more gamey taste, which is similar to wild game.
A: Many chefs and culinary experts suggest that grass-fed beef has a flavor that is more akin to wild game than traditional grain-fed beef. (Score: -0.23663701117038727, Parent: 0)

Cows that are fed only grass are often referred to as grass-fed cows.
Grass-fed beef is known for having a different flavor profile compared to grain-fed beef.
Grass-fed beef typically has a more gamey taste, which is similar to wild game.
A: Grass-fed beef comes from cows that are raised on a diet of grass rather than grains. (Score: -0.23702919483184814, Parent: 0)

********** Step: 5 **********

Cows that are fed only grass are often referred to as grass-fed cows.
Grass-fed beef is known for having a different flavor profile compared to grain-fed beef.
Grass-fed beef typically has a more gamey taste, which is similar to wild game.
A: Many chefs and culinary experts suggest that grass-fed beef has a flavor that is more akin to wild game than traditional grain-fed beef.
A: Cows that are fed only grass are often referred to as grass-fed cows. (Score: -0.23300781846046448, Parent: 0)

Cows that are fed only grass are often referred to as grass-fed cows.
Grass-fed beef is known for having a different flavor profile compared to grain-fed beef.
Grass-fed beef typically has a more gamey taste, which is similar to wild game.
A: Grass-fed beef comes from cows that are raised on a diet of grass rather than grains.
Grass-fed beef is known for having a distinct flavor compared to conventional beef. (Score: -0.23451019823551178, Parent: 1)

********** Step: 6 **********

Cows that are fed only grass are often referred to as grass-fed cows.
Grass-fed beef is known for having a different flavor profile compared to grain-fed beef.
Grass-fed beef typically has a more gamey taste, which is similar to wild game.
A: Many chefs and culinary experts suggest that grass-fed beef has a flavor that is more akin to wild game than traditional grain-fed beef.
A: Cows that are fed only grass are often referred to as grass-fed cows.
A: Grass-fed beef is known for having a different flavor profile compared to grain-fed beef. (Score: -0.2297327220439911, Parent: 0)

Cows that are fed only grass are often referred to as grass-fed cows.
Grass-fed beef is known for having a different flavor profile compared to grain-fed beef.
Grass-fed beef typically has a more gamey taste, which is similar to wild game.
A: Many chefs and culinary experts suggest that grass-fed beef has a flavor that is more akin to wild game than traditional grain-fed beef.
A: Cows that are fed only grass are often referred to as grass-fed cows.
A: Cows that are fed only grass are often referred to as grass-fed cows. (Score: -0.23090985417366028, Parent: 0)

********** Step: 7 **********

Cows that are fed only grass are often referred to as grass-fed cows.
Grass-fed beef is known for having a different flavor profile compared to grain-fed beef.
Grass-fed beef typically has a more gamey taste, which is similar to wild game.
A: Many chefs and culinary experts suggest that grass-fed beef has a flavor that is more akin to wild game than traditional grain-fed beef.
A: Cows that are fed only grass are often referred to as grass-fed cows.
A: Grass-fed beef is known for having a different flavor profile compared to grain-fed beef.
A: Grass-fed beef typically has a more gamey taste, which is similar to wild game. (Score: -0.2263459861278534, Parent: 0)

Cows that are fed only grass are often referred to as grass-fed cows.
Grass-fed beef is known for having a different flavor profile compared to grain-fed beef.
Grass-fed beef typically has a more gamey taste, which is similar to wild game.
A: Many chefs and culinary experts suggest that grass-fed beef has a flavor that is more akin to wild game than traditional grain-fed beef.
A: Cows that are fed only grass are often referred to as grass-fed cows.
A: Grass-fed beef is known for having a different flavor profile compared to grain-fed beef.
A: Grass-fed beef typically has a more gamey taste, which is similar to wild game. (Score: -0.2263459861278534, Parent: 0)

********** Step: 8 **********

Cows that are fed only grass are often referred to as grass-fed cows.
Grass-fed beef is known for having a different flavor profile compared to grain-fed beef.
Grass-fed beef typically has a more gamey taste, which is similar to wild game.
A: Many chefs and culinary experts suggest that grass-fed beef has a flavor that is more akin to wild game than traditional grain-fed beef.
A: Cows that are fed only grass are often referred to as grass-fed cows.
A: Grass-fed beef is known for having a different flavor profile compared to grain-fed beef.
A: Grass-fed beef typically has a more gamey taste, which is similar to wild game.
A: Many chefs and culinary experts suggest that grass-fed beef has a flavor that is more akin to wild game than traditional grain-fed beef. (Score: -0.2234293818473816, Parent: 0)

Cows that are fed only grass are often referred to as grass-fed cows.
Grass-fed beef is known for having a different flavor profile compared to grain-fed beef.
Grass-fed beef typically has a more gamey taste, which is similar to wild game.
A: Many chefs and culinary experts suggest that grass-fed beef has a flavor that is more akin to wild game than traditional grain-fed beef.
A: Cows that are fed only grass are often referred to as grass-fed cows.
A: Grass-fed beef is known for having a different flavor profile compared to grain-fed beef.
A: Grass-fed beef typically has a more gamey taste, which is similar to wild game.
A: Many chefs and culinary experts suggest that grass-fed beef has a flavor that is more akin to wild game than traditional grain-fed beef. (Score: -0.2234293818473816, Parent: 1)

---------- FINAL ----------
step 8
Cows that are fed only grass are often referred to as grass-fed cows.
Grass-fed beef is known for having a different flavor profile compared to grain-fed beef.
Grass-fed beef typically has a more gamey taste, which is similar to wild game.
A: Many chefs and culinary experts suggest that grass-fed beef has a flavor that is more akin to wild game than traditional grain-fed beef.
A: Cows that are fed only grass are often referred to as grass-fed cows.
A: Grass-fed beef is known for having a different flavor profile compared to grain-fed beef.
A: Grass-fed beef typically has a more gamey taste, which is similar to wild game.
A: Many chefs and culinary experts suggest that grass-fed beef has a flavor that is more akin to wild game than traditional grain-fed beef. (Score: -0.2234293818473816)

Cows that are fed only grass are often referred to as grass-fed cows.
Grass-fed beef is known for having a different flavor profile compared to grain-fed beef.
Grass-fed beef typically has a more gamey taste, which is similar to wild game.
A: Many chefs and culinary experts suggest that grass-fed beef has a flavor that is more akin to wild game than traditional grain-fed beef.
A: Cows that are fed only grass are often referred to as grass-fed cows.
A: Grass-fed beef is known for having a different flavor profile compared to grain-fed beef.
A: Grass-fed beef typically has a more gamey taste, which is similar to wild game.
A: Many chefs and culinary experts suggest that grass-fed beef has a flavor that is more akin to wild game than traditional grain-fed beef. (Score: -0.2234293818473816)
tensor([[ 8478521414297592171,  7571759515200793683,  6625763119449286681,
          8294179276259755163, -1756175456748369690,  3602306752118822654,
          6335832695064453412,  8294179276259755163],
        [ 8478521414297592171,  7571759515200793683,  6625763119449286681,
          8294179276259755163, -1756175456748369690,  3602306752118822654,
          6335832695064453412,  8294179276259755163]])

====================
Q: Is popular science used to peer review papers?


********** Step: 1 **********

Popular science refers to literature that presents scientific concepts and discoveries to a general audience. (Score: -0.11388856917619705, Parent: 0)

Popular science refers to the communication of scientific ideas and research to the general public in an accessible way. (Score: -0.14044995605945587, Parent: 0)

********** Step: 2 **********

Popular science refers to the communication of scientific ideas and research to the general public in an accessible way.
Peer review is a formal process where experts in a specific field evaluate the quality, validity, and originality of research before it is published in scientific journals. (Score: -0.23168982565402985, Parent: 1)

Popular science refers to literature that presents scientific concepts and discoveries to a general audience.
Peer review is a process where experts in a specific field evaluate the quality and validity of research papers before they are published in academic journals. (Score: -0.23251250386238098, Parent: 0)

********** Step: 3 **********

Popular science refers to literature that presents scientific concepts and discoveries to a general audience.
Peer review is a process where experts in a specific field evaluate the quality and validity of research papers before they are published in academic journals.
Popular science does not serve as a platform for the peer review process itself. (Score: -0.23829589784145355, Parent: 1)

Popular science refers to literature that presents scientific concepts and discoveries to a general audience.
Peer review is a process where experts in a specific field evaluate the quality and validity of research papers before they are published in academic journals.
A: Popular science does not conduct peer reviews itself, as it is aimed at general readers rather than specialists in a field. (Score: -0.23940998315811157, Parent: 1)

********** Step: 4 **********

Popular science refers to literature that presents scientific concepts and discoveries to a general audience.
Peer review is a process where experts in a specific field evaluate the quality and validity of research papers before they are published in academic journals.
A: Popular science does not conduct peer reviews itself, as it is aimed at general readers rather than specialists in a field.
#### No. (Score: 0.10013464838266373, Parent: 1)

Popular science refers to literature that presents scientific concepts and discoveries to a general audience.
Peer review is a process where experts in a specific field evaluate the quality and validity of research papers before they are published in academic journals.
A: Popular science does not conduct peer reviews itself, as it is aimed at general readers rather than specialists in a field.
Therefore, popular science is not used to peer review papers. (Score: -0.2402706742286682, Parent: 1)

********** Step: 5 **********

Popular science refers to literature that presents scientific concepts and discoveries to a general audience.
Peer review is a process where experts in a specific field evaluate the quality and validity of research papers before they are published in academic journals.
A: Popular science does not conduct peer reviews itself, as it is aimed at general readers rather than specialists in a field.
#### No.
 (Score: 0.10013464838266373, Parent: 0)

Popular science refers to literature that presents scientific concepts and discoveries to a general audience.
Peer review is a process where experts in a specific field evaluate the quality and validity of research papers before they are published in academic journals.
A: Popular science does not conduct peer reviews itself, as it is aimed at general readers rather than specialists in a field.
Therefore, popular science is not used to peer review papers.
A: Popular science refers to literature that presents scientific concepts and discoveries to a general audience. (Score: -0.23894146084785461, Parent: 1)

********** Step: 6 **********

Popular science refers to literature that presents scientific concepts and discoveries to a general audience.
Peer review is a process where experts in a specific field evaluate the quality and validity of research papers before they are published in academic journals.
A: Popular science does not conduct peer reviews itself, as it is aimed at general readers rather than specialists in a field.
#### No.

 (Score: 0.10013464838266373, Parent: 0)

Popular science refers to literature that presents scientific concepts and discoveries to a general audience.
Peer review is a process where experts in a specific field evaluate the quality and validity of research papers before they are published in academic journals.
A: Popular science does not conduct peer reviews itself, as it is aimed at general readers rather than specialists in a field.
Therefore, popular science is not used to peer review papers.
A: Popular science refers to literature that presents scientific concepts and discoveries to a general audience.
A: Peer review is a process where experts in a specific field evaluate the quality and validity of research papers before they are published in academic journals. (Score: -0.23334091901779175, Parent: 1)

********** Step: 7 **********

Popular science refers to literature that presents scientific concepts and discoveries to a general audience.
Peer review is a process where experts in a specific field evaluate the quality and validity of research papers before they are published in academic journals.
A: Popular science does not conduct peer reviews itself, as it is aimed at general readers rather than specialists in a field.
#### No.


 (Score: 0.10013464838266373, Parent: 0)

Popular science refers to literature that presents scientific concepts and discoveries to a general audience.
Peer review is a process where experts in a specific field evaluate the quality and validity of research papers before they are published in academic journals.
A: Popular science does not conduct peer reviews itself, as it is aimed at general readers rather than specialists in a field.
Therefore, popular science is not used to peer review papers.
A: Popular science refers to literature that presents scientific concepts and discoveries to a general audience.
A: Peer review is a process where experts in a specific field evaluate the quality and validity of research papers before they are published in academic journals.
A: Popular science does not conduct peer reviews itself, as it is aimed at general readers rather than specialists in a field. (Score: -0.23101240396499634, Parent: 1)

********** Step: 8 **********

Popular science refers to literature that presents scientific concepts and discoveries to a general audience.
Peer review is a process where experts in a specific field evaluate the quality and validity of research papers before they are published in academic journals.
A: Popular science does not conduct peer reviews itself, as it is aimed at general readers rather than specialists in a field.
#### No.



 (Score: 0.10013464838266373, Parent: 0)

Popular science refers to literature that presents scientific concepts and discoveries to a general audience.
Peer review is a process where experts in a specific field evaluate the quality and validity of research papers before they are published in academic journals.
A: Popular science does not conduct peer reviews itself, as it is aimed at general readers rather than specialists in a field.
Therefore, popular science is not used to peer review papers.
A: Popular science refers to literature that presents scientific concepts and discoveries to a general audience.
A: Peer review is a process where experts in a specific field evaluate the quality and validity of research papers before they are published in academic journals.
A: Popular science does not conduct peer reviews itself, as it is aimed at general readers rather than specialists in a field.
A: Popular science refers to literature that presents scientific concepts and discoveries to a general audience. (Score: -0.22916996479034424, Parent: 1)

---------- FINAL ----------
step 8
Popular science refers to literature that presents scientific concepts and discoveries to a general audience.
Peer review is a process where experts in a specific field evaluate the quality and validity of research papers before they are published in academic journals.
A: Popular science does not conduct peer reviews itself, as it is aimed at general readers rather than specialists in a field.
#### No.



 (Score: 0.10013464838266373)

Popular science refers to literature that presents scientific concepts and discoveries to a general audience.
Peer review is a process where experts in a specific field evaluate the quality and validity of research papers before they are published in academic journals.
A: Popular science does not conduct peer reviews itself, as it is aimed at general readers rather than specialists in a field.
Therefore, popular science is not used to peer review papers.
A: Popular science refers to literature that presents scientific concepts and discoveries to a general audience.
A: Peer review is a process where experts in a specific field evaluate the quality and validity of research papers before they are published in academic journals.
A: Popular science does not conduct peer reviews itself, as it is aimed at general readers rather than specialists in a field.
A: Popular science refers to literature that presents scientific concepts and discoveries to a general audience. (Score: -0.22916996479034424)
tensor([[ 6319361191651306958,  5889345540384604798,  3836511559240808098,
         -5322498821065855045,                    0,                    0,
                            0,                    0],
        [ 6319361191651306958,  5889345540384604798,  3836511559240808098,
         -3248247485550578877,  7819024929720693756,  8876953280148594117,
          3836511559240808098,  7819024929720693756]])

====================
Q: Can dementia be cured with a cast?


********** Step: 1 **********

Dementia is a neurological condition that affects memory, thinking, and behavior. (Score: -0.2230672538280487, Parent: 0)

Dementia is a medical condition that affects cognitive functions such as memory and reasoning. (Score: -0.22514887154102325, Parent: 0)

********** Step: 2 **********

Dementia is a neurological condition that affects memory, thinking, and behavior.
A: Dementia is a neurological condition that affects memory, thinking, and behavior. (Score: -0.21800649166107178, Parent: 0)

Dementia is a neurological condition that affects memory, thinking, and behavior.
A: There is currently no cure for dementia. (Score: -0.22584965825080872, Parent: 0)

********** Step: 3 **********

Dementia is a neurological condition that affects memory, thinking, and behavior.
A: Dementia is a neurological condition that affects memory, thinking, and behavior.
A: There is currently no cure for dementia. (Score: -0.22287237644195557, Parent: 0)

Dementia is a neurological condition that affects memory, thinking, and behavior.
A: Dementia is a neurological condition that affects memory, thinking, and behavior.
A: Dementia cannot be cured with a cast, as a cast is used to immobilize broken bones and does not have any effect on neurological conditions. (Score: -0.22565846145153046, Parent: 0)

********** Step: 4 **********

Dementia is a neurological condition that affects memory, thinking, and behavior.
A: Dementia is a neurological condition that affects memory, thinking, and behavior.
A: Dementia cannot be cured with a cast, as a cast is used to immobilize broken bones and does not have any effect on neurological conditions.
#### No. (Score: 0.14176473021507263, Parent: 1)

Dementia is a neurological condition that affects memory, thinking, and behavior.
A: Dementia is a neurological condition that affects memory, thinking, and behavior.
A: Dementia cannot be cured with a cast, as a cast is used to immobilize broken bones and does not have any effect on neurological conditions.
#### No. (Score: 0.14176473021507263, Parent: 1)

********** Step: 5 **********

Dementia is a neurological condition that affects memory, thinking, and behavior.
A: Dementia is a neurological condition that affects memory, thinking, and behavior.
A: Dementia cannot be cured with a cast, as a cast is used to immobilize broken bones and does not have any effect on neurological conditions.
#### No.
 (Score: 0.14176473021507263, Parent: 0)

Dementia is a neurological condition that affects memory, thinking, and behavior.
A: Dementia is a neurological condition that affects memory, thinking, and behavior.
A: Dementia cannot be cured with a cast, as a cast is used to immobilize broken bones and does not have any effect on neurological conditions.
#### No.
 (Score: 0.14176473021507263, Parent: 1)

---------- FINAL ----------
step 5
Dementia is a neurological condition that affects memory, thinking, and behavior.
A: Dementia is a neurological condition that affects memory, thinking, and behavior.
A: Dementia cannot be cured with a cast, as a cast is used to immobilize broken bones and does not have any effect on neurological conditions.
#### No.
 (Score: 0.14176473021507263)

Dementia is a neurological condition that affects memory, thinking, and behavior.
A: Dementia is a neurological condition that affects memory, thinking, and behavior.
A: Dementia cannot be cured with a cast, as a cast is used to immobilize broken bones and does not have any effect on neurological conditions.
#### No.
 (Score: 0.14176473021507263)
tensor([[-5156476720009257425, -1362347025580539913, -4075452441361108632,
         -5322498821065855045,                    0,                   -1,
                           -1,                   -1],
        [-5156476720009257425, -1362347025580539913, -4075452441361108632,
         -5322498821065855045,                    0,                   -1,
                           -1,                   -1]])

====================
Q: Is it safe to wear sandals in snow?


********** Step: 1 **********

Wearing sandals exposes the feet to cold temperatures. (Score: 0.02007443457841873, Parent: 0)

Wearing sandals exposes the feet to cold temperatures and moisture found in snow. (Score: -0.08755642920732498, Parent: 0)

********** Step: 2 **********

Wearing sandals exposes the feet to cold temperatures.
Wearing sandals does not provide insulation or protection against snow. (Score: -0.06512842327356339, Parent: 0)

Wearing sandals exposes the feet to cold temperatures.
Cold weather can lead to frostbite and other cold-related injuries. (Score: -0.12392549216747284, Parent: 0)

********** Step: 3 **********

Wearing sandals exposes the feet to cold temperatures.
Cold weather can lead to frostbite and other cold-related injuries.
Wearing sandals provides minimal insulation against cold. (Score: -0.1684902012348175, Parent: 1)

Wearing sandals exposes the feet to cold temperatures.
Wearing sandals does not provide insulation or protection against snow.
Walking in snow with sandals can lead to cold feet and frostbite. (Score: -0.19320492446422577, Parent: 0)

********** Step: 4 **********

Wearing sandals exposes the feet to cold temperatures.
Wearing sandals does not provide insulation or protection against snow.
Walking in snow with sandals can lead to cold feet and frostbite.
#### No. (Score: 0.2510988116264343, Parent: 1)

Wearing sandals exposes the feet to cold temperatures.
Wearing sandals does not provide insulation or protection against snow.
Walking in snow with sandals can lead to cold feet and frostbite.
#### No. (Score: 0.2510988116264343, Parent: 1)

********** Step: 5 **********

Wearing sandals exposes the feet to cold temperatures.
Wearing sandals does not provide insulation or protection against snow.
Walking in snow with sandals can lead to cold feet and frostbite.
#### No.
 (Score: 0.2510988116264343, Parent: 0)

Wearing sandals exposes the feet to cold temperatures.
Wearing sandals does not provide insulation or protection against snow.
Walking in snow with sandals can lead to cold feet and frostbite.
#### No.
 (Score: 0.2510988116264343, Parent: 1)

---------- FINAL ----------
step 5
Wearing sandals exposes the feet to cold temperatures.
Wearing sandals does not provide insulation or protection against snow.
Walking in snow with sandals can lead to cold feet and frostbite.
#### No.
 (Score: 0.2510988116264343)

Wearing sandals exposes the feet to cold temperatures.
Wearing sandals does not provide insulation or protection against snow.
Walking in snow with sandals can lead to cold feet and frostbite.
#### No.
 (Score: 0.2510988116264343)
tensor([[-4278658212766825106, -3494569194756400611,  8245145245994714316,
         -5322498821065855045,                    0,                   -1,
                           -1,                   -1],
        [-4278658212766825106, -3494569194756400611,  8245145245994714316,
         -5322498821065855045,                    0,                   -1,
                           -1,                   -1]])

====================
Q: Will parma ham be ready for New Year's if the pig is slaughtered in December?


********** Step: 1 **********

Parma ham is a type of dry-cured ham that originates from the Parma region in Italy. (Score: -0.2272002398967743, Parent: 0)

Parma ham is a type of dry-cured ham that comes from the Parma region of Italy. (Score: -0.22777345776557922, Parent: 0)

********** Step: 2 **********

Parma ham is a type of dry-cured ham that originates from the Parma region in Italy.
To make Parma ham, the pig must be slaughtered and then the ham needs to undergo a lengthy curing process. (Score: -0.22956347465515137, Parent: 0)

Parma ham is a type of dry-cured ham that originates from the Parma region in Italy.
To produce Parma ham, the pig must be slaughtered and the ham needs to undergo a specific curing process. (Score: -0.2298346757888794, Parent: 0)

********** Step: 3 **********

Parma ham is a type of dry-cured ham that originates from the Parma region in Italy.
To make Parma ham, the pig must be slaughtered and then the ham needs to undergo a lengthy curing process.
The curing process for Parma ham typically takes at least 12 months. (Score: -0.22974833846092224, Parent: 0)

Parma ham is a type of dry-cured ham that originates from the Parma region in Italy.
To produce Parma ham, the pig must be slaughtered and the ham needs to undergo a specific curing process.
The curing process for Parma ham typically lasts at least 12 months. (Score: -0.22998546063899994, Parent: 1)

********** Step: 4 **********

Parma ham is a type of dry-cured ham that originates from the Parma region in Italy.
To produce Parma ham, the pig must be slaughtered and the ham needs to undergo a specific curing process.
The curing process for Parma ham typically lasts at least 12 months.
A: If the pig is slaughtered in December, the ham will not be ready by New Year's. (Score: -0.22669634222984314, Parent: 1)

Parma ham is a type of dry-cured ham that originates from the Parma region in Italy.
To produce Parma ham, the pig must be slaughtered and the ham needs to undergo a specific curing process.
The curing process for Parma ham typically lasts at least 12 months.
A: If the pig is slaughtered in December, the ham would not be ready by New Year's, as it requires a minimum of 12 months to cure properly. (Score: -0.2272331267595291, Parent: 1)

********** Step: 5 **********

Parma ham is a type of dry-cured ham that originates from the Parma region in Italy.
To produce Parma ham, the pig must be slaughtered and the ham needs to undergo a specific curing process.
The curing process for Parma ham typically lasts at least 12 months.
A: If the pig is slaughtered in December, the ham will not be ready by New Year's.
#### No. (Score: 0.08578996360301971, Parent: 0)

Parma ham is a type of dry-cured ham that originates from the Parma region in Italy.
To produce Parma ham, the pig must be slaughtered and the ham needs to undergo a specific curing process.
The curing process for Parma ham typically lasts at least 12 months.
A: If the pig is slaughtered in December, the ham would not be ready by New Year's, as it requires a minimum of 12 months to cure properly.
#### No. (Score: 0.07066469639539719, Parent: 1)

********** Step: 6 **********

Parma ham is a type of dry-cured ham that originates from the Parma region in Italy.
To produce Parma ham, the pig must be slaughtered and the ham needs to undergo a specific curing process.
The curing process for Parma ham typically lasts at least 12 months.
A: If the pig is slaughtered in December, the ham will not be ready by New Year's.
#### No.
 (Score: 0.08578996360301971, Parent: 0)

Parma ham is a type of dry-cured ham that originates from the Parma region in Italy.
To produce Parma ham, the pig must be slaughtered and the ham needs to undergo a specific curing process.
The curing process for Parma ham typically lasts at least 12 months.
A: If the pig is slaughtered in December, the ham would not be ready by New Year's, as it requires a minimum of 12 months to cure properly.
#### No.
 (Score: 0.07066469639539719, Parent: 1)

---------- FINAL ----------
step 6
Parma ham is a type of dry-cured ham that originates from the Parma region in Italy.
To produce Parma ham, the pig must be slaughtered and the ham needs to undergo a specific curing process.
The curing process for Parma ham typically lasts at least 12 months.
A: If the pig is slaughtered in December, the ham will not be ready by New Year's.
#### No.
 (Score: 0.08578996360301971)

Parma ham is a type of dry-cured ham that originates from the Parma region in Italy.
To produce Parma ham, the pig must be slaughtered and the ham needs to undergo a specific curing process.
The curing process for Parma ham typically lasts at least 12 months.
A: If the pig is slaughtered in December, the ham would not be ready by New Year's, as it requires a minimum of 12 months to cure properly.
#### No.
 (Score: 0.07066469639539719)
tensor([[-6424523518449329852,  1056139577557839219,  8243528222774502617,
          3334551443139822529, -5322498821065855045,                    0,
                           -1,                   -1],
        [-6424523518449329852,  1056139577557839219,  8243528222774502617,
          5433363305322887625, -5322498821065855045,                    0,
                           -1,                   -1]])

====================
Q: Could Marco Rubio ride the Candymonium roller coaster at Hershey Park?


********** Step: 1 **********

Marco Rubio is a United States Senator from Florida. (Score: -0.08987780660390854, Parent: 0)

Marco Rubio is a U.S. Senator from Florida. (Score: -0.1290542334318161, Parent: 0)

********** Step: 2 **********

Marco Rubio is a U.S. Senator from Florida.
Marco Rubio is an adult. (Score: 0.04636860638856888, Parent: 1)

Marco Rubio is a United States Senator from Florida.
Marco Rubio is an adult male. (Score: 0.009739060886204243, Parent: 0)

********** Step: 3 **********

Marco Rubio is a United States Senator from Florida.
Marco Rubio is an adult male.
The Candymonium roller coaster at Hershey Park has a minimum height requirement for riders. (Score: -0.18170136213302612, Parent: 1)

Marco Rubio is a U.S. Senator from Florida.
Marco Rubio is an adult.
Most roller coasters, including Candymonium, have height and health restrictions for riders. (Score: -0.19807450473308563, Parent: 0)

********** Step: 4 **********

Marco Rubio is a United States Senator from Florida.
Marco Rubio is an adult male.
The Candymonium roller coaster at Hershey Park has a minimum height requirement for riders.
To determine if Marco Rubio could ride the Candymonium roller coaster at Hershey Park, I need to consider the following:. (Score: -0.20908613502979279, Parent: 0)

Marco Rubio is a U.S. Senator from Florida.
Marco Rubio is an adult.
Most roller coasters, including Candymonium, have height and health restrictions for riders.
To determine if Marco Rubio could ride the Candymonium roller coaster at Hershey Park, we can break down the problem into smaller parts:. (Score: -0.22794917225837708, Parent: 1)

********** Step: 5 **********

Marco Rubio is a United States Senator from Florida.
Marco Rubio is an adult male.
The Candymonium roller coaster at Hershey Park has a minimum height requirement for riders.
To determine if Marco Rubio could ride the Candymonium roller coaster at Hershey Park, I need to consider the following:.
1. The Candymonium roller coaster is designed for individuals who meet certain height requirements. (Score: -0.22843974828720093, Parent: 0)

Marco Rubio is a United States Senator from Florida.
Marco Rubio is an adult male.
The Candymonium roller coaster at Hershey Park has a minimum height requirement for riders.
To determine if Marco Rubio could ride the Candymonium roller coaster at Hershey Park, I need to consider the following:.
1. I need to find out the height requirement for the Candymonium roller coaster. (Score: -0.22954605519771576, Parent: 0)

********** Step: 6 **********

Marco Rubio is a United States Senator from Florida.
Marco Rubio is an adult male.
The Candymonium roller coaster at Hershey Park has a minimum height requirement for riders.
To determine if Marco Rubio could ride the Candymonium roller coaster at Hershey Park, I need to consider the following:.
1. The Candymonium roller coaster is designed for individuals who meet certain height requirements.
2. There is no public information suggesting that Marco Rubio does not meet the height requirement. (Score: -0.23078548908233643, Parent: 0)

Marco Rubio is a United States Senator from Florida.
Marco Rubio is an adult male.
The Candymonium roller coaster at Hershey Park has a minimum height requirement for riders.
To determine if Marco Rubio could ride the Candymonium roller coaster at Hershey Park, I need to consider the following:.
1. I need to find out the height requirement for the Candymonium roller coaster.
The height requirement for the Candymonium roller coaster at Hershey Park is 54 inches. (Score: -0.23080942034721375, Parent: 1)

********** Step: 7 **********

Marco Rubio is a United States Senator from Florida.
Marco Rubio is an adult male.
The Candymonium roller coaster at Hershey Park has a minimum height requirement for riders.
To determine if Marco Rubio could ride the Candymonium roller coaster at Hershey Park, I need to consider the following:.
1. The Candymonium roller coaster is designed for individuals who meet certain height requirements.
2. There is no public information suggesting that Marco Rubio does not meet the height requirement.
To determine if Marco Rubio could ride the Candymonium roller coaster at Hershey Park, I will analyze the available information step by step. (Score: -0.23374611139297485, Parent: 0)

Marco Rubio is a United States Senator from Florida.
Marco Rubio is an adult male.
The Candymonium roller coaster at Hershey Park has a minimum height requirement for riders.
To determine if Marco Rubio could ride the Candymonium roller coaster at Hershey Park, I need to consider the following:.
1. I need to find out the height requirement for the Candymonium roller coaster.
The height requirement for the Candymonium roller coaster at Hershey Park is 54 inches.
2. I need to check if Marco Rubio meets this height requirement. (Score: -0.23428744077682495, Parent: 1)

********** Step: 8 **********

Marco Rubio is a United States Senator from Florida.
Marco Rubio is an adult male.
The Candymonium roller coaster at Hershey Park has a minimum height requirement for riders.
To determine if Marco Rubio could ride the Candymonium roller coaster at Hershey Park, I need to consider the following:.
1. I need to find out the height requirement for the Candymonium roller coaster.
The height requirement for the Candymonium roller coaster at Hershey Park is 54 inches.
2. I need to check if Marco Rubio meets this height requirement.
Marco Rubio is an adult male, and as an adult, he is likely to be taller than 54 inches. (Score: -0.2329917550086975, Parent: 1)

Marco Rubio is a United States Senator from Florida.
Marco Rubio is an adult male.
The Candymonium roller coaster at Hershey Park has a minimum height requirement for riders.
To determine if Marco Rubio could ride the Candymonium roller coaster at Hershey Park, I need to consider the following:.
1. I need to find out the height requirement for the Candymonium roller coaster.
The height requirement for the Candymonium roller coaster at Hershey Park is 54 inches.
2. I need to check if Marco Rubio meets this height requirement.
Marco Rubio's height is reportedly around 5 feet 10 inches, which is equivalent to 70 inches. (Score: -0.234776571393013, Parent: 1)

---------- FINAL ----------
step 8
Marco Rubio is a United States Senator from Florida.
Marco Rubio is an adult male.
The Candymonium roller coaster at Hershey Park has a minimum height requirement for riders.
To determine if Marco Rubio could ride the Candymonium roller coaster at Hershey Park, I need to consider the following:.
1. I need to find out the height requirement for the Candymonium roller coaster.
The height requirement for the Candymonium roller coaster at Hershey Park is 54 inches.
2. I need to check if Marco Rubio meets this height requirement.
Marco Rubio is an adult male, and as an adult, he is likely to be taller than 54 inches. (Score: -0.2329917550086975)

Marco Rubio is a United States Senator from Florida.
Marco Rubio is an adult male.
The Candymonium roller coaster at Hershey Park has a minimum height requirement for riders.
To determine if Marco Rubio could ride the Candymonium roller coaster at Hershey Park, I need to consider the following:.
1. I need to find out the height requirement for the Candymonium roller coaster.
The height requirement for the Candymonium roller coaster at Hershey Park is 54 inches.
2. I need to check if Marco Rubio meets this height requirement.
Marco Rubio's height is reportedly around 5 feet 10 inches, which is equivalent to 70 inches. (Score: -0.234776571393013)
tensor([[-4920847797983638758, -5446804362022120250, -3290353784980483781,
         -4241552504854543553,  6855112257326915869,  4749967122215093435,
          3214580453835790963,  3295791031221318686],
        [-4920847797983638758, -5446804362022120250, -3290353784980483781,
         -4241552504854543553,  6855112257326915869,  4749967122215093435,
          3214580453835790963,  4820588527074630608]])

====================
Q: Would alligator best saltwater crocodile in hypothetical Lake Urmia battle?


********** Step: 1 **********

Alligators are primarily freshwater reptiles and are more commonly found in rivers, swamps, and lakes. (Score: -0.22591176629066467, Parent: 0)

A: Alligators are primarily freshwater reptiles, typically found in swamps and rivers. (Score: -0.2277567833662033, Parent: 0)

********** Step: 2 **********

A: Alligators are primarily freshwater reptiles, typically found in swamps and rivers.
Alligators have a strong bite force and are known for their ambush hunting style. (Score: -0.22641348838806152, Parent: 1)

Alligators are primarily freshwater reptiles and are more commonly found in rivers, swamps, and lakes.
Saltwater crocodiles are the largest living reptiles and are known for their ability to thrive in both saltwater and freshwater environments. (Score: -0.2281031310558319, Parent: 0)

********** Step: 3 **********

Alligators are primarily freshwater reptiles and are more commonly found in rivers, swamps, and lakes.
Saltwater crocodiles are the largest living reptiles and are known for their ability to thrive in both saltwater and freshwater environments.
A: Alligators are primarily freshwater reptiles and are more commonly found in rivers, swamps, and lakes. (Score: -0.22262442111968994, Parent: 1)

Alligators are primarily freshwater reptiles and are more commonly found in rivers, swamps, and lakes.
Saltwater crocodiles are the largest living reptiles and are known for their ability to thrive in both saltwater and freshwater environments.
Saltwater crocodiles are known for their strength, size, and aggressive nature. (Score: -0.2249533236026764, Parent: 1)

********** Step: 4 **********

Alligators are primarily freshwater reptiles and are more commonly found in rivers, swamps, and lakes.
Saltwater crocodiles are the largest living reptiles and are known for their ability to thrive in both saltwater and freshwater environments.
Saltwater crocodiles are known for their strength, size, and aggressive nature.
A: Alligators are primarily freshwater reptiles and are more commonly found in rivers, swamps, and lakes. (Score: -0.22252365946769714, Parent: 1)

Alligators are primarily freshwater reptiles and are more commonly found in rivers, swamps, and lakes.
Saltwater crocodiles are the largest living reptiles and are known for their ability to thrive in both saltwater and freshwater environments.
A: Alligators are primarily freshwater reptiles and are more commonly found in rivers, swamps, and lakes.
Saltwater crocodiles are known for their strength, size, and aggressive nature. (Score: -0.22330980002880096, Parent: 0)

********** Step: 5 **********

Alligators are primarily freshwater reptiles and are more commonly found in rivers, swamps, and lakes.
Saltwater crocodiles are the largest living reptiles and are known for their ability to thrive in both saltwater and freshwater environments.
A: Alligators are primarily freshwater reptiles and are more commonly found in rivers, swamps, and lakes.
Saltwater crocodiles are known for their strength, size, and aggressive nature.
A: Alligators are primarily freshwater reptiles and are more commonly found in rivers, swamps, and lakes. (Score: -0.2211879938840866, Parent: 1)

Alligators are primarily freshwater reptiles and are more commonly found in rivers, swamps, and lakes.
Saltwater crocodiles are the largest living reptiles and are known for their ability to thrive in both saltwater and freshwater environments.
A: Alligators are primarily freshwater reptiles and are more commonly found in rivers, swamps, and lakes.
Saltwater crocodiles are known for their strength, size, and aggressive nature.
A: The average size of an alligator is smaller than that of a saltwater crocodile. (Score: -0.22329764068126678, Parent: 1)

********** Step: 6 **********

Alligators are primarily freshwater reptiles and are more commonly found in rivers, swamps, and lakes.
Saltwater crocodiles are the largest living reptiles and are known for their ability to thrive in both saltwater and freshwater environments.
A: Alligators are primarily freshwater reptiles and are more commonly found in rivers, swamps, and lakes.
Saltwater crocodiles are known for their strength, size, and aggressive nature.
A: Alligators are primarily freshwater reptiles and are more commonly found in rivers, swamps, and lakes.
Saltwater crocodiles are known for their strength, size, and aggressive nature. (Score: -0.2212972640991211, Parent: 0)

Alligators are primarily freshwater reptiles and are more commonly found in rivers, swamps, and lakes.
Saltwater crocodiles are the largest living reptiles and are known for their ability to thrive in both saltwater and freshwater environments.
A: Alligators are primarily freshwater reptiles and are more commonly found in rivers, swamps, and lakes.
Saltwater crocodiles are known for their strength, size, and aggressive nature.
A: Alligators are primarily freshwater reptiles and are more commonly found in rivers, swamps, and lakes.
Saltwater crocodiles are significantly larger and more powerful than alligators. (Score: -0.2227076143026352, Parent: 0)

********** Step: 7 **********

Alligators are primarily freshwater reptiles and are more commonly found in rivers, swamps, and lakes.
Saltwater crocodiles are the largest living reptiles and are known for their ability to thrive in both saltwater and freshwater environments.
A: Alligators are primarily freshwater reptiles and are more commonly found in rivers, swamps, and lakes.
Saltwater crocodiles are known for their strength, size, and aggressive nature.
A: Alligators are primarily freshwater reptiles and are more commonly found in rivers, swamps, and lakes.
Saltwater crocodiles are known for their strength, size, and aggressive nature.
A: Alligators are primarily freshwater reptiles and are more commonly found in rivers, swamps, and lakes. (Score: -0.22077974677085876, Parent: 0)

Alligators are primarily freshwater reptiles and are more commonly found in rivers, swamps, and lakes.
Saltwater crocodiles are the largest living reptiles and are known for their ability to thrive in both saltwater and freshwater environments.
A: Alligators are primarily freshwater reptiles and are more commonly found in rivers, swamps, and lakes.
Saltwater crocodiles are known for their strength, size, and aggressive nature.
A: Alligators are primarily freshwater reptiles and are more commonly found in rivers, swamps, and lakes.
Saltwater crocodiles are known for their strength, size, and aggressive nature.
A: Alligators are primarily freshwater reptiles and are more commonly found in rivers, swamps, and lakes. (Score: -0.22077974677085876, Parent: 0)

********** Step: 8 **********

Alligators are primarily freshwater reptiles and are more commonly found in rivers, swamps, and lakes.
Saltwater crocodiles are the largest living reptiles and are known for their ability to thrive in both saltwater and freshwater environments.
A: Alligators are primarily freshwater reptiles and are more commonly found in rivers, swamps, and lakes.
Saltwater crocodiles are known for their strength, size, and aggressive nature.
A: Alligators are primarily freshwater reptiles and are more commonly found in rivers, swamps, and lakes.
Saltwater crocodiles are known for their strength, size, and aggressive nature.
A: Alligators are primarily freshwater reptiles and are more commonly found in rivers, swamps, and lakes.
A: Alligators are primarily freshwater reptiles and are more commonly found in rivers, swamps, and lakes. (Score: -0.21963194012641907, Parent: 0)

Alligators are primarily freshwater reptiles and are more commonly found in rivers, swamps, and lakes.
Saltwater crocodiles are the largest living reptiles and are known for their ability to thrive in both saltwater and freshwater environments.
A: Alligators are primarily freshwater reptiles and are more commonly found in rivers, swamps, and lakes.
Saltwater crocodiles are known for their strength, size, and aggressive nature.
A: Alligators are primarily freshwater reptiles and are more commonly found in rivers, swamps, and lakes.
Saltwater crocodiles are known for their strength, size, and aggressive nature.
A: Alligators are primarily freshwater reptiles and are more commonly found in rivers, swamps, and lakes.
A: Alligators are primarily freshwater reptiles and are more commonly found in rivers, swamps, and lakes. (Score: -0.21963194012641907, Parent: 1)

---------- FINAL ----------
step 8
Alligators are primarily freshwater reptiles and are more commonly found in rivers, swamps, and lakes.
Saltwater crocodiles are the largest living reptiles and are known for their ability to thrive in both saltwater and freshwater environments.
A: Alligators are primarily freshwater reptiles and are more commonly found in rivers, swamps, and lakes.
Saltwater crocodiles are known for their strength, size, and aggressive nature.
A: Alligators are primarily freshwater reptiles and are more commonly found in rivers, swamps, and lakes.
Saltwater crocodiles are known for their strength, size, and aggressive nature.
A: Alligators are primarily freshwater reptiles and are more commonly found in rivers, swamps, and lakes.
A: Alligators are primarily freshwater reptiles and are more commonly found in rivers, swamps, and lakes. (Score: -0.21963194012641907)

Alligators are primarily freshwater reptiles and are more commonly found in rivers, swamps, and lakes.
Saltwater crocodiles are the largest living reptiles and are known for their ability to thrive in both saltwater and freshwater environments.
A: Alligators are primarily freshwater reptiles and are more commonly found in rivers, swamps, and lakes.
Saltwater crocodiles are known for their strength, size, and aggressive nature.
A: Alligators are primarily freshwater reptiles and are more commonly found in rivers, swamps, and lakes.
Saltwater crocodiles are known for their strength, size, and aggressive nature.
A: Alligators are primarily freshwater reptiles and are more commonly found in rivers, swamps, and lakes.
A: Alligators are primarily freshwater reptiles and are more commonly found in rivers, swamps, and lakes. (Score: -0.21963194012641907)
tensor([[ 8718452130526468633, -3007158075824545816, -3256815570947464471,
          2404774575299941915, -3256815570947464471,  2404774575299941915,
         -3256815570947464471, -3256815570947464471],
        [ 8718452130526468633, -3007158075824545816, -3256815570947464471,
          2404774575299941915, -3256815570947464471,  2404774575299941915,
         -3256815570947464471, -3256815570947464471]])

====================
Q: Would Terence Tao outperform Eminem in a math competition?


********** Step: 1 **********

Terence Tao is a renowned mathematician known for his exceptional skills in mathematics. (Score: -0.22375452518463135, Parent: 0)

Terence Tao is a renowned mathematician and a Fields Medalist known for his exceptional contributions to mathematics. (Score: -0.2257716953754425, Parent: 0)

********** Step: 2 **********

Terence Tao is a renowned mathematician known for his exceptional skills in mathematics.
He has won numerous awards, including the Fields Medal, which is one of the highest honors in mathematics. (Score: -0.22608152031898499, Parent: 0)

Terence Tao is a renowned mathematician known for his exceptional skills in mathematics.
He is a recipient of the Fields Medal, which is one of the highest honors in mathematics. (Score: -0.22832994163036346, Parent: 0)

********** Step: 3 **********

Terence Tao is a renowned mathematician known for his exceptional skills in mathematics.
He has won numerous awards, including the Fields Medal, which is one of the highest honors in mathematics.
Eminem is a world-famous rapper and songwriter, but he is not known for his mathematical skills. (Score: -0.22857432067394257, Parent: 0)

Terence Tao is a renowned mathematician known for his exceptional skills in mathematics.
He is a recipient of the Fields Medal, which is one of the highest honors in mathematics.
Eminem is a highly acclaimed rapper and songwriter, known for his lyrical abilities and musical talent, but he is not known for his mathematical skills. (Score: -0.22877463698387146, Parent: 1)

********** Step: 4 **********

Terence Tao is a renowned mathematician known for his exceptional skills in mathematics.
He is a recipient of the Fields Medal, which is one of the highest honors in mathematics.
Eminem is a highly acclaimed rapper and songwriter, known for his lyrical abilities and musical talent, but he is not known for his mathematical skills.
A: Terence Tao is a renowned mathematician known for his exceptional skills in mathematics. (Score: -0.2255278080701828, Parent: 1)

Terence Tao is a renowned mathematician known for his exceptional skills in mathematics.
He is a recipient of the Fields Medal, which is one of the highest honors in mathematics.
Eminem is a highly acclaimed rapper and songwriter, known for his lyrical abilities and musical talent, but he is not known for his mathematical skills.
To determine if Terence Tao would outperform Eminem in a math competition, we can break down the relevant information:. (Score: -0.22789427638053894, Parent: 1)

********** Step: 5 **********

Terence Tao is a renowned mathematician known for his exceptional skills in mathematics.
He is a recipient of the Fields Medal, which is one of the highest honors in mathematics.
Eminem is a highly acclaimed rapper and songwriter, known for his lyrical abilities and musical talent, but he is not known for his mathematical skills.
A: Terence Tao is a renowned mathematician known for his exceptional skills in mathematics.
He is a recipient of the Fields Medal, which is one of the highest honors in mathematics. (Score: -0.2217671275138855, Parent: 0)

Terence Tao is a renowned mathematician known for his exceptional skills in mathematics.
He is a recipient of the Fields Medal, which is one of the highest honors in mathematics.
Eminem is a highly acclaimed rapper and songwriter, known for his lyrical abilities and musical talent, but he is not known for his mathematical skills.
A: Terence Tao is a renowned mathematician known for his exceptional skills in mathematics.
He has demonstrated advanced problem-solving abilities and has contributed significantly to various fields of mathematics. (Score: -0.22661994397640228, Parent: 0)

********** Step: 6 **********

Terence Tao is a renowned mathematician known for his exceptional skills in mathematics.
He is a recipient of the Fields Medal, which is one of the highest honors in mathematics.
Eminem is a highly acclaimed rapper and songwriter, known for his lyrical abilities and musical talent, but he is not known for his mathematical skills.
A: Terence Tao is a renowned mathematician known for his exceptional skills in mathematics.
He is a recipient of the Fields Medal, which is one of the highest honors in mathematics.
Eminem is a highly acclaimed rapper and songwriter, known for his lyrical abilities and musical talent, but he is not known for his mathematical skills. (Score: -0.220503032207489, Parent: 0)

Terence Tao is a renowned mathematician known for his exceptional skills in mathematics.
He is a recipient of the Fields Medal, which is one of the highest honors in mathematics.
Eminem is a highly acclaimed rapper and songwriter, known for his lyrical abilities and musical talent, but he is not known for his mathematical skills.
A: Terence Tao is a renowned mathematician known for his exceptional skills in mathematics.
He is a recipient of the Fields Medal, which is one of the highest honors in mathematics.
Eminem, while a talented artist, does not have a background in competitive mathematics. (Score: -0.22499895095825195, Parent: 0)

********** Step: 7 **********

Terence Tao is a renowned mathematician known for his exceptional skills in mathematics.
He is a recipient of the Fields Medal, which is one of the highest honors in mathematics.
Eminem is a highly acclaimed rapper and songwriter, known for his lyrical abilities and musical talent, but he is not known for his mathematical skills.
A: Terence Tao is a renowned mathematician known for his exceptional skills in mathematics.
He is a recipient of the Fields Medal, which is one of the highest honors in mathematics.
Eminem is a highly acclaimed rapper and songwriter, known for his lyrical abilities and musical talent, but he is not known for his mathematical skills.
A: Terence Tao is a renowned mathematician known for his exceptional skills in mathematics. (Score: -0.22082068026065826, Parent: 0)

Terence Tao is a renowned mathematician known for his exceptional skills in mathematics.
He is a recipient of the Fields Medal, which is one of the highest honors in mathematics.
Eminem is a highly acclaimed rapper and songwriter, known for his lyrical abilities and musical talent, but he is not known for his mathematical skills.
A: Terence Tao is a renowned mathematician known for his exceptional skills in mathematics.
He is a recipient of the Fields Medal, which is one of the highest honors in mathematics.
Eminem is a highly acclaimed rapper and songwriter, known for his lyrical abilities and musical talent, but he is not known for his mathematical skills.
A: Terence Tao is a renowned mathematician known for his exceptional skills in mathematics. (Score: -0.22082068026065826, Parent: 0)

********** Step: 8 **********

Terence Tao is a renowned mathematician known for his exceptional skills in mathematics.
He is a recipient of the Fields Medal, which is one of the highest honors in mathematics.
Eminem is a highly acclaimed rapper and songwriter, known for his lyrical abilities and musical talent, but he is not known for his mathematical skills.
A: Terence Tao is a renowned mathematician known for his exceptional skills in mathematics.
He is a recipient of the Fields Medal, which is one of the highest honors in mathematics.
Eminem is a highly acclaimed rapper and songwriter, known for his lyrical abilities and musical talent, but he is not known for his mathematical skills.
A: Terence Tao is a renowned mathematician known for his exceptional skills in mathematics.
He is a recipient of the Fields Medal, which is one of the highest honors in mathematics. (Score: -0.22004137933254242, Parent: 0)

Terence Tao is a renowned mathematician known for his exceptional skills in mathematics.
He is a recipient of the Fields Medal, which is one of the highest honors in mathematics.
Eminem is a highly acclaimed rapper and songwriter, known for his lyrical abilities and musical talent, but he is not known for his mathematical skills.
A: Terence Tao is a renowned mathematician known for his exceptional skills in mathematics.
He is a recipient of the Fields Medal, which is one of the highest honors in mathematics.
Eminem is a highly acclaimed rapper and songwriter, known for his lyrical abilities and musical talent, but he is not known for his mathematical skills.
A: Terence Tao is a renowned mathematician known for his exceptional skills in mathematics.
He is a recipient of the Fields Medal, which is one of the highest honors in mathematics. (Score: -0.22004137933254242, Parent: 1)

---------- FINAL ----------
step 8
Terence Tao is a renowned mathematician known for his exceptional skills in mathematics.
He is a recipient of the Fields Medal, which is one of the highest honors in mathematics.
Eminem is a highly acclaimed rapper and songwriter, known for his lyrical abilities and musical talent, but he is not known for his mathematical skills.
A: Terence Tao is a renowned mathematician known for his exceptional skills in mathematics.
He is a recipient of the Fields Medal, which is one of the highest honors in mathematics.
Eminem is a highly acclaimed rapper and songwriter, known for his lyrical abilities and musical talent, but he is not known for his mathematical skills.
A: Terence Tao is a renowned mathematician known for his exceptional skills in mathematics.
He is a recipient of the Fields Medal, which is one of the highest honors in mathematics. (Score: -0.22004137933254242)

Terence Tao is a renowned mathematician known for his exceptional skills in mathematics.
He is a recipient of the Fields Medal, which is one of the highest honors in mathematics.
Eminem is a highly acclaimed rapper and songwriter, known for his lyrical abilities and musical talent, but he is not known for his mathematical skills.
A: Terence Tao is a renowned mathematician known for his exceptional skills in mathematics.
He is a recipient of the Fields Medal, which is one of the highest honors in mathematics.
Eminem is a highly acclaimed rapper and songwriter, known for his lyrical abilities and musical talent, but he is not known for his mathematical skills.
A: Terence Tao is a renowned mathematician known for his exceptional skills in mathematics.
He is a recipient of the Fields Medal, which is one of the highest honors in mathematics. (Score: -0.22004137933254242)
tensor([[-4664854303793528118, -1214001998192953134,  4223013740039382445,
         -4087760991619569425, -1214001998192953134,  4223013740039382445,
         -4087760991619569425, -1214001998192953134],
        [-4664854303793528118, -1214001998192953134,  4223013740039382445,
         -4087760991619569425, -1214001998192953134,  4223013740039382445,
         -4087760991619569425, -1214001998192953134]])

====================
Q: Does frost mean that it will be a snowy day?


********** Step: 1 **********

Frost refers to the formation of ice crystals on surfaces when the temperature drops below freezing. (Score: -0.1874648928642273, Parent: 0)

Frost occurs when the temperature drops below freezing, causing moisture in the air to freeze on surfaces. (Score: -0.2127983272075653, Parent: 0)

********** Step: 2 **********

Frost refers to the formation of ice crystals on surfaces when the temperature drops below freezing.
Frost typically occurs on clear nights when the temperature falls to 32°F (0°C) or below. (Score: -0.23704063892364502, Parent: 0)

Frost refers to the formation of ice crystals on surfaces when the temperature drops below freezing.
Frost can occur without snow, as it is a result of cold temperatures affecting moisture in the air. (Score: -0.23855875432491302, Parent: 0)

********** Step: 3 **********

Frost refers to the formation of ice crystals on surfaces when the temperature drops below freezing.
Frost typically occurs on clear nights when the temperature falls to 32°F (0°C) or below.
Snow occurs when there is enough moisture in the atmosphere and temperatures are low enough for water vapor to freeze into snowflakes. (Score: -0.23945008218288422, Parent: 0)

Frost refers to the formation of ice crystals on surfaces when the temperature drops below freezing.
Frost can occur without snow, as it is a result of cold temperatures affecting moisture in the air.
Snow occurs when there is precipitation that freezes before reaching the ground, while frost is a different phenomenon that does not necessarily involve precipitation. (Score: -0.23958641290664673, Parent: 1)

********** Step: 4 **********

Frost refers to the formation of ice crystals on surfaces when the temperature drops below freezing.
Frost can occur without snow, as it is a result of cold temperatures affecting moisture in the air.
Snow occurs when there is precipitation that freezes before reaching the ground, while frost is a different phenomenon that does not necessarily involve precipitation.
#### No. (Score: 0.10818652808666229, Parent: 1)

Frost refers to the formation of ice crystals on surfaces when the temperature drops below freezing.
Frost can occur without snow, as it is a result of cold temperatures affecting moisture in the air.
Snow occurs when there is precipitation that freezes before reaching the ground, while frost is a different phenomenon that does not necessarily involve precipitation.
Frost can occur on clear, cold nights without any snow present. (Score: -0.23973709344863892, Parent: 1)

********** Step: 5 **********

Frost refers to the formation of ice crystals on surfaces when the temperature drops below freezing.
Frost can occur without snow, as it is a result of cold temperatures affecting moisture in the air.
Snow occurs when there is precipitation that freezes before reaching the ground, while frost is a different phenomenon that does not necessarily involve precipitation.
#### No.
 (Score: 0.10818652808666229, Parent: 0)

Frost refers to the formation of ice crystals on surfaces when the temperature drops below freezing.
Frost can occur without snow, as it is a result of cold temperatures affecting moisture in the air.
Snow occurs when there is precipitation that freezes before reaching the ground, while frost is a different phenomenon that does not necessarily involve precipitation.
Frost can occur on clear, cold nights without any snow present.
#### No. (Score: 0.08205340802669525, Parent: 1)

********** Step: 6 **********

Frost refers to the formation of ice crystals on surfaces when the temperature drops below freezing.
Frost can occur without snow, as it is a result of cold temperatures affecting moisture in the air.
Snow occurs when there is precipitation that freezes before reaching the ground, while frost is a different phenomenon that does not necessarily involve precipitation.
#### No.

 (Score: 0.10818652808666229, Parent: 0)

Frost refers to the formation of ice crystals on surfaces when the temperature drops below freezing.
Frost can occur without snow, as it is a result of cold temperatures affecting moisture in the air.
Snow occurs when there is precipitation that freezes before reaching the ground, while frost is a different phenomenon that does not necessarily involve precipitation.
Frost can occur on clear, cold nights without any snow present.
#### No.
 (Score: 0.08205340802669525, Parent: 1)

---------- FINAL ----------
step 6
Frost refers to the formation of ice crystals on surfaces when the temperature drops below freezing.
Frost can occur without snow, as it is a result of cold temperatures affecting moisture in the air.
Snow occurs when there is precipitation that freezes before reaching the ground, while frost is a different phenomenon that does not necessarily involve precipitation.
#### No.

 (Score: 0.10818652808666229)

Frost refers to the formation of ice crystals on surfaces when the temperature drops below freezing.
Frost can occur without snow, as it is a result of cold temperatures affecting moisture in the air.
Snow occurs when there is precipitation that freezes before reaching the ground, while frost is a different phenomenon that does not necessarily involve precipitation.
Frost can occur on clear, cold nights without any snow present.
#### No.
 (Score: 0.08205340802669525)
tensor([[-5112655001137844175, -7626342554457735196,  3491890342687969045,
         -5322498821065855045,                    0,                    0,
                           -1,                   -1],
        [-5112655001137844175, -7626342554457735196,  3491890342687969045,
          4490472630845293414, -5322498821065855045,                    0,
                           -1,                   -1]])

====================
Q: Are Scottish people descended from Mary, Queen of Scots part French?


********** Step: 1 **********

Mary, Queen of Scots was a member of the Scottish royalty. (Score: 0.16717875003814697, Parent: 0)

Mary, Queen of Scots was born in 1542 in Scotland. (Score: -0.1827312707901001, Parent: 0)

********** Step: 2 **********

Mary, Queen of Scots was a member of the Scottish royalty.
Mary, Queen of Scots was born in Scotland. (Score: 0.03687266632914543, Parent: 0)

Mary, Queen of Scots was born in 1542 in Scotland.
Mary, Queen of Scots was a member of the Scottish royal family. (Score: -0.2033851146697998, Parent: 1)

********** Step: 3 **********

Mary, Queen of Scots was a member of the Scottish royalty.
Mary, Queen of Scots was born in Scotland.
Mary, Queen of Scots had a French mother named Mary of Guise. (Score: -0.01599811762571335, Parent: 0)

Mary, Queen of Scots was a member of the Scottish royalty.
Mary, Queen of Scots was born in Scotland.
Mary, Queen of Scots was of Scottish and French descent. (Score: -0.1758408546447754, Parent: 0)

********** Step: 4 **********

Mary, Queen of Scots was a member of the Scottish royalty.
Mary, Queen of Scots was born in Scotland.
Mary, Queen of Scots had a French mother named Mary of Guise.
Mary, Queen of Scots spent a significant part of her childhood in France. (Score: -0.1931331306695938, Parent: 0)

Mary, Queen of Scots was a member of the Scottish royalty.
Mary, Queen of Scots was born in Scotland.
Mary, Queen of Scots had a French mother named Mary of Guise.
Mary, Queen of Scots spent a significant part of her early life in France. (Score: -0.20304015278816223, Parent: 0)

********** Step: 5 **********

Mary, Queen of Scots was a member of the Scottish royalty.
Mary, Queen of Scots was born in Scotland.
Mary, Queen of Scots had a French mother named Mary of Guise.
Mary, Queen of Scots spent a significant part of her early life in France.
Mary, Queen of Scots was a member of the Scottish royalty. (Score: -0.22601032257080078, Parent: 1)

Mary, Queen of Scots was a member of the Scottish royalty.
Mary, Queen of Scots was born in Scotland.
Mary, Queen of Scots had a French mother named Mary of Guise.
Mary, Queen of Scots spent a significant part of her early life in France.
Mary, Queen of Scots is historically significant in both Scottish and French heritage. (Score: -0.22899025678634644, Parent: 1)

********** Step: 6 **********

Mary, Queen of Scots was a member of the Scottish royalty.
Mary, Queen of Scots was born in Scotland.
Mary, Queen of Scots had a French mother named Mary of Guise.
Mary, Queen of Scots spent a significant part of her early life in France.
Mary, Queen of Scots is historically significant in both Scottish and French heritage.
A: Scottish people are primarily descended from the Celtic tribes of Scotland and the Picts. (Score: -0.2345939576625824, Parent: 1)

Mary, Queen of Scots was a member of the Scottish royalty.
Mary, Queen of Scots was born in Scotland.
Mary, Queen of Scots had a French mother named Mary of Guise.
Mary, Queen of Scots spent a significant part of her early life in France.
Mary, Queen of Scots was a member of the Scottish royalty.
A: Scottish people are the descendants of various historical figures and populations, including the Scots and Celtic tribes. (Score: -0.23487861454486847, Parent: 0)

********** Step: 7 **********

Mary, Queen of Scots was a member of the Scottish royalty.
Mary, Queen of Scots was born in Scotland.
Mary, Queen of Scots had a French mother named Mary of Guise.
Mary, Queen of Scots spent a significant part of her early life in France.
Mary, Queen of Scots was a member of the Scottish royalty.
A: Scottish people are the descendants of various historical figures and populations, including the Scots and Celtic tribes.
A: Scottish people are descended from ancient Scots and Celtic tribes, not directly from Mary, Queen of Scots. (Score: -0.23556627333164215, Parent: 1)

Mary, Queen of Scots was a member of the Scottish royalty.
Mary, Queen of Scots was born in Scotland.
Mary, Queen of Scots had a French mother named Mary of Guise.
Mary, Queen of Scots spent a significant part of her early life in France.
Mary, Queen of Scots is historically significant in both Scottish and French heritage.
A: Scottish people are primarily descended from the Celtic tribes of Scotland and the Picts.
The question pertains to the descent of Scottish people in relation to Mary, Queen of Scots and her French heritage. (Score: -0.23643627762794495, Parent: 0)

********** Step: 8 **********

Mary, Queen of Scots was a member of the Scottish royalty.
Mary, Queen of Scots was born in Scotland.
Mary, Queen of Scots had a French mother named Mary of Guise.
Mary, Queen of Scots spent a significant part of her early life in France.
Mary, Queen of Scots is historically significant in both Scottish and French heritage.
A: Scottish people are primarily descended from the Celtic tribes of Scotland and the Picts.
The question pertains to the descent of Scottish people in relation to Mary, Queen of Scots and her French heritage.
A: While Mary, Queen of Scots had French ancestry, Scottish people as a whole are not directly descended from her. (Score: -0.23681460320949554, Parent: 1)

Mary, Queen of Scots was a member of the Scottish royalty.
Mary, Queen of Scots was born in Scotland.
Mary, Queen of Scots had a French mother named Mary of Guise.
Mary, Queen of Scots spent a significant part of her early life in France.
Mary, Queen of Scots is historically significant in both Scottish and French heritage.
A: Scottish people are primarily descended from the Celtic tribes of Scotland and the Picts.
The question pertains to the descent of Scottish people in relation to Mary, Queen of Scots and her French heritage.
A: While Mary, Queen of Scots had French ancestry through her mother, this does not imply that all Scottish people are descended from her. (Score: -0.23711049556732178, Parent: 1)

---------- FINAL ----------
step 8
Mary, Queen of Scots was a member of the Scottish royalty.
Mary, Queen of Scots was born in Scotland.
Mary, Queen of Scots had a French mother named Mary of Guise.
Mary, Queen of Scots spent a significant part of her early life in France.
Mary, Queen of Scots is historically significant in both Scottish and French heritage.
A: Scottish people are primarily descended from the Celtic tribes of Scotland and the Picts.
The question pertains to the descent of Scottish people in relation to Mary, Queen of Scots and her French heritage.
A: While Mary, Queen of Scots had French ancestry, Scottish people as a whole are not directly descended from her. (Score: -0.23681460320949554)

Mary, Queen of Scots was a member of the Scottish royalty.
Mary, Queen of Scots was born in Scotland.
Mary, Queen of Scots had a French mother named Mary of Guise.
Mary, Queen of Scots spent a significant part of her early life in France.
Mary, Queen of Scots is historically significant in both Scottish and French heritage.
A: Scottish people are primarily descended from the Celtic tribes of Scotland and the Picts.
The question pertains to the descent of Scottish people in relation to Mary, Queen of Scots and her French heritage.
A: While Mary, Queen of Scots had French ancestry through her mother, this does not imply that all Scottish people are descended from her. (Score: -0.23711049556732178)
tensor([[ 5437616064087617095, -4844698740280577859,  5398297190891132799,
         -4260020639006679566,  1437271028951762796, -7334165064975025866,
         -4666238596080788361, -3447331869839664504],
        [ 5437616064087617095, -4844698740280577859,  5398297190891132799,
         -4260020639006679566,  1437271028951762796, -7334165064975025866,
         -4666238596080788361, -2010705273117362325]])

====================
Q: Could a giant squid fit aboard the deck of the titanic?


********** Step: 1 **********

A: The Titanic was approximately 882 feet long and 92 feet wide. (Score: -0.12662464380264282, Parent: 0)

A: The giant squid can grow up to 43 feet (13 meters) in length. (Score: -0.18705254793167114, Parent: 0)

********** Step: 2 **********

A: The giant squid can grow up to 43 feet (13 meters) in length.
The Titanic was approximately 882 feet (269 meters) long and 92 feet (28 meters) wide. (Score: -0.19498825073242188, Parent: 1)

A: The giant squid can grow up to 43 feet (13 meters) in length.
The Titanic was approximately 882 feet (269 meters) long and had a deck space that was quite large. (Score: -0.2088845819234848, Parent: 1)

********** Step: 3 **********

A: The giant squid can grow up to 43 feet (13 meters) in length.
The Titanic was approximately 882 feet (269 meters) long and 92 feet (28 meters) wide.
The deck of the Titanic was large enough to accommodate many people and items. (Score: -0.2286573350429535, Parent: 0)

A: The giant squid can grow up to 43 feet (13 meters) in length.
The Titanic was approximately 882 feet (269 meters) long and 92 feet (28 meters) wide.
To determine if a giant squid could fit aboard the deck of the Titanic, we need to analyze the size of both the giant squid and the Titanic. (Score: -0.23256273567676544, Parent: 0)

********** Step: 4 **********

A: The giant squid can grow up to 43 feet (13 meters) in length.
The Titanic was approximately 882 feet (269 meters) long and 92 feet (28 meters) wide.
The deck of the Titanic was large enough to accommodate many people and items.
To determine if a giant squid could fit aboard the deck of the Titanic, we will analyze the dimensions of both. (Score: -0.23510345816612244, Parent: 0)

A: The giant squid can grow up to 43 feet (13 meters) in length.
The Titanic was approximately 882 feet (269 meters) long and 92 feet (28 meters) wide.
The deck of the Titanic was large enough to accommodate many people and items.
The deck of the Titanic would have had sufficient space to fit a giant squid. (Score: -0.23677557706832886, Parent: 0)

********** Step: 5 **********

A: The giant squid can grow up to 43 feet (13 meters) in length.
The Titanic was approximately 882 feet (269 meters) long and 92 feet (28 meters) wide.
The deck of the Titanic was large enough to accommodate many people and items.
The deck of the Titanic would have had sufficient space to fit a giant squid.
#### Yes. (Score: 0.13988158106803894, Parent: 1)

A: The giant squid can grow up to 43 feet (13 meters) in length.
The Titanic was approximately 882 feet (269 meters) long and 92 feet (28 meters) wide.
The deck of the Titanic was large enough to accommodate many people and items.
To determine if a giant squid could fit aboard the deck of the Titanic, we will analyze the dimensions of both.
The deck area of the Titanic was significant, allowing for various activities and the presence of many passengers. (Score: -0.2379188984632492, Parent: 0)

********** Step: 6 **********

A: The giant squid can grow up to 43 feet (13 meters) in length.
The Titanic was approximately 882 feet (269 meters) long and 92 feet (28 meters) wide.
The deck of the Titanic was large enough to accommodate many people and items.
The deck of the Titanic would have had sufficient space to fit a giant squid.
#### Yes.
 (Score: 0.13988158106803894, Parent: 0)

A: The giant squid can grow up to 43 feet (13 meters) in length.
The Titanic was approximately 882 feet (269 meters) long and 92 feet (28 meters) wide.
The deck of the Titanic was large enough to accommodate many people and items.
To determine if a giant squid could fit aboard the deck of the Titanic, we will analyze the dimensions of both.
The deck area of the Titanic was significant, allowing for various activities and the presence of many passengers.
A: The giant squid can grow up to 43 feet (13 meters) in length. (Score: -0.24099285900592804, Parent: 1)

********** Step: 7 **********

A: The giant squid can grow up to 43 feet (13 meters) in length.
The Titanic was approximately 882 feet (269 meters) long and 92 feet (28 meters) wide.
The deck of the Titanic was large enough to accommodate many people and items.
The deck of the Titanic would have had sufficient space to fit a giant squid.
#### Yes.

 (Score: 0.13988158106803894, Parent: 0)

A: The giant squid can grow up to 43 feet (13 meters) in length.
The Titanic was approximately 882 feet (269 meters) long and 92 feet (28 meters) wide.
The deck of the Titanic was large enough to accommodate many people and items.
To determine if a giant squid could fit aboard the deck of the Titanic, we will analyze the dimensions of both.
The deck area of the Titanic was significant, allowing for various activities and the presence of many passengers.
A: The giant squid can grow up to 43 feet (13 meters) in length.
To determine if a giant squid could fit aboard the deck of the Titanic, we can break down the problem into smaller parts:. (Score: -0.24124641716480255, Parent: 1)

********** Step: 8 **********

A: The giant squid can grow up to 43 feet (13 meters) in length.
The Titanic was approximately 882 feet (269 meters) long and 92 feet (28 meters) wide.
The deck of the Titanic was large enough to accommodate many people and items.
The deck of the Titanic would have had sufficient space to fit a giant squid.
#### Yes.


 (Score: 0.13988158106803894, Parent: 0)

A: The giant squid can grow up to 43 feet (13 meters) in length.
The Titanic was approximately 882 feet (269 meters) long and 92 feet (28 meters) wide.
The deck of the Titanic was large enough to accommodate many people and items.
To determine if a giant squid could fit aboard the deck of the Titanic, we will analyze the dimensions of both.
The deck area of the Titanic was significant, allowing for various activities and the presence of many passengers.
A: The giant squid can grow up to 43 feet (13 meters) in length.
To determine if a giant squid could fit aboard the deck of the Titanic, we can break down the problem into smaller parts:.
1. The giant squid can reach a maximum length of 43 feet (13 meters). (Score: -0.23908771574497223, Parent: 1)

---------- FINAL ----------
step 8
A: The giant squid can grow up to 43 feet (13 meters) in length.
The Titanic was approximately 882 feet (269 meters) long and 92 feet (28 meters) wide.
The deck of the Titanic was large enough to accommodate many people and items.
The deck of the Titanic would have had sufficient space to fit a giant squid.
#### Yes.


 (Score: 0.13988158106803894)

A: The giant squid can grow up to 43 feet (13 meters) in length.
The Titanic was approximately 882 feet (269 meters) long and 92 feet (28 meters) wide.
The deck of the Titanic was large enough to accommodate many people and items.
To determine if a giant squid could fit aboard the deck of the Titanic, we will analyze the dimensions of both.
The deck area of the Titanic was significant, allowing for various activities and the presence of many passengers.
A: The giant squid can grow up to 43 feet (13 meters) in length.
To determine if a giant squid could fit aboard the deck of the Titanic, we can break down the problem into smaller parts:.
1. The giant squid can reach a maximum length of 43 feet (13 meters). (Score: -0.23908771574497223)
tensor([[-7801847275975033913,  -739435669371227255, -3507914493873633782,
         -5202907036990769081,  3209685389633853342,                    0,
                            0,                    0],
        [-7801847275975033913,  -739435669371227255, -3507914493873633782,
         -3766327975887201210, -8239689319293089310, -7801847275975033913,
          2718880208337478289,  8939635175309043221]])

====================
Q: Did Methuselah live at least 800 years as long as Sarah?


********** Step: 1 **********

To determine if Methuselah lived at least 800 years as long as Sarah, we need to look at their ages according to biblical records. (Score: -0.1718607246875763, Parent: 0)

Methuselah is a biblical figure known for his long lifespan. (Score: -0.2192334234714508, Parent: 0)

********** Step: 2 **********

To determine if Methuselah lived at least 800 years as long as Sarah, we need to look at their ages according to biblical records.
Methuselah is said to have lived 969 years according to the Bible. (Score: -0.16152575612068176, Parent: 0)

To determine if Methuselah lived at least 800 years as long as Sarah, we need to look at their ages according to biblical records.
Methuselah is said to have lived for 969 years according to the Bible (Genesis 5:27). (Score: -0.19181016087532043, Parent: 0)

********** Step: 3 **********

To determine if Methuselah lived at least 800 years as long as Sarah, we need to look at their ages according to biblical records.
Methuselah is said to have lived 969 years according to the Bible.
Sarah, the wife of Abraham, is recorded in the Bible to have lived 127 years. (Score: -0.196407288312912, Parent: 0)

To determine if Methuselah lived at least 800 years as long as Sarah, we need to look at their ages according to biblical records.
Methuselah is said to have lived 969 years according to the Bible.
Sarah, the wife of Abraham, lived to be 127 years old according to the Bible. (Score: -0.20618413388729095, Parent: 0)

********** Step: 4 **********

To determine if Methuselah lived at least 800 years as long as Sarah, we need to look at their ages according to biblical records.
Methuselah is said to have lived 969 years according to the Bible.
Sarah, the wife of Abraham, is recorded in the Bible to have lived 127 years.
To compare the ages of Methuselah and Sarah:. (Score: -0.21389268338680267, Parent: 0)

To determine if Methuselah lived at least 800 years as long as Sarah, we need to look at their ages according to biblical records.
Methuselah is said to have lived 969 years according to the Bible.
Sarah, the wife of Abraham, lived to be 127 years old according to the Bible.
Now we will compare the lifespans of Methuselah and Sarah. (Score: -0.22770512104034424, Parent: 1)

********** Step: 5 **********

To determine if Methuselah lived at least 800 years as long as Sarah, we need to look at their ages according to biblical records.
Methuselah is said to have lived 969 years according to the Bible.
Sarah, the wife of Abraham, is recorded in the Bible to have lived 127 years.
To compare the ages of Methuselah and Sarah:.
Methuselah lived 969 years. (Score: -0.23159140348434448, Parent: 0)

To determine if Methuselah lived at least 800 years as long as Sarah, we need to look at their ages according to biblical records.
Methuselah is said to have lived 969 years according to the Bible.
Sarah, the wife of Abraham, is recorded in the Bible to have lived 127 years.
To compare the ages of Methuselah and Sarah:.
We subtract Sarah's age from Methuselah's age to see if Methuselah lived at least 800 years longer than Sarah. (Score: -0.23424789309501648, Parent: 0)

********** Step: 6 **********

To determine if Methuselah lived at least 800 years as long as Sarah, we need to look at their ages according to biblical records.
Methuselah is said to have lived 969 years according to the Bible.
Sarah, the wife of Abraham, is recorded in the Bible to have lived 127 years.
To compare the ages of Methuselah and Sarah:.
Methuselah lived 969 years.
Sarah lived 127 years. (Score: -0.23764431476593018, Parent: 0)

To determine if Methuselah lived at least 800 years as long as Sarah, we need to look at their ages according to biblical records.
Methuselah is said to have lived 969 years according to the Bible.
Sarah, the wife of Abraham, is recorded in the Bible to have lived 127 years.
To compare the ages of Methuselah and Sarah:.
Methuselah lived 969 years.
Sarah lived 127 years. (Score: -0.23764431476593018, Parent: 0)

********** Step: 7 **********

To determine if Methuselah lived at least 800 years as long as Sarah, we need to look at their ages according to biblical records.
Methuselah is said to have lived 969 years according to the Bible.
Sarah, the wife of Abraham, is recorded in the Bible to have lived 127 years.
To compare the ages of Methuselah and Sarah:.
Methuselah lived 969 years.
Sarah lived 127 years.
Now we find the difference in their ages. (Score: -0.23873233795166016, Parent: 1)

To determine if Methuselah lived at least 800 years as long as Sarah, we need to look at their ages according to biblical records.
Methuselah is said to have lived 969 years according to the Bible.
Sarah, the wife of Abraham, is recorded in the Bible to have lived 127 years.
To compare the ages of Methuselah and Sarah:.
Methuselah lived 969 years.
Sarah lived 127 years.
To determine if Methuselah lived at least 800 years as long as Sarah, we need to calculate the difference in their ages. (Score: -0.24068117141723633, Parent: 1)

********** Step: 8 **********

To determine if Methuselah lived at least 800 years as long as Sarah, we need to look at their ages according to biblical records.
Methuselah is said to have lived 969 years according to the Bible.
Sarah, the wife of Abraham, is recorded in the Bible to have lived 127 years.
To compare the ages of Methuselah and Sarah:.
Methuselah lived 969 years.
Sarah lived 127 years.
Now we find the difference in their ages.
The difference in their ages is 969 - 127 = 842 years. (Score: -0.23916000127792358, Parent: 0)

To determine if Methuselah lived at least 800 years as long as Sarah, we need to look at their ages according to biblical records.
Methuselah is said to have lived 969 years according to the Bible.
Sarah, the wife of Abraham, is recorded in the Bible to have lived 127 years.
To compare the ages of Methuselah and Sarah:.
Methuselah lived 969 years.
Sarah lived 127 years.
Now we find the difference in their ages.
Methuselah lived 969 years and Sarah lived 127 years. (Score: -0.24254485964775085, Parent: 0)

---------- FINAL ----------
step 8
To determine if Methuselah lived at least 800 years as long as Sarah, we need to look at their ages according to biblical records.
Methuselah is said to have lived 969 years according to the Bible.
Sarah, the wife of Abraham, is recorded in the Bible to have lived 127 years.
To compare the ages of Methuselah and Sarah:.
Methuselah lived 969 years.
Sarah lived 127 years.
Now we find the difference in their ages.
The difference in their ages is 969 - 127 = 842 years. (Score: -0.23916000127792358)

To determine if Methuselah lived at least 800 years as long as Sarah, we need to look at their ages according to biblical records.
Methuselah is said to have lived 969 years according to the Bible.
Sarah, the wife of Abraham, is recorded in the Bible to have lived 127 years.
To compare the ages of Methuselah and Sarah:.
Methuselah lived 969 years.
Sarah lived 127 years.
Now we find the difference in their ages.
Methuselah lived 969 years and Sarah lived 127 years. (Score: -0.24254485964775085)
tensor([[-2573259453817143109, -3157892292105146822,  6190125444339197320,
          2801224581094522542, -2207862934738985620,  1808987274314686866,
          6844585311783522211, -4653038650904823762],
        [-2573259453817143109, -3157892292105146822,  6190125444339197320,
          2801224581094522542, -2207862934738985620,  1808987274314686866,
          6844585311783522211, -8087350082523179523]])

====================
Q: Are ground bell peppers the main ingredient of black pepper?


********** Step: 1 **********

Ground bell peppers refer to a spice made from bell peppers, which are a type of sweet pepper. (Score: -0.1149376854300499, Parent: 0)

Ground bell peppers are a spice made from dried bell peppers. (Score: -0.11658716946840286, Parent: 0)

********** Step: 2 **********

Ground bell peppers are a spice made from dried bell peppers.
Ground bell peppers are not the same as black pepper. (Score: -0.156999409198761, Parent: 1)

Ground bell peppers refer to a spice made from bell peppers, which are a type of sweet pepper.
Black pepper is derived from the berries of the Piper nigrum plant and is a completely different spice. (Score: -0.16094006597995758, Parent: 0)

********** Step: 3 **********

Ground bell peppers are a spice made from dried bell peppers.
Ground bell peppers are not the same as black pepper.
Black pepper is derived from the dried berries of the Piper nigrum plant, while bell peppers belong to a different species (Capsicum annuum). (Score: -0.2089591771364212, Parent: 0)

Ground bell peppers are a spice made from dried bell peppers.
Ground bell peppers are not the same as black pepper.
Black pepper is derived from the peppercorns of the Piper nigrum plant. (Score: -0.21666854619979858, Parent: 0)

********** Step: 4 **********

Ground bell peppers are a spice made from dried bell peppers.
Ground bell peppers are not the same as black pepper.
Black pepper is derived from the dried berries of the Piper nigrum plant, while bell peppers belong to a different species (Capsicum annuum).
A: Ground bell peppers are a spice made from dried bell peppers. (Score: -0.219622403383255, Parent: 0)

Ground bell peppers are a spice made from dried bell peppers.
Ground bell peppers are not the same as black pepper.
Black pepper is derived from the dried berries of the Piper nigrum plant, while bell peppers belong to a different species (Capsicum annuum).
Ground bell peppers are used in various culinary applications but are not the main ingredient of black pepper. (Score: -0.22499996423721313, Parent: 0)

********** Step: 5 **********

Ground bell peppers are a spice made from dried bell peppers.
Ground bell peppers are not the same as black pepper.
Black pepper is derived from the dried berries of the Piper nigrum plant, while bell peppers belong to a different species (Capsicum annuum).
A: Ground bell peppers are a spice made from dried bell peppers.
A: Ground bell peppers are a spice made from dried bell peppers. (Score: -0.22174221277236938, Parent: 0)

Ground bell peppers are a spice made from dried bell peppers.
Ground bell peppers are not the same as black pepper.
Black pepper is derived from the dried berries of the Piper nigrum plant, while bell peppers belong to a different species (Capsicum annuum).
A: Ground bell peppers are a spice made from dried bell peppers.
Ground bell peppers are not the main ingredient of black pepper. (Score: -0.22309286892414093, Parent: 0)

********** Step: 6 **********

Ground bell peppers are a spice made from dried bell peppers.
Ground bell peppers are not the same as black pepper.
Black pepper is derived from the dried berries of the Piper nigrum plant, while bell peppers belong to a different species (Capsicum annuum).
A: Ground bell peppers are a spice made from dried bell peppers.
A: Ground bell peppers are a spice made from dried bell peppers.
A: Ground bell peppers are a spice made from dried bell peppers. (Score: -0.2223934680223465, Parent: 0)

Ground bell peppers are a spice made from dried bell peppers.
Ground bell peppers are not the same as black pepper.
Black pepper is derived from the dried berries of the Piper nigrum plant, while bell peppers belong to a different species (Capsicum annuum).
A: Ground bell peppers are a spice made from dried bell peppers.
A: Ground bell peppers are a spice made from dried bell peppers.
A: Ground bell peppers are a spice made from dried bell peppers. (Score: -0.2223934680223465, Parent: 0)

********** Step: 7 **********

Ground bell peppers are a spice made from dried bell peppers.
Ground bell peppers are not the same as black pepper.
Black pepper is derived from the dried berries of the Piper nigrum plant, while bell peppers belong to a different species (Capsicum annuum).
A: Ground bell peppers are a spice made from dried bell peppers.
A: Ground bell peppers are a spice made from dried bell peppers.
A: Ground bell peppers are a spice made from dried bell peppers.
A: Ground bell peppers are a spice made from dried bell peppers. (Score: -0.22234651446342468, Parent: 0)

Ground bell peppers are a spice made from dried bell peppers.
Ground bell peppers are not the same as black pepper.
Black pepper is derived from the dried berries of the Piper nigrum plant, while bell peppers belong to a different species (Capsicum annuum).
A: Ground bell peppers are a spice made from dried bell peppers.
A: Ground bell peppers are a spice made from dried bell peppers.
A: Ground bell peppers are a spice made from dried bell peppers.
A: Ground bell peppers are a spice made from dried bell peppers. (Score: -0.22234651446342468, Parent: 1)

********** Step: 8 **********

Ground bell peppers are a spice made from dried bell peppers.
Ground bell peppers are not the same as black pepper.
Black pepper is derived from the dried berries of the Piper nigrum plant, while bell peppers belong to a different species (Capsicum annuum).
A: Ground bell peppers are a spice made from dried bell peppers.
A: Ground bell peppers are a spice made from dried bell peppers.
A: Ground bell peppers are a spice made from dried bell peppers.
A: Ground bell peppers are a spice made from dried bell peppers.
A: Ground bell peppers are a spice made from dried bell peppers. (Score: -0.2220989465713501, Parent: 0)

Ground bell peppers are a spice made from dried bell peppers.
Ground bell peppers are not the same as black pepper.
Black pepper is derived from the dried berries of the Piper nigrum plant, while bell peppers belong to a different species (Capsicum annuum).
A: Ground bell peppers are a spice made from dried bell peppers.
A: Ground bell peppers are a spice made from dried bell peppers.
A: Ground bell peppers are a spice made from dried bell peppers.
A: Ground bell peppers are a spice made from dried bell peppers.
A: Ground bell peppers are a spice made from dried bell peppers. (Score: -0.2220989465713501, Parent: 1)

---------- FINAL ----------
step 8
Ground bell peppers are a spice made from dried bell peppers.
Ground bell peppers are not the same as black pepper.
Black pepper is derived from the dried berries of the Piper nigrum plant, while bell peppers belong to a different species (Capsicum annuum).
A: Ground bell peppers are a spice made from dried bell peppers.
A: Ground bell peppers are a spice made from dried bell peppers.
A: Ground bell peppers are a spice made from dried bell peppers.
A: Ground bell peppers are a spice made from dried bell peppers.
A: Ground bell peppers are a spice made from dried bell peppers. (Score: -0.2220989465713501)

Ground bell peppers are a spice made from dried bell peppers.
Ground bell peppers are not the same as black pepper.
Black pepper is derived from the dried berries of the Piper nigrum plant, while bell peppers belong to a different species (Capsicum annuum).
A: Ground bell peppers are a spice made from dried bell peppers.
A: Ground bell peppers are a spice made from dried bell peppers.
A: Ground bell peppers are a spice made from dried bell peppers.
A: Ground bell peppers are a spice made from dried bell peppers.
A: Ground bell peppers are a spice made from dried bell peppers. (Score: -0.2220989465713501)
tensor([[-5159196499027489292,  6432870035539099015,  7597623817736063420,
          5505390856499906736,  5505390856499906736,  5505390856499906736,
          5505390856499906736,  5505390856499906736],
        [-5159196499027489292,  6432870035539099015,  7597623817736063420,
          5505390856499906736,  5505390856499906736,  5505390856499906736,
          5505390856499906736,  5505390856499906736]])

====================
Q: Are Disney's seven dwarves the original ones?


********** Step: 1 **********

Disney's seven dwarves are based on characters from the Brothers Grimm fairy tale "Snow White.". (Score: 0.05015397071838379, Parent: 0)

Disney's seven dwarves are characters from the animated film "Snow White and the Seven Dwarfs," released in 1937. (Score: -0.2285124510526657, Parent: 0)

********** Step: 2 **********

Disney's seven dwarves are based on characters from the Brothers Grimm fairy tale "Snow White.".
The Brothers Grimm published their version of "Snow White" in the early 19th century. (Score: -0.20052644610404968, Parent: 0)

Disney's seven dwarves are based on characters from the Brothers Grimm fairy tale "Snow White.".
The Brothers Grimm fairy tale features seven dwarfs, which are different from Disney's adaptations. (Score: -0.20713374018669128, Parent: 0)

********** Step: 3 **********

Disney's seven dwarves are based on characters from the Brothers Grimm fairy tale "Snow White.".
The Brothers Grimm fairy tale features seven dwarfs, which are different from Disney's adaptations.
Disney's seven dwarves were named Sleepy, Grumpy, Happy, Dopey, Bashful, Sneezy, and Doc. (Score: -0.19788306951522827, Parent: 1)

Disney's seven dwarves are based on characters from the Brothers Grimm fairy tale "Snow White.".
The Brothers Grimm published their version of "Snow White" in the early 19th century.
The original seven dwarves from the Brothers Grimm fairy tale are named Doc, Grumpy, Happy, Sleepy, Bashful, Sneezy, and Dopey. (Score: -0.22627601027488708, Parent: 0)

********** Step: 4 **********

Disney's seven dwarves are based on characters from the Brothers Grimm fairy tale "Snow White.".
The Brothers Grimm fairy tale features seven dwarfs, which are different from Disney's adaptations.
Disney's seven dwarves were named Sleepy, Grumpy, Happy, Dopey, Bashful, Sneezy, and Doc.
The original characters from the Brothers Grimm fairy tale do not have specific names; they are simply referred to as dwarfs. (Score: -0.23327873647212982, Parent: 0)

Disney's seven dwarves are based on characters from the Brothers Grimm fairy tale "Snow White.".
The Brothers Grimm published their version of "Snow White" in the early 19th century.
The original seven dwarves from the Brothers Grimm fairy tale are named Doc, Grumpy, Happy, Sleepy, Bashful, Sneezy, and Dopey.
Disney adapted these characters for their animated film released in 1937, keeping the same names and personalities. (Score: -0.23358167707920074, Parent: 1)

********** Step: 5 **********

Disney's seven dwarves are based on characters from the Brothers Grimm fairy tale "Snow White.".
The Brothers Grimm published their version of "Snow White" in the early 19th century.
The original seven dwarves from the Brothers Grimm fairy tale are named Doc, Grumpy, Happy, Sleepy, Bashful, Sneezy, and Dopey.
Disney adapted these characters for their animated film released in 1937, keeping the same names and personalities.
#### Yes. (Score: 0.12276958674192429, Parent: 1)

Disney's seven dwarves are based on characters from the Brothers Grimm fairy tale "Snow White.".
The Brothers Grimm fairy tale features seven dwarfs, which are different from Disney's adaptations.
Disney's seven dwarves were named Sleepy, Grumpy, Happy, Dopey, Bashful, Sneezy, and Doc.
The original characters from the Brothers Grimm fairy tale do not have specific names; they are simply referred to as dwarfs.
A: Disney's seven dwarves are based on characters from the Brothers Grimm fairy tale "Snow White.". (Score: -0.23964473605155945, Parent: 0)

********** Step: 6 **********

Disney's seven dwarves are based on characters from the Brothers Grimm fairy tale "Snow White.".
The Brothers Grimm published their version of "Snow White" in the early 19th century.
The original seven dwarves from the Brothers Grimm fairy tale are named Doc, Grumpy, Happy, Sleepy, Bashful, Sneezy, and Dopey.
Disney adapted these characters for their animated film released in 1937, keeping the same names and personalities.
#### Yes.
 (Score: 0.12276958674192429, Parent: 0)

Disney's seven dwarves are based on characters from the Brothers Grimm fairy tale "Snow White.".
The Brothers Grimm fairy tale features seven dwarfs, which are different from Disney's adaptations.
Disney's seven dwarves were named Sleepy, Grumpy, Happy, Dopey, Bashful, Sneezy, and Doc.
The original characters from the Brothers Grimm fairy tale do not have specific names; they are simply referred to as dwarfs.
A: Disney's seven dwarves are based on characters from the Brothers Grimm fairy tale "Snow White.".
A: Disney's seven dwarves are based on characters from the Brothers Grimm fairy tale "Snow White.". (Score: -0.23927125334739685, Parent: 1)

********** Step: 7 **********

Disney's seven dwarves are based on characters from the Brothers Grimm fairy tale "Snow White.".
The Brothers Grimm published their version of "Snow White" in the early 19th century.
The original seven dwarves from the Brothers Grimm fairy tale are named Doc, Grumpy, Happy, Sleepy, Bashful, Sneezy, and Dopey.
Disney adapted these characters for their animated film released in 1937, keeping the same names and personalities.
#### Yes.

 (Score: 0.12276958674192429, Parent: 0)

Disney's seven dwarves are based on characters from the Brothers Grimm fairy tale "Snow White.".
The Brothers Grimm fairy tale features seven dwarfs, which are different from Disney's adaptations.
Disney's seven dwarves were named Sleepy, Grumpy, Happy, Dopey, Bashful, Sneezy, and Doc.
The original characters from the Brothers Grimm fairy tale do not have specific names; they are simply referred to as dwarfs.
A: Disney's seven dwarves are based on characters from the Brothers Grimm fairy tale "Snow White.".
A: Disney's seven dwarves are based on characters from the Brothers Grimm fairy tale "Snow White.".
A: Disney's seven dwarves are based on characters from the Brothers Grimm fairy tale "Snow White.". (Score: -0.23703767359256744, Parent: 1)

********** Step: 8 **********

Disney's seven dwarves are based on characters from the Brothers Grimm fairy tale "Snow White.".
The Brothers Grimm published their version of "Snow White" in the early 19th century.
The original seven dwarves from the Brothers Grimm fairy tale are named Doc, Grumpy, Happy, Sleepy, Bashful, Sneezy, and Dopey.
Disney adapted these characters for their animated film released in 1937, keeping the same names and personalities.
#### Yes.


 (Score: 0.12276958674192429, Parent: 0)

Disney's seven dwarves are based on characters from the Brothers Grimm fairy tale "Snow White.".
The Brothers Grimm fairy tale features seven dwarfs, which are different from Disney's adaptations.
Disney's seven dwarves were named Sleepy, Grumpy, Happy, Dopey, Bashful, Sneezy, and Doc.
The original characters from the Brothers Grimm fairy tale do not have specific names; they are simply referred to as dwarfs.
A: Disney's seven dwarves are based on characters from the Brothers Grimm fairy tale "Snow White.".
A: Disney's seven dwarves are based on characters from the Brothers Grimm fairy tale "Snow White.".
A: Disney's seven dwarves are based on characters from the Brothers Grimm fairy tale "Snow White.".
A: Disney's seven dwarves are based on characters from the Brothers Grimm fairy tale "Snow White.". (Score: -0.2358103096485138, Parent: 1)

---------- FINAL ----------
step 8
Disney's seven dwarves are based on characters from the Brothers Grimm fairy tale "Snow White.".
The Brothers Grimm published their version of "Snow White" in the early 19th century.
The original seven dwarves from the Brothers Grimm fairy tale are named Doc, Grumpy, Happy, Sleepy, Bashful, Sneezy, and Dopey.
Disney adapted these characters for their animated film released in 1937, keeping the same names and personalities.
#### Yes.


 (Score: 0.12276958674192429)

Disney's seven dwarves are based on characters from the Brothers Grimm fairy tale "Snow White.".
The Brothers Grimm fairy tale features seven dwarfs, which are different from Disney's adaptations.
Disney's seven dwarves were named Sleepy, Grumpy, Happy, Dopey, Bashful, Sneezy, and Doc.
The original characters from the Brothers Grimm fairy tale do not have specific names; they are simply referred to as dwarfs.
A: Disney's seven dwarves are based on characters from the Brothers Grimm fairy tale "Snow White.".
A: Disney's seven dwarves are based on characters from the Brothers Grimm fairy tale "Snow White.".
A: Disney's seven dwarves are based on characters from the Brothers Grimm fairy tale "Snow White.".
A: Disney's seven dwarves are based on characters from the Brothers Grimm fairy tale "Snow White.". (Score: -0.2358103096485138)
tensor([[-6092675843254091233,  4279746901283580538, -1425683183138405595,
         -8097086538618302508,  3209685389633853342,                    0,
                            0,                    0],
        [-6092675843254091233,  3799763713134419642,   660151441214875535,
          6453539708693613247, -6628199294323090587, -6628199294323090587,
         -6628199294323090587, -6628199294323090587]])

====================
Q: Did Johann Sebastian Bach ever win a Grammy Award?


********** Step: 1 **********

A: Johann Sebastian Bach was a composer who lived from 1685 to 1750. (Score: -0.22415485978126526, Parent: 0)

A: Johann Sebastian Bach was a composer from the Baroque period who lived from 1685 to 1750. (Score: -0.228987455368042, Parent: 0)

********** Step: 2 **********

A: Johann Sebastian Bach was a composer from the Baroque period who lived from 1685 to 1750.
Bach's music was composed long before the Grammy Awards were established, which started in 1959. (Score: -0.23049598932266235, Parent: 1)

A: Johann Sebastian Bach was a composer who lived from 1685 to 1750.
Bach's works were composed long before the Grammy Awards were established. (Score: -0.230989009141922, Parent: 0)

********** Step: 3 **********

A: Johann Sebastian Bach was a composer from the Baroque period who lived from 1685 to 1750.
Bach's music was composed long before the Grammy Awards were established, which started in 1959.
#### No. (Score: 0.13135147094726562, Parent: 0)

A: Johann Sebastian Bach was a composer who lived from 1685 to 1750.
Bach's works were composed long before the Grammy Awards were established.
The Grammy Awards were first held in 1959. (Score: -0.23136818408966064, Parent: 1)

********** Step: 4 **********

A: Johann Sebastian Bach was a composer from the Baroque period who lived from 1685 to 1750.
Bach's music was composed long before the Grammy Awards were established, which started in 1959.
#### No.
 (Score: 0.13135147094726562, Parent: 0)

A: Johann Sebastian Bach was a composer who lived from 1685 to 1750.
Bach's works were composed long before the Grammy Awards were established.
The Grammy Awards were first held in 1959.
#### No. (Score: 0.1310582458972931, Parent: 1)

********** Step: 5 **********

A: Johann Sebastian Bach was a composer from the Baroque period who lived from 1685 to 1750.
Bach's music was composed long before the Grammy Awards were established, which started in 1959.
#### No.

 (Score: 0.13135147094726562, Parent: 0)

A: Johann Sebastian Bach was a composer who lived from 1685 to 1750.
Bach's works were composed long before the Grammy Awards were established.
The Grammy Awards were first held in 1959.
#### No.
 (Score: 0.1310582458972931, Parent: 1)

---------- FINAL ----------
step 5
A: Johann Sebastian Bach was a composer from the Baroque period who lived from 1685 to 1750.
Bach's music was composed long before the Grammy Awards were established, which started in 1959.
#### No.

 (Score: 0.13135147094726562)

A: Johann Sebastian Bach was a composer who lived from 1685 to 1750.
Bach's works were composed long before the Grammy Awards were established.
The Grammy Awards were first held in 1959.
#### No.
 (Score: 0.1310582458972931)
tensor([[-6935564308770159951, -1210223722689562778, -5322498821065855045,
                            0,                    0,                   -1,
                           -1,                   -1],
        [-3472735602848401711, -6775798425344545165, -3715707709054472039,
         -5322498821065855045,                    0,                   -1,
                           -1,                   -1]])

====================
Q: Could you go to New York Public Library and the Six Flags Great Escape in the same day?


********** Step: 1 **********

A: The New York Public Library is located in New York City. (Score: -0.21637114882469177, Parent: 0)

A: The New York Public Library is located in New York City, while Six Flags Great Escape is located in Queensbury, New York, which is approximately 200 miles north of NYC. (Score: -0.22499428689479828, Parent: 0)

********** Step: 2 **********

A: The New York Public Library is located in New York City.
The Six Flags Great Escape is located in Queensbury, New York, which is about 200 miles north of New York City. (Score: -0.22775769233703613, Parent: 0)

A: The New York Public Library is located in New York City.
A: The New York Public Library is located in New York City. (Score: -0.2291836142539978, Parent: 0)

********** Step: 3 **********

A: The New York Public Library is located in New York City.
A: The New York Public Library is located in New York City.
A: Six Flags Great Escape is located in Queensbury, New York. (Score: -0.22851291298866272, Parent: 1)

A: The New York Public Library is located in New York City.
A: The New York Public Library is located in New York City.
A: Six Flags Great Escape is located in Queensbury, New York, which is about 200 miles north of New York City. (Score: -0.23046106100082397, Parent: 1)

********** Step: 4 **********

A: The New York Public Library is located in New York City.
A: The New York Public Library is located in New York City.
A: Six Flags Great Escape is located in Queensbury, New York.
A: The New York Public Library is located in New York City. (Score: -0.22694146633148193, Parent: 0)

A: The New York Public Library is located in New York City.
A: The New York Public Library is located in New York City.
A: Six Flags Great Escape is located in Queensbury, New York, which is about 200 miles north of New York City.
A: The New York Public Library is located in New York City. (Score: -0.22894659638404846, Parent: 1)

********** Step: 5 **********

A: The New York Public Library is located in New York City.
A: The New York Public Library is located in New York City.
A: Six Flags Great Escape is located in Queensbury, New York.
A: The New York Public Library is located in New York City.
A: The New York Public Library is located in New York City. (Score: -0.22617678344249725, Parent: 0)

A: The New York Public Library is located in New York City.
A: The New York Public Library is located in New York City.
A: Six Flags Great Escape is located in Queensbury, New York.
A: The New York Public Library is located in New York City.
A: The New York Public Library is located in New York City. (Score: -0.22617678344249725, Parent: 0)

********** Step: 6 **********

A: The New York Public Library is located in New York City.
A: The New York Public Library is located in New York City.
A: Six Flags Great Escape is located in Queensbury, New York.
A: The New York Public Library is located in New York City.
A: The New York Public Library is located in New York City.
A: The New York Public Library is located in New York City. (Score: -0.22552122175693512, Parent: 0)

A: The New York Public Library is located in New York City.
A: The New York Public Library is located in New York City.
A: Six Flags Great Escape is located in Queensbury, New York.
A: The New York Public Library is located in New York City.
A: The New York Public Library is located in New York City.
A: The New York Public Library is located in New York City. (Score: -0.22552122175693512, Parent: 1)

********** Step: 7 **********

A: The New York Public Library is located in New York City.
A: The New York Public Library is located in New York City.
A: Six Flags Great Escape is located in Queensbury, New York.
A: The New York Public Library is located in New York City.
A: The New York Public Library is located in New York City.
A: The New York Public Library is located in New York City.
A: The New York Public Library is located in New York City. (Score: -0.22408008575439453, Parent: 0)

A: The New York Public Library is located in New York City.
A: The New York Public Library is located in New York City.
A: Six Flags Great Escape is located in Queensbury, New York.
A: The New York Public Library is located in New York City.
A: The New York Public Library is located in New York City.
A: The New York Public Library is located in New York City.
A: The New York Public Library is located in New York City. (Score: -0.22408008575439453, Parent: 1)

********** Step: 8 **********

A: The New York Public Library is located in New York City.
A: The New York Public Library is located in New York City.
A: Six Flags Great Escape is located in Queensbury, New York.
A: The New York Public Library is located in New York City.
A: The New York Public Library is located in New York City.
A: The New York Public Library is located in New York City.
A: The New York Public Library is located in New York City.
A: The New York Public Library is located in New York City. (Score: -0.22386957705020905, Parent: 0)

A: The New York Public Library is located in New York City.
A: The New York Public Library is located in New York City.
A: Six Flags Great Escape is located in Queensbury, New York.
A: The New York Public Library is located in New York City.
A: The New York Public Library is located in New York City.
A: The New York Public Library is located in New York City.
A: The New York Public Library is located in New York City.
A: The New York Public Library is located in New York City. (Score: -0.22386957705020905, Parent: 1)

---------- FINAL ----------
step 8
A: The New York Public Library is located in New York City.
A: The New York Public Library is located in New York City.
A: Six Flags Great Escape is located in Queensbury, New York.
A: The New York Public Library is located in New York City.
A: The New York Public Library is located in New York City.
A: The New York Public Library is located in New York City.
A: The New York Public Library is located in New York City.
A: The New York Public Library is located in New York City. (Score: -0.22386957705020905)

A: The New York Public Library is located in New York City.
A: The New York Public Library is located in New York City.
A: Six Flags Great Escape is located in Queensbury, New York.
A: The New York Public Library is located in New York City.
A: The New York Public Library is located in New York City.
A: The New York Public Library is located in New York City.
A: The New York Public Library is located in New York City.
A: The New York Public Library is located in New York City. (Score: -0.22386957705020905)
tensor([[-3180295928622585245, -3180295928622585245, -4735489359681834283,
         -3180295928622585245, -3180295928622585245, -3180295928622585245,
         -3180295928622585245, -3180295928622585245],
        [-3180295928622585245, -3180295928622585245, -4735489359681834283,
         -3180295928622585245, -3180295928622585245, -3180295928622585245,
         -3180295928622585245, -3180295928622585245]])

