
====================
epoch 0 | idx 0

====================
Query:
Use the step-by-step method as shown in the examples to answer the question. Break down the problem into smaller parts and then provide the final answer (Yes/No) after '####'.

Example 1:
Q: Karachi was a part of Alexander the Great's success?

A: Karachi is a city in modern day Pakistan.
Krokola was an ancient port located in what is now Karachi.
Alexander the Great stationed his fleet in Krokola on his way to Babylon.
Alexander the Great defeated Darius and conquered Babylon before expanding his 
empire.
#### Yes.

Example 2:
Q: Was P. G. Wodehouse's favorite book The Hunger Games?

A: P. G. Wodehouse died in 1975.
The Hunger Games was published in 2008.
#### No.
IMPORTANT:
- Think step by step.
- The final line must be exactly in the format: #### Yes. or #### No.
- Do not end with anything else after the final answer.
Your Question:
Q: Do depressed people travel to the Golden Gate Bridge often?

A: 
Responses:
['Many individuals suffering from depression may seek solace in nature or iconic locations. The Golden Gate Bridge is a famous landmark in San Francisco, attracting various visitors, including tourists and locals.', "The Golden Gate Bridge is a famous landmark located in San Francisco, California. \nIt is often associated with a variety of emotions, including both positive and negative feelings, particularly in media and discussions around mental health.\nSome studies and anecdotal evidence suggest that individuals dealing with depression may visit sites like the Golden Gate Bridge due to its prominence in discussions about suicide and mental health awareness.\nHowever, there isn't a definitive statistic showing that depressed individuals travel there more frequently than others.\nThe question implies a generalization that may not apply universally to all depressed individuals.", 'A: The Golden Gate Bridge is a prominent landmark in San Francisco, California. \nDuring certain times, it has been noted as a location where people may go when feeling depressed. \nMental health resources often mention the bridge due to its association with tragic events. \nHowever, not all depressed individuals visit the bridge, as travel habits vary widely among people with depression. \nThere is no definitive evidence that indicates depressed people travel to the Golden Gate Bridge often as a general behavior. \n#### No.', "A: The Golden Gate Bridge is located in San Francisco, California, and is a popular tourist destination. Some people experience feelings of depression, and some may travel to sites like the Golden Gate Bridge for various reasons, including seeking solace or contemplation. However, it's not specifically documented that depressed people travel there more often than others as a general trend."]

====================
Query:
Use the step-by-step method as shown in the examples to answer the question. Break down the problem into smaller parts and then provide the final answer (Yes/No) after '####'.

Example 1:
Q: Karachi was a part of Alexander the Great's success?

A: Karachi is a city in modern day Pakistan.
Krokola was an ancient port located in what is now Karachi.
Alexander the Great stationed his fleet in Krokola on his way to Babylon.
Alexander the Great defeated Darius and conquered Babylon before expanding his 
empire.
#### Yes.

Example 2:
Q: Was P. G. Wodehouse's favorite book The Hunger Games?

A: P. G. Wodehouse died in 1975.
The Hunger Games was published in 2008.
#### No.
IMPORTANT:
- Think step by step.
- The final line must be exactly in the format: #### Yes. or #### No.
- Do not end with anything else after the final answer.
Your Question:
Q: Karachi was a part of Alexander the Great's success?

A: 
Responses:
['Karachi is a city in modern-day Pakistan.  \nKrokola was an ancient port located in what is now Karachi.  \nAlexander the Great used Krokola as a strategic location for his fleet during his campaigns.  \nHe achieved significant military success during his conquests in the region, contributing to the expansion of his empire.  \nThus, Karachi (as Krokola) played a role in his military operations and success.  \n#### Yes.', "Karachi is a city in modern-day Pakistan. \nDuring Alexander the Great's campaigns, he traveled across Persia and into India. \nThe region that includes Karachi was not specifically noted as a major site of his success.\nHowever, Alexander did establish trade and military connections along the coasts.\nDespite these connections, Karachi itself was not a direct part of Alexander the Great’s key victories. \n#### No.", "Karachi is a city located in modern-day Pakistan.  \nDuring Alexander the Great's campaigns, he founded several cities and established trade routes.  \nHowever, there is no historical evidence that Karachi was a significant part of Alexander's conquests.  \nKrokola, an ancient port linked to Karachi, was used by Alexander, but Karachi itself was not a key location during his time.  \nInstead, Alexander's major successes were in Persia and other significant regions of his empire.  \n#### No.", "Karachi is a city in modern-day Pakistan. The ancient port of Krokola, which was located in what is now Karachi, played a role during Alexander the Great's campaign. Alexander the Great used the port of Krokola to station his fleet on his way to Babylon. He achieved significant victories, including the defeat of Darius and the conquest of Babylon, which contributed to his success in expanding his empire."]

====================
Query:
Use the step-by-step method as shown in the examples to answer the question. Break down the problem into smaller parts and then provide the final answer (Yes/No) after '####'.

Example 1:
Q: Karachi was a part of Alexander the Great's success?

A: Karachi is a city in modern day Pakistan.
Krokola was an ancient port located in what is now Karachi.
Alexander the Great stationed his fleet in Krokola on his way to Babylon.
Alexander the Great defeated Darius and conquered Babylon before expanding his 
empire.
#### Yes.

Example 2:
Q: Was P. G. Wodehouse's favorite book The Hunger Games?

A: P. G. Wodehouse died in 1975.
The Hunger Games was published in 2008.
#### No.
IMPORTANT:
- Think step by step.
- The final line must be exactly in the format: #### Yes. or #### No.
- Do not end with anything else after the final answer.
Your Question:
Q: Were paparazzi involved in the death of a member of the royal family?

A: 
Responses:
['Princess Diana was a member of the British royal family by marriage.  \nShe died in a car crash in Paris in 1997.  \nThe crash occurred while her vehicle was being pursued by paparazzi.  \nThis chase is widely believed to have contributed to the accident.  \nThe involvement of paparazzi in the circumstances of her death has been the subject of much discussion and investigation.  \n#### Yes.', "To answer the question, let's consider the historical context and known events related to paparazzi and the royal family.", 'A: Paparazzi are photographers who take candid photos of celebrities and public figures, often in pursuit of high-profile stories. \nThere have been notable incidents where paparazzi were present during tragic events involving members of royal families. \nThe most infamous case is that of Princess Diana, who died in a car crash in Paris in 1997, while being pursued by paparazzi. \nInvestigations concluded that the presence of paparazzi contributed to the circumstances of the crash.\n#### Yes.', 'To determine if paparazzi were involved in the death of a member of the royal family, we need to analyze the relevant historical context and events.']

====================
Query:
Use the step-by-step method as shown in the examples to answer the question. Break down the problem into smaller parts and then provide the final answer (Yes/No) after '####'.

Example 1:
Q: Karachi was a part of Alexander the Great's success?

A: Karachi is a city in modern day Pakistan.
Krokola was an ancient port located in what is now Karachi.
Alexander the Great stationed his fleet in Krokola on his way to Babylon.
Alexander the Great defeated Darius and conquered Babylon before expanding his 
empire.
#### Yes.

Example 2:
Q: Was P. G. Wodehouse's favorite book The Hunger Games?

A: P. G. Wodehouse died in 1975.
The Hunger Games was published in 2008.
#### No.
IMPORTANT:
- Think step by step.
- The final line must be exactly in the format: #### Yes. or #### No.
- Do not end with anything else after the final answer.
Your Question:
Q: Are all types of pottery safe to cook in?

A: 
Responses:
["Not all types of pottery are safe for cooking. \nSome pottery may contain harmful materials or glazes that can leach into food when heated. \nCertain types, such as stoneware and some ceramic cookware, are designed for cooking and are generally considered safe. \nHowever, others, especially decorative pottery or those not labeled as food-safe, may not withstand high temperatures or could be toxic. \nIt's important to check for safety certifications or specific cooking instructions provided by the manufacturer. \n#### No.", 'There are many types of pottery used for cooking, such as earthenware, stoneware, and porcelain. \nNot all pottery is created equal regarding temperature resistance and safety for cooking.\nSome pottery, especially those that are not specifically labeled as food-safe, can contain harmful materials like lead or cadmium.\nIt is important to check if the pottery is labeled as oven-safe or microwave-safe before cooking with it.\nCertain decorative or artisanal pottery may not be suitable for cooking applications.\n#### No.', "There are various types of pottery used for cooking, including earthenware, stoneware, and porcelain. \nSome pottery items are specifically designated as oven-safe or microwave-safe, while others are not. \nCertain types of imported pottery may contain lead or other harmful substances, making them unsafe for cooking. \nIt is essential to check if the pottery is labeled as food-safe and to follow the manufacturer's guidelines for cooking. \nNot all pottery is safe to cook in due to differences in materials and manufacturing processes. \n#### No.", "There are many different types of pottery, such as earthenware, stoneware, and porcelain.  \nNot all pottery is intended for cooking; some types may contain harmful materials.  \nCertain glazes used on pottery can leach harmful substances when heated.  \nCookware needs to be labeled food-safe or oven-safe to ensure it's safe for cooking.  \nTherefore, it cannot be stated that all types of pottery are safe to cook in without specific assurances about the materials and glazes used.  \n#### No."]

====================
Query:
Use the step-by-step method as shown in the examples to answer the question. Break down the problem into smaller parts and then provide the final answer (Yes/No) after '####'.

Example 1:
Q: Karachi was a part of Alexander the Great's success?

A: Karachi is a city in modern day Pakistan.
Krokola was an ancient port located in what is now Karachi.
Alexander the Great stationed his fleet in Krokola on his way to Babylon.
Alexander the Great defeated Darius and conquered Babylon before expanding his 
empire.
#### Yes.

Example 2:
Q: Was P. G. Wodehouse's favorite book The Hunger Games?

A: P. G. Wodehouse died in 1975.
The Hunger Games was published in 2008.
#### No.
IMPORTANT:
- Think step by step.
- The final line must be exactly in the format: #### Yes. or #### No.
- Do not end with anything else after the final answer.
Your Question:
Q: Has Elon Musk's hairline changed?

A: 
Responses:
['Elon Musk is a prominent entrepreneur known for his involvement in companies like Tesla and SpaceX. \nOver the years, there have been public discussions and observations about his hairline. \nMany people have noted that it appears to have become fuller and more defined over time. \nThis change raises the question of whether he has undergone hair restoration treatments or if other factors contributed to the change.', "Elon Musk is a well-known entrepreneur and business magnate.  \nOver the years, there have been many public appearances and photos of him.  \nObserving these photos, it's noticeable that his hair seemed thinner in earlier years.  \nRecently, he has appeared with a fuller head of hair than previously.  \nThis change could be attributed to various factors, such as hair transplants or styling changes.  \n#### Yes.", 'Elon Musk is a public figure known for his work as a tech entrepreneur and CEO of multiple companies.  \nVisible images of Elon Musk over the years show a change in his hairline.  \nEarlier photos indicate a receding hairline, while more recent images suggest he has a fuller head of hair.  \nMany speculate that he may have undergone a hair restoration procedure to achieve this change.  \nGiven the visible differences over time, it can be concluded that his hairline has indeed changed.  \n#### Yes.', 'Elon Musk is known for being a public figure with a noticeable appearance.\nOver the years, there have been many photos of Elon Musk that show variations in his hair.\nPublicly available images suggest that his hair has appeared fuller in recent years compared to earlier photos.\nIt is commonly presumed that this change is due to hair restoration treatments.\n#### Yes.']

====================
Query:
Use the step-by-step method as shown in the examples to answer the question. Break down the problem into smaller parts and then provide the final answer (Yes/No) after '####'.

Example 1:
Q: Karachi was a part of Alexander the Great's success?

A: Karachi is a city in modern day Pakistan.
Krokola was an ancient port located in what is now Karachi.
Alexander the Great stationed his fleet in Krokola on his way to Babylon.
Alexander the Great defeated Darius and conquered Babylon before expanding his 
empire.
#### Yes.

Example 2:
Q: Was P. G. Wodehouse's favorite book The Hunger Games?

A: P. G. Wodehouse died in 1975.
The Hunger Games was published in 2008.
#### No.
IMPORTANT:
- Think step by step.
- The final line must be exactly in the format: #### Yes. or #### No.
- Do not end with anything else after the final answer.
Your Question:
Q: Are rainbows devoid of color made by mixing yin and yang colors?

A: 
Responses:
['A: Rainbows are optical phenomena that result from the refraction, dispersion, and reflection of light in water droplets. \nRainbows typically display a spectrum of colors: red, orange, yellow, green, blue, indigo, and violet. \nYin and yang are concepts in Chinese philosophy representing duality, but they do not relate directly to the scientific phenomenon of rainbows. \nThe concept of mixing yin and yang colors does not apply to the creation of a rainbow, as rainbows consist of distinct colors rather than a mix or absence of color. \n#### No.', 'Rainbows are optical and meteorological phenomena caused by reflection, refraction, and dispersion of light, typically sunlight, in water droplets resulting in a spectrum of light appearing in the sky.', 'A: Rainbows are optical and meteorological phenomena caused by reflection, refraction, and dispersion of light in water droplets.\nRainbows typically consist of seven colors: red, orange, yellow, green, blue, indigo, and violet.\nThe concept of yin and yang originates from Chinese philosophy, representing opposite forces in harmony.\nRainbows are not related to the philosophy of yin and yang or their associated colors.\n#### No.', 'A: Rainbows are optical and meteorological phenomena that result from the reflection, refraction, and dispersion of light in water droplets, creating a spectrum of colors in the sky.\nTraditional colors of a rainbow include red, orange, yellow, green, blue, indigo, and violet.\nYin and yang represent dualities in Chinese philosophy, often associated with opposites rather than specific colors.\nRainbows are not devoid of color; rather, they are composed of distinct and vibrant colors.\nThe idea of mixing yin and yang colors does not apply to the scientific explanation for how rainbows are formed.\n#### No.']

====================
Query:
Use the step-by-step method as shown in the examples to answer the question. Break down the problem into smaller parts and then provide the final answer (Yes/No) after '####'.

Example 1:
Q: Karachi was a part of Alexander the Great's success?

A: Karachi is a city in modern day Pakistan.
Krokola was an ancient port located in what is now Karachi.
Alexander the Great stationed his fleet in Krokola on his way to Babylon.
Alexander the Great defeated Darius and conquered Babylon before expanding his 
empire.
#### Yes.

Example 2:
Q: Was P. G. Wodehouse's favorite book The Hunger Games?

A: P. G. Wodehouse died in 1975.
The Hunger Games was published in 2008.
#### No.
IMPORTANT:
- Think step by step.
- The final line must be exactly in the format: #### Yes. or #### No.
- Do not end with anything else after the final answer.
Your Question:
Q: Could a cow produce Harvey Milk?

A: 
Responses:
['A: A cow is a domesticated animal that produces milk as part of its biological function. Harvey Milk was a prominent political figure and LGBTQ+ activist but is not related to dairy production. Thus, Harvey Milk is not a product that can be produced by a cow, nor does the term refer to an actual milk product.', 'A: Harvey Milk was a prominent LGBTQ+ rights activist and politician who served on the San Francisco Board of Supervisors.\nCows produce milk, but the term "Harvey Milk" is a play on words, as it refers to both the activist and the dairy product.\nHowever, cows do not produce milk that is specifically known as "Harvey Milk."\n#### No.', 'A: A cow is a female bovine animal that produces milk.\nHarvey Milk was a prominent political figure and is known for his work in the LGBTQ+ rights movement.\nThere is a play on words here; "Harvey Milk" sounds like "harvey milk," but it does not refer to a type of milk produced by cows.\nCows produce real milk, not a milk named after a person.\n#### No.', 'A: Harvey Milk was a prominent gay rights activist and politician, known for his work in the 1970s.\nCows are animals that produce milk, commonly referred to as cow\'s milk.\nThe name "Harvey Milk" refers to the person, not a type of milk.\nIt is not possible for a cow to produce milk specifically called "Harvey Milk."\n#### No.']

====================
Query:
Use the step-by-step method as shown in the examples to answer the question. Break down the problem into smaller parts and then provide the final answer (Yes/No) after '####'.

Example 1:
Q: Karachi was a part of Alexander the Great's success?

A: Karachi is a city in modern day Pakistan.
Krokola was an ancient port located in what is now Karachi.
Alexander the Great stationed his fleet in Krokola on his way to Babylon.
Alexander the Great defeated Darius and conquered Babylon before expanding his 
empire.
#### Yes.

Example 2:
Q: Was P. G. Wodehouse's favorite book The Hunger Games?

A: P. G. Wodehouse died in 1975.
The Hunger Games was published in 2008.
#### No.
IMPORTANT:
- Think step by step.
- The final line must be exactly in the format: #### Yes. or #### No.
- Do not end with anything else after the final answer.
Your Question:
Q: Did Francois Mitterrand ever meet Barak Obama while they both held the position of President?

A: 
Responses:
["Francois Mitterrand was the President of France from 1981 to 1995.  \nBarack Obama was the President of the United States from 2009 to 2017.  \nMitterrand's presidency ended before Obama's began.  \nTherefore, they could not have met while they were both presidents.  \n#### No.", "Francois Mitterrand was the President of France from 1981 to 1995.  \nBarack Obama became the President of the United States in 2009 and held the office until 2017.  \nSince Mitterrand's presidency ended in 1995, he was no longer President when Obama took office.  \nTherefore, it is not possible for them to have met while both were serving as Presidents.  \n#### No.", "Francois Mitterrand was the President of France from 1981 to 1995.  \nBarack Obama served as the President of the United States from 2009 to 2017.  \nMitterrand's presidency ended in 1995, several years prior to Obama's presidency starting.  \nTherefore, they were never presidents at the same time, and could not have met during their presidential terms.  \n#### No.", 'Francois Mitterrand was the President of France from 1981 to 1995.  \nBarack Obama was the President of the United States from 2009 to 2017.  \nMitterrand passed away in 1996.  \nTherefore, Mitterrand and Obama could not have met while both held the position of President.  \n#### No.']

====================
Query:
Use the step-by-step method as shown in the examples to answer the question. Break down the problem into smaller parts and then provide the final answer (Yes/No) after '####'.

Example 1:
Q: Karachi was a part of Alexander the Great's success?

A: Karachi is a city in modern day Pakistan.
Krokola was an ancient port located in what is now Karachi.
Alexander the Great stationed his fleet in Krokola on his way to Babylon.
Alexander the Great defeated Darius and conquered Babylon before expanding his 
empire.
#### Yes.

Example 2:
Q: Was P. G. Wodehouse's favorite book The Hunger Games?

A: P. G. Wodehouse died in 1975.
The Hunger Games was published in 2008.
#### No.
IMPORTANT:
- Think step by step.
- The final line must be exactly in the format: #### Yes. or #### No.
- Do not end with anything else after the final answer.
Your Question:
Q: Did Easy Rider make a profit at the theater when it was released?

A: 
Responses:
['Easy Rider was released in 1969.  \nIt had a production budget of approximately $400,000.  \nThe film grossed over $60 million at the box office worldwide.  \nGiven the significant difference between the production budget and box office earnings, it is clear that the film was successful financially.  \n#### Yes.', 'Easy Rider was released in 1969.\nThe film had a production budget of approximately $400,000.\nUpon its release, it grossed around $60 million at the box office.\nThis substantial box office revenue greatly exceeded its production costs.\nThus, Easy Rider was financially successful and made a profit.', 'Easy Rider was released in 1969.  \nThe movie had a production budget of approximately $360,000.  \nIt grossed over $40 million at the box office worldwide, making it highly successful financially.  \nGiven the significant difference between the budget and the box office earnings, it is clear that the film made a profit.  \n#### Yes.', 'Easy Rider was released in 1969.  \nThe film had a production budget of around $400,000.  \nIt grossed over $60 million at the box office.  \nThe substantial earnings indicate that it far exceeded its production costs.  \nTherefore, Easy Rider was indeed profitable at the theater when it was released.  \n#### Yes.']

====================
Query:
Use the step-by-step method as shown in the examples to answer the question. Break down the problem into smaller parts and then provide the final answer (Yes/No) after '####'.

Example 1:
Q: Karachi was a part of Alexander the Great's success?

A: Karachi is a city in modern day Pakistan.
Krokola was an ancient port located in what is now Karachi.
Alexander the Great stationed his fleet in Krokola on his way to Babylon.
Alexander the Great defeated Darius and conquered Babylon before expanding his 
empire.
#### Yes.

Example 2:
Q: Was P. G. Wodehouse's favorite book The Hunger Games?

A: P. G. Wodehouse died in 1975.
The Hunger Games was published in 2008.
#### No.
IMPORTANT:
- Think step by step.
- The final line must be exactly in the format: #### Yes. or #### No.
- Do not end with anything else after the final answer.
Your Question:
Q: Does taking ukemi halt kinetic energy?

A: 
Responses:
['Taking ukemi involves falling and rolling in a controlled manner in martial arts. \nUkemi helps to dissipate and manage kinetic energy during a fall. \nThe action of taking ukemi allows the practitioner to reduce the risk of injury by spreading out the impact over a larger area and time. \nWhile it does not completely halt kinetic energy, it effectively converts some of that energy into safe movements, thereby reducing its harmful effects. \nThus, ukemi does not entirely stop kinetic energy but manages it. \n#### No.', 'Taking ukemi refers to the practice of falling safely in martial arts, particularly in techniques like judo or aikido. \nWhen a person takes ukemi, they roll or fall in a way that dissipates the force of the fall.\nThis action can reduce the kinetic energy experienced by the body at the moment of impact.\nHowever, the total kinetic energy during the fall does not end; it is simply transformed or dissipated.\nThus, while ukemi helps in safely managing the energy of the fall, it does not halt it completely.', 'Taking ukemi refers to the practice of safely falling or rolling in martial arts, particularly in judo and aikido, to prevent injury during throws or falls.\nKinetic energy is the energy an object possesses due to its motion.\nWhen a practitioner takes ukemi, they do not stop the motion entirely but rather redirect or dissipate the kinetic energy through controlled movement.\nThus, taking ukemi does not halt kinetic energy; it modifies the way the energy is utilized to ensure safety during the fall.\n#### No.', 'Taking ukemi refers to the practice of falling safely and is commonly used in martial arts such as judo or aikido.']

====================
Query:
Use the step-by-step method as shown in the examples to answer the question. Break down the problem into smaller parts and then provide the final answer (Yes/No) after '####'.

Example 1:
Q: Karachi was a part of Alexander the Great's success?

A: Karachi is a city in modern day Pakistan.
Krokola was an ancient port located in what is now Karachi.
Alexander the Great stationed his fleet in Krokola on his way to Babylon.
Alexander the Great defeated Darius and conquered Babylon before expanding his 
empire.
#### Yes.

Example 2:
Q: Was P. G. Wodehouse's favorite book The Hunger Games?

A: P. G. Wodehouse died in 1975.
The Hunger Games was published in 2008.
#### No.
IMPORTANT:
- Think step by step.
- The final line must be exactly in the format: #### Yes. or #### No.
- Do not end with anything else after the final answer.
Your Question:
Q: Has Oscar Wilde's most famous character ever been in an Eva Green project?

A: 
Responses:
['Oscar Wilde\'s most famous character is Dorian Gray, from the novel "The Picture of Dorian Gray."  \nEva Green is an actress known for her roles in various films and television shows.  \nEva Green starred in a film called "Cracks" (2009), which is not related to Dorian Gray.  \nHowever, there is a film adaptation of "The Picture of Dorian Gray," released in 2004, where Dorian Gray is played by actor Josh Duhamel, and Eva Green was also in a connecting project in the same genre but did not portray Dorian Gray.  \nTherefore, checking for any direct roles of Eva Green as Dorian Gray reveals no connection.  \n#### No.', 'Oscar Wilde is known for his play "The Importance of Being Earnest," featuring the character Jack Worthing. Eva Green is an actress known for her roles in films such as "Casino Royale" and "Penny Dreadful." There is no record of Eva Green having portrayed Jack Worthing or participated in an adaptation of Oscar Wilde\'s works.', 'Oscar Wilde is known for his literary works, particularly "The Picture of Dorian Gray," which features the character Dorian Gray.\nEva Green is an actress known for her roles in various films and television series.\nResearching Eva Green\'s filmography reveals that she starred in a film adaptation of "The Picture of Dorian Gray" released in 2004.\nIn this adaptation, she played the character Sibyl Vane, who is a significant character connected to Dorian Gray.\nTherefore, Dorian Gray, as Oscar Wilde\'s most famous character, has indeed been featured in a project involving Eva Green.', 'Oscar Wilde is known for creating several famous characters, including Dorian Gray from "The Picture of Dorian Gray."\nEva Green starred in the film adaptation of "The Picture of Dorian Gray" in 2004.\nTherefore, Oscar Wilde\'s most famous character, Dorian Gray, has been in an Eva Green project.\n#### Yes.']

====================
Query:
Use the step-by-step method as shown in the examples to answer the question. Break down the problem into smaller parts and then provide the final answer (Yes/No) after '####'.

Example 1:
Q: Karachi was a part of Alexander the Great's success?

A: Karachi is a city in modern day Pakistan.
Krokola was an ancient port located in what is now Karachi.
Alexander the Great stationed his fleet in Krokola on his way to Babylon.
Alexander the Great defeated Darius and conquered Babylon before expanding his 
empire.
#### Yes.

Example 2:
Q: Was P. G. Wodehouse's favorite book The Hunger Games?

A: P. G. Wodehouse died in 1975.
The Hunger Games was published in 2008.
#### No.
IMPORTANT:
- Think step by step.
- The final line must be exactly in the format: #### Yes. or #### No.
- Do not end with anything else after the final answer.
Your Question:
Q: Was P. G. Wodehouse's favorite book The Hunger Games?

A: 
Responses:
['P. G. Wodehouse was an English author who was known for his comedic writing and the creation of the character Bertie Wooster. \nHe passed away in 1975. \nThe Hunger Games, on the other hand, is a dystopian novel authored by Suzanne Collins and was published in 2008. \nSince Wodehouse could not have had a favorite book published after his death, it cannot be claimed that The Hunger Games was his favorite book. \n#### No.', "P. G. Wodehouse was a renowned British author who mainly wrote in the early to mid-20th century.  \nHe is best known for his humor and the creation of characters like Jeeves and Wooster.  \nWodehouse passed away in 1975.  \nThe Hunger Games, written by Suzanne Collins, was published in 2008, long after Wodehouse's death.  \nAs such, it would not be possible for Wodehouse to have The Hunger Games as his favorite book.  \n#### No.", "P. G. Wodehouse was a British author known for his humor and comic fiction.  \nHe died in 1975.  \nThe Hunger Games is a dystopian novel written by Suzanne Collins, which was published in 2008, long after Wodehouse's death.  \nTherefore, Wodehouse could not have considered The Hunger Games as his favorite book.  \n#### No.", "P. G. Wodehouse was an English author active in the early to mid-20th century.\nHe is known for his humorous novels, particularly those featuring characters like Bertie Wooster and Jeeves.\nP. G. Wodehouse passed away in 1975.\nThe Hunger Games, by Suzanne Collins, was published in 2008, long after Wodehouse's death.\nTherefore, it would be impossible for Wodehouse to have The Hunger Games as his favorite book. \n#### No."]

====================
Query:
Use the step-by-step method as shown in the examples to answer the question. Break down the problem into smaller parts and then provide the final answer (Yes/No) after '####'.

Example 1:
Q: Karachi was a part of Alexander the Great's success?

A: Karachi is a city in modern day Pakistan.
Krokola was an ancient port located in what is now Karachi.
Alexander the Great stationed his fleet in Krokola on his way to Babylon.
Alexander the Great defeated Darius and conquered Babylon before expanding his 
empire.
#### Yes.

Example 2:
Q: Was P. G. Wodehouse's favorite book The Hunger Games?

A: P. G. Wodehouse died in 1975.
The Hunger Games was published in 2008.
#### No.
IMPORTANT:
- Think step by step.
- The final line must be exactly in the format: #### Yes. or #### No.
- Do not end with anything else after the final answer.
Your Question:
Q: Can you watch Rick and Morty in Mariana Trench?

A: 
Responses:
["The Mariana Trench is the deepest part of the world's oceans, located in the western Pacific Ocean. \nAccessing the Mariana Trench is primarily through deep-sea submersibles or remotely operated vehicles, as it is over 36,000 feet deep. \nRick and Morty is an animated television series that requires a viewing device such as a TV, computer, or tablet to watch. \nThere is no practical way to set up such a viewing device in the extreme conditions of the Mariana Trench. \nTherefore, watching Rick and Morty in the Mariana Trench would not be feasible. \n#### No.", "The Mariana Trench is the deepest part of the world's oceans, located in the western Pacific Ocean. \nWatching a television show like Rick and Morty would require access to technology such as a television, streaming device, or the internet. \nGiven the extreme depth and conditions of the Mariana Trench, it is not feasible to have such technology there.\nTherefore, it would be impossible to watch Rick and Morty in the Mariana Trench.", "The Mariana Trench is the deepest part of the Earth's oceans, located in the western Pacific Ocean.\nRick and Morty is an animated television show that is typically available to watch on various streaming services or television networks on land.\nTo watch Rick and Morty, one would need a device with access to these services, which would not be available in the deep sea environment of the Mariana Trench.\nThus, it is not possible to watch Rick and Morty there due to the lack of technology and infrastructure.", 'The Mariana Trench is a deep underwater trench located in the western Pacific Ocean. \nTelevision shows like Rick and Morty require a means of broadcasting, such as a television or streaming device. \nThere is no infrastructure for television or internet services in the Mariana Trench due to its extreme depth and remote location.\nThus, it is not possible to watch Rick and Morty in the Mariana Trench. \n#### No.']

====================
Query:
Use the step-by-step method as shown in the examples to answer the question. Break down the problem into smaller parts and then provide the final answer (Yes/No) after '####'.

Example 1:
Q: Karachi was a part of Alexander the Great's success?

A: Karachi is a city in modern day Pakistan.
Krokola was an ancient port located in what is now Karachi.
Alexander the Great stationed his fleet in Krokola on his way to Babylon.
Alexander the Great defeated Darius and conquered Babylon before expanding his 
empire.
#### Yes.

Example 2:
Q: Was P. G. Wodehouse's favorite book The Hunger Games?

A: P. G. Wodehouse died in 1975.
The Hunger Games was published in 2008.
#### No.
IMPORTANT:
- Think step by step.
- The final line must be exactly in the format: #### Yes. or #### No.
- Do not end with anything else after the final answer.
Your Question:
Q: Could someone with fine motor control issues benefit from an altered keyboard layout?

A: 
Responses:
['A: Fine motor control issues can make it difficult for individuals to use standard keyboards effectively. \nAn altered keyboard layout can be designed to be more accessible and easier to use for those with such difficulties.\nAlternative layouts may include larger keys, rearranged keys for easier access, or keyboards with more tactile feedback.\nThis alteration could lead to improved typing speed and accuracy for individuals with fine motor control issues.\n#### Yes.', 'A: Fine motor control issues can make typing difficult with standard keyboard layouts. \nAltered keyboard layouts, such as those with larger keys or customized arrangements, can help individuals find and press the keys more easily. \nErgonomic keyboards and layouts designed for accessibility can reduce strain and improve efficiency for those with such issues. \nTherefore, an altered keyboard layout could indeed provide benefits to someone with fine motor control issues. \n#### Yes.', 'A: Fine motor control issues can make it difficult for individuals to use standard keyboards effectively. \nAn altered keyboard layout can be designed to accommodate those with such challenges, making keys easier to reach and press.\nThese layouts may involve larger keys, fewer keys, or different arrangements of keys to enhance accessibility.\nTherefore, it is likely that someone with fine motor control issues could benefit from a modified keyboard layout to improve their typing experience.\n#### Yes.', "Fine motor control issues can affect a person's ability to use standard keyboards effectively. \nAn altered keyboard layout can accommodate different hand sizes or movements, potentially making typing easier. \nAdaptive technology, including modified keyboard layouts, often aims to support individuals with various physical challenges. \nThese adaptations can lead to improved accessibility and comfort for users with fine motor control issues. \n#### Yes."]

====================
Query:
Use the step-by-step method as shown in the examples to answer the question. Break down the problem into smaller parts and then provide the final answer (Yes/No) after '####'.

Example 1:
Q: Karachi was a part of Alexander the Great's success?

A: Karachi is a city in modern day Pakistan.
Krokola was an ancient port located in what is now Karachi.
Alexander the Great stationed his fleet in Krokola on his way to Babylon.
Alexander the Great defeated Darius and conquered Babylon before expanding his 
empire.
#### Yes.

Example 2:
Q: Was P. G. Wodehouse's favorite book The Hunger Games?

A: P. G. Wodehouse died in 1975.
The Hunger Games was published in 2008.
#### No.
IMPORTANT:
- Think step by step.
- The final line must be exactly in the format: #### Yes. or #### No.
- Do not end with anything else after the final answer.
Your Question:
Q: Will Tokyo Tower be repainted only once during President Trump's first term?

A: 
Responses:
["Tokyo Tower is a communications and observation tower in Tokyo, Japan. The tower was completed in 1958. It's known that Tokyo Tower requires regular maintenance and repainting to protect it from rust and maintain its appearance. The repainting of the tower is a scheduled task and is done every few years.", 'Tokyo Tower is a communications and observation tower located in Tokyo, Japan. The tower was completed in 1958 and has undergone multiple paint jobs since its construction.', "Tokyo Tower is a communications and observation tower located in Tokyo, Japan. \nIt was first opened to the public in 1958 and has undergone several repainting cycles since then. \nDuring President Trump's first term, which lasted from January 2017 to January 2021, there was no specific announcement indicating that Tokyo Tower would only be repainted once. \nTypically, the repainting of such structures is done on a regular maintenance schedule, not limited to political terms.", "Tokyo Tower is a communications and observation tower located in Tokyo, Japan. President Trump was in office from January 20, 2017, to January 20, 2021. The last major repainting of Tokyo Tower took place in 2016, just before Trump took office. Tokyo Tower is typically repainted every five years to maintain its appearance, but this timeline is not guaranteed. Therefore, during President Trump's first term, it would be possible for it to undergo another repainting if it followed the regular schedule. Determining if it will be repainted only once is speculative without current or specific future plans."]

====================
Query:
Use the step-by-step method as shown in the examples to answer the question. Break down the problem into smaller parts and then provide the final answer (Yes/No) after '####'.

Example 1:
Q: Karachi was a part of Alexander the Great's success?

A: Karachi is a city in modern day Pakistan.
Krokola was an ancient port located in what is now Karachi.
Alexander the Great stationed his fleet in Krokola on his way to Babylon.
Alexander the Great defeated Darius and conquered Babylon before expanding his 
empire.
#### Yes.

Example 2:
Q: Was P. G. Wodehouse's favorite book The Hunger Games?

A: P. G. Wodehouse died in 1975.
The Hunger Games was published in 2008.
#### No.
IMPORTANT:
- Think step by step.
- The final line must be exactly in the format: #### Yes. or #### No.
- Do not end with anything else after the final answer.
Your Question:
Q: Is Edgar Allan Poe obscure in the world of horror fiction?

A: 
Responses:
['Edgar Allan Poe is considered one of the most significant figures in American literature.  \nHe is often credited with pioneering the modern horror genre with his short stories and poems.  \nPoe\'s works, such as "The Tell-Tale Heart" and "The Raven," are widely studied and celebrated.  \nHe has had a lasting influence on writers in the horror and mystery genres.  \nTherefore, he is not considered obscure; rather, he is a foundational figure in horror fiction.  \n#### No.', 'Edgar Allan Poe is widely regarded as a pioneer of the horror fiction genre. \nHe is known for his macabre poetry and short stories, including famous works such as "The Tell-Tale Heart" and "The Fall of the House of Usher." \nPoe\'s influence on horror fiction is significant, and he is often mentioned alongside other literary giants in the genre.\nHe has a well-established reputation and is studied in literature courses around the world. \nThus, he cannot be considered obscure in the realm of horror fiction.', 'Edgar Allan Poe is a famous American writer known for his contributions to the horror genre.', 'Edgar Allan Poe is a well-known figure in the genre of horror fiction.  \nHe is credited with pioneering the detective fiction genre as well.  \nPoe\'s works, such as "The Tell-Tale Heart," "The Fall of the House of Usher," and "The Cask of Amontillado," are considered classics of horror literature.  \nHe has influenced many writers and filmmakers in the genre.  \nDue to his significant contributions, Poe is widely recognized and celebrated in literary circles.  \n#### No.']

====================
Query:
Use the step-by-step method as shown in the examples to answer the question. Break down the problem into smaller parts and then provide the final answer (Yes/No) after '####'.

Example 1:
Q: Karachi was a part of Alexander the Great's success?

A: Karachi is a city in modern day Pakistan.
Krokola was an ancient port located in what is now Karachi.
Alexander the Great stationed his fleet in Krokola on his way to Babylon.
Alexander the Great defeated Darius and conquered Babylon before expanding his 
empire.
#### Yes.

Example 2:
Q: Was P. G. Wodehouse's favorite book The Hunger Games?

A: P. G. Wodehouse died in 1975.
The Hunger Games was published in 2008.
#### No.
IMPORTANT:
- Think step by step.
- The final line must be exactly in the format: #### Yes. or #### No.
- Do not end with anything else after the final answer.
Your Question:
Q: Does Alec Baldwin have more children than Clint Eastwood?

A: 
Responses:
['Alec Baldwin has six children, with his eldest daughter born in 1993 and his youngest child born in 2021.  \nClint Eastwood has eight children, with his first child born in 1953 and his youngest child born in 2010.  \nComparing the two, Alec Baldwin has six children, while Clint Eastwood has eight.', 'Alec Baldwin has a total of 6 children as of 2023. \nClint Eastwood has a total of 8 children as of 2023. \nComparing the two, Clint Eastwood has more children than Alec Baldwin. \n#### No.', 'A: Alec Baldwin has a total of 6 children. \nClint Eastwood has a total of 8 children. \nWhen comparing the number of children, Clint Eastwood has more. \n#### No.', 'Alec Baldwin has four children.  \nClint Eastwood has eight children.  \nComparing the two, Clint Eastwood has more children than Alec Baldwin.  \n#### No.']

====================
Query:
Use the step-by-step method as shown in the examples to answer the question. Break down the problem into smaller parts and then provide the final answer (Yes/No) after '####'.

Example 1:
Q: Karachi was a part of Alexander the Great's success?

A: Karachi is a city in modern day Pakistan.
Krokola was an ancient port located in what is now Karachi.
Alexander the Great stationed his fleet in Krokola on his way to Babylon.
Alexander the Great defeated Darius and conquered Babylon before expanding his 
empire.
#### Yes.

Example 2:
Q: Was P. G. Wodehouse's favorite book The Hunger Games?

A: P. G. Wodehouse died in 1975.
The Hunger Games was published in 2008.
#### No.
IMPORTANT:
- Think step by step.
- The final line must be exactly in the format: #### Yes. or #### No.
- Do not end with anything else after the final answer.
Your Question:
Q: Can a strawberry get worms similar to dogs?

A: 
Responses:
['A: A strawberry is a type of fruit produced by the flowering plant Fragaria.\nWorms typically refer to parasitic organisms that can infect animals, including dogs.\nFruits like strawberries may occasionally be infested by pests such as fruit flies or caterpillars, but these are not the same as the worms that infect dogs.\nThe types of worms that affect dogs are generally internal parasites, not applicable to fruits.\n#### No.', 'A: Strawberries are fruits that grow on plants.\nWorms typically refer to parasites or insects, often affecting animals like dogs.\nStrawberries can have pests such as nematodes or fruit flies, but these are not worms like those found in dogs.\nDogs can get worm infections from certain types of parasites, which do not target strawberries.\n#### No.', 'A: Strawberries are a type of fruit that grows on plants. \nWorms are typically associated with animals such as dogs, often in the context of parasitic infections. \nStrawberries can be affected by pests and diseases, but these are not worms like those found in dogs. \nInstead, common pests affecting strawberries include insects like aphids or larvae of fruit flies. \nThus, strawberries do not get worms similar to those in dogs. \n#### No.', 'A: Strawberries are a type of fruit found on plants, while dogs are mammals.\nWorms found in dogs are usually parasites like tapeworms or roundworms, which specifically infect animals.\nStrawberries can be infested by certain insects, such as aphids or worms like the strawberry root weevil, but these are not the same type of worms that affect dogs.\nTherefore, while strawberries can have pests, they do not get worms in the same way dogs do.\n#### No.']

====================
Query:
Use the step-by-step method as shown in the examples to answer the question. Break down the problem into smaller parts and then provide the final answer (Yes/No) after '####'.

Example 1:
Q: Karachi was a part of Alexander the Great's success?

A: Karachi is a city in modern day Pakistan.
Krokola was an ancient port located in what is now Karachi.
Alexander the Great stationed his fleet in Krokola on his way to Babylon.
Alexander the Great defeated Darius and conquered Babylon before expanding his 
empire.
#### Yes.

Example 2:
Q: Was P. G. Wodehouse's favorite book The Hunger Games?

A: P. G. Wodehouse died in 1975.
The Hunger Games was published in 2008.
#### No.
IMPORTANT:
- Think step by step.
- The final line must be exactly in the format: #### Yes. or #### No.
- Do not end with anything else after the final answer.
Your Question:
Q: Would a packed Wembley stadium be likely to have a descendant of the Mongols inside?

A: 
Responses:
['A: Wembley Stadium is located in London, England, and is known for hosting sporting events and concerts. \nThe Mongol Empire existed in the 13th and 14th centuries, and its descendants would be those people who can trace their lineage back to that time. \nModern day descendants of the Mongols could be found in various regions, especially in Mongolia and surrounding areas. \nHowever, Wembley Stadium is primarily a venue for people from diverse backgrounds, predominantly from the UK and Europe.\nThere is no specific indication that a packed Wembley Stadium would likely include descendants of the Mongols, as this would depend on various demographic factors which are not guaranteed.', 'A: Wembley Stadium is located in London, England, and is known for hosting large events, including football matches and concerts. \nThe Mongol Empire, led by Genghis Khan and his successors, existed in the 13th and 14th centuries, primarily in Central Asia and parts of Europe. \nDescendants of Mongols could potentially be found in various places due to historical conquests and migrations. However, whether a packed stadium like Wembley specifically contains a descendant of the Mongols is uncertain and would depend on the diverse backgrounds of the individuals present there. \nThere is no definitive evidence to suggest that a descendant of the Mongols would be present in a packed Wembley stadium.\n#### No.', 'A: Wembley Stadium is located in London, England, and is known for hosting large events, including sports and concerts. \nThe Mongol Empire, which was established in the 13th century, has long since dissolved, and its descendants would be dispersed throughout various regions of the world today.\nWhile it is theoretically possible that a descendant of the Mongols could attend an event at Wembley, there is no specific reason or evidence to suggest that this is likely or common.\n#### No.', 'A: Wembley Stadium is located in London, England. \nThe Mongol Empire existed in the 13th and 14th centuries and primarily consisted of regions in Asia.\nDescendants of the Mongols could be found in various countries, but they would primarily be in Central Asia or regions that were part of the former Mongol Empire.\nIn modern-day London, the likelihood of having a direct descendant of the Mongols in a packed stadium is very low given the historical and geographical differences.\n#### No.']

====================
Query:
Use the step-by-step method as shown in the examples to answer the question. Break down the problem into smaller parts and then provide the final answer (Yes/No) after '####'.

Example 1:
Q: Karachi was a part of Alexander the Great's success?

A: Karachi is a city in modern day Pakistan.
Krokola was an ancient port located in what is now Karachi.
Alexander the Great stationed his fleet in Krokola on his way to Babylon.
Alexander the Great defeated Darius and conquered Babylon before expanding his 
empire.
#### Yes.

Example 2:
Q: Was P. G. Wodehouse's favorite book The Hunger Games?

A: P. G. Wodehouse died in 1975.
The Hunger Games was published in 2008.
#### No.
IMPORTANT:
- Think step by step.
- The final line must be exactly in the format: #### Yes. or #### No.
- Do not end with anything else after the final answer.
Your Question:
Q: Does Capricorn astrology symbol have all of the parts of a chimera?

A: 
Responses:
["Capricorn is represented by a sea-goat, which has the front half of a goat and the tail of a fish.  \nA chimera is typically depicted as a creature with parts from various animals, such as a lion, goat, and snake.  \nThe sea-goat does not contain all the parts of a chimera as defined in mythology.  \nTherefore, Capricorn's astrological symbol is not a chimera.  \n#### No.", "Capricorn is represented by the sea-goat, which is half goat and half fish. \nA chimera is a creature from Greek mythology that typically has features from multiple animals, often including a combination of lions, goats, and serpents. \nThe sea-goat, while unique to Capricorn, does not encompass the diverse animal traits found in a typical chimera. \nThus, Capricorn's astrology symbol does not contain all parts of a chimera as defined in mythology. \n#### No.", "Capricorn is represented by a sea-goat, which is a mythical creature with the front half of a goat and the tail of a fish.\nA chimera in mythology typically includes parts from different animals, often described as having a lion's head, a goat's body, and a serpent's tail.\nWhile Capricorn and chimera both incorporate elements of multiple animals, Capricorn specifically has a goat and a fish, not the combination of a lion and a goat.\nTherefore, Capricorn does not contain all the parts of a chimera.\n#### No.", 'This question is about the Capricorn astrology symbol and its representation.  \nCapricorn is represented by a sea-goat, which is a creature that has features of both a goat and a fish.  \nA chimera, in mythology, is typically described as a monstrous fire-breathing hybrid creature composed of parts from different animals, often depicted as a lion, goat, and serpent.  \nThe Capricorn symbol does not incorporate all the parts of a chimera; it specifically combines only the characteristics of a goat and a fish.']

====================
Query:
Use the step-by-step method as shown in the examples to answer the question. Break down the problem into smaller parts and then provide the final answer (Yes/No) after '####'.

Example 1:
Q: Karachi was a part of Alexander the Great's success?

A: Karachi is a city in modern day Pakistan.
Krokola was an ancient port located in what is now Karachi.
Alexander the Great stationed his fleet in Krokola on his way to Babylon.
Alexander the Great defeated Darius and conquered Babylon before expanding his 
empire.
#### Yes.

Example 2:
Q: Was P. G. Wodehouse's favorite book The Hunger Games?

A: P. G. Wodehouse died in 1975.
The Hunger Games was published in 2008.
#### No.
IMPORTANT:
- Think step by step.
- The final line must be exactly in the format: #### Yes. or #### No.
- Do not end with anything else after the final answer.
Your Question:
Q: Would it be common to find a penguin in Miami?

A: 
Responses:
['A: Penguins are primarily found in the Southern Hemisphere, especially in Antarctica and surrounding regions. \nMiami is located in the Northern Hemisphere, specifically in Florida. \nThe tropical climate of Miami does not support the natural habitats of penguins. \nWhile zoos or aquariums may have penguins, it is not common to find them in the wild in Miami. \n#### No.', 'A: Penguins are primarily found in the Southern Hemisphere, especially in Antarctica.\nThe natural habitat of penguins includes cold regions and coastal areas, not tropical climates.\nMiami is located in Florida, which is a warm, subtropical region.\nIt would be highly unusual to find a penguin in such a warm climate without human intervention.\n#### No.', 'Miami is a city located in Florida, known for its warm climate. Penguins are aquatic birds primarily found in the Southern Hemisphere, particularly in Antarctica and surrounding regions. While some species of penguins can live in warmer climates, they are not native to or commonly found in Florida. Zoos and aquariums may have penguins on display, but they are not wild inhabitants of the area.', 'A: Penguins are native to the Southern Hemisphere, primarily found in places like Antarctica, South America, Africa, Australia, and New Zealand.\nMiami is located in Florida, which is in the Northern Hemisphere.\nPenguins are not commonly found in warm climates like Miami; they thrive in cold environments.\n#### No.']

====================
Query:
Use the step-by-step method as shown in the examples to answer the question. Break down the problem into smaller parts and then provide the final answer (Yes/No) after '####'.

Example 1:
Q: Karachi was a part of Alexander the Great's success?

A: Karachi is a city in modern day Pakistan.
Krokola was an ancient port located in what is now Karachi.
Alexander the Great stationed his fleet in Krokola on his way to Babylon.
Alexander the Great defeated Darius and conquered Babylon before expanding his 
empire.
#### Yes.

Example 2:
Q: Was P. G. Wodehouse's favorite book The Hunger Games?

A: P. G. Wodehouse died in 1975.
The Hunger Games was published in 2008.
#### No.
IMPORTANT:
- Think step by step.
- The final line must be exactly in the format: #### Yes. or #### No.
- Do not end with anything else after the final answer.
Your Question:
Q: Was Mother Theresa a follower of atheism?

A: 
Responses:
['Mother Teresa was a Roman Catholic nun and missionary.  \nShe dedicated her life to serving the poor and sick, which is aligned with her religious beliefs.  \nHer work was rooted in her strong faith in God and commitment to Christianity.  \nAtheism, by definition, is the lack of belief in God or gods, which contradicts her beliefs and life’s work.  \n#### No.', 'Mother Teresa was born in 1910 and was a devout Catholic.\nShe dedicated her life to serving the poor and sick in the name of Jesus Christ.\nHer work was rooted in her strong religious beliefs, emphasizing compassion and faith.\nAtheism is the absence of belief in gods or deities, which contradicts her beliefs and life work.\n#### No.', "Mother Theresa was a Roman Catholic nun and missionary.  \nShe dedicated her life to serving the poor and sick, guided by her strong faith in God.  \nAtheism is the disbelief in the existence of God or gods, which is contrary to Mother Theresa's beliefs.  \nGiven her devotion to her faith and the Church, it is clear she was not an atheist.  \n#### No.", 'Mother Teresa was born in Albania and later became an Indian citizen.  \nShe was a Roman Catholic nun and missionary known for her charitable work.  \nHer life was dedicated to the service of the poor and the sick through her organization, the Missionaries of Charity.  \nAtheism is the belief that there is no God, which contrasts with her deep Christian faith and belief in God.  \nThere are numerous records of her religious beliefs and practices that affirm her commitment to Christianity.  \n#### No.']

====================
Query:
Use the step-by-step method as shown in the examples to answer the question. Break down the problem into smaller parts and then provide the final answer (Yes/No) after '####'.

Example 1:
Q: Karachi was a part of Alexander the Great's success?

A: Karachi is a city in modern day Pakistan.
Krokola was an ancient port located in what is now Karachi.
Alexander the Great stationed his fleet in Krokola on his way to Babylon.
Alexander the Great defeated Darius and conquered Babylon before expanding his 
empire.
#### Yes.

Example 2:
Q: Was P. G. Wodehouse's favorite book The Hunger Games?

A: P. G. Wodehouse died in 1975.
The Hunger Games was published in 2008.
#### No.
IMPORTANT:
- Think step by step.
- The final line must be exactly in the format: #### Yes. or #### No.
- Do not end with anything else after the final answer.
Your Question:
Q: Would the average American family find Adam Sandler's home to be too small?

A: 
Responses:
["To answer the question, we need to assess the size of Adam Sandler's home in relation to the average American family's living space needs.", "Adam Sandler is a famous American actor and comedian.\nHe has a large home located in Los Angeles, California.\nThe average American family home size is approximately 2,500 square feet.\nAdam Sandler's home is significantly larger than the average American family home.\nBased on this information, the average American family likely would not find his home to be too small.\n#### No.", "Adam Sandler is a well-known actor and comedian. \nHe owns a large and luxurious home in Los Angeles, California.\nThe average American family lives in a home that is significantly smaller than Sandler's mansion.\nTherefore, it is likely that the average American family would find Sandler's home to be quite spacious.\n#### No.", "Adam Sandler is a well-known American actor and comedian.  \nHe is known to have owned multiple properties, including a large home in California.  \nThe average American family typically lives in a home that is around 2,500 to 2,800 square feet, depending on the region.  \nSandler's home is likely significantly larger than the average American family's home.  \nTherefore, it is unlikely that the average American family would find his home to be too small.  \n#### No."]

====================
Query:
Use the step-by-step method as shown in the examples to answer the question. Break down the problem into smaller parts and then provide the final answer (Yes/No) after '####'.

Example 1:
Q: Karachi was a part of Alexander the Great's success?

A: Karachi is a city in modern day Pakistan.
Krokola was an ancient port located in what is now Karachi.
Alexander the Great stationed his fleet in Krokola on his way to Babylon.
Alexander the Great defeated Darius and conquered Babylon before expanding his 
empire.
#### Yes.

Example 2:
Q: Was P. G. Wodehouse's favorite book The Hunger Games?

A: P. G. Wodehouse died in 1975.
The Hunger Games was published in 2008.
#### No.
IMPORTANT:
- Think step by step.
- The final line must be exactly in the format: #### Yes. or #### No.
- Do not end with anything else after the final answer.
Your Question:
Q: Could the Dominican Order hypothetically defeat Blessed Gerard's order?

A: 
Responses:
['The Dominican Order is a Catholic religious order founded by Saint Dominic in the early 13th century.  \nBlessed Gerard\'s Order, known as the Knights of Saint John of Jerusalem or the Hospitallers, was founded in the same century to provide care for the sick and poor.  \nBoth orders have distinct missions and historical contexts, focusing on preaching and education for the Dominicans, and hospitality and defense for the Hospitallers.  \nThere is no historical conflict or competition noted between the two orders that suggests one could "defeat" the other; rather, they served different purposes within the same church framework.  \nSince no evidence supports the idea of a confrontation or competition where one could defeat the other, the premise of the question is hypothetically ungrounded.  \n#### No.', 'The Dominican Order, officially known as the Order of Preachers, was founded in 1216 and focuses on preaching, teaching, and scholarship within the Catholic Church.', 'The Dominican Order is a mendicant religious order founded in the early 13th century focused on preaching and education.\nBlessed Gerard\'s order, known as the Knights of St. John or the Knights Hospitaller, was established to provide care for the sick and defend the faith.\nBoth orders have distinct missions and capabilities; however, the "defeat" in a hypothetical sense would depend on the context of the confrontation—military strength, moral debate, etc.\nConsidering their vastly different objectives and origins, it\'s challenging to assert that one could defeat the other in a general sense.\n#### No.', "The Dominican Order is a Roman Catholic religious order founded in the early 13th century, known for preaching and teaching.\nBlessed Gerard's Order refers to the Knights Hospitaller, founded in the 11th century, primarily focused on providing care for the sick and undertaking military efforts during the Crusades.\nThe Dominican Order emphasizes intellectual pursuits and theological debate, while the Knights Hospitaller were militaristic and focused on chivalric duties.\nA hypothetical confrontation between these two orders would depend on context, such as the nature of the challenge (theological vs. military).\nHowever, the Dominican Order does not engage in military activities as their primary mission contrasts with that of the Knights Hospitaller.\nIn terms of direct military confrontation, the Dominican Order would likely be at a disadvantage given it is a religious order not focused on warfare."]

====================
Query:
Use the step-by-step method as shown in the examples to answer the question. Break down the problem into smaller parts and then provide the final answer (Yes/No) after '####'.

Example 1:
Q: Karachi was a part of Alexander the Great's success?

A: Karachi is a city in modern day Pakistan.
Krokola was an ancient port located in what is now Karachi.
Alexander the Great stationed his fleet in Krokola on his way to Babylon.
Alexander the Great defeated Darius and conquered Babylon before expanding his 
empire.
#### Yes.

Example 2:
Q: Was P. G. Wodehouse's favorite book The Hunger Games?

A: P. G. Wodehouse died in 1975.
The Hunger Games was published in 2008.
#### No.
IMPORTANT:
- Think step by step.
- The final line must be exactly in the format: #### Yes. or #### No.
- Do not end with anything else after the final answer.
Your Question:
Q: Is sunscreen unhelpful for the condition that killed Bob Marley?

A: 
Responses:
['A: Bob Marley died from complications of melanoma, a form of skin cancer.\nSunscreen is used to protect the skin from harmful UV rays that can contribute to skin cancer.\nThus, sunscreen is generally considered helpful in preventing skin damage and potentially reducing the risk of developing skin cancer.\nTherefore, sunscreen is not unhelpful for the condition that killed Bob Marley. \n#### No.', 'A: Bob Marley died from melanoma, a type of skin cancer.  \nSunscreen is used to protect the skin from harmful UV rays that can lead to skin cancer.  \nHowever, it does not guarantee complete prevention or treatment of melanoma after it has developed.  \nThus, while sunscreen can help reduce the risk of skin cancer, it does not directly benefit someone already affected by melanoma.  \n#### Yes.', 'A: Bob Marley died from complications related to melanoma, a type of skin cancer. \nSunscreen is known to help protect the skin from UV radiation, which can contribute to skin cancer. \nUsing sunscreen can be helpful in preventing skin damage that may lead to melanoma. \nTherefore, sunscreen is not unhelpful for the condition that killed Bob Marley. \n#### No.', "A: Bob Marley died from melanoma, which is a type of skin cancer.  \nSunscreen is used to protect the skin from harmful UV rays that can lead to skin damage and increase the risk of skin cancer.  \nWhile sunscreen is important for skin protection, it does not cure existing skin conditions like melanoma.  \nTherefore, sunscreen would not have been helpful in treating Bob Marley's melanoma.  \n#### Yes."]

====================
Query:
Use the step-by-step method as shown in the examples to answer the question. Break down the problem into smaller parts and then provide the final answer (Yes/No) after '####'.

Example 1:
Q: Karachi was a part of Alexander the Great's success?

A: Karachi is a city in modern day Pakistan.
Krokola was an ancient port located in what is now Karachi.
Alexander the Great stationed his fleet in Krokola on his way to Babylon.
Alexander the Great defeated Darius and conquered Babylon before expanding his 
empire.
#### Yes.

Example 2:
Q: Was P. G. Wodehouse's favorite book The Hunger Games?

A: P. G. Wodehouse died in 1975.
The Hunger Games was published in 2008.
#### No.
IMPORTANT:
- Think step by step.
- The final line must be exactly in the format: #### Yes. or #### No.
- Do not end with anything else after the final answer.
Your Question:
Q: Can a woman on average have a baby before wheat seed blooms?

A: 
Responses:
['A: The average gestation period for a human baby is about 9 months (approximately 40 weeks).\nWheat seeds typically take about 3-4 months from planting to bloom, depending on the variety and growing conditions.\nSince 9 months (40 weeks) is longer than the blooming period of wheat seed (3-4 months), a woman cannot have a baby on average before wheat seed blooms.\n#### No.', 'A: The gestation period for a human baby is approximately 9 months (or about 40 weeks).\nWheat typically blooms in the spring, around late May to June, depending on the variety and climate.\nIf a woman conceives in early spring, she can give birth by winter, which is before the next wheat season.\nThus, she can have a baby before the next bloom of wheat seeds. \n#### Yes.', "A: The average gestation period for a human baby is about 9 months (approximately 40 weeks).\nWheat typically blooms, or flowers, about 2 to 4 months after planting, depending on the variety and growing conditions.\nIf a woman has a baby before the wheat seed blooms, it would mean she is giving birth before the wheat's flowering time.\nSince wheat blooms in a shorter time frame than the gestation period, a woman cannot have a baby before wheat seed blooms on average.\n#### No.", 'A: The average human gestation period is about 9 months (approximately 40 weeks).\nWheat is typically planted in the spring and blooms in late spring to early summer, depending on the variety and climate.\nFor example, if wheat is planted in April, it may bloom around June.\nA woman can conceive and have a baby about 9 months after conception, which would be after the bloom time if wheat is planted in the spring.\nThus, a woman cannot average having a baby before the wheat seed blooms.\n#### No.']

====================
Query:
Use the step-by-step method as shown in the examples to answer the question. Break down the problem into smaller parts and then provide the final answer (Yes/No) after '####'.

Example 1:
Q: Karachi was a part of Alexander the Great's success?

A: Karachi is a city in modern day Pakistan.
Krokola was an ancient port located in what is now Karachi.
Alexander the Great stationed his fleet in Krokola on his way to Babylon.
Alexander the Great defeated Darius and conquered Babylon before expanding his 
empire.
#### Yes.

Example 2:
Q: Was P. G. Wodehouse's favorite book The Hunger Games?

A: P. G. Wodehouse died in 1975.
The Hunger Games was published in 2008.
#### No.
IMPORTANT:
- Think step by step.
- The final line must be exactly in the format: #### Yes. or #### No.
- Do not end with anything else after the final answer.
Your Question:
Q: Could a markhor give birth three times in a single year?

A: 
Responses:
['Markhor is a species of wild goat found in Central Asia and parts of the Middle East.\nThe typical gestation period for a markhor is around 5 to 6 months.\nWild goats usually give birth to one kid at a time, though twins are possible but rare.\nGiven the gestation period, a markhor would not be able to conceive and give birth three times in a single year.\n#### No.', 'Markhor are wild goat species found in Central Asia, often noted for their impressive twisted horns. They typically have a reproductive cycle that allows them to give birth once a year.', 'Markhor is a wild goat species found in mountainous regions of Central Asia and the Himalayas.\nTypically, markhor females have a gestation period of about 5 to 6 months.\nAfter giving birth, usually a female markhor will not conceive again immediately.\nIn general, mammals have limitations on the frequency of reproduction based on gestation and nursing periods.\nGiven these biological constraints, it is highly unlikely for a markhor to give birth three times in a single year.', 'A: The markhor is a species of wild goat found in Central and South Asia.\nTypically, markhors have a gestation period of about 150 days, which is approximately five months.\nIt is biological impractical for most mammals, including markhors, to give birth three times within a single year due to the gestation period required for each pregnancy.\nThus, the usual reproductive rate for markhors would not support the possibility of three births in one year.\n#### No.']

====================
Query:
Use the step-by-step method as shown in the examples to answer the question. Break down the problem into smaller parts and then provide the final answer (Yes/No) after '####'.

Example 1:
Q: Karachi was a part of Alexander the Great's success?

A: Karachi is a city in modern day Pakistan.
Krokola was an ancient port located in what is now Karachi.
Alexander the Great stationed his fleet in Krokola on his way to Babylon.
Alexander the Great defeated Darius and conquered Babylon before expanding his 
empire.
#### Yes.

Example 2:
Q: Was P. G. Wodehouse's favorite book The Hunger Games?

A: P. G. Wodehouse died in 1975.
The Hunger Games was published in 2008.
#### No.
IMPORTANT:
- Think step by step.
- The final line must be exactly in the format: #### Yes. or #### No.
- Do not end with anything else after the final answer.
Your Question:
Q: Would you spend less on your food at Aldi than at Whole Foods?

A: 
Responses:
['A: Aldi is known for its low prices and is often considered a discount grocery store.\nWhole Foods is known for its higher prices and premium products, focusing on organic and healthy options.\nComparing the typical price ranges, Aldi generally offers groceries at a lower cost than Whole Foods.\nAs a result, most consumers spend less on food at Aldi compared to Whole Foods.\n#### Yes.', 'A: Aldi is known for its low prices and discount grocery items.  \nWhole Foods is recognized for its higher prices that reflect organic and specialty products.  \nTypically, shopping at Aldi results in lower overall food expenses compared to Whole Foods.  \nMany consumers report spending significantly less when purchasing groceries at Aldi.  \n#### Yes.', 'A: Aldi is known for its discount pricing and lower overall costs on groceries.  \nWhole Foods is known for its higher prices due to its focus on organic and premium products.  \nMany consumers report spending significantly less on their grocery bills at Aldi compared to Whole Foods.  \nThis is supported by various consumer surveys and price comparisons between the two stores.  \n#### Yes.', 'A: Aldi is known for offering lower prices on groceries compared to many other retailers.\nWhole Foods is often positioned as a premium grocery store with higher prices for organic and high-quality products.\nComparative shopping data typically shows that customers can save money on food by shopping at Aldi rather than Whole Foods.\nTherefore, spending less on food at Aldi is generally true.  \n#### Yes.']

====================
Query:
Use the step-by-step method as shown in the examples to answer the question. Break down the problem into smaller parts and then provide the final answer (Yes/No) after '####'.

Example 1:
Q: Karachi was a part of Alexander the Great's success?

A: Karachi is a city in modern day Pakistan.
Krokola was an ancient port located in what is now Karachi.
Alexander the Great stationed his fleet in Krokola on his way to Babylon.
Alexander the Great defeated Darius and conquered Babylon before expanding his 
empire.
#### Yes.

Example 2:
Q: Was P. G. Wodehouse's favorite book The Hunger Games?

A: P. G. Wodehouse died in 1975.
The Hunger Games was published in 2008.
#### No.
IMPORTANT:
- Think step by step.
- The final line must be exactly in the format: #### Yes. or #### No.
- Do not end with anything else after the final answer.
Your Question:
Q: Can a sea turtle play tennis using a tennis racket?

A: 
Responses:
['A: Sea turtles are marine reptiles that live in the ocean. \nThey have flippers instead of arms, which are not designed for holding objects. \nPlaying tennis requires the ability to hold and swing a racket, which is not possible for a sea turtle.\nTennis is a game meant for players with the ability to use their hands effectively. \n#### No.', 'A: Sea turtles are marine animals that live in the ocean.  \nTheir physical anatomy is not suited for playing sports.  \nSea turtles have flippers instead of hands, making it impossible for them to grasp a tennis racket.  \nTennis requires a level of coordination and skill that sea turtles cannot achieve.  \n#### No.', 'A: Sea turtles are marine reptiles that live in the ocean. \nThey have flippers instead of hands and cannot use tools in the same way that humans can. \nTennis, as a sport, requires the ability to hold and swing a tennis racket, which a sea turtle is unable to do. \nAdditionally, sea turtles typically thrive in water, while tennis is played on dry surfaces. \n#### No.', 'A: Sea turtles are marine reptiles that live in oceans and are adapted to swimming.\nTennis requires a human-like ability to hold a racket and perform coordinated movements.\nSea turtles do not have the anatomical structure or cognitive skills necessary to play sports like tennis.\nIt is biologically impossible for a sea turtle to hold or swing a tennis racket.\n#### No.']

====================
Query:
Use the step-by-step method as shown in the examples to answer the question. Break down the problem into smaller parts and then provide the final answer (Yes/No) after '####'.

Example 1:
Q: Karachi was a part of Alexander the Great's success?

A: Karachi is a city in modern day Pakistan.
Krokola was an ancient port located in what is now Karachi.
Alexander the Great stationed his fleet in Krokola on his way to Babylon.
Alexander the Great defeated Darius and conquered Babylon before expanding his 
empire.
#### Yes.

Example 2:
Q: Was P. G. Wodehouse's favorite book The Hunger Games?

A: P. G. Wodehouse died in 1975.
The Hunger Games was published in 2008.
#### No.
IMPORTANT:
- Think step by step.
- The final line must be exactly in the format: #### Yes. or #### No.
- Do not end with anything else after the final answer.
Your Question:
Q: Would the Cookie Monster decline an offer of free Keebler products?

A: 
Responses:
['The Cookie Monster is a character from the children\'s television show "Sesame Street."  \nHe is known for his insatiable appetite for cookies.  \nKeebler is a brand that produces cookies and various baked goods.  \nSince Cookie Monster loves cookies and Keebler produces cookies,  \nit is unlikely that he would decline an offer of free Keebler products.  \n#### No.', 'The Cookie Monster is a character from the television show Sesame Street.  \nHe is known for his love of cookies, especially chocolate chip cookies.  \nKeebler is a brand known for its cookies, among other baked goods.  \nSince the Cookie Monster loves cookies, it is unlikely he would decline an offer of free cookies from Keebler.  \n#### No.', 'The Cookie Monster is a character from the children\'s television show "Sesame Street."  \nHe is known for his love of cookies and often emphasizes that cookies are a favorite treat of his.  \nKeebler is a brand known for its cookies and other baked goods.  \nGiven the Cookie Monster\'s enthusiastic nature regarding cookies, it is highly unlikely that he would decline an offer of free Keebler products.  \n#### Yes.', 'The Cookie Monster is a fictional character from the television show "Sesame Street."  \nHe is known for his insatiable love for cookies and frequently expresses a desire to eat them.  \nKeebler is a brand that produces various types of cookies.  \nSince the Cookie Monster loves cookies, it is unlikely that he would decline an offer of free Keebler products, as they would align with his character\'s preferences.  \n#### No.']

====================
Query:
Use the step-by-step method as shown in the examples to answer the question. Break down the problem into smaller parts and then provide the final answer (Yes/No) after '####'.

Example 1:
Q: Karachi was a part of Alexander the Great's success?

A: Karachi is a city in modern day Pakistan.
Krokola was an ancient port located in what is now Karachi.
Alexander the Great stationed his fleet in Krokola on his way to Babylon.
Alexander the Great defeated Darius and conquered Babylon before expanding his 
empire.
#### Yes.

Example 2:
Q: Was P. G. Wodehouse's favorite book The Hunger Games?

A: P. G. Wodehouse died in 1975.
The Hunger Games was published in 2008.
#### No.
IMPORTANT:
- Think step by step.
- The final line must be exactly in the format: #### Yes. or #### No.
- Do not end with anything else after the final answer.
Your Question:
Q: Can sunlight travel to the deepest part of the Black Sea?

A: 
Responses:
['Sunlight travels through water but diminishes in intensity with depth. \nThe Black Sea has a depth of over 2,200 meters. \nResearch indicates that sunlight penetration in the Black Sea is limited to about the upper 100-200 meters. \nBelow this depth, the darkness prevails and no sunlight reaches the bottom. \nThus, sunlight cannot reach the deepest part of the Black Sea. \n#### No.', 'The Black Sea has varying depths, with the deepest part being around 2,212 meters (7,257 feet).\nSunlight penetration in water decreases with depth; it typically only penetrates a few hundred meters in clear ocean water.\nIn the case of the Black Sea, sunlight can generally reach a maximum depth of approximately 200 meters.\nTherefore, sunlight cannot reach the deepest part of the Black Sea, which is much deeper than the maximum penetration level.', 'Sunlight penetrates water to a certain depth, which is limited by factors such as water clarity and the angle of the sun. The Black Sea has a maximum depth of about 2,200 meters. Generally, sunlight can only reach a few hundred meters underwater and most of it is absorbed in the upper layer of water.', 'The Black Sea has a maximum depth of about 2,212 meters (7,257 feet).\nSunlight can penetrate water only to certain depths, typically around 200 meters in oceanic waters.\nBelow this depth, there is little to no light due to the absorption of light by water.\nTherefore, the deepest part of the Black Sea is well beyond the reach of sunlight.\n#### No.']

====================
Query:
Use the step-by-step method as shown in the examples to answer the question. Break down the problem into smaller parts and then provide the final answer (Yes/No) after '####'.

Example 1:
Q: Karachi was a part of Alexander the Great's success?

A: Karachi is a city in modern day Pakistan.
Krokola was an ancient port located in what is now Karachi.
Alexander the Great stationed his fleet in Krokola on his way to Babylon.
Alexander the Great defeated Darius and conquered Babylon before expanding his 
empire.
#### Yes.

Example 2:
Q: Was P. G. Wodehouse's favorite book The Hunger Games?

A: P. G. Wodehouse died in 1975.
The Hunger Games was published in 2008.
#### No.
IMPORTANT:
- Think step by step.
- The final line must be exactly in the format: #### Yes. or #### No.
- Do not end with anything else after the final answer.
Your Question:
Q: Would Felicity Huffman vote for Mike DeWine?

A: 
Responses:
['Felicity Huffman is an American actress known for her roles in television and film. \nMike DeWine is a politician serving as the Governor of Ohio. \nFelicity Huffman is known to be politically active and has publicly supported Democratic candidates. \nThere is no public record or statement indicating Felicity Huffman would support a Republican candidate like Mike DeWine. \nTherefore, it is unlikely she would vote for him. \n#### No.', 'A: Felicity Huffman is an American actress known for her roles in television and film. \nMike DeWine is a political figure serving as the Governor of Ohio. \nWithout explicit information or statements from Huffman regarding her voting preferences, it is impossible to determine if she would vote for DeWine. \nAdditionally, as a Democrat, Huffman may not align with the political views of a Republican governor.  \n#### No.', 'A: Felicity Huffman is an American actress known for her role in the television series "Desperate Housewives." \nMike DeWine is the Governor of Ohio and a member of the Republican Party. \nThere is no public information indicating Felicity Huffman\'s political affiliations or voting preferences regarding Mike DeWine specifically.\nTherefore, it is uncertain whether Felicity Huffman would vote for Mike DeWine. \n#### No.', "Felicity Huffman is an American actress known for her work in television and film.  \nMike DeWine is the Governor of Ohio, a politician of the Republican Party.  \nThere is no public information available indicating Felicity Huffman's political affiliations or her voting preferences.  \nAs a private citizen, her voting choices are not publicly disclosed unless she chooses to share them.  \nTherefore, we cannot determine with certainty if she would vote for him.  \n#### No."]

====================
Query:
Use the step-by-step method as shown in the examples to answer the question. Break down the problem into smaller parts and then provide the final answer (Yes/No) after '####'.

Example 1:
Q: Karachi was a part of Alexander the Great's success?

A: Karachi is a city in modern day Pakistan.
Krokola was an ancient port located in what is now Karachi.
Alexander the Great stationed his fleet in Krokola on his way to Babylon.
Alexander the Great defeated Darius and conquered Babylon before expanding his 
empire.
#### Yes.

Example 2:
Q: Was P. G. Wodehouse's favorite book The Hunger Games?

A: P. G. Wodehouse died in 1975.
The Hunger Games was published in 2008.
#### No.
IMPORTANT:
- Think step by step.
- The final line must be exactly in the format: #### Yes. or #### No.
- Do not end with anything else after the final answer.
Your Question:
Q: Did Neanderthals use arithmetic?

A:
Responses:
Neanderthals were a species of hominids that lived in Europe and parts of Asia until about 40,000 years ago. (Score: 0.036041259765625)
Neanderthals were a species of hominids that lived during the Paleolithic era. (Score: 0.035888671875)
Neanderthals were a group of ancient humans that lived during the Pleistocene epoch. (Score: 0.03900146484375)
A: Neanderthals lived approximately 400,000 to 40,000 years ago. (Score: 0.03619384765625)

====================
Query:
Use the step-by-step method as shown in the examples to answer the question. Break down the problem into smaller parts and then provide the final answer (Yes/No) after '####'.

Example 1:
Q: Karachi was a part of Alexander the Great's success?

A: Karachi is a city in modern day Pakistan.
Krokola was an ancient port located in what is now Karachi.
Alexander the Great stationed his fleet in Krokola on his way to Babylon.
Alexander the Great defeated Darius and conquered Babylon before expanding his 
empire.
#### Yes.

Example 2:
Q: Was P. G. Wodehouse's favorite book The Hunger Games?

A: P. G. Wodehouse died in 1975.
The Hunger Games was published in 2008.
#### No.
IMPORTANT:
- Think step by step.
- The final line must be exactly in the format: #### Yes. or #### No.
- Do not end with anything else after the final answer.
Your Question:
Q: Did Neanderthals use arithmetic?

A: Neanderthals were a group of ancient humans that lived during the Pleistocene epoch.
Responses:
Neanderthals are known to have demonstrated various complex behaviors, including the use of tools and possibly symbolic thinking. (Score: 0.03094482421875)
Neanderthals lived approximately 400,000 to 40,000 years ago. (Score: 0.036376953125)
They are known to have used tools and had some form of social organization. (Score: 0.033233642578125)
Neanderthals are known to have engaged in various complex behaviors, including tool-making and possibly some forms of symbolic thought. (Score: 0.0295257568359375)

====================
Query:
Use the step-by-step method as shown in the examples to answer the question. Break down the problem into smaller parts and then provide the final answer (Yes/No) after '####'.

Example 1:
Q: Karachi was a part of Alexander the Great's success?

A: Karachi is a city in modern day Pakistan.
Krokola was an ancient port located in what is now Karachi.
Alexander the Great stationed his fleet in Krokola on his way to Babylon.
Alexander the Great defeated Darius and conquered Babylon before expanding his 
empire.
#### Yes.

Example 2:
Q: Was P. G. Wodehouse's favorite book The Hunger Games?

A: P. G. Wodehouse died in 1975.
The Hunger Games was published in 2008.
#### No.
IMPORTANT:
- Think step by step.
- The final line must be exactly in the format: #### Yes. or #### No.
- Do not end with anything else after the final answer.
Your Question:
Q: Did Neanderthals use arithmetic?

A: A: Neanderthals lived approximately 400,000 to 40,000 years ago.
Responses:
Neanderthals are known to have used tools and had some cognitive abilities. (Score: 0.03179931640625)
Neanderthals were a species of hominins that existed long before modern humans. (Score: 0.0305328369140625)
Neanderthals are known to have had advanced cognitive abilities compared to other hominins. (Score: 0.0280914306640625)
Neanderthals are known to have used various tools and exhibited complex behaviors. (Score: 0.030975341796875)

====================
Query:
Use the step-by-step method as shown in the examples to answer the question. Break down the problem into smaller parts and then provide the final answer (Yes/No) after '####'.

Example 1:
Q: Karachi was a part of Alexander the Great's success?

A: Karachi is a city in modern day Pakistan.
Krokola was an ancient port located in what is now Karachi.
Alexander the Great stationed his fleet in Krokola on his way to Babylon.
Alexander the Great defeated Darius and conquered Babylon before expanding his 
empire.
#### Yes.

Example 2:
Q: Was P. G. Wodehouse's favorite book The Hunger Games?

A: P. G. Wodehouse died in 1975.
The Hunger Games was published in 2008.
#### No.
IMPORTANT:
- Think step by step.
- The final line must be exactly in the format: #### Yes. or #### No.
- Do not end with anything else after the final answer.
Your Question:
Q: Did Neanderthals use arithmetic?

A: Neanderthals were a group of ancient humans that lived during the Pleistocene epoch.
Neanderthals lived approximately 400,000 to 40,000 years ago.
Responses:
They are known to have used tools and engaged in complex behaviors. (Score: 0.033447265625)
A: Neanderthals are known to have used tools and exhibited signs of complex behavior. (Score: 0.0300445556640625)
They are known to have used tools and engaged in complex social behaviors. (Score: 0.032379150390625)
Neanderthals are known to have engaged in various forms of tool-making and had complex social structures. (Score: 0.032012939453125)

====================
Query:
Use the step-by-step method as shown in the examples to answer the question. Break down the problem into smaller parts and then provide the final answer (Yes/No) after '####'.

Example 1:
Q: Karachi was a part of Alexander the Great's success?

A: Karachi is a city in modern day Pakistan.
Krokola was an ancient port located in what is now Karachi.
Alexander the Great stationed his fleet in Krokola on his way to Babylon.
Alexander the Great defeated Darius and conquered Babylon before expanding his 
empire.
#### Yes.

Example 2:
Q: Was P. G. Wodehouse's favorite book The Hunger Games?

A: P. G. Wodehouse died in 1975.
The Hunger Games was published in 2008.
#### No.
IMPORTANT:
- Think step by step.
- The final line must be exactly in the format: #### Yes. or #### No.
- Do not end with anything else after the final answer.
Your Question:
Q: Did Neanderthals use arithmetic?

A: Neanderthals were a group of ancient humans that lived during the Pleistocene epoch.
They are known to have used tools and had some form of social organization.
Responses:
However, there is no direct evidence to suggest that Neanderthals used arithmetic in the way modern humans understand it. (Score: 0.0322265625)
While there is evidence that Neanderthals had cognitive abilities, there is no conclusive evidence to suggest they used arithmetic in the way modern humans do. (Score: 0.032440185546875)
A: Neanderthals are believed to have had some level of cognitive ability, which may have included basic numerical skills. (Score: 0.029541015625)
There is limited evidence that Neanderthals engaged in any form of arithmetic. (Score: 0.032012939453125)

====================
Query:
Use the step-by-step method as shown in the examples to answer the question. Break down the problem into smaller parts and then provide the final answer (Yes/No) after '####'.

Example 1:
Q: Karachi was a part of Alexander the Great's success?

A: Karachi is a city in modern day Pakistan.
Krokola was an ancient port located in what is now Karachi.
Alexander the Great stationed his fleet in Krokola on his way to Babylon.
Alexander the Great defeated Darius and conquered Babylon before expanding his 
empire.
#### Yes.

Example 2:
Q: Was P. G. Wodehouse's favorite book The Hunger Games?

A: P. G. Wodehouse died in 1975.
The Hunger Games was published in 2008.
#### No.
IMPORTANT:
- Think step by step.
- The final line must be exactly in the format: #### Yes. or #### No.
- Do not end with anything else after the final answer.
Your Question:
Q: Did Neanderthals use arithmetic?

A: Neanderthals were a group of ancient humans that lived during the Pleistocene epoch.
Neanderthals lived approximately 400,000 to 40,000 years ago.
They are known to have used tools and engaged in complex behaviors.
Responses:
A: There is no direct evidence that Neanderthals used formal arithmetic as we understand it today. (Score: 0.0294342041015625)
A: However, there is no direct evidence that Neanderthals used arithmetic as we understand it today. (Score: 0.0294189453125)
To determine if Neanderthals used arithmetic, we should consider the following:. (Score: 0.028289794921875)
However, there is no direct evidence that suggests they used arithmetic in the way we understand it today. (Score: 0.032073974609375)

====================
Query:
Use the step-by-step method as shown in the examples to answer the question. Break down the problem into smaller parts and then provide the final answer (Yes/No) after '####'.

Example 1:
Q: Karachi was a part of Alexander the Great's success?

A: Karachi is a city in modern day Pakistan.
Krokola was an ancient port located in what is now Karachi.
Alexander the Great stationed his fleet in Krokola on his way to Babylon.
Alexander the Great defeated Darius and conquered Babylon before expanding his 
empire.
#### Yes.

Example 2:
Q: Was P. G. Wodehouse's favorite book The Hunger Games?

A: P. G. Wodehouse died in 1975.
The Hunger Games was published in 2008.
#### No.
IMPORTANT:
- Think step by step.
- The final line must be exactly in the format: #### Yes. or #### No.
- Do not end with anything else after the final answer.
Your Question:
Q: Did Neanderthals use arithmetic?

A: Neanderthals were a group of ancient humans that lived during the Pleistocene epoch.
They are known to have used tools and had some form of social organization.
While there is evidence that Neanderthals had cognitive abilities, there is no conclusive evidence to suggest they used arithmetic in the way modern humans do.
Responses:
A: Neanderthals were a group of ancient humans that lived during the Pleistocene epoch. (Score: 0.0297393798828125)
A: Neanderthals were a group of ancient humans that lived during the Pleistocene epoch. (Score: 0.0297393798828125)
<EMPTY> (Score: -inf)
<EMPTY> (Score: -inf)

====================
Query:
Use the step-by-step method as shown in the examples to answer the question. Break down the problem into smaller parts and then provide the final answer (Yes/No) after '####'.

Example 1:
Q: Karachi was a part of Alexander the Great's success?

A: Karachi is a city in modern day Pakistan.
Krokola was an ancient port located in what is now Karachi.
Alexander the Great stationed his fleet in Krokola on his way to Babylon.
Alexander the Great defeated Darius and conquered Babylon before expanding his 
empire.
#### Yes.

Example 2:
Q: Was P. G. Wodehouse's favorite book The Hunger Games?

A: P. G. Wodehouse died in 1975.
The Hunger Games was published in 2008.
#### No.
IMPORTANT:
- Think step by step.
- The final line must be exactly in the format: #### Yes. or #### No.
- Do not end with anything else after the final answer.
Your Question:
Q: Did Neanderthals use arithmetic?

A: Neanderthals were a group of ancient humans that lived during the Pleistocene epoch.
Neanderthals lived approximately 400,000 to 40,000 years ago.
They are known to have used tools and engaged in complex behaviors.
However, there is no direct evidence that suggests they used arithmetic in the way we understand it today.
Responses:
A: Neanderthals were a group of ancient humans that lived during the Pleistocene epoch. (Score: 0.0298919677734375)
A: Neanderthals were a group of ancient humans that lived during the Pleistocene epoch. (Score: 0.0298919677734375)
<EMPTY> (Score: -inf)
<EMPTY> (Score: -inf)

====================
Query:
Use the step-by-step method as shown in the examples to answer the question. Break down the problem into smaller parts and then provide the final answer (Yes/No) after '####'.

Example 1:
Q: Karachi was a part of Alexander the Great's success?

A: Karachi is a city in modern day Pakistan.
Krokola was an ancient port located in what is now Karachi.
Alexander the Great stationed his fleet in Krokola on his way to Babylon.
Alexander the Great defeated Darius and conquered Babylon before expanding his 
empire.
#### Yes.

Example 2:
Q: Was P. G. Wodehouse's favorite book The Hunger Games?

A: P. G. Wodehouse died in 1975.
The Hunger Games was published in 2008.
#### No.
IMPORTANT:
- Think step by step.
- The final line must be exactly in the format: #### Yes. or #### No.
- Do not end with anything else after the final answer.
Your Question:
Q: Did Neanderthals use arithmetic?

A: Neanderthals were a group of ancient humans that lived during the Pleistocene epoch.
They are known to have used tools and had some form of social organization.
While there is evidence that Neanderthals had cognitive abilities, there is no conclusive evidence to suggest they used arithmetic in the way modern humans do.
A: Neanderthals were a group of ancient humans that lived during the Pleistocene epoch.
Responses:
They are known to have used tools and had some form of social organization. (Score: 0.0293121337890625)
They are known to have used tools and had some form of social organization. (Score: 0.0293121337890625)
<EMPTY> (Score: -inf)
<EMPTY> (Score: -inf)

====================
Query:
Use the step-by-step method as shown in the examples to answer the question. Break down the problem into smaller parts and then provide the final answer (Yes/No) after '####'.

Example 1:
Q: Karachi was a part of Alexander the Great's success?

A: Karachi is a city in modern day Pakistan.
Krokola was an ancient port located in what is now Karachi.
Alexander the Great stationed his fleet in Krokola on his way to Babylon.
Alexander the Great defeated Darius and conquered Babylon before expanding his 
empire.
#### Yes.

Example 2:
Q: Was P. G. Wodehouse's favorite book The Hunger Games?

A: P. G. Wodehouse died in 1975.
The Hunger Games was published in 2008.
#### No.
IMPORTANT:
- Think step by step.
- The final line must be exactly in the format: #### Yes. or #### No.
- Do not end with anything else after the final answer.
Your Question:
Q: Did Neanderthals use arithmetic?

A: Neanderthals were a group of ancient humans that lived during the Pleistocene epoch.
Neanderthals lived approximately 400,000 to 40,000 years ago.
They are known to have used tools and engaged in complex behaviors.
However, there is no direct evidence that suggests they used arithmetic in the way we understand it today.
A: Neanderthals were a group of ancient humans that lived during the Pleistocene epoch.
Responses:
A: Neanderthals lived approximately 400,000 to 40,000 years ago. (Score: 0.0291748046875)
Neanderthals lived approximately 400,000 to 40,000 years ago. (Score: 0.0292816162109375)
<EMPTY> (Score: -inf)
<EMPTY> (Score: -inf)

====================
Query:
Use the step-by-step method as shown in the examples to answer the question. Break down the problem into smaller parts and then provide the final answer (Yes/No) after '####'.

Example 1:
Q: Karachi was a part of Alexander the Great's success?

A: Karachi is a city in modern day Pakistan.
Krokola was an ancient port located in what is now Karachi.
Alexander the Great stationed his fleet in Krokola on his way to Babylon.
Alexander the Great defeated Darius and conquered Babylon before expanding his 
empire.
#### Yes.

Example 2:
Q: Was P. G. Wodehouse's favorite book The Hunger Games?

A: P. G. Wodehouse died in 1975.
The Hunger Games was published in 2008.
#### No.
IMPORTANT:
- Think step by step.
- The final line must be exactly in the format: #### Yes. or #### No.
- Do not end with anything else after the final answer.
Your Question:
Q: Did Neanderthals use arithmetic?

A: Neanderthals were a group of ancient humans that lived during the Pleistocene epoch.
Neanderthals lived approximately 400,000 to 40,000 years ago.
They are known to have used tools and engaged in complex behaviors.
However, there is no direct evidence that suggests they used arithmetic in the way we understand it today.
A: Neanderthals were a group of ancient humans that lived during the Pleistocene epoch.
Responses:
Neanderthals lived approximately 400,000 to 40,000 years ago. (Score: 0.0293731689453125)
Neanderthals lived approximately 400,000 to 40,000 years ago. (Score: 0.0293731689453125)
<EMPTY> (Score: -inf)
<EMPTY> (Score: -inf)

====================
Query:
Use the step-by-step method as shown in the examples to answer the question. Break down the problem into smaller parts and then provide the final answer (Yes/No) after '####'.

Example 1:
Q: Karachi was a part of Alexander the Great's success?

A: Karachi is a city in modern day Pakistan.
Krokola was an ancient port located in what is now Karachi.
Alexander the Great stationed his fleet in Krokola on his way to Babylon.
Alexander the Great defeated Darius and conquered Babylon before expanding his 
empire.
#### Yes.

Example 2:
Q: Was P. G. Wodehouse's favorite book The Hunger Games?

A: P. G. Wodehouse died in 1975.
The Hunger Games was published in 2008.
#### No.
IMPORTANT:
- Think step by step.
- The final line must be exactly in the format: #### Yes. or #### No.
- Do not end with anything else after the final answer.
Your Question:
Q: Did Neanderthals use arithmetic?

A: Neanderthals were a group of ancient humans that lived during the Pleistocene epoch.
Neanderthals lived approximately 400,000 to 40,000 years ago.
They are known to have used tools and engaged in complex behaviors.
However, there is no direct evidence that suggests they used arithmetic in the way we understand it today.
A: Neanderthals were a group of ancient humans that lived during the Pleistocene epoch.
Neanderthals lived approximately 400,000 to 40,000 years ago.
Responses:
They are known to have used tools and engaged in complex behaviors. (Score: 0.0294952392578125)
They are known to have used tools and engaged in complex behaviors, such as making fire and creating art. (Score: 0.0285491943359375)
<EMPTY> (Score: -inf)
<EMPTY> (Score: -inf)

====================
Query:
Use the step-by-step method as shown in the examples to answer the question. Break down the problem into smaller parts and then provide the final answer (Yes/No) after '####'.

Example 1:
Q: Karachi was a part of Alexander the Great's success?

A: Karachi is a city in modern day Pakistan.
Krokola was an ancient port located in what is now Karachi.
Alexander the Great stationed his fleet in Krokola on his way to Babylon.
Alexander the Great defeated Darius and conquered Babylon before expanding his 
empire.
#### Yes.

Example 2:
Q: Was P. G. Wodehouse's favorite book The Hunger Games?

A: P. G. Wodehouse died in 1975.
The Hunger Games was published in 2008.
#### No.
IMPORTANT:
- Think step by step.
- The final line must be exactly in the format: #### Yes. or #### No.
- Do not end with anything else after the final answer.
Your Question:
Q: Did Neanderthals use arithmetic?

A: Neanderthals were a group of ancient humans that lived during the Pleistocene epoch.
Neanderthals lived approximately 400,000 to 40,000 years ago.
They are known to have used tools and engaged in complex behaviors.
However, there is no direct evidence that suggests they used arithmetic in the way we understand it today.
A: Neanderthals were a group of ancient humans that lived during the Pleistocene epoch.
Neanderthals lived approximately 400,000 to 40,000 years ago.
Responses:
They are known to have used tools and engaged in complex behaviors. (Score: 0.0295562744140625)
A: They are known to have used tools and engaged in complex behaviors. (Score: 0.0295257568359375)
<EMPTY> (Score: -inf)
<EMPTY> (Score: -inf)

====================
Query:
Use the step-by-step method as shown in the examples to answer the question. Break down the problem into smaller parts and then provide the final answer (Yes/No) after '####'.

Example 1:
Q: Karachi was a part of Alexander the Great's success?

A: Karachi is a city in modern day Pakistan.
Krokola was an ancient port located in what is now Karachi.
Alexander the Great stationed his fleet in Krokola on his way to Babylon.
Alexander the Great defeated Darius and conquered Babylon before expanding his 
empire.
#### Yes.

Example 2:
Q: Was P. G. Wodehouse's favorite book The Hunger Games?

A: P. G. Wodehouse died in 1975.
The Hunger Games was published in 2008.
#### No.
IMPORTANT:
- Think step by step.
- The final line must be exactly in the format: #### Yes. or #### No.
- Do not end with anything else after the final answer.
Your Question:
Q: Did Neanderthals use arithmetic?

A: Neanderthals were a group of ancient humans that lived during the Pleistocene epoch.
Neanderthals lived approximately 400,000 to 40,000 years ago.
They are known to have used tools and engaged in complex behaviors.
However, there is no direct evidence that suggests they used arithmetic in the way we understand it today.
A: Neanderthals were a group of ancient humans that lived during the Pleistocene epoch.
Neanderthals lived approximately 400,000 to 40,000 years ago.
They are known to have used tools and engaged in complex behaviors.
Responses:
However, there is no direct evidence that suggests they used arithmetic in the way we understand it today. (Score: 0.0304718017578125)
However, there is no direct evidence that suggests they used arithmetic in the way we understand it today. (Score: 0.0304718017578125)
<EMPTY> (Score: -inf)
<EMPTY> (Score: -inf)

====================
Query:
Use the step-by-step method as shown in the examples to answer the question. Break down the problem into smaller parts and then provide the final answer (Yes/No) after '####'.

Example 1:
Q: Karachi was a part of Alexander the Great's success?

A: Karachi is a city in modern day Pakistan.
Krokola was an ancient port located in what is now Karachi.
Alexander the Great stationed his fleet in Krokola on his way to Babylon.
Alexander the Great defeated Darius and conquered Babylon before expanding his 
empire.
#### Yes.

Example 2:
Q: Was P. G. Wodehouse's favorite book The Hunger Games?

A: P. G. Wodehouse died in 1975.
The Hunger Games was published in 2008.
#### No.
IMPORTANT:
- Think step by step.
- The final line must be exactly in the format: #### Yes. or #### No.
- Do not end with anything else after the final answer.
Your Question:
Q: Did Neanderthals use arithmetic?

A: Neanderthals were a group of ancient humans that lived during the Pleistocene epoch.
Neanderthals lived approximately 400,000 to 40,000 years ago.
They are known to have used tools and engaged in complex behaviors.
However, there is no direct evidence that suggests they used arithmetic in the way we understand it today.
A: Neanderthals were a group of ancient humans that lived during the Pleistocene epoch.
Neanderthals lived approximately 400,000 to 40,000 years ago.
A: They are known to have used tools and engaged in complex behaviors.
Responses:
However, there is no direct evidence that suggests they used arithmetic in the way we understand it today. (Score: 0.030426025390625)
However, there is no direct evidence that suggests they used arithmetic in the way we understand it today. (Score: 0.030426025390625)
<EMPTY> (Score: -inf)
<EMPTY> (Score: -inf)

====================
Query:
Use the step-by-step method as shown in the examples to answer the question. Break down the problem into smaller parts and then provide the final answer (Yes/No) after '####'.

Example 1:
Q: Karachi was a part of Alexander the Great's success?

A: Karachi is a city in modern day Pakistan.
Krokola was an ancient port located in what is now Karachi.
Alexander the Great stationed his fleet in Krokola on his way to Babylon.
Alexander the Great defeated Darius and conquered Babylon before expanding his 
empire.
#### Yes.

Example 2:
Q: Was P. G. Wodehouse's favorite book The Hunger Games?

A: P. G. Wodehouse died in 1975.
The Hunger Games was published in 2008.
#### No.
IMPORTANT:
- Think step by step.
- The final line must be exactly in the format: #### Yes. or #### No.
- Do not end with anything else after the final answer.
Your Question:
Q: Can children become lieutenants?

A:
Responses:
A: A lieutenant is a rank typically found in military and law enforcement organizations. (Score: 0.0289764404296875)
A: A lieutenant is a commissioned officer rank in the military and some law enforcement agencies. (Score: 0.02685546875)
A: A lieutenant is a rank typically in the military or law enforcement. (Score: 0.0289459228515625)
A: A lieutenant is typically a commissioned officer rank in the military or law enforcement. (Score: 0.024688720703125)

====================
Query:
Use the step-by-step method as shown in the examples to answer the question. Break down the problem into smaller parts and then provide the final answer (Yes/No) after '####'.

Example 1:
Q: Karachi was a part of Alexander the Great's success?

A: Karachi is a city in modern day Pakistan.
Krokola was an ancient port located in what is now Karachi.
Alexander the Great stationed his fleet in Krokola on his way to Babylon.
Alexander the Great defeated Darius and conquered Babylon before expanding his 
empire.
#### Yes.

Example 2:
Q: Was P. G. Wodehouse's favorite book The Hunger Games?

A: P. G. Wodehouse died in 1975.
The Hunger Games was published in 2008.
#### No.
IMPORTANT:
- Think step by step.
- The final line must be exactly in the format: #### Yes. or #### No.
- Do not end with anything else after the final answer.
Your Question:
Q: Can children become lieutenants?

A: A: A lieutenant is a rank typically found in military and law enforcement organizations.
Responses:
A: The rank of lieutenant usually requires a certain level of education, training, and age. (Score: 0.0239410400390625)
Lieutenants usually have specific age and education requirements to hold their position. (Score: 0.0297393798828125)
A: In most military and law enforcement organizations, the rank of lieutenant is usually held by adults who have completed specific training and qualifications. (Score: 0.0233154296875)
A: Generally, lieutenants are adults who have completed specific training and requirements. (Score: 0.0249481201171875)

====================
Query:
Use the step-by-step method as shown in the examples to answer the question. Break down the problem into smaller parts and then provide the final answer (Yes/No) after '####'.

Example 1:
Q: Karachi was a part of Alexander the Great's success?

A: Karachi is a city in modern day Pakistan.
Krokola was an ancient port located in what is now Karachi.
Alexander the Great stationed his fleet in Krokola on his way to Babylon.
Alexander the Great defeated Darius and conquered Babylon before expanding his 
empire.
#### Yes.

Example 2:
Q: Was P. G. Wodehouse's favorite book The Hunger Games?

A: P. G. Wodehouse died in 1975.
The Hunger Games was published in 2008.
#### No.
IMPORTANT:
- Think step by step.
- The final line must be exactly in the format: #### Yes. or #### No.
- Do not end with anything else after the final answer.
Your Question:
Q: Can children become lieutenants?

A: A: A lieutenant is a rank typically in the military or law enforcement.
Responses:
To become a lieutenant, an individual usually needs to meet certain age and educational requirements. (Score: 0.028289794921875)
A: The rank of lieutenant usually requires a certain level of training and experience. (Score: 0.0249481201171875)
In most military organizations, a lieutenant is a commissioned officer rank. (Score: 0.024810791015625)
A: To hold the rank of lieutenant, one generally needs to meet specific age, education, and training requirements. (Score: 0.027191162109375)

====================
Query:
Use the step-by-step method as shown in the examples to answer the question. Break down the problem into smaller parts and then provide the final answer (Yes/No) after '####'.

Example 1:
Q: Karachi was a part of Alexander the Great's success?

A: Karachi is a city in modern day Pakistan.
Krokola was an ancient port located in what is now Karachi.
Alexander the Great stationed his fleet in Krokola on his way to Babylon.
Alexander the Great defeated Darius and conquered Babylon before expanding his 
empire.
#### Yes.

Example 2:
Q: Was P. G. Wodehouse's favorite book The Hunger Games?

A: P. G. Wodehouse died in 1975.
The Hunger Games was published in 2008.
#### No.
IMPORTANT:
- Think step by step.
- The final line must be exactly in the format: #### Yes. or #### No.
- Do not end with anything else after the final answer.
Your Question:
Q: Can children become lieutenants?

A: A: A lieutenant is a rank typically found in military and law enforcement organizations.
Lieutenants usually have specific age and education requirements to hold their position.
Responses:
To become a lieutenant, individuals usually need to meet certain criteria, such as age, education, and experience. (Score: 0.0269622802734375)
A: In most military organizations, the minimum age to become a lieutenant is typically around 18 to 21 years old. (Score: 0.027252197265625)
In most military organizations, the minimum age to be commissioned as an officer is usually around 18 or 21, depending on the country and branch of service. (Score: 0.0277099609375)
A: In most military organizations, the minimum age to become a lieutenant is often around 18 years old, and candidates typically need to meet educational qualifications, such as completing a certain level of schooling or military training. (Score: 0.02703857421875)

====================
Query:
Use the step-by-step method as shown in the examples to answer the question. Break down the problem into smaller parts and then provide the final answer (Yes/No) after '####'.

Example 1:
Q: Karachi was a part of Alexander the Great's success?

A: Karachi is a city in modern day Pakistan.
Krokola was an ancient port located in what is now Karachi.
Alexander the Great stationed his fleet in Krokola on his way to Babylon.
Alexander the Great defeated Darius and conquered Babylon before expanding his 
empire.
#### Yes.

Example 2:
Q: Was P. G. Wodehouse's favorite book The Hunger Games?

A: P. G. Wodehouse died in 1975.
The Hunger Games was published in 2008.
#### No.
IMPORTANT:
- Think step by step.
- The final line must be exactly in the format: #### Yes. or #### No.
- Do not end with anything else after the final answer.
Your Question:
Q: Can children become lieutenants?

A: A: A lieutenant is a rank typically in the military or law enforcement.
To become a lieutenant, an individual usually needs to meet certain age and educational requirements.
Responses:
A: In most military and law enforcement organizations, the minimum age to become a lieutenant is typically at least 18 or 21 years old, depending on the specific branch and country. (Score: 0.0269775390625)
In most military organizations, the minimum age to become a lieutenant is usually around 18 or 21. This means that children, who are generally under the age of 18, cannot hold the rank of lieutenant. (Score: 0.026397705078125)
A: Most military organizations require a minimum age of 18 to enlist. (Score: 0.02655029296875)
Most military and law enforcement organizations require candidates to be at least 18 years old to apply for officer positions, including the rank of lieutenant. (Score: 0.02783203125)

====================
Query:
Use the step-by-step method as shown in the examples to answer the question. Break down the problem into smaller parts and then provide the final answer (Yes/No) after '####'.

Example 1:
Q: Karachi was a part of Alexander the Great's success?

A: Karachi is a city in modern day Pakistan.
Krokola was an ancient port located in what is now Karachi.
Alexander the Great stationed his fleet in Krokola on his way to Babylon.
Alexander the Great defeated Darius and conquered Babylon before expanding his 
empire.
#### Yes.

Example 2:
Q: Was P. G. Wodehouse's favorite book The Hunger Games?

A: P. G. Wodehouse died in 1975.
The Hunger Games was published in 2008.
#### No.
IMPORTANT:
- Think step by step.
- The final line must be exactly in the format: #### Yes. or #### No.
- Do not end with anything else after the final answer.
Your Question:
Q: Can children become lieutenants?

A: A: A lieutenant is a rank typically in the military or law enforcement.
To become a lieutenant, an individual usually needs to meet certain age and educational requirements.
Most military and law enforcement organizations require candidates to be at least 18 years old to apply for officer positions, including the rank of lieutenant.
Responses:
Many jurisdictions have specific rules that do not allow minors to hold such positions or ranks. (Score: 0.028472900390625)
Additionally, children are generally considered to be under the age of 18, thus making them ineligible for such positions. (Score: 0.0266265869140625)
Additionally, children are generally not eligible to apply for any military or law enforcement positions, including that of a lieutenant, due to age restrictions and the need for maturity and training. (Score: 0.0269927978515625)
Additionally, children are generally defined as persons under the age of 18. Therefore, children would not meet the minimum age requirement to become lieutenants in military or law enforcement settings. (Score: 0.0255584716796875)

====================
Query:
Use the step-by-step method as shown in the examples to answer the question. Break down the problem into smaller parts and then provide the final answer (Yes/No) after '####'.

Example 1:
Q: Karachi was a part of Alexander the Great's success?

A: Karachi is a city in modern day Pakistan.
Krokola was an ancient port located in what is now Karachi.
Alexander the Great stationed his fleet in Krokola on his way to Babylon.
Alexander the Great defeated Darius and conquered Babylon before expanding his 
empire.
#### Yes.

Example 2:
Q: Was P. G. Wodehouse's favorite book The Hunger Games?

A: P. G. Wodehouse died in 1975.
The Hunger Games was published in 2008.
#### No.
IMPORTANT:
- Think step by step.
- The final line must be exactly in the format: #### Yes. or #### No.
- Do not end with anything else after the final answer.
Your Question:
Q: Can children become lieutenants?

A: A: A lieutenant is a rank typically found in military and law enforcement organizations.
Lieutenants usually have specific age and education requirements to hold their position.
In most military organizations, the minimum age to be commissioned as an officer is usually around 18 or 21, depending on the country and branch of service.
Responses:
Children are generally considered to be individuals under the age of 18. Therefore, they do not meet the age requirements to hold the rank of lieutenant in military or law enforcement organizations. (Score: 0.0262298583984375)
A: Children are generally considered to be under the age of 18. (Score: 0.0256805419921875)
A: Children are typically defined as individuals under the age of 18. (Score: 0.02532958984375)
In many law enforcement agencies, the minimum age to become an officer is also usually 18. (Score: 0.027496337890625)

====================
Query:
Use the step-by-step method as shown in the examples to answer the question. Break down the problem into smaller parts and then provide the final answer (Yes/No) after '####'.

Example 1:
Q: Karachi was a part of Alexander the Great's success?

A: Karachi is a city in modern day Pakistan.
Krokola was an ancient port located in what is now Karachi.
Alexander the Great stationed his fleet in Krokola on his way to Babylon.
Alexander the Great defeated Darius and conquered Babylon before expanding his 
empire.
#### Yes.

Example 2:
Q: Was P. G. Wodehouse's favorite book The Hunger Games?

A: P. G. Wodehouse died in 1975.
The Hunger Games was published in 2008.
#### No.
IMPORTANT:
- Think step by step.
- The final line must be exactly in the format: #### Yes. or #### No.
- Do not end with anything else after the final answer.
Your Question:
Q: Can children become lieutenants?

A: A: A lieutenant is a rank typically in the military or law enforcement.
To become a lieutenant, an individual usually needs to meet certain age and educational requirements.
Most military and law enforcement organizations require candidates to be at least 18 years old to apply for officer positions, including the rank of lieutenant.
Many jurisdictions have specific rules that do not allow minors to hold such positions or ranks.
Responses:
Therefore, children, who are generally defined as individuals under the age of 18, cannot become lieutenants in military or law enforcement organizations due to these age restrictions. (Score: 0.027374267578125)
Thus, children, who are typically under the age of 18, would not meet the age requirement to become lieutenants. (Score: 0.0278167724609375)
Therefore, children, being under the age of 18, cannot meet these requirements necessary to become a lieutenant. (Score: 0.025848388671875)
Thus, children, who are typically under the age of 18, cannot meet the necessary age requirement to become lieutenants in most military or law enforcement organizations. (Score: 0.02569580078125)

====================
Query:
Use the step-by-step method as shown in the examples to answer the question. Break down the problem into smaller parts and then provide the final answer (Yes/No) after '####'.

Example 1:
Q: Karachi was a part of Alexander the Great's success?

A: Karachi is a city in modern day Pakistan.
Krokola was an ancient port located in what is now Karachi.
Alexander the Great stationed his fleet in Krokola on his way to Babylon.
Alexander the Great defeated Darius and conquered Babylon before expanding his 
empire.
#### Yes.

Example 2:
Q: Was P. G. Wodehouse's favorite book The Hunger Games?

A: P. G. Wodehouse died in 1975.
The Hunger Games was published in 2008.
#### No.
IMPORTANT:
- Think step by step.
- The final line must be exactly in the format: #### Yes. or #### No.
- Do not end with anything else after the final answer.
Your Question:
Q: Can children become lieutenants?

A: A: A lieutenant is a rank typically found in military and law enforcement organizations.
Lieutenants usually have specific age and education requirements to hold their position.
In most military organizations, the minimum age to be commissioned as an officer is usually around 18 or 21, depending on the country and branch of service.
In many law enforcement agencies, the minimum age to become an officer is also usually 18.
Responses:
A: Children are generally defined as individuals under the age of 18. (Score: 0.025115966796875)
However, children are generally defined as individuals under the age of 18. Therefore, they would not meet the minimum age requirement to become lieutenants in either military or law enforcement settings. (Score: 0.0259552001953125)
Children are generally considered individuals under the age of 18, and they do not meet the age requirements to hold the rank of lieutenant in military or law enforcement. (Score: 0.026336669921875)
However, children are generally not permitted to hold positions such as lieutenants due to these age restrictions. (Score: 0.0266571044921875)

====================
Query:
Use the step-by-step method as shown in the examples to answer the question. Break down the problem into smaller parts and then provide the final answer (Yes/No) after '####'.

Example 1:
Q: Karachi was a part of Alexander the Great's success?

A: Karachi is a city in modern day Pakistan.
Krokola was an ancient port located in what is now Karachi.
Alexander the Great stationed his fleet in Krokola on his way to Babylon.
Alexander the Great defeated Darius and conquered Babylon before expanding his 
empire.
#### Yes.

Example 2:
Q: Was P. G. Wodehouse's favorite book The Hunger Games?

A: P. G. Wodehouse died in 1975.
The Hunger Games was published in 2008.
#### No.
IMPORTANT:
- Think step by step.
- The final line must be exactly in the format: #### Yes. or #### No.
- Do not end with anything else after the final answer.
Your Question:
Q: Can children become lieutenants?

A: A: A lieutenant is a rank typically in the military or law enforcement.
To become a lieutenant, an individual usually needs to meet certain age and educational requirements.
Most military and law enforcement organizations require candidates to be at least 18 years old to apply for officer positions, including the rank of lieutenant.
Many jurisdictions have specific rules that do not allow minors to hold such positions or ranks.
Thus, children, who are typically under the age of 18, would not meet the age requirement to become lieutenants.
Responses:
#### No. (Score: 0.029449462890625)
#### No. (Score: 0.029449462890625)
<EMPTY> (Score: -inf)
<EMPTY> (Score: -inf)

====================
Query:
Use the step-by-step method as shown in the examples to answer the question. Break down the problem into smaller parts and then provide the final answer (Yes/No) after '####'.

Example 1:
Q: Karachi was a part of Alexander the Great's success?

A: Karachi is a city in modern day Pakistan.
Krokola was an ancient port located in what is now Karachi.
Alexander the Great stationed his fleet in Krokola on his way to Babylon.
Alexander the Great defeated Darius and conquered Babylon before expanding his 
empire.
#### Yes.

Example 2:
Q: Was P. G. Wodehouse's favorite book The Hunger Games?

A: P. G. Wodehouse died in 1975.
The Hunger Games was published in 2008.
#### No.
IMPORTANT:
- Think step by step.
- The final line must be exactly in the format: #### Yes. or #### No.
- Do not end with anything else after the final answer.
Your Question:
Q: Can children become lieutenants?

A: A: A lieutenant is a rank typically in the military or law enforcement.
To become a lieutenant, an individual usually needs to meet certain age and educational requirements.
Most military and law enforcement organizations require candidates to be at least 18 years old to apply for officer positions, including the rank of lieutenant.
Many jurisdictions have specific rules that do not allow minors to hold such positions or ranks.
Therefore, children, who are generally defined as individuals under the age of 18, cannot become lieutenants in military or law enforcement organizations due to these age restrictions.
Responses:
#### No. (Score: 0.029144287109375)
#### No. (Score: 0.029144287109375)
<EMPTY> (Score: -inf)
<EMPTY> (Score: -inf)

====================
Query:
Use the step-by-step method as shown in the examples to answer the question. Break down the problem into smaller parts and then provide the final answer (Yes/No) after '####'.

Example 1:
Q: Karachi was a part of Alexander the Great's success?

A: Karachi is a city in modern day Pakistan.
Krokola was an ancient port located in what is now Karachi.
Alexander the Great stationed his fleet in Krokola on his way to Babylon.
Alexander the Great defeated Darius and conquered Babylon before expanding his 
empire.
#### Yes.

Example 2:
Q: Was P. G. Wodehouse's favorite book The Hunger Games?

A: P. G. Wodehouse died in 1975.
The Hunger Games was published in 2008.
#### No.
IMPORTANT:
- Think step by step.
- The final line must be exactly in the format: #### Yes. or #### No.
- Do not end with anything else after the final answer.
Your Question:
Q: Could someone in a coma experience fear?

A:
Responses:
A: A coma is a state of prolonged unconsciousness where a person does not respond to stimuli. (Score: 0.026580810546875)
A: A coma is a state of prolonged unconsciousness where a person is unresponsive to their environment. (Score: 0.0246124267578125)
A: A coma is a state of prolonged unconsciousness where a person does not respond to stimuli and lacks awareness of their surroundings. (Score: 0.0247955322265625)
A: A coma is a state of prolonged unconsciousness where a person does not respond to external stimuli or demonstrate awareness of their surroundings. (Score: 0.0231170654296875)

====================
Query:
Use the step-by-step method as shown in the examples to answer the question. Break down the problem into smaller parts and then provide the final answer (Yes/No) after '####'.

Example 1:
Q: Karachi was a part of Alexander the Great's success?

A: Karachi is a city in modern day Pakistan.
Krokola was an ancient port located in what is now Karachi.
Alexander the Great stationed his fleet in Krokola on his way to Babylon.
Alexander the Great defeated Darius and conquered Babylon before expanding his 
empire.
#### Yes.

Example 2:
Q: Was P. G. Wodehouse's favorite book The Hunger Games?

A: P. G. Wodehouse died in 1975.
The Hunger Games was published in 2008.
#### No.
IMPORTANT:
- Think step by step.
- The final line must be exactly in the format: #### Yes. or #### No.
- Do not end with anything else after the final answer.
Your Question:
Q: Could someone in a coma experience fear?

A: A: A coma is a state of prolonged unconsciousness where a person does not respond to stimuli.
Responses:
A: During a coma, the brain is significantly impaired, and the person is unable to process sensory information or emotions like fear. (Score: 0.0218658447265625)
A: During a coma, individuals are typically unresponsive and do not show awareness of their surroundings. (Score: 0.021026611328125)
The brain activity of a person in a coma is significantly reduced, which affects their ability to process emotions and sensations. (Score: 0.0218048095703125)
In a coma, the brain is significantly impaired, and the individual is unable to process external experiences. (Score: 0.0223236083984375)

====================
Query:
Use the step-by-step method as shown in the examples to answer the question. Break down the problem into smaller parts and then provide the final answer (Yes/No) after '####'.

Example 1:
Q: Karachi was a part of Alexander the Great's success?

A: Karachi is a city in modern day Pakistan.
Krokola was an ancient port located in what is now Karachi.
Alexander the Great stationed his fleet in Krokola on his way to Babylon.
Alexander the Great defeated Darius and conquered Babylon before expanding his 
empire.
#### Yes.

Example 2:
Q: Was P. G. Wodehouse's favorite book The Hunger Games?

A: P. G. Wodehouse died in 1975.
The Hunger Games was published in 2008.
#### No.
IMPORTANT:
- Think step by step.
- The final line must be exactly in the format: #### Yes. or #### No.
- Do not end with anything else after the final answer.
Your Question:
Q: Could someone in a coma experience fear?

A: A: A coma is a state of prolonged unconsciousness where a person does not respond to stimuli and lacks awareness of their surroundings.
Responses:
In a coma, the brain is not functioning normally and the person is unable to process sensory information. (Score: 0.0230712890625)
In a coma, the brain is severely impaired, and the person is unable to perceive or process external stimuli. (Score: 0.02117919921875)
In a coma, the brain is significantly impaired and the person is unresponsive. (Score: 0.0208587646484375)
In a coma, the brain is not functioning at a level that allows for conscious thought or emotional responses. (Score: 0.022308349609375)

====================
Query:
Use the step-by-step method as shown in the examples to answer the question. Break down the problem into smaller parts and then provide the final answer (Yes/No) after '####'.

Example 1:
Q: Karachi was a part of Alexander the Great's success?

A: Karachi is a city in modern day Pakistan.
Krokola was an ancient port located in what is now Karachi.
Alexander the Great stationed his fleet in Krokola on his way to Babylon.
Alexander the Great defeated Darius and conquered Babylon before expanding his 
empire.
#### Yes.

Example 2:
Q: Was P. G. Wodehouse's favorite book The Hunger Games?

A: P. G. Wodehouse died in 1975.
The Hunger Games was published in 2008.
#### No.
IMPORTANT:
- Think step by step.
- The final line must be exactly in the format: #### Yes. or #### No.
- Do not end with anything else after the final answer.
Your Question:
Q: Could someone in a coma experience fear?

A: A: A coma is a state of prolonged unconsciousness where a person does not respond to stimuli and lacks awareness of their surroundings.
In a coma, the brain is not functioning normally and the person is unable to process sensory information.
Responses:
This means that even though the person may exhibit some brain activity, they are not capable of experiencing emotions such as fear. (Score: 0.0231475830078125)
Fear is an emotional response that requires cognitive processing and awareness of one's environment. (Score: 0.0228118896484375)
Fear is an emotional response that requires some level of awareness and processing of experiences. (Score: 0.02398681640625)
Fear is an emotional response that typically requires some level of consciousness and awareness of one’s environment. (Score: 0.0240631103515625)

====================
Query:
Use the step-by-step method as shown in the examples to answer the question. Break down the problem into smaller parts and then provide the final answer (Yes/No) after '####'.

Example 1:
Q: Karachi was a part of Alexander the Great's success?

A: Karachi is a city in modern day Pakistan.
Krokola was an ancient port located in what is now Karachi.
Alexander the Great stationed his fleet in Krokola on his way to Babylon.
Alexander the Great defeated Darius and conquered Babylon before expanding his 
empire.
#### Yes.

Example 2:
Q: Was P. G. Wodehouse's favorite book The Hunger Games?

A: P. G. Wodehouse died in 1975.
The Hunger Games was published in 2008.
#### No.
IMPORTANT:
- Think step by step.
- The final line must be exactly in the format: #### Yes. or #### No.
- Do not end with anything else after the final answer.
Your Question:
Q: Could someone in a coma experience fear?

A: A: A coma is a state of prolonged unconsciousness where a person does not respond to stimuli.
In a coma, the brain is significantly impaired, and the individual is unable to process external experiences.
Responses:
Fear is an emotional response that typically requires some level of awareness and cognitive processing. (Score: 0.0230560302734375)
A: Fear is an emotional response that requires awareness and cognitive processing. (Score: 0.0217132568359375)
Fear is an emotional response that typically requires awareness and the ability to perceive threats. (Score: 0.0229644775390625)
The brain functions of a person in a coma are severely diminished, which means they cannot consciously experience emotions such as fear. (Score: 0.022186279296875)

====================
Query:
Use the step-by-step method as shown in the examples to answer the question. Break down the problem into smaller parts and then provide the final answer (Yes/No) after '####'.

Example 1:
Q: Karachi was a part of Alexander the Great's success?

A: Karachi is a city in modern day Pakistan.
Krokola was an ancient port located in what is now Karachi.
Alexander the Great stationed his fleet in Krokola on his way to Babylon.
Alexander the Great defeated Darius and conquered Babylon before expanding his 
empire.
#### Yes.

Example 2:
Q: Was P. G. Wodehouse's favorite book The Hunger Games?

A: P. G. Wodehouse died in 1975.
The Hunger Games was published in 2008.
#### No.
IMPORTANT:
- Think step by step.
- The final line must be exactly in the format: #### Yes. or #### No.
- Do not end with anything else after the final answer.
Your Question:
Q: Could someone in a coma experience fear?

A: A: A coma is a state of prolonged unconsciousness where a person does not respond to stimuli and lacks awareness of their surroundings.
In a coma, the brain is not functioning normally and the person is unable to process sensory information.
Fear is an emotional response that typically requires some level of consciousness and awareness of one’s environment.
Responses:
Since a person in a coma is not aware of their surroundings and cannot process sensory information, they would not have the capacity to experience emotions such as fear. (Score: 0.0241546630859375)
Since a person in a coma does not have the necessary awareness or consciousness to experience emotions, including fear, it is unlikely that someone in a coma could experience fear. (Score: 0.02398681640625)
Given that a person in a coma does not have the ability to process sensory information and lacks awareness, it is unlikely that they could experience fear. (Score: 0.0236358642578125)
In a coma, individuals do not have the cognitive ability to experience emotions, including fear, as they are unresponsive to external stimuli and lack awareness. (Score: 0.0244903564453125)

====================
Query:
Use the step-by-step method as shown in the examples to answer the question. Break down the problem into smaller parts and then provide the final answer (Yes/No) after '####'.

Example 1:
Q: Karachi was a part of Alexander the Great's success?

A: Karachi is a city in modern day Pakistan.
Krokola was an ancient port located in what is now Karachi.
Alexander the Great stationed his fleet in Krokola on his way to Babylon.
Alexander the Great defeated Darius and conquered Babylon before expanding his 
empire.
#### Yes.

Example 2:
Q: Was P. G. Wodehouse's favorite book The Hunger Games?

A: P. G. Wodehouse died in 1975.
The Hunger Games was published in 2008.
#### No.
IMPORTANT:
- Think step by step.
- The final line must be exactly in the format: #### Yes. or #### No.
- Do not end with anything else after the final answer.
Your Question:
Q: Could someone in a coma experience fear?

A: A: A coma is a state of prolonged unconsciousness where a person does not respond to stimuli and lacks awareness of their surroundings.
In a coma, the brain is not functioning normally and the person is unable to process sensory information.
Fear is an emotional response that requires some level of awareness and processing of experiences.
Responses:
Therefore, someone in a coma would not be able to experience fear as they are not aware of their surroundings or able to process emotions. (Score: 0.024658203125)
Therefore, someone in a coma would not be able to experience fear as they are not aware of their surroundings or capable of emotional processing. (Score: 0.0243377685546875)
While there may be some brain activity in a comatose state, it is not sufficient to allow for emotional experiences like fear. (Score: 0.0269317626953125)
Given that a person in a coma is not aware of their surroundings and cannot process sensory information, it is unlikely that they could experience fear, which requires some level of cognitive awareness. (Score: 0.024017333984375)

====================
Query:
Use the step-by-step method as shown in the examples to answer the question. Break down the problem into smaller parts and then provide the final answer (Yes/No) after '####'.

Example 1:
Q: Karachi was a part of Alexander the Great's success?

A: Karachi is a city in modern day Pakistan.
Krokola was an ancient port located in what is now Karachi.
Alexander the Great stationed his fleet in Krokola on his way to Babylon.
Alexander the Great defeated Darius and conquered Babylon before expanding his 
empire.
#### Yes.

Example 2:
Q: Was P. G. Wodehouse's favorite book The Hunger Games?

A: P. G. Wodehouse died in 1975.
The Hunger Games was published in 2008.
#### No.
IMPORTANT:
- Think step by step.
- The final line must be exactly in the format: #### Yes. or #### No.
- Do not end with anything else after the final answer.
Your Question:
Q: Could someone in a coma experience fear?

A: A: A coma is a state of prolonged unconsciousness where a person does not respond to stimuli and lacks awareness of their surroundings.
In a coma, the brain is not functioning normally and the person is unable to process sensory information.
Fear is an emotional response that requires some level of awareness and processing of experiences.
While there may be some brain activity in a comatose state, it is not sufficient to allow for emotional experiences like fear.
Responses:
#### No. (Score: 0.0286407470703125)
#### No. (Score: 0.0286407470703125)
<EMPTY> (Score: -inf)
<EMPTY> (Score: -inf)

====================
Query:
Use the step-by-step method as shown in the examples to answer the question. Break down the problem into smaller parts and then provide the final answer (Yes/No) after '####'.

Example 1:
Q: Karachi was a part of Alexander the Great's success?

A: Karachi is a city in modern day Pakistan.
Krokola was an ancient port located in what is now Karachi.
Alexander the Great stationed his fleet in Krokola on his way to Babylon.
Alexander the Great defeated Darius and conquered Babylon before expanding his 
empire.
#### Yes.

Example 2:
Q: Was P. G. Wodehouse's favorite book The Hunger Games?

A: P. G. Wodehouse died in 1975.
The Hunger Games was published in 2008.
#### No.
IMPORTANT:
- Think step by step.
- The final line must be exactly in the format: #### Yes. or #### No.
- Do not end with anything else after the final answer.
Your Question:
Q: Could someone in a coma experience fear?

A: A: A coma is a state of prolonged unconsciousness where a person does not respond to stimuli and lacks awareness of their surroundings.
In a coma, the brain is not functioning normally and the person is unable to process sensory information.
Fear is an emotional response that requires some level of awareness and processing of experiences.
Therefore, someone in a coma would not be able to experience fear as they are not aware of their surroundings or able to process emotions.
Responses:
#### No. (Score: 0.0263671875)
A: A coma is a state of prolonged unconsciousness where a person does not respond to stimuli and lacks awareness of their surroundings. (Score: 0.02484130859375)
<EMPTY> (Score: -inf)
<EMPTY> (Score: -inf)

====================
Query:
Use the step-by-step method as shown in the examples to answer the question. Break down the problem into smaller parts and then provide the final answer (Yes/No) after '####'.

Example 1:
Q: Karachi was a part of Alexander the Great's success?

A: Karachi is a city in modern day Pakistan.
Krokola was an ancient port located in what is now Karachi.
Alexander the Great stationed his fleet in Krokola on his way to Babylon.
Alexander the Great defeated Darius and conquered Babylon before expanding his 
empire.
#### Yes.

Example 2:
Q: Was P. G. Wodehouse's favorite book The Hunger Games?

A: P. G. Wodehouse died in 1975.
The Hunger Games was published in 2008.
#### No.
IMPORTANT:
- Think step by step.
- The final line must be exactly in the format: #### Yes. or #### No.
- Do not end with anything else after the final answer.
Your Question:
Q: Was Walt Disney ever interviewed by Anderson Cooper?

A:
Responses:
Walt Disney was a famous American entrepreneur and animator who passed away in 1966. (Score: 0.029571533203125)
Walt Disney was a prominent American entrepreneur and animator, known for founding the Walt Disney Company. (Score: 0.029693603515625)
Walt Disney was a prominent American entrepreneur and animator who co-founded The Walt Disney Company. (Score: 0.028656005859375)
Walt Disney was a prominent American film producer and co-founder of The Walt Disney Company. (Score: 0.0289306640625)

====================
Query:
Use the step-by-step method as shown in the examples to answer the question. Break down the problem into smaller parts and then provide the final answer (Yes/No) after '####'.

Example 1:
Q: Karachi was a part of Alexander the Great's success?

A: Karachi is a city in modern day Pakistan.
Krokola was an ancient port located in what is now Karachi.
Alexander the Great stationed his fleet in Krokola on his way to Babylon.
Alexander the Great defeated Darius and conquered Babylon before expanding his 
empire.
#### Yes.

Example 2:
Q: Was P. G. Wodehouse's favorite book The Hunger Games?

A: P. G. Wodehouse died in 1975.
The Hunger Games was published in 2008.
#### No.
IMPORTANT:
- Think step by step.
- The final line must be exactly in the format: #### Yes. or #### No.
- Do not end with anything else after the final answer.
Your Question:
Q: Was Walt Disney ever interviewed by Anderson Cooper?

A: Walt Disney was a prominent American entrepreneur and animator, known for founding the Walt Disney Company.
Responses:
Walt Disney passed away in 1966. (Score: 0.027313232421875)
Walt Disney passed away in 1966. (Score: 0.027313232421875)
<EMPTY> (Score: -inf)
<EMPTY> (Score: -inf)

====================
Query:
Use the step-by-step method as shown in the examples to answer the question. Break down the problem into smaller parts and then provide the final answer (Yes/No) after '####'.

Example 1:
Q: Karachi was a part of Alexander the Great's success?

A: Karachi is a city in modern day Pakistan.
Krokola was an ancient port located in what is now Karachi.
Alexander the Great stationed his fleet in Krokola on his way to Babylon.
Alexander the Great defeated Darius and conquered Babylon before expanding his 
empire.
#### Yes.

Example 2:
Q: Was P. G. Wodehouse's favorite book The Hunger Games?

A: P. G. Wodehouse died in 1975.
The Hunger Games was published in 2008.
#### No.
IMPORTANT:
- Think step by step.
- The final line must be exactly in the format: #### Yes. or #### No.
- Do not end with anything else after the final answer.
Your Question:
Q: Was Walt Disney ever interviewed by Anderson Cooper?

A: Walt Disney was a famous American entrepreneur and animator who passed away in 1966.
Responses:
Anderson Cooper is a contemporary journalist who began his career in the late 1990s. (Score: 0.027435302734375)
A: Anderson Cooper is a contemporary journalist and television personality born in 1967. (Score: 0.0244598388671875)
Anderson Cooper is a journalist and television personality who is active in the media industry today. (Score: 0.027923583984375)
Anderson Cooper is a contemporary journalist and television personality who began his career in the 1990s. (Score: 0.0261993408203125)

====================
Query:
Use the step-by-step method as shown in the examples to answer the question. Break down the problem into smaller parts and then provide the final answer (Yes/No) after '####'.

Example 1:
Q: Karachi was a part of Alexander the Great's success?

A: Karachi is a city in modern day Pakistan.
Krokola was an ancient port located in what is now Karachi.
Alexander the Great stationed his fleet in Krokola on his way to Babylon.
Alexander the Great defeated Darius and conquered Babylon before expanding his 
empire.
#### Yes.

Example 2:
Q: Was P. G. Wodehouse's favorite book The Hunger Games?

A: P. G. Wodehouse died in 1975.
The Hunger Games was published in 2008.
#### No.
IMPORTANT:
- Think step by step.
- The final line must be exactly in the format: #### Yes. or #### No.
- Do not end with anything else after the final answer.
Your Question:
Q: Was Walt Disney ever interviewed by Anderson Cooper?

A: Walt Disney was a famous American entrepreneur and animator who passed away in 1966.
Anderson Cooper is a journalist and television personality who is active in the media industry today.
Responses:
Walt Disney died in 1966, while Anderson Cooper began his career in journalism after Disney's death. (Score: 0.027374267578125)
Since Walt Disney died in 1966, and Anderson Cooper began his career in journalism much later, it would not be possible for them to have had an interview. (Score: 0.031280517578125)
Walt Disney passed away in 1966, which means he could not have been interviewed by anyone after that date. (Score: 0.026641845703125)
Anderson Cooper began his career in journalism in the late 1980s and has been a prominent figure in news since then. (Score: 0.026702880859375)

====================
Query:
Use the step-by-step method as shown in the examples to answer the question. Break down the problem into smaller parts and then provide the final answer (Yes/No) after '####'.

Example 1:
Q: Karachi was a part of Alexander the Great's success?

A: Karachi is a city in modern day Pakistan.
Krokola was an ancient port located in what is now Karachi.
Alexander the Great stationed his fleet in Krokola on his way to Babylon.
Alexander the Great defeated Darius and conquered Babylon before expanding his 
empire.
#### Yes.

Example 2:
Q: Was P. G. Wodehouse's favorite book The Hunger Games?

A: P. G. Wodehouse died in 1975.
The Hunger Games was published in 2008.
#### No.
IMPORTANT:
- Think step by step.
- The final line must be exactly in the format: #### Yes. or #### No.
- Do not end with anything else after the final answer.
Your Question:
Q: Was Walt Disney ever interviewed by Anderson Cooper?

A: Walt Disney was a famous American entrepreneur and animator who passed away in 1966.
Anderson Cooper is a contemporary journalist who began his career in the late 1990s.
Responses:
Walt Disney and Anderson Cooper belong to different eras. (Score: 0.0288543701171875)
Walt Disney died in 1966, long before Anderson Cooper began his career. (Score: 0.0274658203125)
Walt Disney passed away long before Anderson Cooper started his journalism career. (Score: 0.0271759033203125)
Walt Disney could not have been interviewed by Anderson Cooper since he died in 1966, long before Cooper's career began. (Score: 0.0290374755859375)

====================
Query:
Use the step-by-step method as shown in the examples to answer the question. Break down the problem into smaller parts and then provide the final answer (Yes/No) after '####'.

Example 1:
Q: Karachi was a part of Alexander the Great's success?

A: Karachi is a city in modern day Pakistan.
Krokola was an ancient port located in what is now Karachi.
Alexander the Great stationed his fleet in Krokola on his way to Babylon.
Alexander the Great defeated Darius and conquered Babylon before expanding his 
empire.
#### Yes.

Example 2:
Q: Was P. G. Wodehouse's favorite book The Hunger Games?

A: P. G. Wodehouse died in 1975.
The Hunger Games was published in 2008.
#### No.
IMPORTANT:
- Think step by step.
- The final line must be exactly in the format: #### Yes. or #### No.
- Do not end with anything else after the final answer.
Your Question:
Q: Was Walt Disney ever interviewed by Anderson Cooper?

A: Walt Disney was a famous American entrepreneur and animator who passed away in 1966.
Anderson Cooper is a journalist and television personality who is active in the media industry today.
Since Walt Disney died in 1966, and Anderson Cooper began his career in journalism much later, it would not be possible for them to have had an interview.
Responses:
A: Walt Disney was a famous American entrepreneur and animator who passed away in 1966. (Score: 0.029876708984375)
#### No. (Score: 0.031646728515625)
<EMPTY> (Score: -inf)
<EMPTY> (Score: -inf)

====================
Query:
Use the step-by-step method as shown in the examples to answer the question. Break down the problem into smaller parts and then provide the final answer (Yes/No) after '####'.

Example 1:
Q: Karachi was a part of Alexander the Great's success?

A: Karachi is a city in modern day Pakistan.
Krokola was an ancient port located in what is now Karachi.
Alexander the Great stationed his fleet in Krokola on his way to Babylon.
Alexander the Great defeated Darius and conquered Babylon before expanding his 
empire.
#### Yes.

Example 2:
Q: Was P. G. Wodehouse's favorite book The Hunger Games?

A: P. G. Wodehouse died in 1975.
The Hunger Games was published in 2008.
#### No.
IMPORTANT:
- Think step by step.
- The final line must be exactly in the format: #### Yes. or #### No.
- Do not end with anything else after the final answer.
Your Question:
Q: Was Walt Disney ever interviewed by Anderson Cooper?

A: Walt Disney was a famous American entrepreneur and animator who passed away in 1966.
Anderson Cooper is a contemporary journalist who began his career in the late 1990s.
Walt Disney could not have been interviewed by Anderson Cooper since he died in 1966, long before Cooper's career began.
Responses:
A: Walt Disney was a famous American entrepreneur and animator who passed away in 1966. (Score: 0.029205322265625)
#### No. (Score: 0.02899169921875)
<EMPTY> (Score: -inf)
<EMPTY> (Score: -inf)

====================
Query:
Use the step-by-step method as shown in the examples to answer the question. Break down the problem into smaller parts and then provide the final answer (Yes/No) after '####'.

Example 1:
Q: Karachi was a part of Alexander the Great's success?

A: Karachi is a city in modern day Pakistan.
Krokola was an ancient port located in what is now Karachi.
Alexander the Great stationed his fleet in Krokola on his way to Babylon.
Alexander the Great defeated Darius and conquered Babylon before expanding his 
empire.
#### Yes.

Example 2:
Q: Was P. G. Wodehouse's favorite book The Hunger Games?

A: P. G. Wodehouse died in 1975.
The Hunger Games was published in 2008.
#### No.
IMPORTANT:
- Think step by step.
- The final line must be exactly in the format: #### Yes. or #### No.
- Do not end with anything else after the final answer.
Your Question:
Q: Was Walt Disney ever interviewed by Anderson Cooper?

A: Walt Disney was a famous American entrepreneur and animator who passed away in 1966.
Anderson Cooper is a journalist and television personality who is active in the media industry today.
Since Walt Disney died in 1966, and Anderson Cooper began his career in journalism much later, it would not be possible for them to have had an interview.
A: Walt Disney was a famous American entrepreneur and animator who passed away in 1966.
Responses:
Anderson Cooper is a journalist and television personality who is active in the media industry today. (Score: 0.0300140380859375)
Anderson Cooper is a journalist and television personality who began his career in the 1990s. (Score: 0.029998779296875)
<EMPTY> (Score: -inf)
<EMPTY> (Score: -inf)

====================
Query:
Use the step-by-step method as shown in the examples to answer the question. Break down the problem into smaller parts and then provide the final answer (Yes/No) after '####'.

Example 1:
Q: Karachi was a part of Alexander the Great's success?

A: Karachi is a city in modern day Pakistan.
Krokola was an ancient port located in what is now Karachi.
Alexander the Great stationed his fleet in Krokola on his way to Babylon.
Alexander the Great defeated Darius and conquered Babylon before expanding his 
empire.
#### Yes.

Example 2:
Q: Was P. G. Wodehouse's favorite book The Hunger Games?

A: P. G. Wodehouse died in 1975.
The Hunger Games was published in 2008.
#### No.
IMPORTANT:
- Think step by step.
- The final line must be exactly in the format: #### Yes. or #### No.
- Do not end with anything else after the final answer.
Your Question:
Q: Was Walt Disney ever interviewed by Anderson Cooper?

A: Walt Disney was a famous American entrepreneur and animator who passed away in 1966.
Anderson Cooper is a journalist and television personality who is active in the media industry today.
Since Walt Disney died in 1966, and Anderson Cooper began his career in journalism much later, it would not be possible for them to have had an interview.
A: Walt Disney was a famous American entrepreneur and animator who passed away in 1966.
Anderson Cooper is a journalist and television personality who is active in the media industry today.
Responses:
Since Walt Disney died in 1966, and Anderson Cooper began his career in journalism much later, it would not be possible for them to have had an interview. (Score: 0.0316162109375)
Since Walt Disney died in 1966, and Anderson Cooper began his career in journalism much later, it would not be possible for them to have had an interview. (Score: 0.0316162109375)
<EMPTY> (Score: -inf)
<EMPTY> (Score: -inf)

====================
Query:
Use the step-by-step method as shown in the examples to answer the question. Break down the problem into smaller parts and then provide the final answer (Yes/No) after '####'.

Example 1:
Q: Karachi was a part of Alexander the Great's success?

A: Karachi is a city in modern day Pakistan.
Krokola was an ancient port located in what is now Karachi.
Alexander the Great stationed his fleet in Krokola on his way to Babylon.
Alexander the Great defeated Darius and conquered Babylon before expanding his 
empire.
#### Yes.

Example 2:
Q: Was P. G. Wodehouse's favorite book The Hunger Games?

A: P. G. Wodehouse died in 1975.
The Hunger Games was published in 2008.
#### No.
IMPORTANT:
- Think step by step.
- The final line must be exactly in the format: #### Yes. or #### No.
- Do not end with anything else after the final answer.
Your Question:
Q: Was Walt Disney ever interviewed by Anderson Cooper?

A: Walt Disney was a famous American entrepreneur and animator who passed away in 1966.
Anderson Cooper is a journalist and television personality who is active in the media industry today.
Since Walt Disney died in 1966, and Anderson Cooper began his career in journalism much later, it would not be possible for them to have had an interview.
A: Walt Disney was a famous American entrepreneur and animator who passed away in 1966.
Anderson Cooper is a journalist and television personality who is active in the media industry today.
Since Walt Disney died in 1966, and Anderson Cooper began his career in journalism much later, it would not be possible for them to have had an interview.
Responses:
A: Walt Disney was a famous American entrepreneur and animator who passed away in 1966. (Score: 0.031951904296875)
#### No. (Score: 0.03228759765625)
<EMPTY> (Score: -inf)
<EMPTY> (Score: -inf)

====================
Query:
Use the step-by-step method as shown in the examples to answer the question. Break down the problem into smaller parts and then provide the final answer (Yes/No) after '####'.

Example 1:
Q: Karachi was a part of Alexander the Great's success?

A: Karachi is a city in modern day Pakistan.
Krokola was an ancient port located in what is now Karachi.
Alexander the Great stationed his fleet in Krokola on his way to Babylon.
Alexander the Great defeated Darius and conquered Babylon before expanding his 
empire.
#### Yes.

Example 2:
Q: Was P. G. Wodehouse's favorite book The Hunger Games?

A: P. G. Wodehouse died in 1975.
The Hunger Games was published in 2008.
#### No.
IMPORTANT:
- Think step by step.
- The final line must be exactly in the format: #### Yes. or #### No.
- Do not end with anything else after the final answer.
Your Question:
Q: Was Walt Disney ever interviewed by Anderson Cooper?

A: Walt Disney was a famous American entrepreneur and animator who passed away in 1966.
Anderson Cooper is a journalist and television personality who is active in the media industry today.
Since Walt Disney died in 1966, and Anderson Cooper began his career in journalism much later, it would not be possible for them to have had an interview.
A: Walt Disney was a famous American entrepreneur and animator who passed away in 1966.
Anderson Cooper is a journalist and television personality who is active in the media industry today.
Since Walt Disney died in 1966, and Anderson Cooper began his career in journalism much later, it would not be possible for them to have had an interview.
A: Walt Disney was a famous American entrepreneur and animator who passed away in 1966.
Responses:
Anderson Cooper is a journalist and television personality who is active in the media industry today. (Score: 0.0321044921875)
Anderson Cooper is a journalist and television personality who is active in the media industry today. (Score: 0.0321044921875)
<EMPTY> (Score: -inf)
<EMPTY> (Score: -inf)

====================
Query:
Use the step-by-step method as shown in the examples to answer the question. Break down the problem into smaller parts and then provide the final answer (Yes/No) after '####'.

Example 1:
Q: Karachi was a part of Alexander the Great's success?

A: Karachi is a city in modern day Pakistan.
Krokola was an ancient port located in what is now Karachi.
Alexander the Great stationed his fleet in Krokola on his way to Babylon.
Alexander the Great defeated Darius and conquered Babylon before expanding his 
empire.
#### Yes.

Example 2:
Q: Was P. G. Wodehouse's favorite book The Hunger Games?

A: P. G. Wodehouse died in 1975.
The Hunger Games was published in 2008.
#### No.
IMPORTANT:
- Think step by step.
- The final line must be exactly in the format: #### Yes. or #### No.
- Do not end with anything else after the final answer.
Your Question:
Q: Is Gandalf hypothetically a formidable foe for Charmed's Barbas?

A:
Responses:
A: Gandalf is a fictional character from J.R.R. Tolkien's Middle-earth legendarium, known for his immense magical abilities and wisdom. (Score: 0.027374267578125)
Gandalf is a powerful wizard from J.R.R. Tolkien's Middle-earth, known for his immense magical abilities and wisdom. (Score: 0.0269317626953125)
Gandalf is a powerful wizard from J.R.R. Tolkien's Middle-earth legendarium. (Score: 0.0283660888671875)
A: Gandalf is a fictional character from J.R.R. Tolkien's Middle-earth legendarium, known for his wisdom, magical abilities, and combat skills. (Score: 0.025665283203125)

====================
Query:
Use the step-by-step method as shown in the examples to answer the question. Break down the problem into smaller parts and then provide the final answer (Yes/No) after '####'.

Example 1:
Q: Karachi was a part of Alexander the Great's success?

A: Karachi is a city in modern day Pakistan.
Krokola was an ancient port located in what is now Karachi.
Alexander the Great stationed his fleet in Krokola on his way to Babylon.
Alexander the Great defeated Darius and conquered Babylon before expanding his 
empire.
#### Yes.

Example 2:
Q: Was P. G. Wodehouse's favorite book The Hunger Games?

A: P. G. Wodehouse died in 1975.
The Hunger Games was published in 2008.
#### No.
IMPORTANT:
- Think step by step.
- The final line must be exactly in the format: #### Yes. or #### No.
- Do not end with anything else after the final answer.
Your Question:
Q: Is Gandalf hypothetically a formidable foe for Charmed's Barbas?

A: Gandalf is a powerful wizard from J.R.R. Tolkien's Middle-earth legendarium.
Responses:
Gandalf possesses a wide range of magical abilities, including manipulation of fire, light, and nature, as well as wisdom and combat skills. (Score: 0.0248260498046875)
Gandalf possesses a wide array of magical abilities, including manipulation of fire, light, and nature, as well as wisdom and combat skills. (Score: 0.0244293212890625)
Gandalf possesses a wide range of magical abilities, including control over fire, light, and telepathy. (Score: 0.025787353515625)
Gandalf possesses a wide array of magical abilities and has extensive experience in combat against various dark forces. (Score: 0.025634765625)

====================
Query:
Use the step-by-step method as shown in the examples to answer the question. Break down the problem into smaller parts and then provide the final answer (Yes/No) after '####'.

Example 1:
Q: Karachi was a part of Alexander the Great's success?

A: Karachi is a city in modern day Pakistan.
Krokola was an ancient port located in what is now Karachi.
Alexander the Great stationed his fleet in Krokola on his way to Babylon.
Alexander the Great defeated Darius and conquered Babylon before expanding his 
empire.
#### Yes.

Example 2:
Q: Was P. G. Wodehouse's favorite book The Hunger Games?

A: P. G. Wodehouse died in 1975.
The Hunger Games was published in 2008.
#### No.
IMPORTANT:
- Think step by step.
- The final line must be exactly in the format: #### Yes. or #### No.
- Do not end with anything else after the final answer.
Your Question:
Q: Is Gandalf hypothetically a formidable foe for Charmed's Barbas?

A: A: Gandalf is a fictional character from J.R.R. Tolkien's Middle-earth legendarium, known for his immense magical abilities and wisdom.
Responses:
Gandalf is portrayed as one of the most powerful wizards in Middle-earth, capable of battling formidable foes and possessing a deep understanding of magic. (Score: 0.0270233154296875)
Gandalf has faced various powerful foes in his stories, showcasing his strength and strategic mind. (Score: 0.02545166015625)
Gandalf is a powerful wizard in the Lord of the Rings series, often depicted as a key figure in the fight against dark forces. (Score: 0.0261077880859375)
Gandalf has faced powerful beings like Sauron and the Balrog, showcasing his strength and combat skills. (Score: 0.0254669189453125)

====================
Query:
Use the step-by-step method as shown in the examples to answer the question. Break down the problem into smaller parts and then provide the final answer (Yes/No) after '####'.

Example 1:
Q: Karachi was a part of Alexander the Great's success?

A: Karachi is a city in modern day Pakistan.
Krokola was an ancient port located in what is now Karachi.
Alexander the Great stationed his fleet in Krokola on his way to Babylon.
Alexander the Great defeated Darius and conquered Babylon before expanding his 
empire.
#### Yes.

Example 2:
Q: Was P. G. Wodehouse's favorite book The Hunger Games?

A: P. G. Wodehouse died in 1975.
The Hunger Games was published in 2008.
#### No.
IMPORTANT:
- Think step by step.
- The final line must be exactly in the format: #### Yes. or #### No.
- Do not end with anything else after the final answer.
Your Question:
Q: Is Gandalf hypothetically a formidable foe for Charmed's Barbas?

A: A: Gandalf is a fictional character from J.R.R. Tolkien's Middle-earth legendarium, known for his immense magical abilities and wisdom.
Gandalf is portrayed as one of the most powerful wizards in Middle-earth, capable of battling formidable foes and possessing a deep understanding of magic.
Responses:
Barbas is a fictional demon from the TV show "Charmed," known for his ability to manipulate fear and his cunning nature. (Score: 0.027740478515625)
Barbas is a fictional character from the TV show "Charmed," known as the demon of fear and a powerful adversary with the ability to manipulate individuals' fears against them. (Score: 0.0280609130859375)
Barbas is a fictional character from the television series "Charmed," known as a demon with the power to manipulate fear and create illusions. (Score: 0.02728271484375)
Barbas is a character from the TV show "Charmed," known as the Demon of Fear. (Score: 0.026885986328125)

====================
Query:
Use the step-by-step method as shown in the examples to answer the question. Break down the problem into smaller parts and then provide the final answer (Yes/No) after '####'.

Example 1:
Q: Karachi was a part of Alexander the Great's success?

A: Karachi is a city in modern day Pakistan.
Krokola was an ancient port located in what is now Karachi.
Alexander the Great stationed his fleet in Krokola on his way to Babylon.
Alexander the Great defeated Darius and conquered Babylon before expanding his 
empire.
#### Yes.

Example 2:
Q: Was P. G. Wodehouse's favorite book The Hunger Games?

A: P. G. Wodehouse died in 1975.
The Hunger Games was published in 2008.
#### No.
IMPORTANT:
- Think step by step.
- The final line must be exactly in the format: #### Yes. or #### No.
- Do not end with anything else after the final answer.
Your Question:
Q: Is Gandalf hypothetically a formidable foe for Charmed's Barbas?

A: A: Gandalf is a fictional character from J.R.R. Tolkien's Middle-earth legendarium, known for his immense magical abilities and wisdom.
Gandalf is a powerful wizard in the Lord of the Rings series, often depicted as a key figure in the fight against dark forces.
Responses:
Barbas is a character from the television series Charmed, known as the "Demon of Fear." He has the ability to manipulate fear and is a formidable opponent for the Charmed Ones. (Score: 0.0265045166015625)
Barbas is a fictional character from the TV series "Charmed," known as the Demon of Fear. (Score: 0.0260162353515625)
Barbas is a fictional character from the television series Charmed, known as the demon of fear. (Score: 0.0269012451171875)
Barbas is a character from the TV series Charmed, known as the "Demon of Fear." He has various supernatural abilities, including shape-shifting and the power to manipulate fears. (Score: 0.0262603759765625)

====================
Query:
Use the step-by-step method as shown in the examples to answer the question. Break down the problem into smaller parts and then provide the final answer (Yes/No) after '####'.

Example 1:
Q: Karachi was a part of Alexander the Great's success?

A: Karachi is a city in modern day Pakistan.
Krokola was an ancient port located in what is now Karachi.
Alexander the Great stationed his fleet in Krokola on his way to Babylon.
Alexander the Great defeated Darius and conquered Babylon before expanding his 
empire.
#### Yes.

Example 2:
Q: Was P. G. Wodehouse's favorite book The Hunger Games?

A: P. G. Wodehouse died in 1975.
The Hunger Games was published in 2008.
#### No.
IMPORTANT:
- Think step by step.
- The final line must be exactly in the format: #### Yes. or #### No.
- Do not end with anything else after the final answer.
Your Question:
Q: Is Gandalf hypothetically a formidable foe for Charmed's Barbas?

A: A: Gandalf is a fictional character from J.R.R. Tolkien's Middle-earth legendarium, known for his immense magical abilities and wisdom.
Gandalf is portrayed as one of the most powerful wizards in Middle-earth, capable of battling formidable foes and possessing a deep understanding of magic.
Barbas is a fictional character from the TV show "Charmed," known as the demon of fear and a powerful adversary with the ability to manipulate individuals' fears against them.
Responses:
Barbas, while powerful, is not considered to be on the same level of raw magical strength as Gandalf. (Score: 0.0309600830078125)
Barbas has shown the capability to challenge witches and magical beings in "Charmed," but his power is often dependent on the fears of his opponents. (Score: 0.0278778076171875)
Barbas has shown to be a cunning opponent, but he relies on fear and psychological manipulation rather than direct magical combat. (Score: 0.02825927734375)
Barbas has various magical powers, including shapeshifting and fear manipulation, which makes him a challenging opponent. (Score: 0.02886962890625)

====================
Query:
Use the step-by-step method as shown in the examples to answer the question. Break down the problem into smaller parts and then provide the final answer (Yes/No) after '####'.

Example 1:
Q: Karachi was a part of Alexander the Great's success?

A: Karachi is a city in modern day Pakistan.
Krokola was an ancient port located in what is now Karachi.
Alexander the Great stationed his fleet in Krokola on his way to Babylon.
Alexander the Great defeated Darius and conquered Babylon before expanding his 
empire.
#### Yes.

Example 2:
Q: Was P. G. Wodehouse's favorite book The Hunger Games?

A: P. G. Wodehouse died in 1975.
The Hunger Games was published in 2008.
#### No.
IMPORTANT:
- Think step by step.
- The final line must be exactly in the format: #### Yes. or #### No.
- Do not end with anything else after the final answer.
Your Question:
Q: Is Gandalf hypothetically a formidable foe for Charmed's Barbas?

A: A: Gandalf is a fictional character from J.R.R. Tolkien's Middle-earth legendarium, known for his immense magical abilities and wisdom.
Gandalf is portrayed as one of the most powerful wizards in Middle-earth, capable of battling formidable foes and possessing a deep understanding of magic.
Barbas is a fictional demon from the TV show "Charmed," known for his ability to manipulate fear and his cunning nature.
Responses:
Barbas is often considered a powerful adversary due to his supernatural abilities and cunning, but he is ultimately a character designed for a television series, where his powers are contextual to the show's narrative. (Score: 0.0282135009765625)
Barbas is a powerful adversary, but his abilities are more focused on fear manipulation rather than direct combat. (Score: 0.0272064208984375)
Barbas is considered a powerful adversary, but he is not on the same level as Gandalf in terms of magical prowess and experience. (Score: 0.0304107666015625)
Barbas has shown considerable power in the "Charmed" series, but he often relies on trickery and fear tactics rather than raw magical strength. (Score: 0.0273284912109375)

====================
Query:
Use the step-by-step method as shown in the examples to answer the question. Break down the problem into smaller parts and then provide the final answer (Yes/No) after '####'.

Example 1:
Q: Karachi was a part of Alexander the Great's success?

A: Karachi is a city in modern day Pakistan.
Krokola was an ancient port located in what is now Karachi.
Alexander the Great stationed his fleet in Krokola on his way to Babylon.
Alexander the Great defeated Darius and conquered Babylon before expanding his 
empire.
#### Yes.

Example 2:
Q: Was P. G. Wodehouse's favorite book The Hunger Games?

A: P. G. Wodehouse died in 1975.
The Hunger Games was published in 2008.
#### No.
IMPORTANT:
- Think step by step.
- The final line must be exactly in the format: #### Yes. or #### No.
- Do not end with anything else after the final answer.
Your Question:
Q: Is Gandalf hypothetically a formidable foe for Charmed's Barbas?

A: A: Gandalf is a fictional character from J.R.R. Tolkien's Middle-earth legendarium, known for his immense magical abilities and wisdom.
Gandalf is portrayed as one of the most powerful wizards in Middle-earth, capable of battling formidable foes and possessing a deep understanding of magic.
Barbas is a fictional character from the TV show "Charmed," known as the demon of fear and a powerful adversary with the ability to manipulate individuals' fears against them.
Barbas, while powerful, is not considered to be on the same level of raw magical strength as Gandalf.
Responses:
A: Gandalf is a fictional character from J.R.R. Tolkien's Middle-earth legendarium, known for his immense magical abilities and wisdom. (Score: 0.0318603515625)
Gandalf's abilities include manipulating fire, light, and using powerful spells, while Barbas primarily uses fear-based tactics. (Score: 0.0303802490234375)
Gandalf has faced numerous powerful enemies throughout his journeys, showcasing his strength and strategic prowess in combat. (Score: 0.029693603515625)
<EMPTY> (Score: -inf)

====================
Query:
Use the step-by-step method as shown in the examples to answer the question. Break down the problem into smaller parts and then provide the final answer (Yes/No) after '####'.

Example 1:
Q: Karachi was a part of Alexander the Great's success?

A: Karachi is a city in modern day Pakistan.
Krokola was an ancient port located in what is now Karachi.
Alexander the Great stationed his fleet in Krokola on his way to Babylon.
Alexander the Great defeated Darius and conquered Babylon before expanding his 
empire.
#### Yes.

Example 2:
Q: Was P. G. Wodehouse's favorite book The Hunger Games?

A: P. G. Wodehouse died in 1975.
The Hunger Games was published in 2008.
#### No.
IMPORTANT:
- Think step by step.
- The final line must be exactly in the format: #### Yes. or #### No.
- Do not end with anything else after the final answer.
Your Question:
Q: Is Gandalf hypothetically a formidable foe for Charmed's Barbas?

A: A: Gandalf is a fictional character from J.R.R. Tolkien's Middle-earth legendarium, known for his immense magical abilities and wisdom.
Gandalf is portrayed as one of the most powerful wizards in Middle-earth, capable of battling formidable foes and possessing a deep understanding of magic.
Barbas is a fictional demon from the TV show "Charmed," known for his ability to manipulate fear and his cunning nature.
Barbas is considered a powerful adversary, but he is not on the same level as Gandalf in terms of magical prowess and experience.
Responses:
Gandalf's powers include significant magical abilities, wisdom, and combat experience against various powerful beings. (Score: 0.0288543701171875)
Gandalf has faced many powerful beings and has triumphed against them, including Sauron, a dark lord. (Score: 0.029022216796875)
To determine if Gandalf is hypothetically a formidable foe for Charmed's Barbas, let's break it down:. (Score: 0.0259552001953125)
To determine whether Gandalf is a formidable foe for Charmed's Barbas, we can analyze the characteristics and powers of both characters. (Score: 0.0289154052734375)

====================
Query:
Use the step-by-step method as shown in the examples to answer the question. Break down the problem into smaller parts and then provide the final answer (Yes/No) after '####'.

Example 1:
Q: Karachi was a part of Alexander the Great's success?

A: Karachi is a city in modern day Pakistan.
Krokola was an ancient port located in what is now Karachi.
Alexander the Great stationed his fleet in Krokola on his way to Babylon.
Alexander the Great defeated Darius and conquered Babylon before expanding his 
empire.
#### Yes.

Example 2:
Q: Was P. G. Wodehouse's favorite book The Hunger Games?

A: P. G. Wodehouse died in 1975.
The Hunger Games was published in 2008.
#### No.
IMPORTANT:
- Think step by step.
- The final line must be exactly in the format: #### Yes. or #### No.
- Do not end with anything else after the final answer.
Your Question:
Q: Is Gandalf hypothetically a formidable foe for Charmed's Barbas?

A: A: Gandalf is a fictional character from J.R.R. Tolkien's Middle-earth legendarium, known for his immense magical abilities and wisdom.
Gandalf is portrayed as one of the most powerful wizards in Middle-earth, capable of battling formidable foes and possessing a deep understanding of magic.
Barbas is a fictional character from the TV show "Charmed," known as the demon of fear and a powerful adversary with the ability to manipulate individuals' fears against them.
Barbas, while powerful, is not considered to be on the same level of raw magical strength as Gandalf.
A: Gandalf is a fictional character from J.R.R. Tolkien's Middle-earth legendarium, known for his immense magical abilities and wisdom.
Responses:
Gandalf is portrayed as one of the most powerful wizards in Middle-earth, capable of battling formidable foes and possessing a deep understanding of magic. (Score: 0.030670166015625)
Gandalf is portrayed as one of the most powerful wizards in Middle-earth, capable of battling formidable foes and possessing a deep understanding of magic. (Score: 0.030670166015625)
<EMPTY> (Score: -inf)
<EMPTY> (Score: -inf)

====================
Query:
Use the step-by-step method as shown in the examples to answer the question. Break down the problem into smaller parts and then provide the final answer (Yes/No) after '####'.

Example 1:
Q: Karachi was a part of Alexander the Great's success?

A: Karachi is a city in modern day Pakistan.
Krokola was an ancient port located in what is now Karachi.
Alexander the Great stationed his fleet in Krokola on his way to Babylon.
Alexander the Great defeated Darius and conquered Babylon before expanding his 
empire.
#### Yes.

Example 2:
Q: Was P. G. Wodehouse's favorite book The Hunger Games?

A: P. G. Wodehouse died in 1975.
The Hunger Games was published in 2008.
#### No.
IMPORTANT:
- Think step by step.
- The final line must be exactly in the format: #### Yes. or #### No.
- Do not end with anything else after the final answer.
Your Question:
Q: Is Gandalf hypothetically a formidable foe for Charmed's Barbas?

A: A: Gandalf is a fictional character from J.R.R. Tolkien's Middle-earth legendarium, known for his immense magical abilities and wisdom.
Gandalf is portrayed as one of the most powerful wizards in Middle-earth, capable of battling formidable foes and possessing a deep understanding of magic.
Barbas is a fictional character from the TV show "Charmed," known as the demon of fear and a powerful adversary with the ability to manipulate individuals' fears against them.
Barbas, while powerful, is not considered to be on the same level of raw magical strength as Gandalf.
Gandalf's abilities include manipulating fire, light, and using powerful spells, while Barbas primarily uses fear-based tactics.
Responses:
A: Gandalf is a fictional character from J.R.R. Tolkien's Middle-earth legendarium, known for his immense magical abilities and wisdom. (Score: 0.0309906005859375)
A: While both characters are powerful in their respective universes, Gandalf's magical abilities and combat skills are significantly more formidable than Barbas's fear manipulations. (Score: 0.030975341796875)
A: In a hypothetical scenario, Gandalf's vast experience and magical prowess give him an advantage over Barbas. (Score: 0.0313720703125)
<EMPTY> (Score: -inf)

====================
Query:
Use the step-by-step method as shown in the examples to answer the question. Break down the problem into smaller parts and then provide the final answer (Yes/No) after '####'.

Example 1:
Q: Karachi was a part of Alexander the Great's success?

A: Karachi is a city in modern day Pakistan.
Krokola was an ancient port located in what is now Karachi.
Alexander the Great stationed his fleet in Krokola on his way to Babylon.
Alexander the Great defeated Darius and conquered Babylon before expanding his 
empire.
#### Yes.

Example 2:
Q: Was P. G. Wodehouse's favorite book The Hunger Games?

A: P. G. Wodehouse died in 1975.
The Hunger Games was published in 2008.
#### No.
IMPORTANT:
- Think step by step.
- The final line must be exactly in the format: #### Yes. or #### No.
- Do not end with anything else after the final answer.
Your Question:
Q: Is Gandalf hypothetically a formidable foe for Charmed's Barbas?

A: A: Gandalf is a fictional character from J.R.R. Tolkien's Middle-earth legendarium, known for his immense magical abilities and wisdom.
Gandalf is portrayed as one of the most powerful wizards in Middle-earth, capable of battling formidable foes and possessing a deep understanding of magic.
Barbas is a fictional character from the TV show "Charmed," known as the demon of fear and a powerful adversary with the ability to manipulate individuals' fears against them.
Barbas, while powerful, is not considered to be on the same level of raw magical strength as Gandalf.
Gandalf's abilities include manipulating fire, light, and using powerful spells, while Barbas primarily uses fear-based tactics.
A: In a hypothetical scenario, Gandalf's vast experience and magical prowess give him an advantage over Barbas.
Responses:
#### Yes. (Score: 0.032928466796875)
A: Gandalf is a fictional character from J.R.R. Tolkien's Middle-earth legendarium, known for his immense magical abilities and wisdom. (Score: 0.031768798828125)
<EMPTY> (Score: -inf)
<EMPTY> (Score: -inf)

====================
Query:
Use the step-by-step method as shown in the examples to answer the question. Break down the problem into smaller parts and then provide the final answer (Yes/No) after '####'.

Example 1:
Q: Karachi was a part of Alexander the Great's success?

A: Karachi is a city in modern day Pakistan.
Krokola was an ancient port located in what is now Karachi.
Alexander the Great stationed his fleet in Krokola on his way to Babylon.
Alexander the Great defeated Darius and conquered Babylon before expanding his 
empire.
#### Yes.

Example 2:
Q: Was P. G. Wodehouse's favorite book The Hunger Games?

A: P. G. Wodehouse died in 1975.
The Hunger Games was published in 2008.
#### No.
IMPORTANT:
- Think step by step.
- The final line must be exactly in the format: #### Yes. or #### No.
- Do not end with anything else after the final answer.
Your Question:
Q: Is Gandalf hypothetically a formidable foe for Charmed's Barbas?

A: A: Gandalf is a fictional character from J.R.R. Tolkien's Middle-earth legendarium, known for his immense magical abilities and wisdom.
Gandalf is portrayed as one of the most powerful wizards in Middle-earth, capable of battling formidable foes and possessing a deep understanding of magic.
Barbas is a fictional character from the TV show "Charmed," known as the demon of fear and a powerful adversary with the ability to manipulate individuals' fears against them.
Barbas, while powerful, is not considered to be on the same level of raw magical strength as Gandalf.
Gandalf's abilities include manipulating fire, light, and using powerful spells, while Barbas primarily uses fear-based tactics.
A: Gandalf is a fictional character from J.R.R. Tolkien's Middle-earth legendarium, known for his immense magical abilities and wisdom.
Responses:
A: Gandalf is a fictional character from J.R.R. Tolkien's Middle-earth legendarium, known for his immense magical abilities and wisdom. (Score: 0.0303802490234375)
Gandalf is portrayed as one of the most powerful wizards in Middle-earth, capable of battling formidable foes and possessing a deep understanding of magic. (Score: 0.029998779296875)
<EMPTY> (Score: -inf)
<EMPTY> (Score: -inf)

====================
Query:
Use the step-by-step method as shown in the examples to answer the question. Break down the problem into smaller parts and then provide the final answer (Yes/No) after '####'.

Example 1:
Q: Karachi was a part of Alexander the Great's success?

A: Karachi is a city in modern day Pakistan.
Krokola was an ancient port located in what is now Karachi.
Alexander the Great stationed his fleet in Krokola on his way to Babylon.
Alexander the Great defeated Darius and conquered Babylon before expanding his 
empire.
#### Yes.

Example 2:
Q: Was P. G. Wodehouse's favorite book The Hunger Games?

A: P. G. Wodehouse died in 1975.
The Hunger Games was published in 2008.
#### No.
IMPORTANT:
- Think step by step.
- The final line must be exactly in the format: #### Yes. or #### No.
- Do not end with anything else after the final answer.
Your Question:
Q: Is Gandalf hypothetically a formidable foe for Charmed's Barbas?

A: A: Gandalf is a fictional character from J.R.R. Tolkien's Middle-earth legendarium, known for his immense magical abilities and wisdom.
Gandalf is portrayed as one of the most powerful wizards in Middle-earth, capable of battling formidable foes and possessing a deep understanding of magic.
Barbas is a fictional character from the TV show "Charmed," known as the demon of fear and a powerful adversary with the ability to manipulate individuals' fears against them.
Barbas, while powerful, is not considered to be on the same level of raw magical strength as Gandalf.
Gandalf's abilities include manipulating fire, light, and using powerful spells, while Barbas primarily uses fear-based tactics.
A: In a hypothetical scenario, Gandalf's vast experience and magical prowess give him an advantage over Barbas.
A: Gandalf is a fictional character from J.R.R. Tolkien's Middle-earth legendarium, known for his immense magical abilities and wisdom.
Responses:
A: Gandalf is a fictional character from J.R.R. Tolkien's Middle-earth legendarium, known for his immense magical abilities and wisdom. (Score: 0.032257080078125)
A: Gandalf is a fictional character from J.R.R. Tolkien's Middle-earth legendarium, known for his immense magical abilities and wisdom. (Score: 0.032257080078125)
<EMPTY> (Score: -inf)
<EMPTY> (Score: -inf)

====================
Query:
Use the step-by-step method as shown in the examples to answer the question. Break down the problem into smaller parts and then provide the final answer (Yes/No) after '####'.

Example 1:
Q: Karachi was a part of Alexander the Great's success?

A: Karachi is a city in modern day Pakistan.
Krokola was an ancient port located in what is now Karachi.
Alexander the Great stationed his fleet in Krokola on his way to Babylon.
Alexander the Great defeated Darius and conquered Babylon before expanding his 
empire.
#### Yes.

Example 2:
Q: Was P. G. Wodehouse's favorite book The Hunger Games?

A: P. G. Wodehouse died in 1975.
The Hunger Games was published in 2008.
#### No.
IMPORTANT:
- Think step by step.
- The final line must be exactly in the format: #### Yes. or #### No.
- Do not end with anything else after the final answer.
Your Question:
Q: Will twenty pea pods contents cover entire chess board?

A:
Responses:
A: A standard chessboard has 64 squares (8 rows and 8 columns). (Score: 0.02752685546875)
A: A standard chessboard has 64 squares (8x8). (Score: 0.0261993408203125)
A: A chess board has 64 squares (8 rows and 8 columns). (Score: 0.0270233154296875)
<EMPTY> (Score: -inf)

====================
Query:
Use the step-by-step method as shown in the examples to answer the question. Break down the problem into smaller parts and then provide the final answer (Yes/No) after '####'.

Example 1:
Q: Karachi was a part of Alexander the Great's success?

A: Karachi is a city in modern day Pakistan.
Krokola was an ancient port located in what is now Karachi.
Alexander the Great stationed his fleet in Krokola on his way to Babylon.
Alexander the Great defeated Darius and conquered Babylon before expanding his 
empire.
#### Yes.

Example 2:
Q: Was P. G. Wodehouse's favorite book The Hunger Games?

A: P. G. Wodehouse died in 1975.
The Hunger Games was published in 2008.
#### No.
IMPORTANT:
- Think step by step.
- The final line must be exactly in the format: #### Yes. or #### No.
- Do not end with anything else after the final answer.
Your Question:
Q: Will twenty pea pods contents cover entire chess board?

A: A: A standard chessboard has 64 squares (8 rows and 8 columns).
Responses:
A: A standard pea pod typically contains around 5 to 10 peas. (Score: 0.0260162353515625)
Each pea pod typically contains about 5 to 10 peas. (Score: 0.02618408203125)
A: The average pea pod contains about 5-8 peas. (Score: 0.026275634765625)
A: Each pea pod typically contains about 5-8 peas. (Score: 0.0262908935546875)

====================
Query:
Use the step-by-step method as shown in the examples to answer the question. Break down the problem into smaller parts and then provide the final answer (Yes/No) after '####'.

Example 1:
Q: Karachi was a part of Alexander the Great's success?

A: Karachi is a city in modern day Pakistan.
Krokola was an ancient port located in what is now Karachi.
Alexander the Great stationed his fleet in Krokola on his way to Babylon.
Alexander the Great defeated Darius and conquered Babylon before expanding his 
empire.
#### Yes.

Example 2:
Q: Was P. G. Wodehouse's favorite book The Hunger Games?

A: P. G. Wodehouse died in 1975.
The Hunger Games was published in 2008.
#### No.
IMPORTANT:
- Think step by step.
- The final line must be exactly in the format: #### Yes. or #### No.
- Do not end with anything else after the final answer.
Your Question:
Q: Will twenty pea pods contents cover entire chess board?

A: A: A chess board has 64 squares (8 rows and 8 columns).
Responses:
To determine if the contents of twenty pea pods will cover an entire chessboard, we need to consider the following steps:. (Score: 0.020660400390625)
A: Each pea pod typically contains about 5-10 peas. (Score: 0.025665283203125)
A: A pea pod typically contains around 5 to 10 peas. (Score: 0.0266571044921875)
A: Each pea pod typically contains around 5 to 10 peas. (Score: 0.02642822265625)

====================
Query:
Use the step-by-step method as shown in the examples to answer the question. Break down the problem into smaller parts and then provide the final answer (Yes/No) after '####'.

Example 1:
Q: Karachi was a part of Alexander the Great's success?

A: Karachi is a city in modern day Pakistan.
Krokola was an ancient port located in what is now Karachi.
Alexander the Great stationed his fleet in Krokola on his way to Babylon.
Alexander the Great defeated Darius and conquered Babylon before expanding his 
empire.
#### Yes.

Example 2:
Q: Was P. G. Wodehouse's favorite book The Hunger Games?

A: P. G. Wodehouse died in 1975.
The Hunger Games was published in 2008.
#### No.
IMPORTANT:
- Think step by step.
- The final line must be exactly in the format: #### Yes. or #### No.
- Do not end with anything else after the final answer.
Your Question:
Q: Will twenty pea pods contents cover entire chess board?

A: A: A chess board has 64 squares (8 rows and 8 columns).
A: A pea pod typically contains around 5 to 10 peas.
Responses:
A: If we assume an average of 7 peas per pod, twenty pea pods would contain approximately 140 peas (20 pods * 7 peas per pod). (Score: 0.0294952392578125)
A: If we assume an average of 7 peas per pod, twenty pea pods would contain approximately 140 peas (20 pods x 7 peas per pod). (Score: 0.0293731689453125)
A: If we assume an average of 7 peas per pod, then twenty pea pods would contain about 140 peas (20 pods × 7 peas per pod). (Score: 0.0288543701171875)
A: Therefore, twenty pea pods would contain between 100 to 200 peas. (Score: 0.02685546875)

====================
Query:
Use the step-by-step method as shown in the examples to answer the question. Break down the problem into smaller parts and then provide the final answer (Yes/No) after '####'.

Example 1:
Q: Karachi was a part of Alexander the Great's success?

A: Karachi is a city in modern day Pakistan.
Krokola was an ancient port located in what is now Karachi.
Alexander the Great stationed his fleet in Krokola on his way to Babylon.
Alexander the Great defeated Darius and conquered Babylon before expanding his 
empire.
#### Yes.

Example 2:
Q: Was P. G. Wodehouse's favorite book The Hunger Games?

A: P. G. Wodehouse died in 1975.
The Hunger Games was published in 2008.
#### No.
IMPORTANT:
- Think step by step.
- The final line must be exactly in the format: #### Yes. or #### No.
- Do not end with anything else after the final answer.
Your Question:
Q: Will twenty pea pods contents cover entire chess board?

A: A: A chess board has 64 squares (8 rows and 8 columns).
A: Each pea pod typically contains around 5 to 10 peas.
Responses:
A: To determine if twenty pea pods can cover an entire chess board, we need to calculate the total number of peas in twenty pea pods. (Score: 0.0243377685546875)
A: Therefore, if we take an average of 7 peas per pod, twenty pea pods would contain about 140 peas (20 pods x 7 peas/pod). (Score: 0.028900146484375)
A: Assuming an average of 7 peas per pod, twenty pea pods would have approximately 140 peas. (Score: 0.028778076171875)
A: Assuming an average of 7 peas per pod, twenty pea pods would contain approximately 140 peas (20 pods x 7 peas/pod). (Score: 0.029327392578125)

====================
Query:
Use the step-by-step method as shown in the examples to answer the question. Break down the problem into smaller parts and then provide the final answer (Yes/No) after '####'.

Example 1:
Q: Karachi was a part of Alexander the Great's success?

A: Karachi is a city in modern day Pakistan.
Krokola was an ancient port located in what is now Karachi.
Alexander the Great stationed his fleet in Krokola on his way to Babylon.
Alexander the Great defeated Darius and conquered Babylon before expanding his 
empire.
#### Yes.

Example 2:
Q: Was P. G. Wodehouse's favorite book The Hunger Games?

A: P. G. Wodehouse died in 1975.
The Hunger Games was published in 2008.
#### No.
IMPORTANT:
- Think step by step.
- The final line must be exactly in the format: #### Yes. or #### No.
- Do not end with anything else after the final answer.
Your Question:
Q: Will twenty pea pods contents cover entire chess board?

A: A: A chess board has 64 squares (8 rows and 8 columns).
A: A pea pod typically contains around 5 to 10 peas.
A: If we assume an average of 7 peas per pod, twenty pea pods would contain approximately 140 peas (20 pods * 7 peas per pod).
Responses:
A: Each square of a chess board can hold one pea. (Score: 0.028717041015625)
A: A standard chess board has 64 squares, which means it needs 64 individual pieces to cover it completely. (Score: 0.0290374755859375)
A: A chess board has 64 squares (8 rows and 8 columns). (Score: 0.02911376953125)
A: A standard chess board has 64 squares (8 rows and 8 columns). (Score: 0.02911376953125)

====================
Query:
Use the step-by-step method as shown in the examples to answer the question. Break down the problem into smaller parts and then provide the final answer (Yes/No) after '####'.

Example 1:
Q: Karachi was a part of Alexander the Great's success?

A: Karachi is a city in modern day Pakistan.
Krokola was an ancient port located in what is now Karachi.
Alexander the Great stationed his fleet in Krokola on his way to Babylon.
Alexander the Great defeated Darius and conquered Babylon before expanding his 
empire.
#### Yes.

Example 2:
Q: Was P. G. Wodehouse's favorite book The Hunger Games?

A: P. G. Wodehouse died in 1975.
The Hunger Games was published in 2008.
#### No.
IMPORTANT:
- Think step by step.
- The final line must be exactly in the format: #### Yes. or #### No.
- Do not end with anything else after the final answer.
Your Question:
Q: Will twenty pea pods contents cover entire chess board?

A: A: A chess board has 64 squares (8 rows and 8 columns).
A: A pea pod typically contains around 5 to 10 peas.
A: If we assume an average of 7 peas per pod, twenty pea pods would contain approximately 140 peas (20 pods x 7 peas per pod).
Responses:
A: Each square of a chess board can typically hold one item. (Score: 0.0298919677734375)
A: A chess board has 64 squares (8 rows and 8 columns). (Score: 0.0291748046875)
A: A single chess square can be covered by one pea. (Score: 0.0287017822265625)
A: Each square on a chess board can hold one pea. (Score: 0.028839111328125)

====================
Query:
Use the step-by-step method as shown in the examples to answer the question. Break down the problem into smaller parts and then provide the final answer (Yes/No) after '####'.

Example 1:
Q: Karachi was a part of Alexander the Great's success?

A: Karachi is a city in modern day Pakistan.
Krokola was an ancient port located in what is now Karachi.
Alexander the Great stationed his fleet in Krokola on his way to Babylon.
Alexander the Great defeated Darius and conquered Babylon before expanding his 
empire.
#### Yes.

Example 2:
Q: Was P. G. Wodehouse's favorite book The Hunger Games?

A: P. G. Wodehouse died in 1975.
The Hunger Games was published in 2008.
#### No.
IMPORTANT:
- Think step by step.
- The final line must be exactly in the format: #### Yes. or #### No.
- Do not end with anything else after the final answer.
Your Question:
Q: Will twenty pea pods contents cover entire chess board?

A: A: A chess board has 64 squares (8 rows and 8 columns).
A: A pea pod typically contains around 5 to 10 peas.
A: If we assume an average of 7 peas per pod, twenty pea pods would contain approximately 140 peas (20 pods x 7 peas per pod).
A: Each square of a chess board can typically hold one item.
Responses:
A: Therefore, 140 peas could cover the 64 squares of a chess board multiple times. (Score: 0.0298309326171875)
A: Therefore, 140 peas can cover the 64 squares of the chess board since 140 is greater than 64. (Score: 0.030181884765625)
A: Therefore, to cover the entire chess board, we would need 64 items (one for each square). (Score: 0.0290069580078125)
A: Therefore, 140 peas could potentially cover a chess board since they exceed the 64 squares. (Score: 0.0303497314453125)

====================
Query:
Use the step-by-step method as shown in the examples to answer the question. Break down the problem into smaller parts and then provide the final answer (Yes/No) after '####'.

Example 1:
Q: Karachi was a part of Alexander the Great's success?

A: Karachi is a city in modern day Pakistan.
Krokola was an ancient port located in what is now Karachi.
Alexander the Great stationed his fleet in Krokola on his way to Babylon.
Alexander the Great defeated Darius and conquered Babylon before expanding his 
empire.
#### Yes.

Example 2:
Q: Was P. G. Wodehouse's favorite book The Hunger Games?

A: P. G. Wodehouse died in 1975.
The Hunger Games was published in 2008.
#### No.
IMPORTANT:
- Think step by step.
- The final line must be exactly in the format: #### Yes. or #### No.
- Do not end with anything else after the final answer.
Your Question:
Q: Will twenty pea pods contents cover entire chess board?

A: A: A chess board has 64 squares (8 rows and 8 columns).
A: A pea pod typically contains around 5 to 10 peas.
A: If we assume an average of 7 peas per pod, twenty pea pods would contain approximately 140 peas (20 pods x 7 peas per pod).
A: A chess board has 64 squares (8 rows and 8 columns).
Responses:
A: Each square can hold one pea. (Score: 0.02783203125)
A: To cover a chess board, you would need enough peas to fill all 64 squares. (Score: 0.0292205810546875)
A: Each square on the chess board can hold one pea. (Score: 0.028045654296875)
A: Each square on a chess board can hold one pea. (Score: 0.027923583984375)

====================
Query:
Use the step-by-step method as shown in the examples to answer the question. Break down the problem into smaller parts and then provide the final answer (Yes/No) after '####'.

Example 1:
Q: Karachi was a part of Alexander the Great's success?

A: Karachi is a city in modern day Pakistan.
Krokola was an ancient port located in what is now Karachi.
Alexander the Great stationed his fleet in Krokola on his way to Babylon.
Alexander the Great defeated Darius and conquered Babylon before expanding his 
empire.
#### Yes.

Example 2:
Q: Was P. G. Wodehouse's favorite book The Hunger Games?

A: P. G. Wodehouse died in 1975.
The Hunger Games was published in 2008.
#### No.
IMPORTANT:
- Think step by step.
- The final line must be exactly in the format: #### Yes. or #### No.
- Do not end with anything else after the final answer.
Your Question:
Q: Will twenty pea pods contents cover entire chess board?

A: A: A chess board has 64 squares (8 rows and 8 columns).
A: A pea pod typically contains around 5 to 10 peas.
A: If we assume an average of 7 peas per pod, twenty pea pods would contain approximately 140 peas (20 pods x 7 peas per pod).
A: Each square of a chess board can typically hold one item.
A: Therefore, 140 peas could potentially cover a chess board since they exceed the 64 squares.
Responses:
#### Yes. (Score: 0.032196044921875)
A: A chess board has 64 squares (8 rows and 8 columns). (Score: 0.029815673828125)
<EMPTY> (Score: -inf)
<EMPTY> (Score: -inf)

====================
Query:
Use the step-by-step method as shown in the examples to answer the question. Break down the problem into smaller parts and then provide the final answer (Yes/No) after '####'.

Example 1:
Q: Karachi was a part of Alexander the Great's success?

A: Karachi is a city in modern day Pakistan.
Krokola was an ancient port located in what is now Karachi.
Alexander the Great stationed his fleet in Krokola on his way to Babylon.
Alexander the Great defeated Darius and conquered Babylon before expanding his 
empire.
#### Yes.

Example 2:
Q: Was P. G. Wodehouse's favorite book The Hunger Games?

A: P. G. Wodehouse died in 1975.
The Hunger Games was published in 2008.
#### No.
IMPORTANT:
- Think step by step.
- The final line must be exactly in the format: #### Yes. or #### No.
- Do not end with anything else after the final answer.
Your Question:
Q: Will twenty pea pods contents cover entire chess board?

A: A: A chess board has 64 squares (8 rows and 8 columns).
A: A pea pod typically contains around 5 to 10 peas.
A: If we assume an average of 7 peas per pod, twenty pea pods would contain approximately 140 peas (20 pods x 7 peas per pod).
A: Each square of a chess board can typically hold one item.
A: Therefore, 140 peas can cover the 64 squares of the chess board since 140 is greater than 64.
Responses:
#### Yes. (Score: 0.03216552734375)
#### Yes. (Score: 0.03216552734375)
<EMPTY> (Score: -inf)
<EMPTY> (Score: -inf)

====================
Query:
Use the step-by-step method as shown in the examples to answer the question. Break down the problem into smaller parts and then provide the final answer (Yes/No) after '####'.

Example 1:
Q: Karachi was a part of Alexander the Great's success?

A: Karachi is a city in modern day Pakistan.
Krokola was an ancient port located in what is now Karachi.
Alexander the Great stationed his fleet in Krokola on his way to Babylon.
Alexander the Great defeated Darius and conquered Babylon before expanding his 
empire.
#### Yes.

Example 2:
Q: Was P. G. Wodehouse's favorite book The Hunger Games?

A: P. G. Wodehouse died in 1975.
The Hunger Games was published in 2008.
#### No.
IMPORTANT:
- Think step by step.
- The final line must be exactly in the format: #### Yes. or #### No.
- Do not end with anything else after the final answer.
Your Question:
Q: While on a liquid diet, are there some types of soup you cannot eat?

A:
Responses:
A: A liquid diet typically consists of liquids and foods that turn into liquid at room temperature. (Score: 0.0251922607421875)
A: A liquid diet typically includes clear liquids and pureed foods. (Score: 0.0251617431640625)
A: A liquid diet typically includes foods that are liquid at room temperature. (Score: 0.0268096923828125)
A: A liquid diet typically consists of fluids and foods that are in liquid form. (Score: 0.02239990234375)

====================
Query:
Use the step-by-step method as shown in the examples to answer the question. Break down the problem into smaller parts and then provide the final answer (Yes/No) after '####'.

Example 1:
Q: Karachi was a part of Alexander the Great's success?

A: Karachi is a city in modern day Pakistan.
Krokola was an ancient port located in what is now Karachi.
Alexander the Great stationed his fleet in Krokola on his way to Babylon.
Alexander the Great defeated Darius and conquered Babylon before expanding his 
empire.
#### Yes.

Example 2:
Q: Was P. G. Wodehouse's favorite book The Hunger Games?

A: P. G. Wodehouse died in 1975.
The Hunger Games was published in 2008.
#### No.
IMPORTANT:
- Think step by step.
- The final line must be exactly in the format: #### Yes. or #### No.
- Do not end with anything else after the final answer.
Your Question:
Q: While on a liquid diet, are there some types of soup you cannot eat?

A: A: A liquid diet typically includes foods that are liquid at room temperature.
Responses:
A: Some soups are too chunky or contain solid pieces which are not suitable for a liquid diet. (Score: 0.0247650146484375)
Certain soups may contain solid ingredients that do not fit the criteria of a liquid diet. (Score: 0.0264892578125)
A: There are different types of soups, some of which may not be suitable for a liquid diet. (Score: 0.0261993408203125)
Certain soups may contain solid pieces or chunks, which can disqualify them from being considered part of a liquid diet. (Score: 0.026641845703125)

====================
Query:
Use the step-by-step method as shown in the examples to answer the question. Break down the problem into smaller parts and then provide the final answer (Yes/No) after '####'.

Example 1:
Q: Karachi was a part of Alexander the Great's success?

A: Karachi is a city in modern day Pakistan.
Krokola was an ancient port located in what is now Karachi.
Alexander the Great stationed his fleet in Krokola on his way to Babylon.
Alexander the Great defeated Darius and conquered Babylon before expanding his 
empire.
#### Yes.

Example 2:
Q: Was P. G. Wodehouse's favorite book The Hunger Games?

A: P. G. Wodehouse died in 1975.
The Hunger Games was published in 2008.
#### No.
IMPORTANT:
- Think step by step.
- The final line must be exactly in the format: #### Yes. or #### No.
- Do not end with anything else after the final answer.
Your Question:
Q: While on a liquid diet, are there some types of soup you cannot eat?

A: A: A liquid diet typically consists of liquids and foods that turn into liquid at room temperature.
Responses:
Certain types of soup can be too chunky or contain solid ingredients that do not align with the requirements of a strict liquid diet. (Score: 0.0249481201171875)
Certain types of soup may contain solid ingredients like chunks of meat or vegetables, which would not be suitable for a strict liquid diet. (Score: 0.0260772705078125)
Certain types of soup may be incompatible with a liquid diet. (Score: 0.02685546875)
Certain types of soup may contain solid ingredients or be too thick to qualify as part of a strict liquid diet. (Score: 0.026092529296875)

====================
Query:
Use the step-by-step method as shown in the examples to answer the question. Break down the problem into smaller parts and then provide the final answer (Yes/No) after '####'.

Example 1:
Q: Karachi was a part of Alexander the Great's success?

A: Karachi is a city in modern day Pakistan.
Krokola was an ancient port located in what is now Karachi.
Alexander the Great stationed his fleet in Krokola on his way to Babylon.
Alexander the Great defeated Darius and conquered Babylon before expanding his 
empire.
#### Yes.

Example 2:
Q: Was P. G. Wodehouse's favorite book The Hunger Games?

A: P. G. Wodehouse died in 1975.
The Hunger Games was published in 2008.
#### No.
IMPORTANT:
- Think step by step.
- The final line must be exactly in the format: #### Yes. or #### No.
- Do not end with anything else after the final answer.
Your Question:
Q: While on a liquid diet, are there some types of soup you cannot eat?

A: A: A liquid diet typically consists of liquids and foods that turn into liquid at room temperature.
Certain types of soup may be incompatible with a liquid diet.
Responses:
Some soups may contain solid ingredients such as chunks of meat or vegetables that do not fit the definition of a liquid diet. (Score: 0.0264434814453125)
Some soups may contain solid ingredients like large pieces of meat, vegetables, or grains that do not blend into a liquid form. (Score: 0.028533935546875)
Some soups may contain solid ingredients or chunks that do not fit within the definition of a liquid diet. (Score: 0.0253448486328125)
Some soups may contain solid chunks of meat, vegetables, or grains that are not suitable for a liquid diet. (Score: 0.0252838134765625)

====================
Query:
Use the step-by-step method as shown in the examples to answer the question. Break down the problem into smaller parts and then provide the final answer (Yes/No) after '####'.

Example 1:
Q: Karachi was a part of Alexander the Great's success?

A: Karachi is a city in modern day Pakistan.
Krokola was an ancient port located in what is now Karachi.
Alexander the Great stationed his fleet in Krokola on his way to Babylon.
Alexander the Great defeated Darius and conquered Babylon before expanding his 
empire.
#### Yes.

Example 2:
Q: Was P. G. Wodehouse's favorite book The Hunger Games?

A: P. G. Wodehouse died in 1975.
The Hunger Games was published in 2008.
#### No.
IMPORTANT:
- Think step by step.
- The final line must be exactly in the format: #### Yes. or #### No.
- Do not end with anything else after the final answer.
Your Question:
Q: While on a liquid diet, are there some types of soup you cannot eat?

A: A: A liquid diet typically includes foods that are liquid at room temperature.
Certain soups may contain solid pieces or chunks, which can disqualify them from being considered part of a liquid diet.
Responses:
Some soups, like chunky vegetable soup or minestrone, contain solid ingredients that would not fit the criteria of a liquid diet. (Score: 0.027130126953125)
Some creamy soups may be acceptable, while chunky soups or those with large vegetables or meats are generally not suitable. (Score: 0.0272216796875)
Some soups, like chunky vegetable soup or minestrone, have solid ingredients that may not be suitable for a liquid diet. (Score: 0.02789306640625)
Some soups, like chunky vegetable soups or those with large pieces of meat, may not fit the criteria of a liquid diet. (Score: 0.0279388427734375)

====================
Query:
Use the step-by-step method as shown in the examples to answer the question. Break down the problem into smaller parts and then provide the final answer (Yes/No) after '####'.

Example 1:
Q: Karachi was a part of Alexander the Great's success?

A: Karachi is a city in modern day Pakistan.
Krokola was an ancient port located in what is now Karachi.
Alexander the Great stationed his fleet in Krokola on his way to Babylon.
Alexander the Great defeated Darius and conquered Babylon before expanding his 
empire.
#### Yes.

Example 2:
Q: Was P. G. Wodehouse's favorite book The Hunger Games?

A: P. G. Wodehouse died in 1975.
The Hunger Games was published in 2008.
#### No.
IMPORTANT:
- Think step by step.
- The final line must be exactly in the format: #### Yes. or #### No.
- Do not end with anything else after the final answer.
Your Question:
Q: While on a liquid diet, are there some types of soup you cannot eat?

A: A: A liquid diet typically consists of liquids and foods that turn into liquid at room temperature.
Certain types of soup may be incompatible with a liquid diet.
Some soups may contain solid ingredients like large pieces of meat, vegetables, or grains that do not blend into a liquid form.
Responses:
These solid ingredients can hinder the effectiveness of a liquid diet. (Score: 0.0271759033203125)
These solid ingredients may not be suitable for someone strictly adhering to a liquid diet. (Score: 0.0272674560546875)
These solid ingredients can make the soup unsuitable for a liquid diet. (Score: 0.027801513671875)
These solid ingredients would make those soups unsuitable for a strict liquid diet. (Score: 0.02752685546875)

====================
Query:
Use the step-by-step method as shown in the examples to answer the question. Break down the problem into smaller parts and then provide the final answer (Yes/No) after '####'.

Example 1:
Q: Karachi was a part of Alexander the Great's success?

A: Karachi is a city in modern day Pakistan.
Krokola was an ancient port located in what is now Karachi.
Alexander the Great stationed his fleet in Krokola on his way to Babylon.
Alexander the Great defeated Darius and conquered Babylon before expanding his 
empire.
#### Yes.

Example 2:
Q: Was P. G. Wodehouse's favorite book The Hunger Games?

A: P. G. Wodehouse died in 1975.
The Hunger Games was published in 2008.
#### No.
IMPORTANT:
- Think step by step.
- The final line must be exactly in the format: #### Yes. or #### No.
- Do not end with anything else after the final answer.
Your Question:
Q: While on a liquid diet, are there some types of soup you cannot eat?

A: A: A liquid diet typically includes foods that are liquid at room temperature.
Certain soups may contain solid pieces or chunks, which can disqualify them from being considered part of a liquid diet.
Some soups, like chunky vegetable soups or those with large pieces of meat, may not fit the criteria of a liquid diet.
Responses:
A: A liquid diet typically includes foods that are liquid at room temperature. (Score: 0.028167724609375)
A: A liquid diet typically includes foods that are liquid at room temperature. (Score: 0.028167724609375)
<EMPTY> (Score: -inf)
<EMPTY> (Score: -inf)

====================
Query:
Use the step-by-step method as shown in the examples to answer the question. Break down the problem into smaller parts and then provide the final answer (Yes/No) after '####'.

Example 1:
Q: Karachi was a part of Alexander the Great's success?

A: Karachi is a city in modern day Pakistan.
Krokola was an ancient port located in what is now Karachi.
Alexander the Great stationed his fleet in Krokola on his way to Babylon.
Alexander the Great defeated Darius and conquered Babylon before expanding his 
empire.
#### Yes.

Example 2:
Q: Was P. G. Wodehouse's favorite book The Hunger Games?

A: P. G. Wodehouse died in 1975.
The Hunger Games was published in 2008.
#### No.
IMPORTANT:
- Think step by step.
- The final line must be exactly in the format: #### Yes. or #### No.
- Do not end with anything else after the final answer.
Your Question:
Q: While on a liquid diet, are there some types of soup you cannot eat?

A: A: A liquid diet typically includes foods that are liquid at room temperature.
Certain soups may contain solid pieces or chunks, which can disqualify them from being considered part of a liquid diet.
Some soups, like chunky vegetable soups or those with large pieces of meat, may not fit the criteria of a liquid diet.
A: A liquid diet typically includes foods that are liquid at room temperature.
Responses:
Certain soups may contain solid pieces or chunks, which can disqualify them from being considered part of a liquid diet. (Score: 0.02850341796875)
Certain soups may contain solid pieces or chunks, which can disqualify them from being considered part of a liquid diet. (Score: 0.02850341796875)
<EMPTY> (Score: -inf)
<EMPTY> (Score: -inf)

====================
Query:
Use the step-by-step method as shown in the examples to answer the question. Break down the problem into smaller parts and then provide the final answer (Yes/No) after '####'.

Example 1:
Q: Karachi was a part of Alexander the Great's success?

A: Karachi is a city in modern day Pakistan.
Krokola was an ancient port located in what is now Karachi.
Alexander the Great stationed his fleet in Krokola on his way to Babylon.
Alexander the Great defeated Darius and conquered Babylon before expanding his 
empire.
#### Yes.

Example 2:
Q: Was P. G. Wodehouse's favorite book The Hunger Games?

A: P. G. Wodehouse died in 1975.
The Hunger Games was published in 2008.
#### No.
IMPORTANT:
- Think step by step.
- The final line must be exactly in the format: #### Yes. or #### No.
- Do not end with anything else after the final answer.
Your Question:
Q: While on a liquid diet, are there some types of soup you cannot eat?

A: A: A liquid diet typically includes foods that are liquid at room temperature.
Certain soups may contain solid pieces or chunks, which can disqualify them from being considered part of a liquid diet.
Some soups, like chunky vegetable soups or those with large pieces of meat, may not fit the criteria of a liquid diet.
A: A liquid diet typically includes foods that are liquid at room temperature.
Responses:
Certain soups may contain solid pieces or chunks, which can disqualify them from being considered part of a liquid diet. (Score: 0.02850341796875)
Certain soups may contain solid pieces or chunks, which can disqualify them from being considered part of a liquid diet. (Score: 0.02850341796875)
<EMPTY> (Score: -inf)
<EMPTY> (Score: -inf)

====================
Query:
Use the step-by-step method as shown in the examples to answer the question. Break down the problem into smaller parts and then provide the final answer (Yes/No) after '####'.

Example 1:
Q: Karachi was a part of Alexander the Great's success?

A: Karachi is a city in modern day Pakistan.
Krokola was an ancient port located in what is now Karachi.
Alexander the Great stationed his fleet in Krokola on his way to Babylon.
Alexander the Great defeated Darius and conquered Babylon before expanding his 
empire.
#### Yes.

Example 2:
Q: Was P. G. Wodehouse's favorite book The Hunger Games?

A: P. G. Wodehouse died in 1975.
The Hunger Games was published in 2008.
#### No.
IMPORTANT:
- Think step by step.
- The final line must be exactly in the format: #### Yes. or #### No.
- Do not end with anything else after the final answer.
Your Question:
Q: While on a liquid diet, are there some types of soup you cannot eat?

A: A: A liquid diet typically includes foods that are liquid at room temperature.
Certain soups may contain solid pieces or chunks, which can disqualify them from being considered part of a liquid diet.
Some soups, like chunky vegetable soups or those with large pieces of meat, may not fit the criteria of a liquid diet.
A: A liquid diet typically includes foods that are liquid at room temperature.
Certain soups may contain solid pieces or chunks, which can disqualify them from being considered part of a liquid diet.
Responses:
A: A liquid diet typically includes foods that are liquid at room temperature. (Score: 0.029022216796875)
A: A liquid diet typically includes foods that are liquid at room temperature. (Score: 0.029022216796875)
<EMPTY> (Score: -inf)
<EMPTY> (Score: -inf)

====================
Query:
Use the step-by-step method as shown in the examples to answer the question. Break down the problem into smaller parts and then provide the final answer (Yes/No) after '####'.

Example 1:
Q: Karachi was a part of Alexander the Great's success?

A: Karachi is a city in modern day Pakistan.
Krokola was an ancient port located in what is now Karachi.
Alexander the Great stationed his fleet in Krokola on his way to Babylon.
Alexander the Great defeated Darius and conquered Babylon before expanding his 
empire.
#### Yes.

Example 2:
Q: Was P. G. Wodehouse's favorite book The Hunger Games?

A: P. G. Wodehouse died in 1975.
The Hunger Games was published in 2008.
#### No.
IMPORTANT:
- Think step by step.
- The final line must be exactly in the format: #### Yes. or #### No.
- Do not end with anything else after the final answer.
Your Question:
Q: While on a liquid diet, are there some types of soup you cannot eat?

A: A: A liquid diet typically includes foods that are liquid at room temperature.
Certain soups may contain solid pieces or chunks, which can disqualify them from being considered part of a liquid diet.
Some soups, like chunky vegetable soups or those with large pieces of meat, may not fit the criteria of a liquid diet.
A: A liquid diet typically includes foods that are liquid at room temperature.
Certain soups may contain solid pieces or chunks, which can disqualify them from being considered part of a liquid diet.
Responses:
A: A liquid diet typically includes foods that are liquid at room temperature. (Score: 0.02899169921875)
Some soups, like chunky vegetable soups or those with large pieces of meat, may not fit the criteria of a liquid diet. (Score: 0.0294342041015625)
<EMPTY> (Score: -inf)
<EMPTY> (Score: -inf)

====================
Query:
Use the step-by-step method as shown in the examples to answer the question. Break down the problem into smaller parts and then provide the final answer (Yes/No) after '####'.

Example 1:
Q: Karachi was a part of Alexander the Great's success?

A: Karachi is a city in modern day Pakistan.
Krokola was an ancient port located in what is now Karachi.
Alexander the Great stationed his fleet in Krokola on his way to Babylon.
Alexander the Great defeated Darius and conquered Babylon before expanding his 
empire.
#### Yes.

Example 2:
Q: Was P. G. Wodehouse's favorite book The Hunger Games?

A: P. G. Wodehouse died in 1975.
The Hunger Games was published in 2008.
#### No.
IMPORTANT:
- Think step by step.
- The final line must be exactly in the format: #### Yes. or #### No.
- Do not end with anything else after the final answer.
Your Question:
Q: While on a liquid diet, are there some types of soup you cannot eat?

A: A: A liquid diet typically includes foods that are liquid at room temperature.
Certain soups may contain solid pieces or chunks, which can disqualify them from being considered part of a liquid diet.
Some soups, like chunky vegetable soups or those with large pieces of meat, may not fit the criteria of a liquid diet.
A: A liquid diet typically includes foods that are liquid at room temperature.
Certain soups may contain solid pieces or chunks, which can disqualify them from being considered part of a liquid diet.
Some soups, like chunky vegetable soups or those with large pieces of meat, may not fit the criteria of a liquid diet.
Responses:
A: A liquid diet typically includes foods that are liquid at room temperature. (Score: 0.0302886962890625)
A: A liquid diet typically includes foods that are liquid at room temperature. (Score: 0.0302886962890625)
<EMPTY> (Score: -inf)
<EMPTY> (Score: -inf)

====================
Query:
Use the step-by-step method as shown in the examples to answer the question. Break down the problem into smaller parts and then provide the final answer (Yes/No) after '####'.

Example 1:
Q: Karachi was a part of Alexander the Great's success?

A: Karachi is a city in modern day Pakistan.
Krokola was an ancient port located in what is now Karachi.
Alexander the Great stationed his fleet in Krokola on his way to Babylon.
Alexander the Great defeated Darius and conquered Babylon before expanding his 
empire.
#### Yes.

Example 2:
Q: Was P. G. Wodehouse's favorite book The Hunger Games?

A: P. G. Wodehouse died in 1975.
The Hunger Games was published in 2008.
#### No.
IMPORTANT:
- Think step by step.
- The final line must be exactly in the format: #### Yes. or #### No.
- Do not end with anything else after the final answer.
Your Question:
Q: While on a liquid diet, are there some types of soup you cannot eat?

A: A: A liquid diet typically includes foods that are liquid at room temperature.
Certain soups may contain solid pieces or chunks, which can disqualify them from being considered part of a liquid diet.
Some soups, like chunky vegetable soups or those with large pieces of meat, may not fit the criteria of a liquid diet.
A: A liquid diet typically includes foods that are liquid at room temperature.
Certain soups may contain solid pieces or chunks, which can disqualify them from being considered part of a liquid diet.
A: A liquid diet typically includes foods that are liquid at room temperature.
Responses:
Certain soups may contain solid pieces or chunks, which can disqualify them from being considered part of a liquid diet. (Score: 0.0295562744140625)
Certain soups may contain solid pieces or chunks, which can disqualify them from being considered part of a liquid diet. (Score: 0.0295562744140625)
<EMPTY> (Score: -inf)
<EMPTY> (Score: -inf)

====================
Query:
Use the step-by-step method as shown in the examples to answer the question. Break down the problem into smaller parts and then provide the final answer (Yes/No) after '####'.

Example 1:
Q: Karachi was a part of Alexander the Great's success?

A: Karachi is a city in modern day Pakistan.
Krokola was an ancient port located in what is now Karachi.
Alexander the Great stationed his fleet in Krokola on his way to Babylon.
Alexander the Great defeated Darius and conquered Babylon before expanding his 
empire.
#### Yes.

Example 2:
Q: Was P. G. Wodehouse's favorite book The Hunger Games?

A: P. G. Wodehouse died in 1975.
The Hunger Games was published in 2008.
#### No.
IMPORTANT:
- Think step by step.
- The final line must be exactly in the format: #### Yes. or #### No.
- Do not end with anything else after the final answer.
Your Question:
Q: While on a liquid diet, are there some types of soup you cannot eat?

A: A: A liquid diet typically includes foods that are liquid at room temperature.
Certain soups may contain solid pieces or chunks, which can disqualify them from being considered part of a liquid diet.
Some soups, like chunky vegetable soups or those with large pieces of meat, may not fit the criteria of a liquid diet.
A: A liquid diet typically includes foods that are liquid at room temperature.
Certain soups may contain solid pieces or chunks, which can disqualify them from being considered part of a liquid diet.
Some soups, like chunky vegetable soups or those with large pieces of meat, may not fit the criteria of a liquid diet.
A: A liquid diet typically includes foods that are liquid at room temperature.
Responses:
Certain soups may contain solid pieces or chunks, which can disqualify them from being considered part of a liquid diet. (Score: 0.0302886962890625)
Certain soups may contain solid pieces or chunks, which can disqualify them from being considered part of a liquid diet. (Score: 0.0302886962890625)
<EMPTY> (Score: -inf)
<EMPTY> (Score: -inf)

====================
Query:
Use the step-by-step method as shown in the examples to answer the question. Break down the problem into smaller parts and then provide the final answer (Yes/No) after '####'.

Example 1:
Q: Karachi was a part of Alexander the Great's success?

A: Karachi is a city in modern day Pakistan.
Krokola was an ancient port located in what is now Karachi.
Alexander the Great stationed his fleet in Krokola on his way to Babylon.
Alexander the Great defeated Darius and conquered Babylon before expanding his 
empire.
#### Yes.

Example 2:
Q: Was P. G. Wodehouse's favorite book The Hunger Games?

A: P. G. Wodehouse died in 1975.
The Hunger Games was published in 2008.
#### No.
IMPORTANT:
- Think step by step.
- The final line must be exactly in the format: #### Yes. or #### No.
- Do not end with anything else after the final answer.
Your Question:
Q: While on a liquid diet, are there some types of soup you cannot eat?

A: A: A liquid diet typically includes foods that are liquid at room temperature.
Certain soups may contain solid pieces or chunks, which can disqualify them from being considered part of a liquid diet.
Some soups, like chunky vegetable soups or those with large pieces of meat, may not fit the criteria of a liquid diet.
A: A liquid diet typically includes foods that are liquid at room temperature.
Certain soups may contain solid pieces or chunks, which can disqualify them from being considered part of a liquid diet.
Some soups, like chunky vegetable soups or those with large pieces of meat, may not fit the criteria of a liquid diet.
A: A liquid diet typically includes foods that are liquid at room temperature.
Responses:
Certain soups may contain solid pieces or chunks, which can disqualify them from being considered part of a liquid diet. (Score: 0.0302886962890625)
Certain soups may contain solid pieces or chunks, which can disqualify them from being considered part of a liquid diet. (Score: 0.0302886962890625)
<EMPTY> (Score: -inf)
<EMPTY> (Score: -inf)

====================
Query:
Use the step-by-step method as shown in the examples to answer the question. Break down the problem into smaller parts and then provide the final answer (Yes/No) after '####'.

Example 1:
Q: Karachi was a part of Alexander the Great's success?

A: Karachi is a city in modern day Pakistan.
Krokola was an ancient port located in what is now Karachi.
Alexander the Great stationed his fleet in Krokola on his way to Babylon.
Alexander the Great defeated Darius and conquered Babylon before expanding his 
empire.
#### Yes.

Example 2:
Q: Was P. G. Wodehouse's favorite book The Hunger Games?

A: P. G. Wodehouse died in 1975.
The Hunger Games was published in 2008.
#### No.
IMPORTANT:
- Think step by step.
- The final line must be exactly in the format: #### Yes. or #### No.
- Do not end with anything else after the final answer.
Your Question:
Q: Is breast cancer associated with a ribbon?

A:
Responses:
A: Breast cancer awareness is represented by a pink ribbon. (Score: 0.0280914306640625)
A: Breast cancer awareness is commonly represented by a pink ribbon. (Score: 0.027557373046875)
A: Breast cancer is commonly associated with the color pink. (Score: 0.0264892578125)
<EMPTY> (Score: -inf)

====================
Query:
Use the step-by-step method as shown in the examples to answer the question. Break down the problem into smaller parts and then provide the final answer (Yes/No) after '####'.

Example 1:
Q: Karachi was a part of Alexander the Great's success?

A: Karachi is a city in modern day Pakistan.
Krokola was an ancient port located in what is now Karachi.
Alexander the Great stationed his fleet in Krokola on his way to Babylon.
Alexander the Great defeated Darius and conquered Babylon before expanding his 
empire.
#### Yes.

Example 2:
Q: Was P. G. Wodehouse's favorite book The Hunger Games?

A: P. G. Wodehouse died in 1975.
The Hunger Games was published in 2008.
#### No.
IMPORTANT:
- Think step by step.
- The final line must be exactly in the format: #### Yes. or #### No.
- Do not end with anything else after the final answer.
Your Question:
Q: Is breast cancer associated with a ribbon?

A: A: Breast cancer awareness is represented by a pink ribbon.
Responses:
Breast cancer is one of the most common cancers among women worldwide. (Score: 0.0261688232421875)
Breast cancer is a type of cancer that affects breast tissue. (Score: 0.0267181396484375)
Breast cancer is a serious health issue affecting many individuals. (Score: 0.02850341796875)
Breast cancer is a disease that affects many individuals worldwide. (Score: 0.0270538330078125)

====================
Query:
Use the step-by-step method as shown in the examples to answer the question. Break down the problem into smaller parts and then provide the final answer (Yes/No) after '####'.

Example 1:
Q: Karachi was a part of Alexander the Great's success?

A: Karachi is a city in modern day Pakistan.
Krokola was an ancient port located in what is now Karachi.
Alexander the Great stationed his fleet in Krokola on his way to Babylon.
Alexander the Great defeated Darius and conquered Babylon before expanding his 
empire.
#### Yes.

Example 2:
Q: Was P. G. Wodehouse's favorite book The Hunger Games?

A: P. G. Wodehouse died in 1975.
The Hunger Games was published in 2008.
#### No.
IMPORTANT:
- Think step by step.
- The final line must be exactly in the format: #### Yes. or #### No.
- Do not end with anything else after the final answer.
Your Question:
Q: Is breast cancer associated with a ribbon?

A: A: Breast cancer awareness is commonly represented by a pink ribbon.
Responses:
Breast cancer is a significant health issue and is recognized globally. (Score: 0.026397705078125)
Breast cancer is one of the most recognized cancers globally. (Score: 0.0265655517578125)
Breast cancer is one of the most prevalent cancers among women. (Score: 0.0266265869140625)
Breast cancer awareness campaigns utilize the pink ribbon symbol to promote awareness and support for those affected by the disease. (Score: 0.0254364013671875)

====================
Query:
Use the step-by-step method as shown in the examples to answer the question. Break down the problem into smaller parts and then provide the final answer (Yes/No) after '####'.

Example 1:
Q: Karachi was a part of Alexander the Great's success?

A: Karachi is a city in modern day Pakistan.
Krokola was an ancient port located in what is now Karachi.
Alexander the Great stationed his fleet in Krokola on his way to Babylon.
Alexander the Great defeated Darius and conquered Babylon before expanding his 
empire.
#### Yes.

Example 2:
Q: Was P. G. Wodehouse's favorite book The Hunger Games?

A: P. G. Wodehouse died in 1975.
The Hunger Games was published in 2008.
#### No.
IMPORTANT:
- Think step by step.
- The final line must be exactly in the format: #### Yes. or #### No.
- Do not end with anything else after the final answer.
Your Question:
Q: Is breast cancer associated with a ribbon?

A: A: Breast cancer awareness is represented by a pink ribbon.
Breast cancer is a serious health issue affecting many individuals.
Responses:
The pink ribbon is widely recognized as a symbol for breast cancer awareness. (Score: 0.0267486572265625)
The pink ribbon is widely recognized as a symbol of breast cancer awareness. (Score: 0.026214599609375)
The pink ribbon is a symbol commonly associated with breast cancer awareness and advocacy. (Score: 0.0257110595703125)
The pink ribbon has become a universal symbol for breast cancer awareness and is used in various campaigns to promote awareness and support for those affected by the disease. (Score: 0.027801513671875)

====================
Query:
Use the step-by-step method as shown in the examples to answer the question. Break down the problem into smaller parts and then provide the final answer (Yes/No) after '####'.

Example 1:
Q: Karachi was a part of Alexander the Great's success?

A: Karachi is a city in modern day Pakistan.
Krokola was an ancient port located in what is now Karachi.
Alexander the Great stationed his fleet in Krokola on his way to Babylon.
Alexander the Great defeated Darius and conquered Babylon before expanding his 
empire.
#### Yes.

Example 2:
Q: Was P. G. Wodehouse's favorite book The Hunger Games?

A: P. G. Wodehouse died in 1975.
The Hunger Games was published in 2008.
#### No.
IMPORTANT:
- Think step by step.
- The final line must be exactly in the format: #### Yes. or #### No.
- Do not end with anything else after the final answer.
Your Question:
Q: Is breast cancer associated with a ribbon?

A: A: Breast cancer awareness is represented by a pink ribbon.
Breast cancer is a disease that affects many individuals worldwide.
Responses:
The pink ribbon is widely recognized as a symbol for breast cancer awareness. (Score: 0.0255279541015625)
Breast cancer is commonly symbolized by a pink ribbon as part of awareness campaigns. (Score: 0.0258331298828125)
The pink ribbon is widely recognized as a symbol of breast cancer awareness. (Score: 0.0250396728515625)
<EMPTY> (Score: -inf)

====================
Query:
Use the step-by-step method as shown in the examples to answer the question. Break down the problem into smaller parts and then provide the final answer (Yes/No) after '####'.

Example 1:
Q: Karachi was a part of Alexander the Great's success?

A: Karachi is a city in modern day Pakistan.
Krokola was an ancient port located in what is now Karachi.
Alexander the Great stationed his fleet in Krokola on his way to Babylon.
Alexander the Great defeated Darius and conquered Babylon before expanding his 
empire.
#### Yes.

Example 2:
Q: Was P. G. Wodehouse's favorite book The Hunger Games?

A: P. G. Wodehouse died in 1975.
The Hunger Games was published in 2008.
#### No.
IMPORTANT:
- Think step by step.
- The final line must be exactly in the format: #### Yes. or #### No.
- Do not end with anything else after the final answer.
Your Question:
Q: Is breast cancer associated with a ribbon?

A: A: Breast cancer awareness is represented by a pink ribbon.
Breast cancer is a serious health issue affecting many individuals.
The pink ribbon has become a universal symbol for breast cancer awareness and is used in various campaigns to promote awareness and support for those affected by the disease.
Responses:
#### Yes. (Score: 0.0294342041015625)
#### Yes. (Score: 0.0294342041015625)
<EMPTY> (Score: -inf)
<EMPTY> (Score: -inf)

====================
Query:
Use the step-by-step method as shown in the examples to answer the question. Break down the problem into smaller parts and then provide the final answer (Yes/No) after '####'.

Example 1:
Q: Karachi was a part of Alexander the Great's success?

A: Karachi is a city in modern day Pakistan.
Krokola was an ancient port located in what is now Karachi.
Alexander the Great stationed his fleet in Krokola on his way to Babylon.
Alexander the Great defeated Darius and conquered Babylon before expanding his 
empire.
#### Yes.

Example 2:
Q: Was P. G. Wodehouse's favorite book The Hunger Games?

A: P. G. Wodehouse died in 1975.
The Hunger Games was published in 2008.
#### No.
IMPORTANT:
- Think step by step.
- The final line must be exactly in the format: #### Yes. or #### No.
- Do not end with anything else after the final answer.
Your Question:
Q: Is breast cancer associated with a ribbon?

A: A: Breast cancer awareness is represented by a pink ribbon.
Breast cancer is a serious health issue affecting many individuals.
The pink ribbon is widely recognized as a symbol for breast cancer awareness.
Responses:
#### Yes. (Score: 0.028564453125)
A: Breast cancer awareness is represented by a pink ribbon. (Score: 0.0263824462890625)
A: The pink ribbon is specifically associated with breast cancer awareness campaigns. (Score: 0.024688720703125)
A: The pink ribbon has become a universal symbol for breast cancer awareness campaigns. (Score: 0.0252838134765625)

====================
Query:
Use the step-by-step method as shown in the examples to answer the question. Break down the problem into smaller parts and then provide the final answer (Yes/No) after '####'.

Example 1:
Q: Karachi was a part of Alexander the Great's success?

A: Karachi is a city in modern day Pakistan.
Krokola was an ancient port located in what is now Karachi.
Alexander the Great stationed his fleet in Krokola on his way to Babylon.
Alexander the Great defeated Darius and conquered Babylon before expanding his 
empire.
#### Yes.

Example 2:
Q: Was P. G. Wodehouse's favorite book The Hunger Games?

A: P. G. Wodehouse died in 1975.
The Hunger Games was published in 2008.
#### No.
IMPORTANT:
- Think step by step.
- The final line must be exactly in the format: #### Yes. or #### No.
- Do not end with anything else after the final answer.
Your Question:
Q: Could Eddie Murphy dial 911 in a car as a young child?

A:
Responses:
Eddie Murphy was born in 1961. (Score: 0.02972412109375)
Eddie Murphy was born in 1961. (Score: 0.02972412109375)
<EMPTY> (Score: -inf)
<EMPTY> (Score: -inf)

====================
Query:
Use the step-by-step method as shown in the examples to answer the question. Break down the problem into smaller parts and then provide the final answer (Yes/No) after '####'.

Example 1:
Q: Karachi was a part of Alexander the Great's success?

A: Karachi is a city in modern day Pakistan.
Krokola was an ancient port located in what is now Karachi.
Alexander the Great stationed his fleet in Krokola on his way to Babylon.
Alexander the Great defeated Darius and conquered Babylon before expanding his 
empire.
#### Yes.

Example 2:
Q: Was P. G. Wodehouse's favorite book The Hunger Games?

A: P. G. Wodehouse died in 1975.
The Hunger Games was published in 2008.
#### No.
IMPORTANT:
- Think step by step.
- The final line must be exactly in the format: #### Yes. or #### No.
- Do not end with anything else after the final answer.
Your Question:
Q: Could Eddie Murphy dial 911 in a car as a young child?

A: Eddie Murphy was born in 1961.
Responses:
He grew up in the 1960s and 1970s. (Score: 0.0297088623046875)
Eddie Murphy grew up in Brooklyn, New York during the 1960s and 1970s. (Score: 0.0262451171875)
Eddie Murphy grew up in the 1960s and 1970s. (Score: 0.02734375)
As a child, Eddie Murphy would have been growing up in the 1960s and 1970s. (Score: 0.028717041015625)

====================
Query:
Use the step-by-step method as shown in the examples to answer the question. Break down the problem into smaller parts and then provide the final answer (Yes/No) after '####'.

Example 1:
Q: Karachi was a part of Alexander the Great's success?

A: Karachi is a city in modern day Pakistan.
Krokola was an ancient port located in what is now Karachi.
Alexander the Great stationed his fleet in Krokola on his way to Babylon.
Alexander the Great defeated Darius and conquered Babylon before expanding his 
empire.
#### Yes.

Example 2:
Q: Was P. G. Wodehouse's favorite book The Hunger Games?

A: P. G. Wodehouse died in 1975.
The Hunger Games was published in 2008.
#### No.
IMPORTANT:
- Think step by step.
- The final line must be exactly in the format: #### Yes. or #### No.
- Do not end with anything else after the final answer.
Your Question:
Q: Could Eddie Murphy dial 911 in a car as a young child?

A: Eddie Murphy was born in 1961.
Responses:
Eddie Murphy grew up in the 1960s and 1970s. (Score: 0.0273590087890625)
In the 1960s, when Eddie Murphy was a young child, the emergency phone number 911 was not yet in use in most places. (Score: 0.0280303955078125)
Eddie Murphy was a child during the 1960s and early 1970s. (Score: 0.026611328125)
<EMPTY> (Score: -inf)

====================
Query:
Use the step-by-step method as shown in the examples to answer the question. Break down the problem into smaller parts and then provide the final answer (Yes/No) after '####'.

Example 1:
Q: Karachi was a part of Alexander the Great's success?

A: Karachi is a city in modern day Pakistan.
Krokola was an ancient port located in what is now Karachi.
Alexander the Great stationed his fleet in Krokola on his way to Babylon.
Alexander the Great defeated Darius and conquered Babylon before expanding his 
empire.
#### Yes.

Example 2:
Q: Was P. G. Wodehouse's favorite book The Hunger Games?

A: P. G. Wodehouse died in 1975.
The Hunger Games was published in 2008.
#### No.
IMPORTANT:
- Think step by step.
- The final line must be exactly in the format: #### Yes. or #### No.
- Do not end with anything else after the final answer.
Your Question:
Q: Could Eddie Murphy dial 911 in a car as a young child?

A: Eddie Murphy was born in 1961.
He grew up in the 1960s and 1970s.
Responses:
911 was established as an emergency number in the United States in 1968. (Score: 0.029693603515625)
During the 1960s and 1970s, the emergency telephone number 911 was not widely used in the United States. (Score: 0.029022216796875)
Dialing 911 as an emergency number was established in the United States in the late 1960s. (Score: 0.025421142578125)
At that time, emergency services like 911 were not universally available in the United States. (Score: 0.0258636474609375)

====================
Query:
Use the step-by-step method as shown in the examples to answer the question. Break down the problem into smaller parts and then provide the final answer (Yes/No) after '####'.

Example 1:
Q: Karachi was a part of Alexander the Great's success?

A: Karachi is a city in modern day Pakistan.
Krokola was an ancient port located in what is now Karachi.
Alexander the Great stationed his fleet in Krokola on his way to Babylon.
Alexander the Great defeated Darius and conquered Babylon before expanding his 
empire.
#### Yes.

Example 2:
Q: Was P. G. Wodehouse's favorite book The Hunger Games?

A: P. G. Wodehouse died in 1975.
The Hunger Games was published in 2008.
#### No.
IMPORTANT:
- Think step by step.
- The final line must be exactly in the format: #### Yes. or #### No.
- Do not end with anything else after the final answer.
Your Question:
Q: Could Eddie Murphy dial 911 in a car as a young child?

A: Eddie Murphy was born in 1961.
As a child, Eddie Murphy would have been growing up in the 1960s and 1970s.
Responses:
The emergency telephone number 911 was established in the United States in 1968. (Score: 0.0284576416015625)
In the 1960s and 1970s, the emergency number 911 was not widely used in the United States. (Score: 0.0290985107421875)
The emergency number 911 was established in the United States in 1968. (Score: 0.02886962890625)
<EMPTY> (Score: -inf)

====================
Query:
Use the step-by-step method as shown in the examples to answer the question. Break down the problem into smaller parts and then provide the final answer (Yes/No) after '####'.

Example 1:
Q: Karachi was a part of Alexander the Great's success?

A: Karachi is a city in modern day Pakistan.
Krokola was an ancient port located in what is now Karachi.
Alexander the Great stationed his fleet in Krokola on his way to Babylon.
Alexander the Great defeated Darius and conquered Babylon before expanding his 
empire.
#### Yes.

Example 2:
Q: Was P. G. Wodehouse's favorite book The Hunger Games?

A: P. G. Wodehouse died in 1975.
The Hunger Games was published in 2008.
#### No.
IMPORTANT:
- Think step by step.
- The final line must be exactly in the format: #### Yes. or #### No.
- Do not end with anything else after the final answer.
Your Question:
Q: Could Eddie Murphy dial 911 in a car as a young child?

A: Eddie Murphy was born in 1961.
He grew up in the 1960s and 1970s.
911 was established as an emergency number in the United States in 1968.
Responses:
Eddie Murphy would have been a young child in the 1960s. (Score: 0.0288238525390625)
A: However, the widespread public awareness and usage of 911 as an emergency number did not occur until the late 1980s and early 1990s. (Score: 0.02679443359375)
Eddie Murphy would have been too young to use a phone and understand how to dial 911 in the late 1960s. (Score: 0.0291595458984375)
A: However, during his childhood, the widespread use of 911 was not common. (Score: 0.0261383056640625)

====================
Query:
Use the step-by-step method as shown in the examples to answer the question. Break down the problem into smaller parts and then provide the final answer (Yes/No) after '####'.

Example 1:
Q: Karachi was a part of Alexander the Great's success?

A: Karachi is a city in modern day Pakistan.
Krokola was an ancient port located in what is now Karachi.
Alexander the Great stationed his fleet in Krokola on his way to Babylon.
Alexander the Great defeated Darius and conquered Babylon before expanding his 
empire.
#### Yes.

Example 2:
Q: Was P. G. Wodehouse's favorite book The Hunger Games?

A: P. G. Wodehouse died in 1975.
The Hunger Games was published in 2008.
#### No.
IMPORTANT:
- Think step by step.
- The final line must be exactly in the format: #### Yes. or #### No.
- Do not end with anything else after the final answer.
Your Question:
Q: Could Eddie Murphy dial 911 in a car as a young child?

A: Eddie Murphy was born in 1961.
As a child, Eddie Murphy would have been growing up in the 1960s and 1970s.
In the 1960s and 1970s, the emergency number 911 was not widely used in the United States.
Responses:
In fact, 911 was first introduced as an emergency number in the United States in 1968. (Score: 0.029632568359375)
The 911 emergency number was established in the United States in 1968. (Score: 0.0296783447265625)
The number 911 became the national emergency number in the United States in 1968. (Score: 0.03033447265625)
It was not until the late 1960s that 911 was established as a universal emergency number, with many areas adopting it in the early 1970s. (Score: 0.0291748046875)

====================
Query:
Use the step-by-step method as shown in the examples to answer the question. Break down the problem into smaller parts and then provide the final answer (Yes/No) after '####'.

Example 1:
Q: Karachi was a part of Alexander the Great's success?

A: Karachi is a city in modern day Pakistan.
Krokola was an ancient port located in what is now Karachi.
Alexander the Great stationed his fleet in Krokola on his way to Babylon.
Alexander the Great defeated Darius and conquered Babylon before expanding his 
empire.
#### Yes.

Example 2:
Q: Was P. G. Wodehouse's favorite book The Hunger Games?

A: P. G. Wodehouse died in 1975.
The Hunger Games was published in 2008.
#### No.
IMPORTANT:
- Think step by step.
- The final line must be exactly in the format: #### Yes. or #### No.
- Do not end with anything else after the final answer.
Your Question:
Q: Could Eddie Murphy dial 911 in a car as a young child?

A: Eddie Murphy was born in 1961.
As a child, Eddie Murphy would have been growing up in the 1960s and 1970s.
In the 1960s and 1970s, the emergency number 911 was not widely used in the United States.
The number 911 became the national emergency number in the United States in 1968.
Responses:
A: Eddie Murphy was born in 1961. (Score: 0.031036376953125)
However, during Eddie Murphy's early childhood years, it's likely that he would not have had access to a phone to dial 911 as a young child. (Score: 0.027069091796875)
However, as a young child, Eddie Murphy would have been too young to understand the concept of dialing 911 or to do so independently. (Score: 0.028472900390625)
<EMPTY> (Score: -inf)

====================
Query:
Use the step-by-step method as shown in the examples to answer the question. Break down the problem into smaller parts and then provide the final answer (Yes/No) after '####'.

Example 1:
Q: Karachi was a part of Alexander the Great's success?

A: Karachi is a city in modern day Pakistan.
Krokola was an ancient port located in what is now Karachi.
Alexander the Great stationed his fleet in Krokola on his way to Babylon.
Alexander the Great defeated Darius and conquered Babylon before expanding his 
empire.
#### Yes.

Example 2:
Q: Was P. G. Wodehouse's favorite book The Hunger Games?

A: P. G. Wodehouse died in 1975.
The Hunger Games was published in 2008.
#### No.
IMPORTANT:
- Think step by step.
- The final line must be exactly in the format: #### Yes. or #### No.
- Do not end with anything else after the final answer.
Your Question:
Q: Could Eddie Murphy dial 911 in a car as a young child?

A: Eddie Murphy was born in 1961.
As a child, Eddie Murphy would have been growing up in the 1960s and 1970s.
In the 1960s and 1970s, the emergency number 911 was not widely used in the United States.
The 911 emergency number was established in the United States in 1968.
Responses:
However, it did not become widely available until the 1970s, and even then, it was not universally implemented in all areas. (Score: 0.0293121337890625)
However, it was not commonly known or used by the general public until later years. (Score: 0.02911376953125)
However, during Eddie Murphy's early childhood, it was not commonly known or utilized by the general public. (Score: 0.0277862548828125)
However, it was not commonly available or known to the general public until later. (Score: 0.029022216796875)

====================
Query:
Use the step-by-step method as shown in the examples to answer the question. Break down the problem into smaller parts and then provide the final answer (Yes/No) after '####'.

Example 1:
Q: Karachi was a part of Alexander the Great's success?

A: Karachi is a city in modern day Pakistan.
Krokola was an ancient port located in what is now Karachi.
Alexander the Great stationed his fleet in Krokola on his way to Babylon.
Alexander the Great defeated Darius and conquered Babylon before expanding his 
empire.
#### Yes.

Example 2:
Q: Was P. G. Wodehouse's favorite book The Hunger Games?

A: P. G. Wodehouse died in 1975.
The Hunger Games was published in 2008.
#### No.
IMPORTANT:
- Think step by step.
- The final line must be exactly in the format: #### Yes. or #### No.
- Do not end with anything else after the final answer.
Your Question:
Q: Could Eddie Murphy dial 911 in a car as a young child?

A: Eddie Murphy was born in 1961.
As a child, Eddie Murphy would have been growing up in the 1960s and 1970s.
In the 1960s and 1970s, the emergency number 911 was not widely used in the United States.
The number 911 became the national emergency number in the United States in 1968.
A: Eddie Murphy was born in 1961.
Responses:
Eddie Murphy was born in 1961. (Score: 0.03076171875)
A: Eddie Murphy was born in 1961. (Score: 0.0301666259765625)
<EMPTY> (Score: -inf)
<EMPTY> (Score: -inf)

====================
Query:
Use the step-by-step method as shown in the examples to answer the question. Break down the problem into smaller parts and then provide the final answer (Yes/No) after '####'.

Example 1:
Q: Karachi was a part of Alexander the Great's success?

A: Karachi is a city in modern day Pakistan.
Krokola was an ancient port located in what is now Karachi.
Alexander the Great stationed his fleet in Krokola on his way to Babylon.
Alexander the Great defeated Darius and conquered Babylon before expanding his 
empire.
#### Yes.

Example 2:
Q: Was P. G. Wodehouse's favorite book The Hunger Games?

A: P. G. Wodehouse died in 1975.
The Hunger Games was published in 2008.
#### No.
IMPORTANT:
- Think step by step.
- The final line must be exactly in the format: #### Yes. or #### No.
- Do not end with anything else after the final answer.
Your Question:
Q: Could Eddie Murphy dial 911 in a car as a young child?

A: Eddie Murphy was born in 1961.
As a child, Eddie Murphy would have been growing up in the 1960s and 1970s.
In the 1960s and 1970s, the emergency number 911 was not widely used in the United States.
The 911 emergency number was established in the United States in 1968.
However, it did not become widely available until the 1970s, and even then, it was not universally implemented in all areas.
Responses:
As a young child, Eddie Murphy would not have had easy access to dialing 911. (Score: 0.02801513671875)
Eddie Murphy was a child in the 1960s and 1970s. (Score: 0.0271148681640625)
Eddie Murphy as a young child would not have had consistent access to dialing 911. (Score: 0.0283966064453125)
Eddie Murphy would have been a young child in the early 1970s. (Score: 0.0284271240234375)

====================
Query:
Use the step-by-step method as shown in the examples to answer the question. Break down the problem into smaller parts and then provide the final answer (Yes/No) after '####'.

Example 1:
Q: Karachi was a part of Alexander the Great's success?

A: Karachi is a city in modern day Pakistan.
Krokola was an ancient port located in what is now Karachi.
Alexander the Great stationed his fleet in Krokola on his way to Babylon.
Alexander the Great defeated Darius and conquered Babylon before expanding his 
empire.
#### Yes.

Example 2:
Q: Was P. G. Wodehouse's favorite book The Hunger Games?

A: P. G. Wodehouse died in 1975.
The Hunger Games was published in 2008.
#### No.
IMPORTANT:
- Think step by step.
- The final line must be exactly in the format: #### Yes. or #### No.
- Do not end with anything else after the final answer.
Your Question:
Q: Could Eddie Murphy dial 911 in a car as a young child?

A: Eddie Murphy was born in 1961.
As a child, Eddie Murphy would have been growing up in the 1960s and 1970s.
In the 1960s and 1970s, the emergency number 911 was not widely used in the United States.
The number 911 became the national emergency number in the United States in 1968.
A: Eddie Murphy was born in 1961.
Eddie Murphy was born in 1961.
Responses:
A: Eddie Murphy was born in 1961. (Score: 0.03057861328125)
A: Eddie Murphy was born in 1961. (Score: 0.03057861328125)
<EMPTY> (Score: -inf)
<EMPTY> (Score: -inf)

====================
Query:
Use the step-by-step method as shown in the examples to answer the question. Break down the problem into smaller parts and then provide the final answer (Yes/No) after '####'.

Example 1:
Q: Karachi was a part of Alexander the Great's success?

A: Karachi is a city in modern day Pakistan.
Krokola was an ancient port located in what is now Karachi.
Alexander the Great stationed his fleet in Krokola on his way to Babylon.
Alexander the Great defeated Darius and conquered Babylon before expanding his 
empire.
#### Yes.

Example 2:
Q: Was P. G. Wodehouse's favorite book The Hunger Games?

A: P. G. Wodehouse died in 1975.
The Hunger Games was published in 2008.
#### No.
IMPORTANT:
- Think step by step.
- The final line must be exactly in the format: #### Yes. or #### No.
- Do not end with anything else after the final answer.
Your Question:
Q: Could Eddie Murphy dial 911 in a car as a young child?

A: Eddie Murphy was born in 1961.
As a child, Eddie Murphy would have been growing up in the 1960s and 1970s.
In the 1960s and 1970s, the emergency number 911 was not widely used in the United States.
The number 911 became the national emergency number in the United States in 1968.
A: Eddie Murphy was born in 1961.
A: Eddie Murphy was born in 1961.
Responses:
Eddie Murphy was born in 1961. (Score: 0.0302886962890625)
A: Eddie Murphy was born in 1961. (Score: 0.030242919921875)
<EMPTY> (Score: -inf)
<EMPTY> (Score: -inf)

====================
Query:
Use the step-by-step method as shown in the examples to answer the question. Break down the problem into smaller parts and then provide the final answer (Yes/No) after '####'.

Example 1:
Q: Karachi was a part of Alexander the Great's success?

A: Karachi is a city in modern day Pakistan.
Krokola was an ancient port located in what is now Karachi.
Alexander the Great stationed his fleet in Krokola on his way to Babylon.
Alexander the Great defeated Darius and conquered Babylon before expanding his 
empire.
#### Yes.

Example 2:
Q: Was P. G. Wodehouse's favorite book The Hunger Games?

A: P. G. Wodehouse died in 1975.
The Hunger Games was published in 2008.
#### No.
IMPORTANT:
- Think step by step.
- The final line must be exactly in the format: #### Yes. or #### No.
- Do not end with anything else after the final answer.
Your Question:
Q: Could Eddie Murphy dial 911 in a car as a young child?

A: Eddie Murphy was born in 1961.
As a child, Eddie Murphy would have been growing up in the 1960s and 1970s.
In the 1960s and 1970s, the emergency number 911 was not widely used in the United States.
The number 911 became the national emergency number in the United States in 1968.
A: Eddie Murphy was born in 1961.
Eddie Murphy was born in 1961.
A: Eddie Murphy was born in 1961.
Responses:
A: Eddie Murphy was born in 1961. (Score: 0.0308074951171875)
A: Eddie Murphy was born in 1961. (Score: 0.0308074951171875)
<EMPTY> (Score: -inf)
<EMPTY> (Score: -inf)

====================
Query:
Use the step-by-step method as shown in the examples to answer the question. Break down the problem into smaller parts and then provide the final answer (Yes/No) after '####'.

Example 1:
Q: Karachi was a part of Alexander the Great's success?

A: Karachi is a city in modern day Pakistan.
Krokola was an ancient port located in what is now Karachi.
Alexander the Great stationed his fleet in Krokola on his way to Babylon.
Alexander the Great defeated Darius and conquered Babylon before expanding his 
empire.
#### Yes.

Example 2:
Q: Was P. G. Wodehouse's favorite book The Hunger Games?

A: P. G. Wodehouse died in 1975.
The Hunger Games was published in 2008.
#### No.
IMPORTANT:
- Think step by step.
- The final line must be exactly in the format: #### Yes. or #### No.
- Do not end with anything else after the final answer.
Your Question:
Q: Could Eddie Murphy dial 911 in a car as a young child?

A: Eddie Murphy was born in 1961.
As a child, Eddie Murphy would have been growing up in the 1960s and 1970s.
In the 1960s and 1970s, the emergency number 911 was not widely used in the United States.
The number 911 became the national emergency number in the United States in 1968.
A: Eddie Murphy was born in 1961.
Eddie Murphy was born in 1961.
A: Eddie Murphy was born in 1961.
Responses:
A: Eddie Murphy was born in 1961. (Score: 0.0308074951171875)
A: Eddie Murphy was born in 1961. (Score: 0.0308074951171875)
<EMPTY> (Score: -inf)
<EMPTY> (Score: -inf)

====================
Query:
Use the step-by-step method as shown in the examples to answer the question. Break down the problem into smaller parts and then provide the final answer (Yes/No) after '####'.

Example 1:
Q: Karachi was a part of Alexander the Great's success?

A: Karachi is a city in modern day Pakistan.
Krokola was an ancient port located in what is now Karachi.
Alexander the Great stationed his fleet in Krokola on his way to Babylon.
Alexander the Great defeated Darius and conquered Babylon before expanding his 
empire.
#### Yes.

Example 2:
Q: Was P. G. Wodehouse's favorite book The Hunger Games?

A: P. G. Wodehouse died in 1975.
The Hunger Games was published in 2008.
#### No.
IMPORTANT:
- Think step by step.
- The final line must be exactly in the format: #### Yes. or #### No.
- Do not end with anything else after the final answer.
Your Question:
Q: Does Olympia Washington share name with Hephaestus's workshop location?

A:
Responses:
Olympia is the capital city of Washington State in the United States. (Score: 0.025115966796875)
Olympia is the capital city of Washington state in the United States. (Score: 0.02520751953125)
<EMPTY> (Score: -inf)
<EMPTY> (Score: -inf)

====================
Query:
Use the step-by-step method as shown in the examples to answer the question. Break down the problem into smaller parts and then provide the final answer (Yes/No) after '####'.

Example 1:
Q: Karachi was a part of Alexander the Great's success?

A: Karachi is a city in modern day Pakistan.
Krokola was an ancient port located in what is now Karachi.
Alexander the Great stationed his fleet in Krokola on his way to Babylon.
Alexander the Great defeated Darius and conquered Babylon before expanding his 
empire.
#### Yes.

Example 2:
Q: Was P. G. Wodehouse's favorite book The Hunger Games?

A: P. G. Wodehouse died in 1975.
The Hunger Games was published in 2008.
#### No.
IMPORTANT:
- Think step by step.
- The final line must be exactly in the format: #### Yes. or #### No.
- Do not end with anything else after the final answer.
Your Question:
Q: Does Olympia Washington share name with Hephaestus's workshop location?

A: Olympia is the capital city of Washington state in the United States.
Responses:
Hephaestus is a figure from Greek mythology known as the god of fire and craftsmanship. (Score: 0.02496337890625)
Hephaestus is a figure from Greek mythology known for being the god of fire and craftsmanship. (Score: 0.02459716796875)
Olympia is named after Mount Olympus in Greece, which is associated with the home of the gods in Greek mythology. (Score: 0.023040771484375)
<EMPTY> (Score: -inf)

====================
Query:
Use the step-by-step method as shown in the examples to answer the question. Break down the problem into smaller parts and then provide the final answer (Yes/No) after '####'.

Example 1:
Q: Karachi was a part of Alexander the Great's success?

A: Karachi is a city in modern day Pakistan.
Krokola was an ancient port located in what is now Karachi.
Alexander the Great stationed his fleet in Krokola on his way to Babylon.
Alexander the Great defeated Darius and conquered Babylon before expanding his 
empire.
#### Yes.

Example 2:
Q: Was P. G. Wodehouse's favorite book The Hunger Games?

A: P. G. Wodehouse died in 1975.
The Hunger Games was published in 2008.
#### No.
IMPORTANT:
- Think step by step.
- The final line must be exactly in the format: #### Yes. or #### No.
- Do not end with anything else after the final answer.
Your Question:
Q: Does Olympia Washington share name with Hephaestus's workshop location?

A: Olympia is the capital city of Washington State in the United States.
Responses:
Hephaestus is a figure from Greek mythology known as the god of fire and craftsmanship. (Score: 0.0247344970703125)
The name "Olympia" is derived from Mount Olympus, which is known in Greek mythology as the home of the gods. (Score: 0.023101806640625)
Olympia is named after Mount Olympus, which is associated with the ancient Greek gods. (Score: 0.02398681640625)
Olympia is named after Mount Olympus, which is related to Greek mythology. (Score: 0.0225372314453125)

====================
Query:
Use the step-by-step method as shown in the examples to answer the question. Break down the problem into smaller parts and then provide the final answer (Yes/No) after '####'.

Example 1:
Q: Karachi was a part of Alexander the Great's success?

A: Karachi is a city in modern day Pakistan.
Krokola was an ancient port located in what is now Karachi.
Alexander the Great stationed his fleet in Krokola on his way to Babylon.
Alexander the Great defeated Darius and conquered Babylon before expanding his 
empire.
#### Yes.

Example 2:
Q: Was P. G. Wodehouse's favorite book The Hunger Games?

A: P. G. Wodehouse died in 1975.
The Hunger Games was published in 2008.
#### No.
IMPORTANT:
- Think step by step.
- The final line must be exactly in the format: #### Yes. or #### No.
- Do not end with anything else after the final answer.
Your Question:
Q: Does Olympia Washington share name with Hephaestus's workshop location?

A: Olympia is the capital city of Washington state in the United States.
Hephaestus is a figure from Greek mythology known as the god of fire and craftsmanship.
Responses:
In Greek mythology, Hephaestus's workshop is located in Olympus, which is a different place from Olympia. (Score: 0.0239715576171875)
In Greek mythology, Hephaestus is associated with a workshop located in Olympus, where he crafted weapons and armor for the gods. (Score: 0.02496337890625)
In Greek mythology, Hephaestus's workshop was located in Olympus, not Olympia. (Score: 0.024505615234375)
In Greek mythology, Hephaestus's workshop is often associated with Mount Olympus, not Olympia. (Score: 0.022186279296875)

====================
Query:
Use the step-by-step method as shown in the examples to answer the question. Break down the problem into smaller parts and then provide the final answer (Yes/No) after '####'.

Example 1:
Q: Karachi was a part of Alexander the Great's success?

A: Karachi is a city in modern day Pakistan.
Krokola was an ancient port located in what is now Karachi.
Alexander the Great stationed his fleet in Krokola on his way to Babylon.
Alexander the Great defeated Darius and conquered Babylon before expanding his 
empire.
#### Yes.

Example 2:
Q: Was P. G. Wodehouse's favorite book The Hunger Games?

A: P. G. Wodehouse died in 1975.
The Hunger Games was published in 2008.
#### No.
IMPORTANT:
- Think step by step.
- The final line must be exactly in the format: #### Yes. or #### No.
- Do not end with anything else after the final answer.
Your Question:
Q: Does Olympia Washington share name with Hephaestus's workshop location?

A: Olympia is the capital city of Washington State in the United States.
Hephaestus is a figure from Greek mythology known as the god of fire and craftsmanship.
Responses:
In Greek mythology, Hephaestus is often associated with a workshop or forge located in a place called Olympus, which is the home of the gods. (Score: 0.025421142578125)
Hephaestus’s workshop is traditionally located in a place called Olympus, often referred to as Mount Olympus in Greek mythology, which is considered the home of the gods. (Score: 0.0227203369140625)
In Greek mythology, Hephaestus is associated with a workshop located on Mount Olympus, where he crafted weapons and armor for the gods. (Score: 0.02435302734375)
Hephaestus's workshop is traditionally believed to be located on the island of Lemnos or in the depths of volcanoes, not in Olympia. (Score: 0.0234375)

====================
Query:
Use the step-by-step method as shown in the examples to answer the question. Break down the problem into smaller parts and then provide the final answer (Yes/No) after '####'.

Example 1:
Q: Karachi was a part of Alexander the Great's success?

A: Karachi is a city in modern day Pakistan.
Krokola was an ancient port located in what is now Karachi.
Alexander the Great stationed his fleet in Krokola on his way to Babylon.
Alexander the Great defeated Darius and conquered Babylon before expanding his 
empire.
#### Yes.

Example 2:
Q: Was P. G. Wodehouse's favorite book The Hunger Games?

A: P. G. Wodehouse died in 1975.
The Hunger Games was published in 2008.
#### No.
IMPORTANT:
- Think step by step.
- The final line must be exactly in the format: #### Yes. or #### No.
- Do not end with anything else after the final answer.
Your Question:
Q: Does Olympia Washington share name with Hephaestus's workshop location?

A: Olympia is the capital city of Washington State in the United States.
Hephaestus is a figure from Greek mythology known as the god of fire and craftsmanship.
In Greek mythology, Hephaestus is often associated with a workshop or forge located in a place called Olympus, which is the home of the gods.
Responses:
Olympia does not share the same name as Olympus, which is where Hephaestus's workshop is said to be located. (Score: 0.02587890625)
Olympia, while sharing a similar name, is not the same as Olympus. (Score: 0.0269775390625)
Olympia is not the same as Olympus, as they refer to different places. (Score: 0.027313232421875)
Olympia is the capital city of Washington State in the United States. (Score: 0.024627685546875)

====================
Query:
Use the step-by-step method as shown in the examples to answer the question. Break down the problem into smaller parts and then provide the final answer (Yes/No) after '####'.

Example 1:
Q: Karachi was a part of Alexander the Great's success?

A: Karachi is a city in modern day Pakistan.
Krokola was an ancient port located in what is now Karachi.
Alexander the Great stationed his fleet in Krokola on his way to Babylon.
Alexander the Great defeated Darius and conquered Babylon before expanding his 
empire.
#### Yes.

Example 2:
Q: Was P. G. Wodehouse's favorite book The Hunger Games?

A: P. G. Wodehouse died in 1975.
The Hunger Games was published in 2008.
#### No.
IMPORTANT:
- Think step by step.
- The final line must be exactly in the format: #### Yes. or #### No.
- Do not end with anything else after the final answer.
Your Question:
Q: Does Olympia Washington share name with Hephaestus's workshop location?

A: Olympia is the capital city of Washington state in the United States.
Hephaestus is a figure from Greek mythology known as the god of fire and craftsmanship.
In Greek mythology, Hephaestus is associated with a workshop located in Olympus, where he crafted weapons and armor for the gods.
Responses:
Olympia is indeed a city named after a place associated with ancient Greek culture. (Score: 0.026947021484375)
Olympia, Washington, is not associated with Hephaestus's workshop, which is located in Olympus. (Score: 0.023193359375)
Olympia is often confused with Olympus due to their similar names, but they refer to different places. (Score: 0.0296478271484375)
Olympia and Olympus are similar in name but refer to different locations. (Score: 0.0285186767578125)

====================
Query:
Use the step-by-step method as shown in the examples to answer the question. Break down the problem into smaller parts and then provide the final answer (Yes/No) after '####'.

Example 1:
Q: Karachi was a part of Alexander the Great's success?

A: Karachi is a city in modern day Pakistan.
Krokola was an ancient port located in what is now Karachi.
Alexander the Great stationed his fleet in Krokola on his way to Babylon.
Alexander the Great defeated Darius and conquered Babylon before expanding his 
empire.
#### Yes.

Example 2:
Q: Was P. G. Wodehouse's favorite book The Hunger Games?

A: P. G. Wodehouse died in 1975.
The Hunger Games was published in 2008.
#### No.
IMPORTANT:
- Think step by step.
- The final line must be exactly in the format: #### Yes. or #### No.
- Do not end with anything else after the final answer.
Your Question:
Q: Does Olympia Washington share name with Hephaestus's workshop location?

A: Olympia is the capital city of Washington state in the United States.
Hephaestus is a figure from Greek mythology known as the god of fire and craftsmanship.
In Greek mythology, Hephaestus is associated with a workshop located in Olympus, where he crafted weapons and armor for the gods.
Olympia is often confused with Olympus due to their similar names, but they refer to different places.
Responses:
A: Olympia is the capital city of Washington state in the United States. (Score: 0.0276947021484375)
#### No. (Score: 0.030303955078125)
<EMPTY> (Score: -inf)
<EMPTY> (Score: -inf)

====================
Query:
Use the step-by-step method as shown in the examples to answer the question. Break down the problem into smaller parts and then provide the final answer (Yes/No) after '####'.

Example 1:
Q: Karachi was a part of Alexander the Great's success?

A: Karachi is a city in modern day Pakistan.
Krokola was an ancient port located in what is now Karachi.
Alexander the Great stationed his fleet in Krokola on his way to Babylon.
Alexander the Great defeated Darius and conquered Babylon before expanding his 
empire.
#### Yes.

Example 2:
Q: Was P. G. Wodehouse's favorite book The Hunger Games?

A: P. G. Wodehouse died in 1975.
The Hunger Games was published in 2008.
#### No.
IMPORTANT:
- Think step by step.
- The final line must be exactly in the format: #### Yes. or #### No.
- Do not end with anything else after the final answer.
Your Question:
Q: Does Olympia Washington share name with Hephaestus's workshop location?

A: Olympia is the capital city of Washington state in the United States.
Hephaestus is a figure from Greek mythology known as the god of fire and craftsmanship.
In Greek mythology, Hephaestus is associated with a workshop located in Olympus, where he crafted weapons and armor for the gods.
Olympia and Olympus are similar in name but refer to different locations.
Responses:
A: Olympia is the capital city of Washington state in the United States. (Score: 0.026947021484375)
#### No. (Score: 0.0290374755859375)
<EMPTY> (Score: -inf)
<EMPTY> (Score: -inf)

====================
Query:
Use the step-by-step method as shown in the examples to answer the question. Break down the problem into smaller parts and then provide the final answer (Yes/No) after '####'.

Example 1:
Q: Karachi was a part of Alexander the Great's success?

A: Karachi is a city in modern day Pakistan.
Krokola was an ancient port located in what is now Karachi.
Alexander the Great stationed his fleet in Krokola on his way to Babylon.
Alexander the Great defeated Darius and conquered Babylon before expanding his 
empire.
#### Yes.

Example 2:
Q: Was P. G. Wodehouse's favorite book The Hunger Games?

A: P. G. Wodehouse died in 1975.
The Hunger Games was published in 2008.
#### No.
IMPORTANT:
- Think step by step.
- The final line must be exactly in the format: #### Yes. or #### No.
- Do not end with anything else after the final answer.
Your Question:
Q: Would a Nike shoebox be too small to fit a swan in?

A:
Responses:
A: A typical Nike shoebox is designed to hold a pair of shoes, which typically measures around 12 inches long and 6 inches wide. (Score: 0.0286102294921875)
A: A Nike shoebox is designed to hold a pair of shoes, typically measuring around 12 to 14 inches in length and about 6 to 8 inches in height. (Score: 0.0316162109375)
A: A typical Nike shoebox is designed to hold a pair of shoes, which usually measures around 12 inches long, 8 inches wide, and 4 to 6 inches high. (Score: 0.030059814453125)
A: A typical Nike shoebox is designed to hold a pair of shoes, usually measuring around 12 inches long, 8 inches wide, and 4-6 inches high. (Score: 0.0301971435546875)

====================
Query:
Use the step-by-step method as shown in the examples to answer the question. Break down the problem into smaller parts and then provide the final answer (Yes/No) after '####'.

Example 1:
Q: Karachi was a part of Alexander the Great's success?

A: Karachi is a city in modern day Pakistan.
Krokola was an ancient port located in what is now Karachi.
Alexander the Great stationed his fleet in Krokola on his way to Babylon.
Alexander the Great defeated Darius and conquered Babylon before expanding his 
empire.
#### Yes.

Example 2:
Q: Was P. G. Wodehouse's favorite book The Hunger Games?

A: P. G. Wodehouse died in 1975.
The Hunger Games was published in 2008.
#### No.
IMPORTANT:
- Think step by step.
- The final line must be exactly in the format: #### Yes. or #### No.
- Do not end with anything else after the final answer.
Your Question:
Q: Would a Nike shoebox be too small to fit a swan in?

A: A: A Nike shoebox is designed to hold a pair of shoes, typically measuring around 12 to 14 inches in length and about 6 to 8 inches in height.
Responses:
A swan is a large bird, with adult swans typically measuring between 4 to 6 feet in length and standing around 3 to 4 feet tall. (Score: 0.030059814453125)
A swan is a large bird, often measuring between 3 to 4 feet in length and standing about 3 feet tall. (Score: 0.0294189453125)
A swan is a large bird, with adult swans typically measuring between 4 to 6 feet in length and having a wingspan that can exceed 10 feet. (Score: 0.02972412109375)
A swan, on the other hand, is a large bird that can measure anywhere from 4 to 6 feet in length and can stand about 3 to 4 feet tall. (Score: 0.0310821533203125)

====================
Query:
Use the step-by-step method as shown in the examples to answer the question. Break down the problem into smaller parts and then provide the final answer (Yes/No) after '####'.

Example 1:
Q: Karachi was a part of Alexander the Great's success?

A: Karachi is a city in modern day Pakistan.
Krokola was an ancient port located in what is now Karachi.
Alexander the Great stationed his fleet in Krokola on his way to Babylon.
Alexander the Great defeated Darius and conquered Babylon before expanding his 
empire.
#### Yes.

Example 2:
Q: Was P. G. Wodehouse's favorite book The Hunger Games?

A: P. G. Wodehouse died in 1975.
The Hunger Games was published in 2008.
#### No.
IMPORTANT:
- Think step by step.
- The final line must be exactly in the format: #### Yes. or #### No.
- Do not end with anything else after the final answer.
Your Question:
Q: Would a Nike shoebox be too small to fit a swan in?

A: A: A typical Nike shoebox is designed to hold a pair of shoes, usually measuring around 12 inches long, 8 inches wide, and 4-6 inches high.
Responses:
A: A swan is a large bird, typically measuring between 4 to 6 feet in length and having a wingspan of about 6 to 10 feet. (Score: 0.02740478515625)
A: A swan is a large bird, with adult swans typically measuring between 4 to 6 feet in length and having a wingspan of around 6 to 10 feet. (Score: 0.0271453857421875)
A: A typical adult swan can measure about 4 to 5 feet in length and has a wingspan of 6 to 10 feet. (Score: 0.0286102294921875)
A: A swan is a large bird, with adult swans typically measuring between 3 to 4 feet in length and having wingspans that can reach up to 10 feet. (Score: 0.027313232421875)

====================
Query:
Use the step-by-step method as shown in the examples to answer the question. Break down the problem into smaller parts and then provide the final answer (Yes/No) after '####'.

Example 1:
Q: Karachi was a part of Alexander the Great's success?

A: Karachi is a city in modern day Pakistan.
Krokola was an ancient port located in what is now Karachi.
Alexander the Great stationed his fleet in Krokola on his way to Babylon.
Alexander the Great defeated Darius and conquered Babylon before expanding his 
empire.
#### Yes.

Example 2:
Q: Was P. G. Wodehouse's favorite book The Hunger Games?

A: P. G. Wodehouse died in 1975.
The Hunger Games was published in 2008.
#### No.
IMPORTANT:
- Think step by step.
- The final line must be exactly in the format: #### Yes. or #### No.
- Do not end with anything else after the final answer.
Your Question:
Q: Would a Nike shoebox be too small to fit a swan in?

A: A: A Nike shoebox is designed to hold a pair of shoes, typically measuring around 12 to 14 inches in length and about 6 to 8 inches in height.
A swan, on the other hand, is a large bird that can measure anywhere from 4 to 6 feet in length and can stand about 3 to 4 feet tall.
Responses:
A: Given the dimensions of a Nike shoebox, it cannot accommodate an object that is 4 to 6 feet long and 3 to 4 feet tall. (Score: 0.03076171875)
To determine if a Nike shoebox would be too small to fit a swan, we need to compare the dimensions of both. (Score: 0.0306549072265625)
To determine if a Nike shoebox would be too small to fit a swan in, we need to compare the dimensions of both the shoebox and the swan. (Score: 0.0302734375)
To fit a swan in a shoebox, the dimensions of the shoebox must be larger than those of the swan. (Score: 0.03192138671875)

====================
Query:
Use the step-by-step method as shown in the examples to answer the question. Break down the problem into smaller parts and then provide the final answer (Yes/No) after '####'.

Example 1:
Q: Karachi was a part of Alexander the Great's success?

A: Karachi is a city in modern day Pakistan.
Krokola was an ancient port located in what is now Karachi.
Alexander the Great stationed his fleet in Krokola on his way to Babylon.
Alexander the Great defeated Darius and conquered Babylon before expanding his 
empire.
#### Yes.

Example 2:
Q: Was P. G. Wodehouse's favorite book The Hunger Games?

A: P. G. Wodehouse died in 1975.
The Hunger Games was published in 2008.
#### No.
IMPORTANT:
- Think step by step.
- The final line must be exactly in the format: #### Yes. or #### No.
- Do not end with anything else after the final answer.
Your Question:
Q: Would a Nike shoebox be too small to fit a swan in?

A: A: A Nike shoebox is designed to hold a pair of shoes, typically measuring around 12 to 14 inches in length and about 6 to 8 inches in height.
A swan is a large bird, with adult swans typically measuring between 4 to 6 feet in length and standing around 3 to 4 feet tall.
Responses:
To determine if a Nike shoebox would be too small to fit a swan, we need to compare the sizes of both the shoebox and the swan. (Score: 0.0301666259765625)
To determine if a Nike shoebox would be too small to fit a swan, we need to compare the dimensions of both. (Score: 0.0290985107421875)
Given the size of a Nike shoebox and the size of a swan, we can determine if a swan would fit inside a Nike shoebox. (Score: 0.0298309326171875)
A: Given the measurements of a Nike shoebox, it is designed to accommodate shoes, which are significantly smaller than the size of a swan. (Score: 0.028472900390625)

====================
Query:
Use the step-by-step method as shown in the examples to answer the question. Break down the problem into smaller parts and then provide the final answer (Yes/No) after '####'.

Example 1:
Q: Karachi was a part of Alexander the Great's success?

A: Karachi is a city in modern day Pakistan.
Krokola was an ancient port located in what is now Karachi.
Alexander the Great stationed his fleet in Krokola on his way to Babylon.
Alexander the Great defeated Darius and conquered Babylon before expanding his 
empire.
#### Yes.

Example 2:
Q: Was P. G. Wodehouse's favorite book The Hunger Games?

A: P. G. Wodehouse died in 1975.
The Hunger Games was published in 2008.
#### No.
IMPORTANT:
- Think step by step.
- The final line must be exactly in the format: #### Yes. or #### No.
- Do not end with anything else after the final answer.
Your Question:
Q: Would a Nike shoebox be too small to fit a swan in?

A: A: A Nike shoebox is designed to hold a pair of shoes, typically measuring around 12 to 14 inches in length and about 6 to 8 inches in height.
A swan, on the other hand, is a large bird that can measure anywhere from 4 to 6 feet in length and can stand about 3 to 4 feet tall.
To fit a swan in a shoebox, the dimensions of the shoebox must be larger than those of the swan.
Responses:
Given the dimensions of a Nike shoebox and a swan, it is clear that a shoebox cannot accommodate the size of a swan. (Score: 0.032135009765625)
Since a Nike shoebox's dimensions are significantly smaller than that of a swan, it is clear that a shoebox would not be able to accommodate a swan. (Score: 0.030487060546875)
Given that a Nike shoebox is approximately 12 to 14 inches long and 6 to 8 inches high, while a swan can be 4 to 6 feet long (48 to 72 inches) and 3 to 4 feet tall (36 to 48 inches), it's clear that the sho. (Score: 0.030731201171875)
Given that a Nike shoebox is only about 12 to 14 inches in length and 6 to 8 inches in height, while a swan measures approximately 4 to 6 feet in length and 3 to 4 feet in height, it is clear that the dimensions of the shoebox are far too. (Score: 0.02996826171875)

====================
Query:
Use the step-by-step method as shown in the examples to answer the question. Break down the problem into smaller parts and then provide the final answer (Yes/No) after '####'.

Example 1:
Q: Karachi was a part of Alexander the Great's success?

A: Karachi is a city in modern day Pakistan.
Krokola was an ancient port located in what is now Karachi.
Alexander the Great stationed his fleet in Krokola on his way to Babylon.
Alexander the Great defeated Darius and conquered Babylon before expanding his 
empire.
#### Yes.

Example 2:
Q: Was P. G. Wodehouse's favorite book The Hunger Games?

A: P. G. Wodehouse died in 1975.
The Hunger Games was published in 2008.
#### No.
IMPORTANT:
- Think step by step.
- The final line must be exactly in the format: #### Yes. or #### No.
- Do not end with anything else after the final answer.
Your Question:
Q: Would a Nike shoebox be too small to fit a swan in?

A: A: A Nike shoebox is designed to hold a pair of shoes, typically measuring around 12 to 14 inches in length and about 6 to 8 inches in height.
A swan, on the other hand, is a large bird that can measure anywhere from 4 to 6 feet in length and can stand about 3 to 4 feet tall.
A: Given the dimensions of a Nike shoebox, it cannot accommodate an object that is 4 to 6 feet long and 3 to 4 feet tall.
Responses:
#### No. (Score: 0.032440185546875)
#### No. (Score: 0.032440185546875)
<EMPTY> (Score: -inf)
<EMPTY> (Score: -inf)

====================
Query:
Use the step-by-step method as shown in the examples to answer the question. Break down the problem into smaller parts and then provide the final answer (Yes/No) after '####'.

Example 1:
Q: Karachi was a part of Alexander the Great's success?

A: Karachi is a city in modern day Pakistan.
Krokola was an ancient port located in what is now Karachi.
Alexander the Great stationed his fleet in Krokola on his way to Babylon.
Alexander the Great defeated Darius and conquered Babylon before expanding his 
empire.
#### Yes.

Example 2:
Q: Was P. G. Wodehouse's favorite book The Hunger Games?

A: P. G. Wodehouse died in 1975.
The Hunger Games was published in 2008.
#### No.
IMPORTANT:
- Think step by step.
- The final line must be exactly in the format: #### Yes. or #### No.
- Do not end with anything else after the final answer.
Your Question:
Q: Are all the elements plants need for photosynthesis present in atmosphere of Mars?

A:
Responses:
A: Photosynthesis requires carbon dioxide, water, and sunlight. (Score: 0.03240966796875)
Photosynthesis is the process by which plants convert light energy into chemical energy, primarily using carbon dioxide and water, with sunlight as the energy source. (Score: 0.025482177734375)
Photosynthesis requires several key elements: carbon dioxide, water, and sunlight. (Score: 0.032501220703125)
Photosynthesis primarily requires sunlight, carbon dioxide, and water. (Score: 0.034759521484375)

====================
Query:
Use the step-by-step method as shown in the examples to answer the question. Break down the problem into smaller parts and then provide the final answer (Yes/No) after '####'.

Example 1:
Q: Karachi was a part of Alexander the Great's success?

A: Karachi is a city in modern day Pakistan.
Krokola was an ancient port located in what is now Karachi.
Alexander the Great stationed his fleet in Krokola on his way to Babylon.
Alexander the Great defeated Darius and conquered Babylon before expanding his 
empire.
#### Yes.

Example 2:
Q: Was P. G. Wodehouse's favorite book The Hunger Games?

A: P. G. Wodehouse died in 1975.
The Hunger Games was published in 2008.
#### No.
IMPORTANT:
- Think step by step.
- The final line must be exactly in the format: #### Yes. or #### No.
- Do not end with anything else after the final answer.
Your Question:
Q: Are all the elements plants need for photosynthesis present in atmosphere of Mars?

A: Photosynthesis primarily requires sunlight, carbon dioxide, and water.
Responses:
The atmosphere of Mars is composed mostly of carbon dioxide, which is essential for photosynthesis. (Score: 0.0276336669921875)
The atmosphere of Mars is composed mostly of carbon dioxide, which is necessary for photosynthesis. (Score: 0.0277252197265625)
Mars has a thin atmosphere composed mostly of carbon dioxide, which is essential for photosynthesis. (Score: 0.02789306640625)
Mars has a very thin atmosphere, composed mostly of carbon dioxide (about 95.3%). (Score: 0.0288848876953125)

====================
Query:
Use the step-by-step method as shown in the examples to answer the question. Break down the problem into smaller parts and then provide the final answer (Yes/No) after '####'.

Example 1:
Q: Karachi was a part of Alexander the Great's success?

A: Karachi is a city in modern day Pakistan.
Krokola was an ancient port located in what is now Karachi.
Alexander the Great stationed his fleet in Krokola on his way to Babylon.
Alexander the Great defeated Darius and conquered Babylon before expanding his 
empire.
#### Yes.

Example 2:
Q: Was P. G. Wodehouse's favorite book The Hunger Games?

A: P. G. Wodehouse died in 1975.
The Hunger Games was published in 2008.
#### No.
IMPORTANT:
- Think step by step.
- The final line must be exactly in the format: #### Yes. or #### No.
- Do not end with anything else after the final answer.
Your Question:
Q: Are all the elements plants need for photosynthesis present in atmosphere of Mars?

A: Photosynthesis requires several key elements: carbon dioxide, water, and sunlight.
Responses:
Carbon dioxide is a critical component of photosynthesis, and Mars' atmosphere is primarily composed of carbon dioxide (about 95%). (Score: 0.028289794921875)
A: Mars has a thin atmosphere composed mostly of carbon dioxide (about 95%). (Score: 0.028167724609375)
A: Carbon dioxide is a crucial element for photosynthesis and is present in the Martian atmosphere, albeit in very low concentrations (around 0.04% compared to Earth's 0.04%). (Score: 0.02593994140625)
A: Mars has a very thin atmosphere composed mostly of carbon dioxide, which is essential for photosynthesis. (Score: 0.02667236328125)

====================
Query:
Use the step-by-step method as shown in the examples to answer the question. Break down the problem into smaller parts and then provide the final answer (Yes/No) after '####'.

Example 1:
Q: Karachi was a part of Alexander the Great's success?

A: Karachi is a city in modern day Pakistan.
Krokola was an ancient port located in what is now Karachi.
Alexander the Great stationed his fleet in Krokola on his way to Babylon.
Alexander the Great defeated Darius and conquered Babylon before expanding his 
empire.
#### Yes.

Example 2:
Q: Was P. G. Wodehouse's favorite book The Hunger Games?

A: P. G. Wodehouse died in 1975.
The Hunger Games was published in 2008.
#### No.
IMPORTANT:
- Think step by step.
- The final line must be exactly in the format: #### Yes. or #### No.
- Do not end with anything else after the final answer.
Your Question:
Q: Are all the elements plants need for photosynthesis present in atmosphere of Mars?

A: Photosynthesis primarily requires sunlight, carbon dioxide, and water.
Mars has a very thin atmosphere, composed mostly of carbon dioxide (about 95.3%).
Responses:
However, Mars has very little water available and it is mostly in the form of ice. (Score: 0.025421142578125)
However, Mars has extremely low temperatures and very minimal liquid water available on its surface. (Score: 0.0251922607421875)
However, water is mostly found in the form of ice on Mars and is not readily available in liquid form. (Score: 0.026580810546875)
The atmosphere of Mars lacks sufficient water vapor, which is essential for photosynthesis. (Score: 0.0264434814453125)

====================
Query:
Use the step-by-step method as shown in the examples to answer the question. Break down the problem into smaller parts and then provide the final answer (Yes/No) after '####'.

Example 1:
Q: Karachi was a part of Alexander the Great's success?

A: Karachi is a city in modern day Pakistan.
Krokola was an ancient port located in what is now Karachi.
Alexander the Great stationed his fleet in Krokola on his way to Babylon.
Alexander the Great defeated Darius and conquered Babylon before expanding his 
empire.
#### Yes.

Example 2:
Q: Was P. G. Wodehouse's favorite book The Hunger Games?

A: P. G. Wodehouse died in 1975.
The Hunger Games was published in 2008.
#### No.
IMPORTANT:
- Think step by step.
- The final line must be exactly in the format: #### Yes. or #### No.
- Do not end with anything else after the final answer.
Your Question:
Q: Are all the elements plants need for photosynthesis present in atmosphere of Mars?

A: Photosynthesis requires several key elements: carbon dioxide, water, and sunlight.
Carbon dioxide is a critical component of photosynthesis, and Mars' atmosphere is primarily composed of carbon dioxide (about 95%).
Responses:
Water is also essential for photosynthesis, but Mars has very little liquid water on its surface and its atmosphere contains only trace amounts of water vapor. (Score: 0.028076171875)
However, water is scarce on Mars and exists mainly as ice, with very little liquid water present. (Score: 0.02685546875)
However, Mars has very little water in its atmosphere, and any water present is mostly in the form of ice or vapor, not readily available for photosynthesis. (Score: 0.0283966064453125)
Water is also necessary for photosynthesis, and while Mars has polar ice caps and some evidence of water, liquid water is scarce on the planet's surface. (Score: 0.0285491943359375)

====================
Query:
Use the step-by-step method as shown in the examples to answer the question. Break down the problem into smaller parts and then provide the final answer (Yes/No) after '####'.

Example 1:
Q: Karachi was a part of Alexander the Great's success?

A: Karachi is a city in modern day Pakistan.
Krokola was an ancient port located in what is now Karachi.
Alexander the Great stationed his fleet in Krokola on his way to Babylon.
Alexander the Great defeated Darius and conquered Babylon before expanding his 
empire.
#### Yes.

Example 2:
Q: Was P. G. Wodehouse's favorite book The Hunger Games?

A: P. G. Wodehouse died in 1975.
The Hunger Games was published in 2008.
#### No.
IMPORTANT:
- Think step by step.
- The final line must be exactly in the format: #### Yes. or #### No.
- Do not end with anything else after the final answer.
Your Question:
Q: Are all the elements plants need for photosynthesis present in atmosphere of Mars?

A: Photosynthesis requires several key elements: carbon dioxide, water, and sunlight.
Carbon dioxide is a critical component of photosynthesis, and Mars' atmosphere is primarily composed of carbon dioxide (about 95%).
Water is also necessary for photosynthesis, and while Mars has polar ice caps and some evidence of water, liquid water is scarce on the planet's surface.
Responses:
A: Sunlight is another essential element for photosynthesis, and Mars receives sunlight, being the fourth planet from the Sun. (Score: 0.02642822265625)
A: Sunlight is the final requirement for photosynthesis and Mars receives sunlight as it orbits the Sun. (Score: 0.0262451171875)
Mars has a very thin atmosphere, which is not conducive to sustaining life as we know it. (Score: 0.0284881591796875)
A: Sunlight is abundant on Mars, as it receives sunlight from the Sun just like Earth. (Score: 0.0261383056640625)

====================
Query:
Use the step-by-step method as shown in the examples to answer the question. Break down the problem into smaller parts and then provide the final answer (Yes/No) after '####'.

Example 1:
Q: Karachi was a part of Alexander the Great's success?

A: Karachi is a city in modern day Pakistan.
Krokola was an ancient port located in what is now Karachi.
Alexander the Great stationed his fleet in Krokola on his way to Babylon.
Alexander the Great defeated Darius and conquered Babylon before expanding his 
empire.
#### Yes.

Example 2:
Q: Was P. G. Wodehouse's favorite book The Hunger Games?

A: P. G. Wodehouse died in 1975.
The Hunger Games was published in 2008.
#### No.
IMPORTANT:
- Think step by step.
- The final line must be exactly in the format: #### Yes. or #### No.
- Do not end with anything else after the final answer.
Your Question:
Q: Are all the elements plants need for photosynthesis present in atmosphere of Mars?

A: Photosynthesis requires several key elements: carbon dioxide, water, and sunlight.
Carbon dioxide is a critical component of photosynthesis, and Mars' atmosphere is primarily composed of carbon dioxide (about 95%).
However, Mars has very little water in its atmosphere, and any water present is mostly in the form of ice or vapor, not readily available for photosynthesis.
Responses:
Additionally, sunlight does reach Mars, but the effectiveness of photosynthesis would be affected by the thin atmosphere and lower light levels compared to Earth. (Score: 0.0287322998046875)
Additionally, sunlight does reach Mars, but the thin atmosphere can affect light intensity. (Score: 0.029266357421875)
Additionally, while Mars receives sunlight, the scarcity of liquid water significantly limits the potential for photosynthesis to occur. (Score: 0.0278472900390625)
Additionally, while sunlight does reach Mars, the conditions on the planet are extremely harsh and not conducive to traditional plant life as we know it on Earth. (Score: 0.028350830078125)

====================
Query:
Use the step-by-step method as shown in the examples to answer the question. Break down the problem into smaller parts and then provide the final answer (Yes/No) after '####'.

Example 1:
Q: Karachi was a part of Alexander the Great's success?

A: Karachi is a city in modern day Pakistan.
Krokola was an ancient port located in what is now Karachi.
Alexander the Great stationed his fleet in Krokola on his way to Babylon.
Alexander the Great defeated Darius and conquered Babylon before expanding his 
empire.
#### Yes.

Example 2:
Q: Was P. G. Wodehouse's favorite book The Hunger Games?

A: P. G. Wodehouse died in 1975.
The Hunger Games was published in 2008.
#### No.
IMPORTANT:
- Think step by step.
- The final line must be exactly in the format: #### Yes. or #### No.
- Do not end with anything else after the final answer.
Your Question:
Q: Are all the elements plants need for photosynthesis present in atmosphere of Mars?

A: Photosynthesis requires several key elements: carbon dioxide, water, and sunlight.
Carbon dioxide is a critical component of photosynthesis, and Mars' atmosphere is primarily composed of carbon dioxide (about 95%).
However, Mars has very little water in its atmosphere, and any water present is mostly in the form of ice or vapor, not readily available for photosynthesis.
Additionally, sunlight does reach Mars, but the thin atmosphere can affect light intensity.
Responses:
A: Photosynthesis requires several key elements: carbon dioxide, water, and sunlight. (Score: 0.0289764404296875)
#### No. (Score: 0.029754638671875)
<EMPTY> (Score: -inf)
<EMPTY> (Score: -inf)

====================
Query:
Use the step-by-step method as shown in the examples to answer the question. Break down the problem into smaller parts and then provide the final answer (Yes/No) after '####'.

Example 1:
Q: Karachi was a part of Alexander the Great's success?

A: Karachi is a city in modern day Pakistan.
Krokola was an ancient port located in what is now Karachi.
Alexander the Great stationed his fleet in Krokola on his way to Babylon.
Alexander the Great defeated Darius and conquered Babylon before expanding his 
empire.
#### Yes.

Example 2:
Q: Was P. G. Wodehouse's favorite book The Hunger Games?

A: P. G. Wodehouse died in 1975.
The Hunger Games was published in 2008.
#### No.
IMPORTANT:
- Think step by step.
- The final line must be exactly in the format: #### Yes. or #### No.
- Do not end with anything else after the final answer.
Your Question:
Q: Are all the elements plants need for photosynthesis present in atmosphere of Mars?

A: Photosynthesis requires several key elements: carbon dioxide, water, and sunlight.
Carbon dioxide is a critical component of photosynthesis, and Mars' atmosphere is primarily composed of carbon dioxide (about 95%).
However, Mars has very little water in its atmosphere, and any water present is mostly in the form of ice or vapor, not readily available for photosynthesis.
Additionally, sunlight does reach Mars, but the effectiveness of photosynthesis would be affected by the thin atmosphere and lower light levels compared to Earth.
Responses:
A: Photosynthesis requires several key elements: carbon dioxide, water, and sunlight. (Score: 0.0285186767578125)
#### No. (Score: 0.0295562744140625)
<EMPTY> (Score: -inf)
<EMPTY> (Score: -inf)

====================
Query:
Use the step-by-step method as shown in the examples to answer the question. Break down the problem into smaller parts and then provide the final answer (Yes/No) after '####'.

Example 1:
Q: Karachi was a part of Alexander the Great's success?

A: Karachi is a city in modern day Pakistan.
Krokola was an ancient port located in what is now Karachi.
Alexander the Great stationed his fleet in Krokola on his way to Babylon.
Alexander the Great defeated Darius and conquered Babylon before expanding his 
empire.
#### Yes.

Example 2:
Q: Was P. G. Wodehouse's favorite book The Hunger Games?

A: P. G. Wodehouse died in 1975.
The Hunger Games was published in 2008.
#### No.
IMPORTANT:
- Think step by step.
- The final line must be exactly in the format: #### Yes. or #### No.
- Do not end with anything else after the final answer.
Your Question:
Q: Could you make the kitchen 'holy trinity' without celery?

A:
Responses:
The "holy trinity" in cooking typically refers to a combination of three vegetables: onions, bell peppers, and celery. (Score: 0.0248870849609375)
The "holy trinity" in cooking, particularly in Cajun and Creole cuisine, typically consists of three key ingredients: onions, bell peppers, and celery. (Score: 0.0260162353515625)
The kitchen 'holy trinity' typically refers to a combination of three ingredients used as a base in cooking, particularly in Cajun and Creole cuisines. (Score: 0.0244140625)
A: The 'holy trinity' in cooking typically refers to a combination of three ingredients: onions, carrots, and celery. (Score: 0.0229339599609375)

====================
Query:
Use the step-by-step method as shown in the examples to answer the question. Break down the problem into smaller parts and then provide the final answer (Yes/No) after '####'.

Example 1:
Q: Karachi was a part of Alexander the Great's success?

A: Karachi is a city in modern day Pakistan.
Krokola was an ancient port located in what is now Karachi.
Alexander the Great stationed his fleet in Krokola on his way to Babylon.
Alexander the Great defeated Darius and conquered Babylon before expanding his 
empire.
#### Yes.

Example 2:
Q: Was P. G. Wodehouse's favorite book The Hunger Games?

A: P. G. Wodehouse died in 1975.
The Hunger Games was published in 2008.
#### No.
IMPORTANT:
- Think step by step.
- The final line must be exactly in the format: #### Yes. or #### No.
- Do not end with anything else after the final answer.
Your Question:
Q: Could you make the kitchen 'holy trinity' without celery?

A: The "holy trinity" in cooking, particularly in Cajun and Creole cuisine, typically consists of three key ingredients: onions, bell peppers, and celery.
Responses:
The "holy trinity" is a foundational flavor base used in various dishes. (Score: 0.024261474609375)
Celery is an essential component of the "holy trinity" along with onions and bell peppers. (Score: 0.0261077880859375)
The "holy trinity" is a traditional flavor base used in various cuisines, particularly Cajun and Creole cooking. (Score: 0.0245819091796875)
To make the holy trinity, you need all three ingredients: onions, bell peppers, and celery. (Score: 0.02685546875)

====================
Query:
Use the step-by-step method as shown in the examples to answer the question. Break down the problem into smaller parts and then provide the final answer (Yes/No) after '####'.

Example 1:
Q: Karachi was a part of Alexander the Great's success?

A: Karachi is a city in modern day Pakistan.
Krokola was an ancient port located in what is now Karachi.
Alexander the Great stationed his fleet in Krokola on his way to Babylon.
Alexander the Great defeated Darius and conquered Babylon before expanding his 
empire.
#### Yes.

Example 2:
Q: Was P. G. Wodehouse's favorite book The Hunger Games?

A: P. G. Wodehouse died in 1975.
The Hunger Games was published in 2008.
#### No.
IMPORTANT:
- Think step by step.
- The final line must be exactly in the format: #### Yes. or #### No.
- Do not end with anything else after the final answer.
Your Question:
Q: Could you make the kitchen 'holy trinity' without celery?

A: The "holy trinity" in cooking typically refers to a combination of three vegetables: onions, bell peppers, and celery.
Responses:
To make the kitchen 'holy trinity', the traditional ingredients are onions, bell peppers, and celery. (Score: 0.0247955322265625)
To make the kitchen 'holy trinity', traditionally, you need three specific ingredients: onions, bell peppers, and celery. (Score: 0.0249786376953125)
The "holy trinity" is commonly used in Cajun and Creole cuisine. (Score: 0.0240020751953125)
<EMPTY> (Score: -inf)

====================
Query:
Use the step-by-step method as shown in the examples to answer the question. Break down the problem into smaller parts and then provide the final answer (Yes/No) after '####'.

Example 1:
Q: Karachi was a part of Alexander the Great's success?

A: Karachi is a city in modern day Pakistan.
Krokola was an ancient port located in what is now Karachi.
Alexander the Great stationed his fleet in Krokola on his way to Babylon.
Alexander the Great defeated Darius and conquered Babylon before expanding his 
empire.
#### Yes.

Example 2:
Q: Was P. G. Wodehouse's favorite book The Hunger Games?

A: P. G. Wodehouse died in 1975.
The Hunger Games was published in 2008.
#### No.
IMPORTANT:
- Think step by step.
- The final line must be exactly in the format: #### Yes. or #### No.
- Do not end with anything else after the final answer.
Your Question:
Q: Could you make the kitchen 'holy trinity' without celery?

A: The "holy trinity" in cooking, particularly in Cajun and Creole cuisine, typically consists of three key ingredients: onions, bell peppers, and celery.
To make the holy trinity, you need all three ingredients: onions, bell peppers, and celery.
Responses:
If you omit celery, you would not have the complete holy trinity as defined in traditional recipes. (Score: 0.029022216796875)
A: If one of the key ingredients, celery, is missing, then the traditional definition of the holy trinity cannot be fulfilled. (Score: 0.026702880859375)
A: If you remove celery from the holy trinity, you no longer have the traditional holy trinity, as it specifically requires celery as one of the three ingredients. (Score: 0.0284881591796875)
A: If you omit celery, you cannot make the traditional holy trinity as it specifically requires all three components. (Score: 0.0274505615234375)

====================
Query:
Use the step-by-step method as shown in the examples to answer the question. Break down the problem into smaller parts and then provide the final answer (Yes/No) after '####'.

Example 1:
Q: Karachi was a part of Alexander the Great's success?

A: Karachi is a city in modern day Pakistan.
Krokola was an ancient port located in what is now Karachi.
Alexander the Great stationed his fleet in Krokola on his way to Babylon.
Alexander the Great defeated Darius and conquered Babylon before expanding his 
empire.
#### Yes.

Example 2:
Q: Was P. G. Wodehouse's favorite book The Hunger Games?

A: P. G. Wodehouse died in 1975.
The Hunger Games was published in 2008.
#### No.
IMPORTANT:
- Think step by step.
- The final line must be exactly in the format: #### Yes. or #### No.
- Do not end with anything else after the final answer.
Your Question:
Q: Could you make the kitchen 'holy trinity' without celery?

A: The "holy trinity" in cooking, particularly in Cajun and Creole cuisine, typically consists of three key ingredients: onions, bell peppers, and celery.
Celery is an essential component of the "holy trinity" along with onions and bell peppers.
Responses:
The "holy trinity" refers to a specific combination of vegetables used in cooking, particularly in Cajun and Creole dishes. (Score: 0.0244140625)
To make the kitchen "holy trinity," one must include all three ingredients: onions, bell peppers, and celery. (Score: 0.0265350341796875)
Therefore, it would not be possible to create the traditional "holy trinity" without including celery. (Score: 0.0262603759765625)
To make the kitchen 'holy trinity', one cannot omit any of the key ingredients. (Score: 0.02734375)

====================
Query:
Use the step-by-step method as shown in the examples to answer the question. Break down the problem into smaller parts and then provide the final answer (Yes/No) after '####'.

Example 1:
Q: Karachi was a part of Alexander the Great's success?

A: Karachi is a city in modern day Pakistan.
Krokola was an ancient port located in what is now Karachi.
Alexander the Great stationed his fleet in Krokola on his way to Babylon.
Alexander the Great defeated Darius and conquered Babylon before expanding his 
empire.
#### Yes.

Example 2:
Q: Was P. G. Wodehouse's favorite book The Hunger Games?

A: P. G. Wodehouse died in 1975.
The Hunger Games was published in 2008.
#### No.
IMPORTANT:
- Think step by step.
- The final line must be exactly in the format: #### Yes. or #### No.
- Do not end with anything else after the final answer.
Your Question:
Q: Could you make the kitchen 'holy trinity' without celery?

A: The "holy trinity" in cooking, particularly in Cajun and Creole cuisine, typically consists of three key ingredients: onions, bell peppers, and celery.
To make the holy trinity, you need all three ingredients: onions, bell peppers, and celery.
If you omit celery, you would not have the complete holy trinity as defined in traditional recipes.
Responses:
#### No. (Score: 0.0294189453125)
#### No. (Score: 0.0294189453125)
<EMPTY> (Score: -inf)
<EMPTY> (Score: -inf)

====================
Query:
Use the step-by-step method as shown in the examples to answer the question. Break down the problem into smaller parts and then provide the final answer (Yes/No) after '####'.

Example 1:
Q: Karachi was a part of Alexander the Great's success?

A: Karachi is a city in modern day Pakistan.
Krokola was an ancient port located in what is now Karachi.
Alexander the Great stationed his fleet in Krokola on his way to Babylon.
Alexander the Great defeated Darius and conquered Babylon before expanding his 
empire.
#### Yes.

Example 2:
Q: Was P. G. Wodehouse's favorite book The Hunger Games?

A: P. G. Wodehouse died in 1975.
The Hunger Games was published in 2008.
#### No.
IMPORTANT:
- Think step by step.
- The final line must be exactly in the format: #### Yes. or #### No.
- Do not end with anything else after the final answer.
Your Question:
Q: Could you make the kitchen 'holy trinity' without celery?

A: The "holy trinity" in cooking, particularly in Cajun and Creole cuisine, typically consists of three key ingredients: onions, bell peppers, and celery.
To make the holy trinity, you need all three ingredients: onions, bell peppers, and celery.
A: If you remove celery from the holy trinity, you no longer have the traditional holy trinity, as it specifically requires celery as one of the three ingredients.
Responses:
#### No. (Score: 0.0294952392578125)
#### No. (Score: 0.0294952392578125)
<EMPTY> (Score: -inf)
<EMPTY> (Score: -inf)

====================
Query:
Use the step-by-step method as shown in the examples to answer the question. Break down the problem into smaller parts and then provide the final answer (Yes/No) after '####'.

Example 1:
Q: Karachi was a part of Alexander the Great's success?

A: Karachi is a city in modern day Pakistan.
Krokola was an ancient port located in what is now Karachi.
Alexander the Great stationed his fleet in Krokola on his way to Babylon.
Alexander the Great defeated Darius and conquered Babylon before expanding his 
empire.
#### Yes.

Example 2:
Q: Was P. G. Wodehouse's favorite book The Hunger Games?

A: P. G. Wodehouse died in 1975.
The Hunger Games was published in 2008.
#### No.
IMPORTANT:
- Think step by step.
- The final line must be exactly in the format: #### Yes. or #### No.
- Do not end with anything else after the final answer.
Your Question:
Q: Is Garfield known for hating italian cuisine?

A:
Responses:
Garfield is a fictional cat created by Jim Davis. (Score: 0.037445068359375)
Garfield is a fictional cat created by Jim Davis. (Score: 0.037445068359375)
<EMPTY> (Score: -inf)
<EMPTY> (Score: -inf)

====================
Query:
Use the step-by-step method as shown in the examples to answer the question. Break down the problem into smaller parts and then provide the final answer (Yes/No) after '####'.

Example 1:
Q: Karachi was a part of Alexander the Great's success?

A: Karachi is a city in modern day Pakistan.
Krokola was an ancient port located in what is now Karachi.
Alexander the Great stationed his fleet in Krokola on his way to Babylon.
Alexander the Great defeated Darius and conquered Babylon before expanding his 
empire.
#### Yes.

Example 2:
Q: Was P. G. Wodehouse's favorite book The Hunger Games?

A: P. G. Wodehouse died in 1975.
The Hunger Games was published in 2008.
#### No.
IMPORTANT:
- Think step by step.
- The final line must be exactly in the format: #### Yes. or #### No.
- Do not end with anything else after the final answer.
Your Question:
Q: Is Garfield known for hating italian cuisine?

A: Garfield is a fictional cat created by Jim Davis.
Responses:
Garfield is known for his love of lasagna, which is an Italian dish. (Score: 0.0261077880859375)
Garfield is known for his love of lasagna, which is a traditional Italian dish. (Score: 0.024444580078125)
<EMPTY> (Score: -inf)
<EMPTY> (Score: -inf)

====================
Query:
Use the step-by-step method as shown in the examples to answer the question. Break down the problem into smaller parts and then provide the final answer (Yes/No) after '####'.

Example 1:
Q: Karachi was a part of Alexander the Great's success?

A: Karachi is a city in modern day Pakistan.
Krokola was an ancient port located in what is now Karachi.
Alexander the Great stationed his fleet in Krokola on his way to Babylon.
Alexander the Great defeated Darius and conquered Babylon before expanding his 
empire.
#### Yes.

Example 2:
Q: Was P. G. Wodehouse's favorite book The Hunger Games?

A: P. G. Wodehouse died in 1975.
The Hunger Games was published in 2008.
#### No.
IMPORTANT:
- Think step by step.
- The final line must be exactly in the format: #### Yes. or #### No.
- Do not end with anything else after the final answer.
Your Question:
Q: Is Garfield known for hating italian cuisine?

A: Garfield is a fictional cat created by Jim Davis.
Responses:
Garfield is known for his love of food, particularly lasagna. (Score: 0.02978515625)
Garfield is known for being a lazy and gluttonous cat. (Score: 0.03411865234375)
Garfield is known for his love of food, particularly lasagna, which is a type of Italian cuisine. (Score: 0.025543212890625)
Garfield is known for his love of food, particularly lasagna, which is an Italian dish. (Score: 0.025390625)

====================
Query:
Use the step-by-step method as shown in the examples to answer the question. Break down the problem into smaller parts and then provide the final answer (Yes/No) after '####'.

Example 1:
Q: Karachi was a part of Alexander the Great's success?

A: Karachi is a city in modern day Pakistan.
Krokola was an ancient port located in what is now Karachi.
Alexander the Great stationed his fleet in Krokola on his way to Babylon.
Alexander the Great defeated Darius and conquered Babylon before expanding his 
empire.
#### Yes.

Example 2:
Q: Was P. G. Wodehouse's favorite book The Hunger Games?

A: P. G. Wodehouse died in 1975.
The Hunger Games was published in 2008.
#### No.
IMPORTANT:
- Think step by step.
- The final line must be exactly in the format: #### Yes. or #### No.
- Do not end with anything else after the final answer.
Your Question:
Q: Is Garfield known for hating italian cuisine?

A: Garfield is a fictional cat created by Jim Davis.
Garfield is known for being a lazy and gluttonous cat.
Responses:
Garfield famously loves lasagna, which is an Italian dish. (Score: 0.0265045166015625)
Garfield has a well-known love for lasagna, which is an Italian dish. (Score: 0.027069091796875)
<EMPTY> (Score: -inf)
<EMPTY> (Score: -inf)

====================
Query:
Use the step-by-step method as shown in the examples to answer the question. Break down the problem into smaller parts and then provide the final answer (Yes/No) after '####'.

Example 1:
Q: Karachi was a part of Alexander the Great's success?

A: Karachi is a city in modern day Pakistan.
Krokola was an ancient port located in what is now Karachi.
Alexander the Great stationed his fleet in Krokola on his way to Babylon.
Alexander the Great defeated Darius and conquered Babylon before expanding his 
empire.
#### Yes.

Example 2:
Q: Was P. G. Wodehouse's favorite book The Hunger Games?

A: P. G. Wodehouse died in 1975.
The Hunger Games was published in 2008.
#### No.
IMPORTANT:
- Think step by step.
- The final line must be exactly in the format: #### Yes. or #### No.
- Do not end with anything else after the final answer.
Your Question:
Q: Is Garfield known for hating italian cuisine?

A: Garfield is a fictional cat created by Jim Davis.
Garfield is known for his love of food, particularly lasagna.
Responses:
Garfield's favorite food is lasagna, which is an Italian dish. (Score: 0.0276336669921875)
Garfield often expresses disdain for diets and healthy foods, favoring his beloved lasagna instead. (Score: 0.0289306640625)
<EMPTY> (Score: -inf)
<EMPTY> (Score: -inf)

====================
Query:
Use the step-by-step method as shown in the examples to answer the question. Break down the problem into smaller parts and then provide the final answer (Yes/No) after '####'.

Example 1:
Q: Karachi was a part of Alexander the Great's success?

A: Karachi is a city in modern day Pakistan.
Krokola was an ancient port located in what is now Karachi.
Alexander the Great stationed his fleet in Krokola on his way to Babylon.
Alexander the Great defeated Darius and conquered Babylon before expanding his 
empire.
#### Yes.

Example 2:
Q: Was P. G. Wodehouse's favorite book The Hunger Games?

A: P. G. Wodehouse died in 1975.
The Hunger Games was published in 2008.
#### No.
IMPORTANT:
- Think step by step.
- The final line must be exactly in the format: #### Yes. or #### No.
- Do not end with anything else after the final answer.
Your Question:
Q: Is Garfield known for hating italian cuisine?

A: Garfield is a fictional cat created by Jim Davis.
Garfield is known for his love of food, particularly lasagna.
Garfield often expresses disdain for diets and healthy foods, favoring his beloved lasagna instead.
Responses:
Garfield is a fictional cat created by Jim Davis. (Score: 0.0273284912109375)
Garfield's favorite food is lasagna, which is an Italian dish. (Score: 0.0277252197265625)
<EMPTY> (Score: -inf)
<EMPTY> (Score: -inf)

====================
Query:
Use the step-by-step method as shown in the examples to answer the question. Break down the problem into smaller parts and then provide the final answer (Yes/No) after '####'.

Example 1:
Q: Karachi was a part of Alexander the Great's success?

A: Karachi is a city in modern day Pakistan.
Krokola was an ancient port located in what is now Karachi.
Alexander the Great stationed his fleet in Krokola on his way to Babylon.
Alexander the Great defeated Darius and conquered Babylon before expanding his 
empire.
#### Yes.

Example 2:
Q: Was P. G. Wodehouse's favorite book The Hunger Games?

A: P. G. Wodehouse died in 1975.
The Hunger Games was published in 2008.
#### No.
IMPORTANT:
- Think step by step.
- The final line must be exactly in the format: #### Yes. or #### No.
- Do not end with anything else after the final answer.
Your Question:
Q: Is Garfield known for hating italian cuisine?

A: Garfield is a fictional cat created by Jim Davis.
Garfield is known for his love of food, particularly lasagna.
Garfield's favorite food is lasagna, which is an Italian dish.
Responses:
Garfield is a fictional cat created by Jim Davis. (Score: 0.0267333984375)
Garfield is often depicted as enjoying Italian cuisine, especially lasagna. (Score: 0.0267791748046875)
Garfield is depicted as loving Italian cuisine, especially lasagna. (Score: 0.0272216796875)
Garfield is not known for hating Italian cuisine; in fact, he loves it. (Score: 0.0281524658203125)

====================
Query:
Use the step-by-step method as shown in the examples to answer the question. Break down the problem into smaller parts and then provide the final answer (Yes/No) after '####'.

Example 1:
Q: Karachi was a part of Alexander the Great's success?

A: Karachi is a city in modern day Pakistan.
Krokola was an ancient port located in what is now Karachi.
Alexander the Great stationed his fleet in Krokola on his way to Babylon.
Alexander the Great defeated Darius and conquered Babylon before expanding his 
empire.
#### Yes.

Example 2:
Q: Was P. G. Wodehouse's favorite book The Hunger Games?

A: P. G. Wodehouse died in 1975.
The Hunger Games was published in 2008.
#### No.
IMPORTANT:
- Think step by step.
- The final line must be exactly in the format: #### Yes. or #### No.
- Do not end with anything else after the final answer.
Your Question:
Q: Is Garfield known for hating italian cuisine?

A: Garfield is a fictional cat created by Jim Davis.
Garfield is known for his love of food, particularly lasagna.
Garfield's favorite food is lasagna, which is an Italian dish.
Garfield is not known for hating Italian cuisine; in fact, he loves it.
Responses:
#### No. (Score: 0.0279693603515625)
#### No. (Score: 0.0279693603515625)
<EMPTY> (Score: -inf)
<EMPTY> (Score: -inf)

====================
Query:
Use the step-by-step method as shown in the examples to answer the question. Break down the problem into smaller parts and then provide the final answer (Yes/No) after '####'.

Example 1:
Q: Karachi was a part of Alexander the Great's success?

A: Karachi is a city in modern day Pakistan.
Krokola was an ancient port located in what is now Karachi.
Alexander the Great stationed his fleet in Krokola on his way to Babylon.
Alexander the Great defeated Darius and conquered Babylon before expanding his 
empire.
#### Yes.

Example 2:
Q: Was P. G. Wodehouse's favorite book The Hunger Games?

A: P. G. Wodehouse died in 1975.
The Hunger Games was published in 2008.
#### No.
IMPORTANT:
- Think step by step.
- The final line must be exactly in the format: #### Yes. or #### No.
- Do not end with anything else after the final answer.
Your Question:
Q: Is Garfield known for hating italian cuisine?

A: Garfield is a fictional cat created by Jim Davis.
Garfield is known for his love of food, particularly lasagna.
Garfield often expresses disdain for diets and healthy foods, favoring his beloved lasagna instead.
Garfield's favorite food is lasagna, which is an Italian dish.
Responses:
A: Garfield is a fictional cat created by Jim Davis. (Score: 0.0273284912109375)
Garfield is a fictional cat created by Jim Davis. (Score: 0.02862548828125)
<EMPTY> (Score: -inf)
<EMPTY> (Score: -inf)

====================
Query:
Use the step-by-step method as shown in the examples to answer the question. Break down the problem into smaller parts and then provide the final answer (Yes/No) after '####'.

Example 1:
Q: Karachi was a part of Alexander the Great's success?

A: Karachi is a city in modern day Pakistan.
Krokola was an ancient port located in what is now Karachi.
Alexander the Great stationed his fleet in Krokola on his way to Babylon.
Alexander the Great defeated Darius and conquered Babylon before expanding his 
empire.
#### Yes.

Example 2:
Q: Was P. G. Wodehouse's favorite book The Hunger Games?

A: P. G. Wodehouse died in 1975.
The Hunger Games was published in 2008.
#### No.
IMPORTANT:
- Think step by step.
- The final line must be exactly in the format: #### Yes. or #### No.
- Do not end with anything else after the final answer.
Your Question:
Q: Is Garfield known for hating italian cuisine?

A: Garfield is a fictional cat created by Jim Davis.
Garfield is known for his love of food, particularly lasagna.
Garfield often expresses disdain for diets and healthy foods, favoring his beloved lasagna instead.
Garfield's favorite food is lasagna, which is an Italian dish.
Garfield is a fictional cat created by Jim Davis.
Responses:
A: Garfield is a fictional cat created by Jim Davis. (Score: 0.026763916015625)
A: Garfield is a fictional cat created by Jim Davis. (Score: 0.026763916015625)
<EMPTY> (Score: -inf)
<EMPTY> (Score: -inf)

====================
Query:
Use the step-by-step method as shown in the examples to answer the question. Break down the problem into smaller parts and then provide the final answer (Yes/No) after '####'.

Example 1:
Q: Karachi was a part of Alexander the Great's success?

A: Karachi is a city in modern day Pakistan.
Krokola was an ancient port located in what is now Karachi.
Alexander the Great stationed his fleet in Krokola on his way to Babylon.
Alexander the Great defeated Darius and conquered Babylon before expanding his 
empire.
#### Yes.

Example 2:
Q: Was P. G. Wodehouse's favorite book The Hunger Games?

A: P. G. Wodehouse died in 1975.
The Hunger Games was published in 2008.
#### No.
IMPORTANT:
- Think step by step.
- The final line must be exactly in the format: #### Yes. or #### No.
- Do not end with anything else after the final answer.
Your Question:
Q: Is Garfield known for hating italian cuisine?

A: Garfield is a fictional cat created by Jim Davis.
Garfield is known for his love of food, particularly lasagna.
Garfield often expresses disdain for diets and healthy foods, favoring his beloved lasagna instead.
Garfield's favorite food is lasagna, which is an Italian dish.
Garfield is a fictional cat created by Jim Davis.
A: Garfield is a fictional cat created by Jim Davis.
Responses:
A: Garfield is a fictional cat created by Jim Davis. (Score: 0.026275634765625)
Garfield is a fictional cat created by Jim Davis. (Score: 0.0270233154296875)
Garfield is known for his love of food, particularly lasagna. (Score: 0.0277099609375)
<EMPTY> (Score: -inf)

====================
Query:
Use the step-by-step method as shown in the examples to answer the question. Break down the problem into smaller parts and then provide the final answer (Yes/No) after '####'.

Example 1:
Q: Karachi was a part of Alexander the Great's success?

A: Karachi is a city in modern day Pakistan.
Krokola was an ancient port located in what is now Karachi.
Alexander the Great stationed his fleet in Krokola on his way to Babylon.
Alexander the Great defeated Darius and conquered Babylon before expanding his 
empire.
#### Yes.

Example 2:
Q: Was P. G. Wodehouse's favorite book The Hunger Games?

A: P. G. Wodehouse died in 1975.
The Hunger Games was published in 2008.
#### No.
IMPORTANT:
- Think step by step.
- The final line must be exactly in the format: #### Yes. or #### No.
- Do not end with anything else after the final answer.
Your Question:
Q: Is Garfield known for hating italian cuisine?

A: Garfield is a fictional cat created by Jim Davis.
Garfield is known for his love of food, particularly lasagna.
Garfield often expresses disdain for diets and healthy foods, favoring his beloved lasagna instead.
Garfield's favorite food is lasagna, which is an Italian dish.
Garfield is a fictional cat created by Jim Davis.
A: Garfield is a fictional cat created by Jim Davis.
Garfield is known for his love of food, particularly lasagna.
Responses:
A: Garfield is a fictional cat created by Jim Davis. (Score: 0.027679443359375)
Garfield often expresses disdain for diets and healthy foods, favoring his beloved lasagna instead. (Score: 0.0290985107421875)
<EMPTY> (Score: -inf)
<EMPTY> (Score: -inf)

====================
Query:
Use the step-by-step method as shown in the examples to answer the question. Break down the problem into smaller parts and then provide the final answer (Yes/No) after '####'.

Example 1:
Q: Karachi was a part of Alexander the Great's success?

A: Karachi is a city in modern day Pakistan.
Krokola was an ancient port located in what is now Karachi.
Alexander the Great stationed his fleet in Krokola on his way to Babylon.
Alexander the Great defeated Darius and conquered Babylon before expanding his 
empire.
#### Yes.

Example 2:
Q: Was P. G. Wodehouse's favorite book The Hunger Games?

A: P. G. Wodehouse died in 1975.
The Hunger Games was published in 2008.
#### No.
IMPORTANT:
- Think step by step.
- The final line must be exactly in the format: #### Yes. or #### No.
- Do not end with anything else after the final answer.
Your Question:
Q: Did Jack Dempsey fight the current WBC heavyweight champion?

A:
Responses:
Jack Dempsey was a professional boxer who fought from 1914 to 1927. (Score: 0.03533935546875)
Jack Dempsey was a famous American professional boxer who competed from 1914 to 1927. (Score: 0.03778076171875)
Jack Dempsey was a professional boxer who fought in the early 20th century. (Score: 0.03802490234375)
Jack Dempsey was a famous American professional boxer who held the world heavyweight title from 1919 to 1926. (Score: 0.034210205078125)

====================
Query:
Use the step-by-step method as shown in the examples to answer the question. Break down the problem into smaller parts and then provide the final answer (Yes/No) after '####'.

Example 1:
Q: Karachi was a part of Alexander the Great's success?

A: Karachi is a city in modern day Pakistan.
Krokola was an ancient port located in what is now Karachi.
Alexander the Great stationed his fleet in Krokola on his way to Babylon.
Alexander the Great defeated Darius and conquered Babylon before expanding his 
empire.
#### Yes.

Example 2:
Q: Was P. G. Wodehouse's favorite book The Hunger Games?

A: P. G. Wodehouse died in 1975.
The Hunger Games was published in 2008.
#### No.
IMPORTANT:
- Think step by step.
- The final line must be exactly in the format: #### Yes. or #### No.
- Do not end with anything else after the final answer.
Your Question:
Q: Did Jack Dempsey fight the current WBC heavyweight champion?

A: Jack Dempsey was a professional boxer who fought in the early 20th century.
Responses:
Jack Dempsey was active primarily in the 1920s and retired in 1927. The current WBC heavyweight champion, as of October 2023, is Tyson Fury, who has been active in the boxing world in recent years. (Score: 0.0274505615234375)
Jack Dempsey's career was primarily in the 1920s, and he was the world heavyweight champion from 1919 to 1926. The current WBC heavyweight champion is determined based on the most recent title fights and may change frequently. (Score: 0.02899169921875)
Jack Dempsey was active primarily in the 1920s and retired from boxing in the 1940s. (Score: 0.0286865234375)
Jack Dempsey was active primarily from the 1910s to the 1920s. (Score: 0.029876708984375)

====================
Query:
Use the step-by-step method as shown in the examples to answer the question. Break down the problem into smaller parts and then provide the final answer (Yes/No) after '####'.

Example 1:
Q: Karachi was a part of Alexander the Great's success?

A: Karachi is a city in modern day Pakistan.
Krokola was an ancient port located in what is now Karachi.
Alexander the Great stationed his fleet in Krokola on his way to Babylon.
Alexander the Great defeated Darius and conquered Babylon before expanding his 
empire.
#### Yes.

Example 2:
Q: Was P. G. Wodehouse's favorite book The Hunger Games?

A: P. G. Wodehouse died in 1975.
The Hunger Games was published in 2008.
#### No.
IMPORTANT:
- Think step by step.
- The final line must be exactly in the format: #### Yes. or #### No.
- Do not end with anything else after the final answer.
Your Question:
Q: Did Jack Dempsey fight the current WBC heavyweight champion?

A: Jack Dempsey was a famous American professional boxer who competed from 1914 to 1927.
Responses:
Jack Dempsey's career ended in 1927. The current WBC heavyweight champion as of October 2023 is Tyson Fury, who has been active long after Dempsey's time. (Score: 0.029541015625)
Jack Dempsey retired from boxing in 1927. The current WBC heavyweight champion, as of October 2023, is Tyson Fury. (Score: 0.029815673828125)
Jack Dempsey's boxing career ended in 1927. (Score: 0.0303802490234375)
Jack Dempsey fought during the early 20th century and was a heavyweight champion from 1919 to 1926. The current WBC heavyweight champion as of October 2023 is Tyson Fury. (Score: 0.0279388427734375)

====================
Query:
Use the step-by-step method as shown in the examples to answer the question. Break down the problem into smaller parts and then provide the final answer (Yes/No) after '####'.

Example 1:
Q: Karachi was a part of Alexander the Great's success?

A: Karachi is a city in modern day Pakistan.
Krokola was an ancient port located in what is now Karachi.
Alexander the Great stationed his fleet in Krokola on his way to Babylon.
Alexander the Great defeated Darius and conquered Babylon before expanding his 
empire.
#### Yes.

Example 2:
Q: Was P. G. Wodehouse's favorite book The Hunger Games?

A: P. G. Wodehouse died in 1975.
The Hunger Games was published in 2008.
#### No.
IMPORTANT:
- Think step by step.
- The final line must be exactly in the format: #### Yes. or #### No.
- Do not end with anything else after the final answer.
Your Question:
Q: Did Jack Dempsey fight the current WBC heavyweight champion?

A: Jack Dempsey was a famous American professional boxer who competed from 1914 to 1927.
Jack Dempsey's boxing career ended in 1927.
Responses:
The current WBC heavyweight champion, as of October 2023, is Tyson Fury. (Score: 0.027435302734375)
The current WBC heavyweight champion as of my last knowledge update is Tyson Fury, who began his professional career in 2008. (Score: 0.0282135009765625)
The current WBC heavyweight champion is not known as of Jack Dempsey's active years. (Score: 0.0257415771484375)
The current WBC heavyweight champion is recognized in contemporary boxing events. (Score: 0.0266876220703125)

====================
Query:
Use the step-by-step method as shown in the examples to answer the question. Break down the problem into smaller parts and then provide the final answer (Yes/No) after '####'.

Example 1:
Q: Karachi was a part of Alexander the Great's success?

A: Karachi is a city in modern day Pakistan.
Krokola was an ancient port located in what is now Karachi.
Alexander the Great stationed his fleet in Krokola on his way to Babylon.
Alexander the Great defeated Darius and conquered Babylon before expanding his 
empire.
#### Yes.

Example 2:
Q: Was P. G. Wodehouse's favorite book The Hunger Games?

A: P. G. Wodehouse died in 1975.
The Hunger Games was published in 2008.
#### No.
IMPORTANT:
- Think step by step.
- The final line must be exactly in the format: #### Yes. or #### No.
- Do not end with anything else after the final answer.
Your Question:
Q: Did Jack Dempsey fight the current WBC heavyweight champion?

A: Jack Dempsey was a professional boxer who fought in the early 20th century.
Jack Dempsey was active primarily from the 1910s to the 1920s.
Responses:
The current WBC heavyweight champion is Tyson Fury, who has been active in recent years. (Score: 0.026397705078125)
The current WBC heavyweight champion, as of my last update, is Tyson Fury, who has been active in the boxing scene much later than Jack Dempsey. (Score: 0.0266876220703125)
The current WBC heavyweight champion is Tyson Fury, who has been active in the boxing scene in the 21st century. (Score: 0.0262603759765625)
The current WBC heavyweight champion is Tyson Fury, who is active in the 21st century. (Score: 0.02685546875)

====================
Query:
Use the step-by-step method as shown in the examples to answer the question. Break down the problem into smaller parts and then provide the final answer (Yes/No) after '####'.

Example 1:
Q: Karachi was a part of Alexander the Great's success?

A: Karachi is a city in modern day Pakistan.
Krokola was an ancient port located in what is now Karachi.
Alexander the Great stationed his fleet in Krokola on his way to Babylon.
Alexander the Great defeated Darius and conquered Babylon before expanding his 
empire.
#### Yes.

Example 2:
Q: Was P. G. Wodehouse's favorite book The Hunger Games?

A: P. G. Wodehouse died in 1975.
The Hunger Games was published in 2008.
#### No.
IMPORTANT:
- Think step by step.
- The final line must be exactly in the format: #### Yes. or #### No.
- Do not end with anything else after the final answer.
Your Question:
Q: Did Jack Dempsey fight the current WBC heavyweight champion?

A: Jack Dempsey was a famous American professional boxer who competed from 1914 to 1927.
Jack Dempsey's boxing career ended in 1927.
The current WBC heavyweight champion as of my last knowledge update is Tyson Fury, who began his professional career in 2008.
Responses:
Jack Dempsey was a famous American professional boxer who competed from 1914 to 1927. (Score: 0.0294189453125)
A: Jack Dempsey was a famous American professional boxer who competed from 1914 to 1927. (Score: 0.028656005859375)
Jack Dempsey fought in the early 20th century and is not active today. (Score: 0.0281982421875)
<EMPTY> (Score: -inf)

====================
Query:
Use the step-by-step method as shown in the examples to answer the question. Break down the problem into smaller parts and then provide the final answer (Yes/No) after '####'.

Example 1:
Q: Karachi was a part of Alexander the Great's success?

A: Karachi is a city in modern day Pakistan.
Krokola was an ancient port located in what is now Karachi.
Alexander the Great stationed his fleet in Krokola on his way to Babylon.
Alexander the Great defeated Darius and conquered Babylon before expanding his 
empire.
#### Yes.

Example 2:
Q: Was P. G. Wodehouse's favorite book The Hunger Games?

A: P. G. Wodehouse died in 1975.
The Hunger Games was published in 2008.
#### No.
IMPORTANT:
- Think step by step.
- The final line must be exactly in the format: #### Yes. or #### No.
- Do not end with anything else after the final answer.
Your Question:
Q: Did Jack Dempsey fight the current WBC heavyweight champion?

A: Jack Dempsey was a famous American professional boxer who competed from 1914 to 1927.
Jack Dempsey's boxing career ended in 1927.
The current WBC heavyweight champion, as of October 2023, is Tyson Fury.
Responses:
Jack Dempsey and Tyson Fury belong to different eras of boxing. (Score: 0.0284271240234375)
Jack Dempsey and Tyson Fury are from different eras in boxing history. (Score: 0.0276641845703125)
<EMPTY> (Score: -inf)
<EMPTY> (Score: -inf)

====================
Query:
Use the step-by-step method as shown in the examples to answer the question. Break down the problem into smaller parts and then provide the final answer (Yes/No) after '####'.

Example 1:
Q: Karachi was a part of Alexander the Great's success?

A: Karachi is a city in modern day Pakistan.
Krokola was an ancient port located in what is now Karachi.
Alexander the Great stationed his fleet in Krokola on his way to Babylon.
Alexander the Great defeated Darius and conquered Babylon before expanding his 
empire.
#### Yes.

Example 2:
Q: Was P. G. Wodehouse's favorite book The Hunger Games?

A: P. G. Wodehouse died in 1975.
The Hunger Games was published in 2008.
#### No.
IMPORTANT:
- Think step by step.
- The final line must be exactly in the format: #### Yes. or #### No.
- Do not end with anything else after the final answer.
Your Question:
Q: Did Jack Dempsey fight the current WBC heavyweight champion?

A: Jack Dempsey was a famous American professional boxer who competed from 1914 to 1927.
Jack Dempsey's boxing career ended in 1927.
The current WBC heavyweight champion as of my last knowledge update is Tyson Fury, who began his professional career in 2008.
Jack Dempsey was a famous American professional boxer who competed from 1914 to 1927.
Responses:
A: Jack Dempsey was a famous American professional boxer who competed from 1914 to 1927. (Score: 0.0282440185546875)
A: Jack Dempsey was a famous American professional boxer who competed from 1914 to 1927. (Score: 0.0282440185546875)
<EMPTY> (Score: -inf)
<EMPTY> (Score: -inf)

====================
Query:
Use the step-by-step method as shown in the examples to answer the question. Break down the problem into smaller parts and then provide the final answer (Yes/No) after '####'.

Example 1:
Q: Karachi was a part of Alexander the Great's success?

A: Karachi is a city in modern day Pakistan.
Krokola was an ancient port located in what is now Karachi.
Alexander the Great stationed his fleet in Krokola on his way to Babylon.
Alexander the Great defeated Darius and conquered Babylon before expanding his 
empire.
#### Yes.

Example 2:
Q: Was P. G. Wodehouse's favorite book The Hunger Games?

A: P. G. Wodehouse died in 1975.
The Hunger Games was published in 2008.
#### No.
IMPORTANT:
- Think step by step.
- The final line must be exactly in the format: #### Yes. or #### No.
- Do not end with anything else after the final answer.
Your Question:
Q: Did Jack Dempsey fight the current WBC heavyweight champion?

A: Jack Dempsey was a famous American professional boxer who competed from 1914 to 1927.
Jack Dempsey's boxing career ended in 1927.
The current WBC heavyweight champion as of my last knowledge update is Tyson Fury, who began his professional career in 2008.
A: Jack Dempsey was a famous American professional boxer who competed from 1914 to 1927.
Responses:
A: Jack Dempsey was a famous American professional boxer who competed from 1914 to 1927. (Score: 0.0287322998046875)
Jack Dempsey's boxing career ended in 1927. (Score: 0.028594970703125)
<EMPTY> (Score: -inf)
<EMPTY> (Score: -inf)

====================
Query:
Use the step-by-step method as shown in the examples to answer the question. Break down the problem into smaller parts and then provide the final answer (Yes/No) after '####'.

Example 1:
Q: Karachi was a part of Alexander the Great's success?

A: Karachi is a city in modern day Pakistan.
Krokola was an ancient port located in what is now Karachi.
Alexander the Great stationed his fleet in Krokola on his way to Babylon.
Alexander the Great defeated Darius and conquered Babylon before expanding his 
empire.
#### Yes.

Example 2:
Q: Was P. G. Wodehouse's favorite book The Hunger Games?

A: P. G. Wodehouse died in 1975.
The Hunger Games was published in 2008.
#### No.
IMPORTANT:
- Think step by step.
- The final line must be exactly in the format: #### Yes. or #### No.
- Do not end with anything else after the final answer.
Your Question:
Q: Did Jack Dempsey fight the current WBC heavyweight champion?

A: Jack Dempsey was a famous American professional boxer who competed from 1914 to 1927.
Jack Dempsey's boxing career ended in 1927.
The current WBC heavyweight champion as of my last knowledge update is Tyson Fury, who began his professional career in 2008.
A: Jack Dempsey was a famous American professional boxer who competed from 1914 to 1927.
A: Jack Dempsey was a famous American professional boxer who competed from 1914 to 1927.
Responses:
A: Jack Dempsey was a famous American professional boxer who competed from 1914 to 1927. (Score: 0.0284423828125)
Jack Dempsey was a famous American professional boxer who competed from 1914 to 1927. (Score: 0.0285491943359375)
<EMPTY> (Score: -inf)
<EMPTY> (Score: -inf)

====================
Query:
Use the step-by-step method as shown in the examples to answer the question. Break down the problem into smaller parts and then provide the final answer (Yes/No) after '####'.

Example 1:
Q: Karachi was a part of Alexander the Great's success?

A: Karachi is a city in modern day Pakistan.
Krokola was an ancient port located in what is now Karachi.
Alexander the Great stationed his fleet in Krokola on his way to Babylon.
Alexander the Great defeated Darius and conquered Babylon before expanding his 
empire.
#### Yes.

Example 2:
Q: Was P. G. Wodehouse's favorite book The Hunger Games?

A: P. G. Wodehouse died in 1975.
The Hunger Games was published in 2008.
#### No.
IMPORTANT:
- Think step by step.
- The final line must be exactly in the format: #### Yes. or #### No.
- Do not end with anything else after the final answer.
Your Question:
Q: Did Jack Dempsey fight the current WBC heavyweight champion?

A: Jack Dempsey was a famous American professional boxer who competed from 1914 to 1927.
Jack Dempsey's boxing career ended in 1927.
The current WBC heavyweight champion as of my last knowledge update is Tyson Fury, who began his professional career in 2008.
A: Jack Dempsey was a famous American professional boxer who competed from 1914 to 1927.
Jack Dempsey's boxing career ended in 1927.
Responses:
The current WBC heavyweight champion as of my last knowledge update is Tyson Fury, who began his professional career in 2008. (Score: 0.03131103515625)
The current WBC heavyweight champion as of my last knowledge update is Tyson Fury, who began his professional career in 2008. Therefore, it is impossible for Jack Dempsey, who retired in 1927, to have fought Tyson Fury. (Score: 0.029632568359375)
<EMPTY> (Score: -inf)
<EMPTY> (Score: -inf)

====================
Query:
Use the step-by-step method as shown in the examples to answer the question. Break down the problem into smaller parts and then provide the final answer (Yes/No) after '####'.

Example 1:
Q: Karachi was a part of Alexander the Great's success?

A: Karachi is a city in modern day Pakistan.
Krokola was an ancient port located in what is now Karachi.
Alexander the Great stationed his fleet in Krokola on his way to Babylon.
Alexander the Great defeated Darius and conquered Babylon before expanding his 
empire.
#### Yes.

Example 2:
Q: Was P. G. Wodehouse's favorite book The Hunger Games?

A: P. G. Wodehouse died in 1975.
The Hunger Games was published in 2008.
#### No.
IMPORTANT:
- Think step by step.
- The final line must be exactly in the format: #### Yes. or #### No.
- Do not end with anything else after the final answer.
Your Question:
Q: Did Jack Dempsey fight the current WBC heavyweight champion?

A: Jack Dempsey was a famous American professional boxer who competed from 1914 to 1927.
Jack Dempsey's boxing career ended in 1927.
The current WBC heavyweight champion as of my last knowledge update is Tyson Fury, who began his professional career in 2008.
A: Jack Dempsey was a famous American professional boxer who competed from 1914 to 1927.
Jack Dempsey's boxing career ended in 1927.
The current WBC heavyweight champion as of my last knowledge update is Tyson Fury, who began his professional career in 2008.
Responses:
A: Jack Dempsey was a famous American professional boxer who competed from 1914 to 1927. (Score: 0.03155517578125)
Jack Dempsey was a famous American professional boxer who competed from 1914 to 1927. (Score: 0.0308990478515625)
<EMPTY> (Score: -inf)
<EMPTY> (Score: -inf)

====================
Query:
Use the step-by-step method as shown in the examples to answer the question. Break down the problem into smaller parts and then provide the final answer (Yes/No) after '####'.

Example 1:
Q: Karachi was a part of Alexander the Great's success?

A: Karachi is a city in modern day Pakistan.
Krokola was an ancient port located in what is now Karachi.
Alexander the Great stationed his fleet in Krokola on his way to Babylon.
Alexander the Great defeated Darius and conquered Babylon before expanding his 
empire.
#### Yes.

Example 2:
Q: Was P. G. Wodehouse's favorite book The Hunger Games?

A: P. G. Wodehouse died in 1975.
The Hunger Games was published in 2008.
#### No.
IMPORTANT:
- Think step by step.
- The final line must be exactly in the format: #### Yes. or #### No.
- Do not end with anything else after the final answer.
Your Question:
Q: Did Jack Dempsey fight the current WBC heavyweight champion?

A: Jack Dempsey was a famous American professional boxer who competed from 1914 to 1927.
Jack Dempsey's boxing career ended in 1927.
The current WBC heavyweight champion as of my last knowledge update is Tyson Fury, who began his professional career in 2008.
A: Jack Dempsey was a famous American professional boxer who competed from 1914 to 1927.
Jack Dempsey's boxing career ended in 1927.
The current WBC heavyweight champion as of my last knowledge update is Tyson Fury, who began his professional career in 2008. Therefore, it is impossible for Jack Dempsey, who retired in 1927, to have fought Tyson Fury.
Responses:
A: Jack Dempsey was a famous American professional boxer who competed from 1914 to 1927. (Score: 0.0304412841796875)
#### No. (Score: 0.0308685302734375)
<EMPTY> (Score: -inf)
<EMPTY> (Score: -inf)

====================
Query:
Use the step-by-step method as shown in the examples to answer the question. Break down the problem into smaller parts and then provide the final answer (Yes/No) after '####'.

Example 1:
Q: Karachi was a part of Alexander the Great's success?

A: Karachi is a city in modern day Pakistan.
Krokola was an ancient port located in what is now Karachi.
Alexander the Great stationed his fleet in Krokola on his way to Babylon.
Alexander the Great defeated Darius and conquered Babylon before expanding his 
empire.
#### Yes.

Example 2:
Q: Was P. G. Wodehouse's favorite book The Hunger Games?

A: P. G. Wodehouse died in 1975.
The Hunger Games was published in 2008.
#### No.
IMPORTANT:
- Think step by step.
- The final line must be exactly in the format: #### Yes. or #### No.
- Do not end with anything else after the final answer.
Your Question:
Q: Did Jack Dempsey fight the current WBC heavyweight champion?

A: Jack Dempsey was a famous American professional boxer who competed from 1914 to 1927.
Jack Dempsey's boxing career ended in 1927.
The current WBC heavyweight champion as of my last knowledge update is Tyson Fury, who began his professional career in 2008.
A: Jack Dempsey was a famous American professional boxer who competed from 1914 to 1927.
Jack Dempsey's boxing career ended in 1927.
The current WBC heavyweight champion as of my last knowledge update is Tyson Fury, who began his professional career in 2008.
A: Jack Dempsey was a famous American professional boxer who competed from 1914 to 1927.
Responses:
Jack Dempsey's boxing career ended in 1927. (Score: 0.03131103515625)
A: Jack Dempsey was a famous American professional boxer who competed from 1914 to 1927. (Score: 0.031097412109375)
Jack Dempsey's boxing career ended in 1927, long before Tyson Fury began his professional career in 2008. Therefore, it is impossible for Jack Dempsey to have fought Tyson Fury, who is the current WBC heavyweight champion. (Score: 0.029541015625)
<EMPTY> (Score: -inf)

====================
Query:
Use the step-by-step method as shown in the examples to answer the question. Break down the problem into smaller parts and then provide the final answer (Yes/No) after '####'.

Example 1:
Q: Karachi was a part of Alexander the Great's success?

A: Karachi is a city in modern day Pakistan.
Krokola was an ancient port located in what is now Karachi.
Alexander the Great stationed his fleet in Krokola on his way to Babylon.
Alexander the Great defeated Darius and conquered Babylon before expanding his 
empire.
#### Yes.

Example 2:
Q: Was P. G. Wodehouse's favorite book The Hunger Games?

A: P. G. Wodehouse died in 1975.
The Hunger Games was published in 2008.
#### No.
IMPORTANT:
- Think step by step.
- The final line must be exactly in the format: #### Yes. or #### No.
- Do not end with anything else after the final answer.
Your Question:
Q: Did Jack Dempsey fight the current WBC heavyweight champion?

A: Jack Dempsey was a famous American professional boxer who competed from 1914 to 1927.
Jack Dempsey's boxing career ended in 1927.
The current WBC heavyweight champion as of my last knowledge update is Tyson Fury, who began his professional career in 2008.
A: Jack Dempsey was a famous American professional boxer who competed from 1914 to 1927.
Jack Dempsey's boxing career ended in 1927.
The current WBC heavyweight champion as of my last knowledge update is Tyson Fury, who began his professional career in 2008.
Jack Dempsey was a famous American professional boxer who competed from 1914 to 1927.
Responses:
A: Jack Dempsey was a famous American professional boxer who competed from 1914 to 1927. (Score: 0.031005859375)
A: Jack Dempsey was a famous American professional boxer who competed from 1914 to 1927. (Score: 0.031005859375)
<EMPTY> (Score: -inf)
<EMPTY> (Score: -inf)

====================
Query:
Use the step-by-step method as shown in the examples to answer the question. Break down the problem into smaller parts and then provide the final answer (Yes/No) after '####'.

Example 1:
Q: Karachi was a part of Alexander the Great's success?

A: Karachi is a city in modern day Pakistan.
Krokola was an ancient port located in what is now Karachi.
Alexander the Great stationed his fleet in Krokola on his way to Babylon.
Alexander the Great defeated Darius and conquered Babylon before expanding his 
empire.
#### Yes.

Example 2:
Q: Was P. G. Wodehouse's favorite book The Hunger Games?

A: P. G. Wodehouse died in 1975.
The Hunger Games was published in 2008.
#### No.
IMPORTANT:
- Think step by step.
- The final line must be exactly in the format: #### Yes. or #### No.
- Do not end with anything else after the final answer.
Your Question:
Q: Can Spartina Patens thrive in the Sahara Desert?

A:
Responses:
Spartina Patens is a species of cordgrass that typically grows in coastal wetlands and salt marshes. (Score: 0.0306549072265625)
Spartina patens is a type of grass commonly found in salt marshes and coastal regions. (Score: 0.02935791015625)
Spartina Patens, also known as saltmarsh cordgrass, is a species of grass that typically grows in coastal salt marshes. (Score: 0.029510498046875)
Spartina Patens, commonly known as salt marsh cordgrass, typically grows in coastal regions and salt marshes. (Score: 0.032257080078125)

====================
Query:
Use the step-by-step method as shown in the examples to answer the question. Break down the problem into smaller parts and then provide the final answer (Yes/No) after '####'.

Example 1:
Q: Karachi was a part of Alexander the Great's success?

A: Karachi is a city in modern day Pakistan.
Krokola was an ancient port located in what is now Karachi.
Alexander the Great stationed his fleet in Krokola on his way to Babylon.
Alexander the Great defeated Darius and conquered Babylon before expanding his 
empire.
#### Yes.

Example 2:
Q: Was P. G. Wodehouse's favorite book The Hunger Games?

A: P. G. Wodehouse died in 1975.
The Hunger Games was published in 2008.
#### No.
IMPORTANT:
- Think step by step.
- The final line must be exactly in the format: #### Yes. or #### No.
- Do not end with anything else after the final answer.
Your Question:
Q: Can Spartina Patens thrive in the Sahara Desert?

A: Spartina Patens, commonly known as salt marsh cordgrass, typically grows in coastal regions and salt marshes.
Responses:
It is adapted to saline environments and is found in areas with high moisture levels. (Score: 0.0272979736328125)
It is adapted to wetland environments and is not suited for arid conditions. (Score: 0.02984619140625)
It is a species adapted to wet, saline environments. (Score: 0.0307769775390625)
It is adapted to saline environments and is found in areas that are periodically flooded by tides. (Score: 0.0299835205078125)

====================
Query:
Use the step-by-step method as shown in the examples to answer the question. Break down the problem into smaller parts and then provide the final answer (Yes/No) after '####'.

Example 1:
Q: Karachi was a part of Alexander the Great's success?

A: Karachi is a city in modern day Pakistan.
Krokola was an ancient port located in what is now Karachi.
Alexander the Great stationed his fleet in Krokola on his way to Babylon.
Alexander the Great defeated Darius and conquered Babylon before expanding his 
empire.
#### Yes.

Example 2:
Q: Was P. G. Wodehouse's favorite book The Hunger Games?

A: P. G. Wodehouse died in 1975.
The Hunger Games was published in 2008.
#### No.
IMPORTANT:
- Think step by step.
- The final line must be exactly in the format: #### Yes. or #### No.
- Do not end with anything else after the final answer.
Your Question:
Q: Can Spartina Patens thrive in the Sahara Desert?

A: Spartina Patens is a species of cordgrass that typically grows in coastal wetlands and salt marshes.
Responses:
Spartina Patens is adapted to wet, saline environments, particularly in coastal areas. (Score: 0.02655029296875)
It is not adapted to arid environments like deserts. (Score: 0.026397705078125)
A: Spartina Patens is a species of cordgrass that typically grows in coastal wetlands and salt marshes. (Score: 0.029052734375)
It is native to temperate and subtropical regions, particularly in North America. (Score: 0.028472900390625)

====================
Query:
Use the step-by-step method as shown in the examples to answer the question. Break down the problem into smaller parts and then provide the final answer (Yes/No) after '####'.

Example 1:
Q: Karachi was a part of Alexander the Great's success?

A: Karachi is a city in modern day Pakistan.
Krokola was an ancient port located in what is now Karachi.
Alexander the Great stationed his fleet in Krokola on his way to Babylon.
Alexander the Great defeated Darius and conquered Babylon before expanding his 
empire.
#### Yes.

Example 2:
Q: Was P. G. Wodehouse's favorite book The Hunger Games?

A: P. G. Wodehouse died in 1975.
The Hunger Games was published in 2008.
#### No.
IMPORTANT:
- Think step by step.
- The final line must be exactly in the format: #### Yes. or #### No.
- Do not end with anything else after the final answer.
Your Question:
Q: Can Spartina Patens thrive in the Sahara Desert?

A: Spartina Patens, commonly known as salt marsh cordgrass, typically grows in coastal regions and salt marshes.
It is a species adapted to wet, saline environments.
Responses:
It requires a specific habitat with access to water, such as estuaries and salt marshes. (Score: 0.0280303955078125)
Spartina Patens is not suited for arid environments like the Sahara Desert. (Score: 0.0280303955078125)
The Sahara Desert is characterized by extremely arid conditions, with very little rainfall and a lack of saline environments. (Score: 0.0269317626953125)
It is not suited for arid, desert conditions like those found in the Sahara Desert. (Score: 0.0266876220703125)

====================
Query:
Use the step-by-step method as shown in the examples to answer the question. Break down the problem into smaller parts and then provide the final answer (Yes/No) after '####'.

Example 1:
Q: Karachi was a part of Alexander the Great's success?

A: Karachi is a city in modern day Pakistan.
Krokola was an ancient port located in what is now Karachi.
Alexander the Great stationed his fleet in Krokola on his way to Babylon.
Alexander the Great defeated Darius and conquered Babylon before expanding his 
empire.
#### Yes.

Example 2:
Q: Was P. G. Wodehouse's favorite book The Hunger Games?

A: P. G. Wodehouse died in 1975.
The Hunger Games was published in 2008.
#### No.
IMPORTANT:
- Think step by step.
- The final line must be exactly in the format: #### Yes. or #### No.
- Do not end with anything else after the final answer.
Your Question:
Q: Can Spartina Patens thrive in the Sahara Desert?

A: Spartina Patens, commonly known as salt marsh cordgrass, typically grows in coastal regions and salt marshes.
It is adapted to saline environments and is found in areas that are periodically flooded by tides.
Responses:
It requires specific conditions such as brackish water and is not suited for arid environments. (Score: 0.0298309326171875)
Spartina Patens is not suited for arid environments like the Sahara Desert. (Score: 0.027618408203125)
The Sahara Desert is characterized by extremely arid conditions, low precipitation, and high temperatures. (Score: 0.0247802734375)
The Sahara Desert is characterized by extreme arid conditions, high temperatures, and very low precipitation. (Score: 0.02459716796875)

====================
Query:
Use the step-by-step method as shown in the examples to answer the question. Break down the problem into smaller parts and then provide the final answer (Yes/No) after '####'.

Example 1:
Q: Karachi was a part of Alexander the Great's success?

A: Karachi is a city in modern day Pakistan.
Krokola was an ancient port located in what is now Karachi.
Alexander the Great stationed his fleet in Krokola on his way to Babylon.
Alexander the Great defeated Darius and conquered Babylon before expanding his 
empire.
#### Yes.

Example 2:
Q: Was P. G. Wodehouse's favorite book The Hunger Games?

A: P. G. Wodehouse died in 1975.
The Hunger Games was published in 2008.
#### No.
IMPORTANT:
- Think step by step.
- The final line must be exactly in the format: #### Yes. or #### No.
- Do not end with anything else after the final answer.
Your Question:
Q: Can Spartina Patens thrive in the Sahara Desert?

A: Spartina Patens, commonly known as salt marsh cordgrass, typically grows in coastal regions and salt marshes.
It is adapted to saline environments and is found in areas that are periodically flooded by tides.
It requires specific conditions such as brackish water and is not suited for arid environments.
Responses:
#### No. (Score: 0.0299835205078125)
A: The Sahara Desert is one of the hottest and driest deserts in the world. (Score: 0.0291748046875)
Spartina Patens is primarily found in coastal areas and is adapted to wet, saline conditions. (Score: 0.0283966064453125)
<EMPTY> (Score: -inf)

====================
Query:
Use the step-by-step method as shown in the examples to answer the question. Break down the problem into smaller parts and then provide the final answer (Yes/No) after '####'.

Example 1:
Q: Karachi was a part of Alexander the Great's success?

A: Karachi is a city in modern day Pakistan.
Krokola was an ancient port located in what is now Karachi.
Alexander the Great stationed his fleet in Krokola on his way to Babylon.
Alexander the Great defeated Darius and conquered Babylon before expanding his 
empire.
#### Yes.

Example 2:
Q: Was P. G. Wodehouse's favorite book The Hunger Games?

A: P. G. Wodehouse died in 1975.
The Hunger Games was published in 2008.
#### No.
IMPORTANT:
- Think step by step.
- The final line must be exactly in the format: #### Yes. or #### No.
- Do not end with anything else after the final answer.
Your Question:
Q: Can Spartina Patens thrive in the Sahara Desert?

A: Spartina Patens, commonly known as salt marsh cordgrass, typically grows in coastal regions and salt marshes.
It is a species adapted to wet, saline environments.
Spartina Patens is not suited for arid environments like the Sahara Desert.
Responses:
A: Spartina Patens, commonly known as salt marsh cordgrass, typically grows in coastal regions and salt marshes. (Score: 0.02838134765625)
A: The Sahara Desert is characterized by extreme aridity and high temperatures. (Score: 0.024322509765625)
#### No. (Score: 0.0293121337890625)
<EMPTY> (Score: -inf)

====================
Query:
Use the step-by-step method as shown in the examples to answer the question. Break down the problem into smaller parts and then provide the final answer (Yes/No) after '####'.

Example 1:
Q: Karachi was a part of Alexander the Great's success?

A: Karachi is a city in modern day Pakistan.
Krokola was an ancient port located in what is now Karachi.
Alexander the Great stationed his fleet in Krokola on his way to Babylon.
Alexander the Great defeated Darius and conquered Babylon before expanding his 
empire.
#### Yes.

Example 2:
Q: Was P. G. Wodehouse's favorite book The Hunger Games?

A: P. G. Wodehouse died in 1975.
The Hunger Games was published in 2008.
#### No.
IMPORTANT:
- Think step by step.
- The final line must be exactly in the format: #### Yes. or #### No.
- Do not end with anything else after the final answer.
Your Question:
Q: Does meat from cows fed only grass taste more like wild game?

A:
Responses:
A: The taste of meat can be influenced by the diet of the animal. (Score: 0.0280914306640625)
A: Meat from cows that are exclusively grass-fed is often described as having a different flavor profile compared to grain-fed beef. (Score: 0.0281524658203125)
A: Cows can be fed various diets, including grass, grains, or a combination of both. (Score: 0.02532958984375)
A: Cows that are fed a diet of only grass are often referred to as grass-fed cows. (Score: 0.0270233154296875)

====================
Query:
Use the step-by-step method as shown in the examples to answer the question. Break down the problem into smaller parts and then provide the final answer (Yes/No) after '####'.

Example 1:
Q: Karachi was a part of Alexander the Great's success?

A: Karachi is a city in modern day Pakistan.
Krokola was an ancient port located in what is now Karachi.
Alexander the Great stationed his fleet in Krokola on his way to Babylon.
Alexander the Great defeated Darius and conquered Babylon before expanding his 
empire.
#### Yes.

Example 2:
Q: Was P. G. Wodehouse's favorite book The Hunger Games?

A: P. G. Wodehouse died in 1975.
The Hunger Games was published in 2008.
#### No.
IMPORTANT:
- Think step by step.
- The final line must be exactly in the format: #### Yes. or #### No.
- Do not end with anything else after the final answer.
Your Question:
Q: Does meat from cows fed only grass taste more like wild game?

A: A: Meat from cows that are exclusively grass-fed is often described as having a different flavor profile compared to grain-fed beef.
Responses:
Grass-fed cattle typically have a diet that consists solely of grass and forage, which can lead to a leaner meat with a more pronounced taste. (Score: 0.026214599609375)
Grass-fed beef tends to have a more pronounced, earthy flavor that some people liken to wild game. (Score: 0.0297393798828125)
Grass-fed beef tends to have a leaner composition and may have a more pronounced, gamey flavor, which some people associate with wild game. (Score: 0.0282440185546875)
To determine if meat from cows fed only grass tastes more like wild game, let's break down the question step by step. (Score: 0.0279083251953125)

====================
Query:
Use the step-by-step method as shown in the examples to answer the question. Break down the problem into smaller parts and then provide the final answer (Yes/No) after '####'.

Example 1:
Q: Karachi was a part of Alexander the Great's success?

A: Karachi is a city in modern day Pakistan.
Krokola was an ancient port located in what is now Karachi.
Alexander the Great stationed his fleet in Krokola on his way to Babylon.
Alexander the Great defeated Darius and conquered Babylon before expanding his 
empire.
#### Yes.

Example 2:
Q: Was P. G. Wodehouse's favorite book The Hunger Games?

A: P. G. Wodehouse died in 1975.
The Hunger Games was published in 2008.
#### No.
IMPORTANT:
- Think step by step.
- The final line must be exactly in the format: #### Yes. or #### No.
- Do not end with anything else after the final answer.
Your Question:
Q: Does meat from cows fed only grass taste more like wild game?

A: A: The taste of meat can be influenced by the diet of the animal.
Responses:
The diet of cows that are grass-fed can lead to different flavor profiles in their meat compared to grain-fed cows. (Score: 0.02734375)
Grass-fed cows typically produce meat that has a different flavor profile compared to grain-fed cows. (Score: 0.028350830078125)
Grass-fed cows have a different diet compared to grain-fed cows. (Score: 0.02801513671875)
Grass-fed cows typically have a different flavor profile compared to grain-fed cows. (Score: 0.029052734375)

====================
Query:
Use the step-by-step method as shown in the examples to answer the question. Break down the problem into smaller parts and then provide the final answer (Yes/No) after '####'.

Example 1:
Q: Karachi was a part of Alexander the Great's success?

A: Karachi is a city in modern day Pakistan.
Krokola was an ancient port located in what is now Karachi.
Alexander the Great stationed his fleet in Krokola on his way to Babylon.
Alexander the Great defeated Darius and conquered Babylon before expanding his 
empire.
#### Yes.

Example 2:
Q: Was P. G. Wodehouse's favorite book The Hunger Games?

A: P. G. Wodehouse died in 1975.
The Hunger Games was published in 2008.
#### No.
IMPORTANT:
- Think step by step.
- The final line must be exactly in the format: #### Yes. or #### No.
- Do not end with anything else after the final answer.
Your Question:
Q: Does meat from cows fed only grass taste more like wild game?

A: A: Meat from cows that are exclusively grass-fed is often described as having a different flavor profile compared to grain-fed beef.
Grass-fed beef tends to have a more pronounced, earthy flavor that some people liken to wild game.
Responses:
Grass-fed cattle are raised on a diet of grass and forage, which can influence the taste of the meat they produce. (Score: 0.028472900390625)
To determine if meat from cows fed only grass tastes more like wild game, we can break this down into smaller parts:. (Score: 0.0245819091796875)
To determine if meat from cows fed only grass tastes more like wild game, let's break this down:. (Score: 0.026092529296875)
To compare the taste of meat from grass-fed cows to that of wild game, we need to analyze several factors. (Score: 0.0300750732421875)

====================
Query:
Use the step-by-step method as shown in the examples to answer the question. Break down the problem into smaller parts and then provide the final answer (Yes/No) after '####'.

Example 1:
Q: Karachi was a part of Alexander the Great's success?

A: Karachi is a city in modern day Pakistan.
Krokola was an ancient port located in what is now Karachi.
Alexander the Great stationed his fleet in Krokola on his way to Babylon.
Alexander the Great defeated Darius and conquered Babylon before expanding his 
empire.
#### Yes.

Example 2:
Q: Was P. G. Wodehouse's favorite book The Hunger Games?

A: P. G. Wodehouse died in 1975.
The Hunger Games was published in 2008.
#### No.
IMPORTANT:
- Think step by step.
- The final line must be exactly in the format: #### Yes. or #### No.
- Do not end with anything else after the final answer.
Your Question:
Q: Does meat from cows fed only grass taste more like wild game?

A: A: The taste of meat can be influenced by the diet of the animal.
Grass-fed cows typically have a different flavor profile compared to grain-fed cows.
Responses:
Grass-fed beef is often described as having a more gamey flavor, which can be similar to wild game. (Score: 0.02947998046875)
Grass-fed beef is often described as having a more gamey and complex flavor, which some people associate with wild game meat. (Score: 0.0299835205078125)
Grass-fed beef is often described as having a more gamey and earthy flavor, which some people associate with wild game. (Score: 0.0305023193359375)
Grass-fed beef is often described as having a more distinct and sometimes gamier flavor, which may resemble the taste of wild game. (Score: 0.0297088623046875)

====================
Query:
Use the step-by-step method as shown in the examples to answer the question. Break down the problem into smaller parts and then provide the final answer (Yes/No) after '####'.

Example 1:
Q: Karachi was a part of Alexander the Great's success?

A: Karachi is a city in modern day Pakistan.
Krokola was an ancient port located in what is now Karachi.
Alexander the Great stationed his fleet in Krokola on his way to Babylon.
Alexander the Great defeated Darius and conquered Babylon before expanding his 
empire.
#### Yes.

Example 2:
Q: Was P. G. Wodehouse's favorite book The Hunger Games?

A: P. G. Wodehouse died in 1975.
The Hunger Games was published in 2008.
#### No.
IMPORTANT:
- Think step by step.
- The final line must be exactly in the format: #### Yes. or #### No.
- Do not end with anything else after the final answer.
Your Question:
Q: Does meat from cows fed only grass taste more like wild game?

A: A: The taste of meat can be influenced by the diet of the animal.
Grass-fed cows typically have a different flavor profile compared to grain-fed cows.
Grass-fed beef is often described as having a more gamey and earthy flavor, which some people associate with wild game.
Responses:
To determine if meat from cows fed only grass tastes more like wild game, we can break it down as follows:. (Score: 0.0258331298828125)
A: Wild game meat is known for its distinct flavors, which can be influenced by the animal's natural diet in the wild. (Score: 0.0284576416015625)
The flavor of meat can vary based on the animal's diet, and grass-fed cows are known to produce meat with a distinct taste. (Score: 0.0294036865234375)
The flavor of meat can vary based on the animal's diet and environment. (Score: 0.0294647216796875)

====================
Query:
Use the step-by-step method as shown in the examples to answer the question. Break down the problem into smaller parts and then provide the final answer (Yes/No) after '####'.

Example 1:
Q: Karachi was a part of Alexander the Great's success?

A: Karachi is a city in modern day Pakistan.
Krokola was an ancient port located in what is now Karachi.
Alexander the Great stationed his fleet in Krokola on his way to Babylon.
Alexander the Great defeated Darius and conquered Babylon before expanding his 
empire.
#### Yes.

Example 2:
Q: Was P. G. Wodehouse's favorite book The Hunger Games?

A: P. G. Wodehouse died in 1975.
The Hunger Games was published in 2008.
#### No.
IMPORTANT:
- Think step by step.
- The final line must be exactly in the format: #### Yes. or #### No.
- Do not end with anything else after the final answer.
Your Question:
Q: Does meat from cows fed only grass taste more like wild game?

A: A: Meat from cows that are exclusively grass-fed is often described as having a different flavor profile compared to grain-fed beef.
Grass-fed beef tends to have a more pronounced, earthy flavor that some people liken to wild game.
To compare the taste of meat from grass-fed cows to that of wild game, we need to analyze several factors.
Responses:
1. Grass-fed beef is raised on a diet of natural forage, primarily grass, which influences its flavor. (Score: 0.0295257568359375)
The taste of meat can be influenced by the animal's diet, living conditions, and genetics. (Score: 0.0285186767578125)
First, we consider the diet of the cows. (Score: 0.0299835205078125)
1. Grass-fed cattle are raised on a diet of grass and forage, which can affect the meat's flavor. (Score: 0.02960205078125)

====================
Query:
Use the step-by-step method as shown in the examples to answer the question. Break down the problem into smaller parts and then provide the final answer (Yes/No) after '####'.

Example 1:
Q: Karachi was a part of Alexander the Great's success?

A: Karachi is a city in modern day Pakistan.
Krokola was an ancient port located in what is now Karachi.
Alexander the Great stationed his fleet in Krokola on his way to Babylon.
Alexander the Great defeated Darius and conquered Babylon before expanding his 
empire.
#### Yes.

Example 2:
Q: Was P. G. Wodehouse's favorite book The Hunger Games?

A: P. G. Wodehouse died in 1975.
The Hunger Games was published in 2008.
#### No.
IMPORTANT:
- Think step by step.
- The final line must be exactly in the format: #### Yes. or #### No.
- Do not end with anything else after the final answer.
Your Question:
Q: Does meat from cows fed only grass taste more like wild game?

A: A: Meat from cows that are exclusively grass-fed is often described as having a different flavor profile compared to grain-fed beef.
Grass-fed beef tends to have a more pronounced, earthy flavor that some people liken to wild game.
To compare the taste of meat from grass-fed cows to that of wild game, we need to analyze several factors.
First, we consider the diet of the cows.
Responses:
Grass-fed cows consume a natural diet consisting of grass and forage, which can influence the flavor of the meat. (Score: 0.0301666259765625)
Grass-fed cows eat a natural diet consisting of grass and forage, which can influence the taste of their meat. (Score: 0.0300750732421875)
Grass-fed cows consume a diet consisting solely of grass, which can influence the flavor of their meat. (Score: 0.030120849609375)
Grass-fed cows eat a natural diet consisting solely of grass and forage. (Score: 0.03033447265625)

====================
Query:
Use the step-by-step method as shown in the examples to answer the question. Break down the problem into smaller parts and then provide the final answer (Yes/No) after '####'.

Example 1:
Q: Karachi was a part of Alexander the Great's success?

A: Karachi is a city in modern day Pakistan.
Krokola was an ancient port located in what is now Karachi.
Alexander the Great stationed his fleet in Krokola on his way to Babylon.
Alexander the Great defeated Darius and conquered Babylon before expanding his 
empire.
#### Yes.

Example 2:
Q: Was P. G. Wodehouse's favorite book The Hunger Games?

A: P. G. Wodehouse died in 1975.
The Hunger Games was published in 2008.
#### No.
IMPORTANT:
- Think step by step.
- The final line must be exactly in the format: #### Yes. or #### No.
- Do not end with anything else after the final answer.
Your Question:
Q: Does meat from cows fed only grass taste more like wild game?

A: A: Meat from cows that are exclusively grass-fed is often described as having a different flavor profile compared to grain-fed beef.
Grass-fed beef tends to have a more pronounced, earthy flavor that some people liken to wild game.
To compare the taste of meat from grass-fed cows to that of wild game, we need to analyze several factors.
1. Grass-fed cattle are raised on a diet of grass and forage, which can affect the meat's flavor.
Responses:
2. Wild game animals, such as deer or elk, have a diet that consists of natural vegetation, which also influences their meat's flavor profile. (Score: 0.0297698974609375)
2. Wild game animals typically have a varied diet that includes natural vegetation, which also influences the flavor of their meat. (Score: 0.0293426513671875)
2. Wild game animals, such as deer or elk, have diets that consist of natural forage found in their habitats, which also influences their meat flavor. (Score: 0.0298614501953125)
2. Wild game animals, such as deer or elk, have diets that vary greatly depending on their environment, which can also influence their flavor. (Score: 0.030364990234375)

====================
Query:
Use the step-by-step method as shown in the examples to answer the question. Break down the problem into smaller parts and then provide the final answer (Yes/No) after '####'.

Example 1:
Q: Karachi was a part of Alexander the Great's success?

A: Karachi is a city in modern day Pakistan.
Krokola was an ancient port located in what is now Karachi.
Alexander the Great stationed his fleet in Krokola on his way to Babylon.
Alexander the Great defeated Darius and conquered Babylon before expanding his 
empire.
#### Yes.

Example 2:
Q: Was P. G. Wodehouse's favorite book The Hunger Games?

A: P. G. Wodehouse died in 1975.
The Hunger Games was published in 2008.
#### No.
IMPORTANT:
- Think step by step.
- The final line must be exactly in the format: #### Yes. or #### No.
- Do not end with anything else after the final answer.
Your Question:
Q: Does meat from cows fed only grass taste more like wild game?

A: A: Meat from cows that are exclusively grass-fed is often described as having a different flavor profile compared to grain-fed beef.
Grass-fed beef tends to have a more pronounced, earthy flavor that some people liken to wild game.
To compare the taste of meat from grass-fed cows to that of wild game, we need to analyze several factors.
1. Grass-fed cattle are raised on a diet of grass and forage, which can affect the meat's flavor.
2. Wild game animals, such as deer or elk, have diets that vary greatly depending on their environment, which can also influence their flavor.
Responses:
3. The flavor of meat is influenced by the animal's diet, lifestyle, and the fat content in the meat. (Score: 0.029815673828125)
3. The flavor of meat can be influenced by factors such as the animal's diet, environment, and how the meat is processed and cooked. (Score: 0.0291748046875)
3. The flavor of meat can be influenced by the animal's diet, genetics, and the environment in which they are raised. (Score: 0.028961181640625)
3. The flavor of meat can be influenced by the animal's diet, age, and the way it is processed or cooked. (Score: 0.0300140380859375)

====================
Query:
Use the step-by-step method as shown in the examples to answer the question. Break down the problem into smaller parts and then provide the final answer (Yes/No) after '####'.

Example 1:
Q: Karachi was a part of Alexander the Great's success?

A: Karachi is a city in modern day Pakistan.
Krokola was an ancient port located in what is now Karachi.
Alexander the Great stationed his fleet in Krokola on his way to Babylon.
Alexander the Great defeated Darius and conquered Babylon before expanding his 
empire.
#### Yes.

Example 2:
Q: Was P. G. Wodehouse's favorite book The Hunger Games?

A: P. G. Wodehouse died in 1975.
The Hunger Games was published in 2008.
#### No.
IMPORTANT:
- Think step by step.
- The final line must be exactly in the format: #### Yes. or #### No.
- Do not end with anything else after the final answer.
Your Question:
Q: Does meat from cows fed only grass taste more like wild game?

A: A: Meat from cows that are exclusively grass-fed is often described as having a different flavor profile compared to grain-fed beef.
Grass-fed beef tends to have a more pronounced, earthy flavor that some people liken to wild game.
To compare the taste of meat from grass-fed cows to that of wild game, we need to analyze several factors.
First, we consider the diet of the cows.
Grass-fed cows eat a natural diet consisting solely of grass and forage.
Responses:
Next, we consider the diet of wild game animals, which also consists of natural vegetation, including grasses, herbs, and other plants. (Score: 0.0289764404296875)
Next, we look at the diet of wild game animals, which generally consists of natural vegetation, fruits, and other forage available in their habitat. (Score: 0.0287017822265625)
Next, we examine the diet of wild game animals, which typically consists of a varied natural diet that includes grasses, plants, and other natural forage. (Score: 0.027374267578125)
Next, we examine the diet of wild game animals, which primarily consists of natural vegetation, nuts, fruits, and other forage available in their habitats. (Score: 0.028594970703125)

====================
Query:
Use the step-by-step method as shown in the examples to answer the question. Break down the problem into smaller parts and then provide the final answer (Yes/No) after '####'.

Example 1:
Q: Karachi was a part of Alexander the Great's success?

A: Karachi is a city in modern day Pakistan.
Krokola was an ancient port located in what is now Karachi.
Alexander the Great stationed his fleet in Krokola on his way to Babylon.
Alexander the Great defeated Darius and conquered Babylon before expanding his 
empire.
#### Yes.

Example 2:
Q: Was P. G. Wodehouse's favorite book The Hunger Games?

A: P. G. Wodehouse died in 1975.
The Hunger Games was published in 2008.
#### No.
IMPORTANT:
- Think step by step.
- The final line must be exactly in the format: #### Yes. or #### No.
- Do not end with anything else after the final answer.
Your Question:
Q: Does meat from cows fed only grass taste more like wild game?

A: A: Meat from cows that are exclusively grass-fed is often described as having a different flavor profile compared to grain-fed beef.
Grass-fed beef tends to have a more pronounced, earthy flavor that some people liken to wild game.
To compare the taste of meat from grass-fed cows to that of wild game, we need to analyze several factors.
1. Grass-fed cattle are raised on a diet of grass and forage, which can affect the meat's flavor.
2. Wild game animals, such as deer or elk, have diets that vary greatly depending on their environment, which can also influence their flavor.
3. The flavor of meat can be influenced by the animal's diet, age, and the way it is processed or cooked.
Responses:
A: The comparison between grass-fed beef and wild game involves understanding the unique characteristics of each type of meat. (Score: 0.0301055908203125)
4. Many people who have tasted both grass-fed beef and wild game report that the flavors are more similar than those of grain-fed beef. (Score: 0.0292205810546875)
A: Many people perceive grass-fed beef as having a taste that is closer to that of wild game compared to grain-fed beef. (Score: 0.0298004150390625)
4. Many people who have tasted both grass-fed beef and wild game report that the flavor of grass-fed beef is closer to that of wild game than that of grain-fed beef. (Score: 0.0296173095703125)

====================
Query:
Use the step-by-step method as shown in the examples to answer the question. Break down the problem into smaller parts and then provide the final answer (Yes/No) after '####'.

Example 1:
Q: Karachi was a part of Alexander the Great's success?

A: Karachi is a city in modern day Pakistan.
Krokola was an ancient port located in what is now Karachi.
Alexander the Great stationed his fleet in Krokola on his way to Babylon.
Alexander the Great defeated Darius and conquered Babylon before expanding his 
empire.
#### Yes.

Example 2:
Q: Was P. G. Wodehouse's favorite book The Hunger Games?

A: P. G. Wodehouse died in 1975.
The Hunger Games was published in 2008.
#### No.
IMPORTANT:
- Think step by step.
- The final line must be exactly in the format: #### Yes. or #### No.
- Do not end with anything else after the final answer.
Your Question:
Q: Does meat from cows fed only grass taste more like wild game?

A: A: Meat from cows that are exclusively grass-fed is often described as having a different flavor profile compared to grain-fed beef.
Grass-fed beef tends to have a more pronounced, earthy flavor that some people liken to wild game.
To compare the taste of meat from grass-fed cows to that of wild game, we need to analyze several factors.
1. Grass-fed cattle are raised on a diet of grass and forage, which can affect the meat's flavor.
2. Wild game animals, such as deer or elk, have diets that vary greatly depending on their environment, which can also influence their flavor.
3. The flavor of meat is influenced by the animal's diet, lifestyle, and the fat content in the meat.
Responses:
A: Studies and culinary opinions indicate that grass-fed beef can have a flavor profile that is more similar to that of wild game due to the natural diet of the animals. (Score: 0.028839111328125)
A: The flavor profile of meat from cows fed only grass can indeed be more similar to that of wild game. (Score: 0.0287017822265625)
4. Grass-fed beef typically has less fat than grain-fed beef, which may contribute to a different taste that is sometimes compared to wild game. (Score: 0.0293731689453125)
A: While both grass-fed beef and wild game have distinct flavors influenced by their diets, it is subjective whether one tastes more like the other. (Score: 0.0289306640625)

====================
Query:
Use the step-by-step method as shown in the examples to answer the question. Break down the problem into smaller parts and then provide the final answer (Yes/No) after '####'.

Example 1:
Q: Karachi was a part of Alexander the Great's success?

A: Karachi is a city in modern day Pakistan.
Krokola was an ancient port located in what is now Karachi.
Alexander the Great stationed his fleet in Krokola on his way to Babylon.
Alexander the Great defeated Darius and conquered Babylon before expanding his 
empire.
#### Yes.

Example 2:
Q: Was P. G. Wodehouse's favorite book The Hunger Games?

A: P. G. Wodehouse died in 1975.
The Hunger Games was published in 2008.
#### No.
IMPORTANT:
- Think step by step.
- The final line must be exactly in the format: #### Yes. or #### No.
- Do not end with anything else after the final answer.
Your Question:
Q: Does meat from cows fed only grass taste more like wild game?

A: A: Meat from cows that are exclusively grass-fed is often described as having a different flavor profile compared to grain-fed beef.
Grass-fed beef tends to have a more pronounced, earthy flavor that some people liken to wild game.
To compare the taste of meat from grass-fed cows to that of wild game, we need to analyze several factors.
1. Grass-fed cattle are raised on a diet of grass and forage, which can affect the meat's flavor.
2. Wild game animals, such as deer or elk, have diets that vary greatly depending on their environment, which can also influence their flavor.
3. The flavor of meat can be influenced by the animal's diet, age, and the way it is processed or cooked.
A: The comparison between grass-fed beef and wild game involves understanding the unique characteristics of each type of meat.
Responses:
A: Meat from cows that are exclusively grass-fed is often described as having a different flavor profile compared to grain-fed beef. (Score: 0.0300750732421875)
1. Grass-fed beef is often noted for its distinct taste, which differs from grain-fed beef. (Score: 0.031402587890625)
<EMPTY> (Score: -inf)
<EMPTY> (Score: -inf)

====================
Query:
Use the step-by-step method as shown in the examples to answer the question. Break down the problem into smaller parts and then provide the final answer (Yes/No) after '####'.

Example 1:
Q: Karachi was a part of Alexander the Great's success?

A: Karachi is a city in modern day Pakistan.
Krokola was an ancient port located in what is now Karachi.
Alexander the Great stationed his fleet in Krokola on his way to Babylon.
Alexander the Great defeated Darius and conquered Babylon before expanding his 
empire.
#### Yes.

Example 2:
Q: Was P. G. Wodehouse's favorite book The Hunger Games?

A: P. G. Wodehouse died in 1975.
The Hunger Games was published in 2008.
#### No.
IMPORTANT:
- Think step by step.
- The final line must be exactly in the format: #### Yes. or #### No.
- Do not end with anything else after the final answer.
Your Question:
Q: Does meat from cows fed only grass taste more like wild game?

A: A: Meat from cows that are exclusively grass-fed is often described as having a different flavor profile compared to grain-fed beef.
Grass-fed beef tends to have a more pronounced, earthy flavor that some people liken to wild game.
To compare the taste of meat from grass-fed cows to that of wild game, we need to analyze several factors.
1. Grass-fed cattle are raised on a diet of grass and forage, which can affect the meat's flavor.
2. Wild game animals, such as deer or elk, have diets that vary greatly depending on their environment, which can also influence their flavor.
3. The flavor of meat can be influenced by the animal's diet, age, and the way it is processed or cooked.
A: Many people perceive grass-fed beef as having a taste that is closer to that of wild game compared to grain-fed beef.
Responses:
To determine if meat from cows fed only grass tastes more like wild game, let's break down the components of this question. (Score: 0.0296173095703125)
To determine if meat from cows fed only grass tastes more like wild game, let's analyze the factors involved:. (Score: 0.0295867919921875)
A: Meat from cows that are exclusively grass-fed is often described as having a different flavor profile compared to grain-fed beef. (Score: 0.0294342041015625)
To determine if meat from cows fed only grass tastes more like wild game, we need to break down the elements involved in taste perception and the diets of the animals. (Score: 0.030181884765625)

====================
Query:
Use the step-by-step method as shown in the examples to answer the question. Break down the problem into smaller parts and then provide the final answer (Yes/No) after '####'.

Example 1:
Q: Karachi was a part of Alexander the Great's success?

A: Karachi is a city in modern day Pakistan.
Krokola was an ancient port located in what is now Karachi.
Alexander the Great stationed his fleet in Krokola on his way to Babylon.
Alexander the Great defeated Darius and conquered Babylon before expanding his 
empire.
#### Yes.

Example 2:
Q: Was P. G. Wodehouse's favorite book The Hunger Games?

A: P. G. Wodehouse died in 1975.
The Hunger Games was published in 2008.
#### No.
IMPORTANT:
- Think step by step.
- The final line must be exactly in the format: #### Yes. or #### No.
- Do not end with anything else after the final answer.
Your Question:
Q: Is popular science used to peer review papers?

A:
Responses:
Popular science is a genre of writing that communicates scientific concepts to a general audience. (Score: 0.0256195068359375)
Popular science refers to the dissemination of scientific ideas and findings to a general audience. (Score: 0.0250091552734375)
A: Popular science refers to literature that presents scientific concepts in a manner accessible to the general public. (Score: 0.02227783203125)
Popular science refers to literature and media that explain scientific concepts to a general audience. (Score: 0.0246124267578125)

====================
Query:
Use the step-by-step method as shown in the examples to answer the question. Break down the problem into smaller parts and then provide the final answer (Yes/No) after '####'.

Example 1:
Q: Karachi was a part of Alexander the Great's success?

A: Karachi is a city in modern day Pakistan.
Krokola was an ancient port located in what is now Karachi.
Alexander the Great stationed his fleet in Krokola on his way to Babylon.
Alexander the Great defeated Darius and conquered Babylon before expanding his 
empire.
#### Yes.

Example 2:
Q: Was P. G. Wodehouse's favorite book The Hunger Games?

A: P. G. Wodehouse died in 1975.
The Hunger Games was published in 2008.
#### No.
IMPORTANT:
- Think step by step.
- The final line must be exactly in the format: #### Yes. or #### No.
- Do not end with anything else after the final answer.
Your Question:
Q: Is popular science used to peer review papers?

A: Popular science is a genre of writing that communicates scientific concepts to a general audience.
Responses:
It is typically not used as a formal method for peer reviewing academic papers. (Score: 0.02496337890625)
Peer review is a process used in academic and scientific publishing to evaluate the quality and validity of research papers before they are published. (Score: 0.02484130859375)
Peer review is a process used in academic publishing to evaluate the quality and validity of research papers before publication. (Score: 0.0235137939453125)
Popular science articles are typically not the same as academic or scientific papers. (Score: 0.0237884521484375)

====================
Query:
Use the step-by-step method as shown in the examples to answer the question. Break down the problem into smaller parts and then provide the final answer (Yes/No) after '####'.

Example 1:
Q: Karachi was a part of Alexander the Great's success?

A: Karachi is a city in modern day Pakistan.
Krokola was an ancient port located in what is now Karachi.
Alexander the Great stationed his fleet in Krokola on his way to Babylon.
Alexander the Great defeated Darius and conquered Babylon before expanding his 
empire.
#### Yes.

Example 2:
Q: Was P. G. Wodehouse's favorite book The Hunger Games?

A: P. G. Wodehouse died in 1975.
The Hunger Games was published in 2008.
#### No.
IMPORTANT:
- Think step by step.
- The final line must be exactly in the format: #### Yes. or #### No.
- Do not end with anything else after the final answer.
Your Question:
Q: Is popular science used to peer review papers?

A: Popular science refers to the dissemination of scientific ideas and findings to a general audience.
Responses:
Popular science articles typically simplify complex scientific concepts for easier understanding by the public. (Score: 0.0225372314453125)
Popular science articles are typically written for non-experts and summarize scientific research in an accessible way. (Score: 0.0235443115234375)
Popular science articles are typically written for the public and do not undergo the same rigorous peer review process as academic papers. (Score: 0.022674560546875)
Popular science is typically aimed at making complex scientific concepts accessible to the public. (Score: 0.0217132568359375)

====================
Query:
Use the step-by-step method as shown in the examples to answer the question. Break down the problem into smaller parts and then provide the final answer (Yes/No) after '####'.

Example 1:
Q: Karachi was a part of Alexander the Great's success?

A: Karachi is a city in modern day Pakistan.
Krokola was an ancient port located in what is now Karachi.
Alexander the Great stationed his fleet in Krokola on his way to Babylon.
Alexander the Great defeated Darius and conquered Babylon before expanding his 
empire.
#### Yes.

Example 2:
Q: Was P. G. Wodehouse's favorite book The Hunger Games?

A: P. G. Wodehouse died in 1975.
The Hunger Games was published in 2008.
#### No.
IMPORTANT:
- Think step by step.
- The final line must be exactly in the format: #### Yes. or #### No.
- Do not end with anything else after the final answer.
Your Question:
Q: Is popular science used to peer review papers?

A: Popular science is a genre of writing that communicates scientific concepts to a general audience.
It is typically not used as a formal method for peer reviewing academic papers.
Responses:
Peer review is a process where experts in a field evaluate the quality and validity of a research paper before it is published in an academic journal. (Score: 0.02398681640625)
Peer review is a process used in academic publishing where experts in a field evaluate a manuscript before it is published. (Score: 0.0233001708984375)
Peer review is a process used in academic publishing where experts in a specific field evaluate the quality and validity of a manuscript before publication. (Score: 0.022613525390625)
Peer review is a process in which experts in the field evaluate academic papers before publication. (Score: 0.024749755859375)

====================
Query:
Use the step-by-step method as shown in the examples to answer the question. Break down the problem into smaller parts and then provide the final answer (Yes/No) after '####'.

Example 1:
Q: Karachi was a part of Alexander the Great's success?

A: Karachi is a city in modern day Pakistan.
Krokola was an ancient port located in what is now Karachi.
Alexander the Great stationed his fleet in Krokola on his way to Babylon.
Alexander the Great defeated Darius and conquered Babylon before expanding his 
empire.
#### Yes.

Example 2:
Q: Was P. G. Wodehouse's favorite book The Hunger Games?

A: P. G. Wodehouse died in 1975.
The Hunger Games was published in 2008.
#### No.
IMPORTANT:
- Think step by step.
- The final line must be exactly in the format: #### Yes. or #### No.
- Do not end with anything else after the final answer.
Your Question:
Q: Is popular science used to peer review papers?

A: Popular science is a genre of writing that communicates scientific concepts to a general audience.
Peer review is a process used in academic and scientific publishing to evaluate the quality and validity of research papers before they are published.
Responses:
A: Popular science does not typically involve the peer review process. (Score: 0.02191162109375)
A: Popular science articles are typically not subject to peer review as they are meant for general readership and not as formal research publications. (Score: 0.0215301513671875)
Popular science articles are typically written for the general public and do not undergo the same rigorous peer review process as academic papers. (Score: 0.0235137939453125)
A: Popular science is not a platform or method for conducting peer reviews. (Score: 0.023468017578125)

====================
Query:
Use the step-by-step method as shown in the examples to answer the question. Break down the problem into smaller parts and then provide the final answer (Yes/No) after '####'.

Example 1:
Q: Karachi was a part of Alexander the Great's success?

A: Karachi is a city in modern day Pakistan.
Krokola was an ancient port located in what is now Karachi.
Alexander the Great stationed his fleet in Krokola on his way to Babylon.
Alexander the Great defeated Darius and conquered Babylon before expanding his 
empire.
#### Yes.

Example 2:
Q: Was P. G. Wodehouse's favorite book The Hunger Games?

A: P. G. Wodehouse died in 1975.
The Hunger Games was published in 2008.
#### No.
IMPORTANT:
- Think step by step.
- The final line must be exactly in the format: #### Yes. or #### No.
- Do not end with anything else after the final answer.
Your Question:
Q: Is popular science used to peer review papers?

A: Popular science is a genre of writing that communicates scientific concepts to a general audience.
It is typically not used as a formal method for peer reviewing academic papers.
Peer review is a process in which experts in the field evaluate academic papers before publication.
Responses:
A: Popular science is a genre of writing that communicates scientific concepts to a general audience. (Score: 0.023162841796875)
A: Popular science is a genre of writing that communicates scientific concepts to a general audience. (Score: 0.023162841796875)
<EMPTY> (Score: -inf)
<EMPTY> (Score: -inf)

====================
Query:
Use the step-by-step method as shown in the examples to answer the question. Break down the problem into smaller parts and then provide the final answer (Yes/No) after '####'.

Example 1:
Q: Karachi was a part of Alexander the Great's success?

A: Karachi is a city in modern day Pakistan.
Krokola was an ancient port located in what is now Karachi.
Alexander the Great stationed his fleet in Krokola on his way to Babylon.
Alexander the Great defeated Darius and conquered Babylon before expanding his 
empire.
#### Yes.

Example 2:
Q: Was P. G. Wodehouse's favorite book The Hunger Games?

A: P. G. Wodehouse died in 1975.
The Hunger Games was published in 2008.
#### No.
IMPORTANT:
- Think step by step.
- The final line must be exactly in the format: #### Yes. or #### No.
- Do not end with anything else after the final answer.
Your Question:
Q: Is popular science used to peer review papers?

A: Popular science is a genre of writing that communicates scientific concepts to a general audience.
It is typically not used as a formal method for peer reviewing academic papers.
Peer review is a process where experts in a field evaluate the quality and validity of a research paper before it is published in an academic journal.
Responses:
A: Popular science is a genre of writing that communicates scientific concepts to a general audience. (Score: 0.0230255126953125)
A: Popular science aims to make scientific knowledge accessible to the general public. (Score: 0.023040771484375)
A: Peer review is a critical part of academic publishing and relies on expert evaluation, not popular science communication. (Score: 0.0242919921875)
<EMPTY> (Score: -inf)

====================
Query:
Use the step-by-step method as shown in the examples to answer the question. Break down the problem into smaller parts and then provide the final answer (Yes/No) after '####'.

Example 1:
Q: Karachi was a part of Alexander the Great's success?

A: Karachi is a city in modern day Pakistan.
Krokola was an ancient port located in what is now Karachi.
Alexander the Great stationed his fleet in Krokola on his way to Babylon.
Alexander the Great defeated Darius and conquered Babylon before expanding his 
empire.
#### Yes.

Example 2:
Q: Was P. G. Wodehouse's favorite book The Hunger Games?

A: P. G. Wodehouse died in 1975.
The Hunger Games was published in 2008.
#### No.
IMPORTANT:
- Think step by step.
- The final line must be exactly in the format: #### Yes. or #### No.
- Do not end with anything else after the final answer.
Your Question:
Q: Is popular science used to peer review papers?

A: Popular science is a genre of writing that communicates scientific concepts to a general audience.
It is typically not used as a formal method for peer reviewing academic papers.
Peer review is a process where experts in a field evaluate the quality and validity of a research paper before it is published in an academic journal.
A: Peer review is a critical part of academic publishing and relies on expert evaluation, not popular science communication.
Responses:
#### No. (Score: 0.02490234375)
#### No. (Score: 0.02490234375)
<EMPTY> (Score: -inf)
<EMPTY> (Score: -inf)

====================
Query:
Use the step-by-step method as shown in the examples to answer the question. Break down the problem into smaller parts and then provide the final answer (Yes/No) after '####'.

Example 1:
Q: Karachi was a part of Alexander the Great's success?

A: Karachi is a city in modern day Pakistan.
Krokola was an ancient port located in what is now Karachi.
Alexander the Great stationed his fleet in Krokola on his way to Babylon.
Alexander the Great defeated Darius and conquered Babylon before expanding his 
empire.
#### Yes.

Example 2:
Q: Was P. G. Wodehouse's favorite book The Hunger Games?

A: P. G. Wodehouse died in 1975.
The Hunger Games was published in 2008.
#### No.
IMPORTANT:
- Think step by step.
- The final line must be exactly in the format: #### Yes. or #### No.
- Do not end with anything else after the final answer.
Your Question:
Q: Is popular science used to peer review papers?

A: Popular science is a genre of writing that communicates scientific concepts to a general audience.
It is typically not used as a formal method for peer reviewing academic papers.
Peer review is a process in which experts in the field evaluate academic papers before publication.
A: Popular science is a genre of writing that communicates scientific concepts to a general audience.
Responses:
A: Popular science is a genre of writing that communicates scientific concepts to a general audience. (Score: 0.0233154296875)
It is typically not used as a formal method for peer reviewing academic papers. (Score: 0.023590087890625)
<EMPTY> (Score: -inf)
<EMPTY> (Score: -inf)

====================
Query:
Use the step-by-step method as shown in the examples to answer the question. Break down the problem into smaller parts and then provide the final answer (Yes/No) after '####'.

Example 1:
Q: Karachi was a part of Alexander the Great's success?

A: Karachi is a city in modern day Pakistan.
Krokola was an ancient port located in what is now Karachi.
Alexander the Great stationed his fleet in Krokola on his way to Babylon.
Alexander the Great defeated Darius and conquered Babylon before expanding his 
empire.
#### Yes.

Example 2:
Q: Was P. G. Wodehouse's favorite book The Hunger Games?

A: P. G. Wodehouse died in 1975.
The Hunger Games was published in 2008.
#### No.
IMPORTANT:
- Think step by step.
- The final line must be exactly in the format: #### Yes. or #### No.
- Do not end with anything else after the final answer.
Your Question:
Q: Can dementia be cured with a cast?

A:
Responses:
Dementia is a neurological condition that affects memory, thinking, and behavior. (Score: 0.0245819091796875)
Dementia is a neurological disorder that affects memory, thinking, and behavior. (Score: 0.0245819091796875)
Dementia is a cognitive disorder that affects memory, thinking, and social abilities. (Score: 0.024017333984375)
<EMPTY> (Score: -inf)

====================
Query:
Use the step-by-step method as shown in the examples to answer the question. Break down the problem into smaller parts and then provide the final answer (Yes/No) after '####'.

Example 1:
Q: Karachi was a part of Alexander the Great's success?

A: Karachi is a city in modern day Pakistan.
Krokola was an ancient port located in what is now Karachi.
Alexander the Great stationed his fleet in Krokola on his way to Babylon.
Alexander the Great defeated Darius and conquered Babylon before expanding his 
empire.
#### Yes.

Example 2:
Q: Was P. G. Wodehouse's favorite book The Hunger Games?

A: P. G. Wodehouse died in 1975.
The Hunger Games was published in 2008.
#### No.
IMPORTANT:
- Think step by step.
- The final line must be exactly in the format: #### Yes. or #### No.
- Do not end with anything else after the final answer.
Your Question:
Q: Can dementia be cured with a cast?

A: Dementia is a neurological disorder that affects memory, thinking, and behavior.
Responses:
Dementia is not caused by a physical injury that would require a cast for healing. (Score: 0.0263519287109375)
Dementia is typically caused by a variety of brain diseases, including Alzheimer's disease. (Score: 0.02264404296875)
Dementia is caused by damage to brain cells, which can be due to various factors such as Alzheimer's disease, vascular issues, or other neurodegenerative conditions. (Score: 0.024566650390625)
Dementia is primarily caused by damage to brain cells and is not a physical injury that can be treated with a cast. (Score: 0.025390625)

====================
Query:
Use the step-by-step method as shown in the examples to answer the question. Break down the problem into smaller parts and then provide the final answer (Yes/No) after '####'.

Example 1:
Q: Karachi was a part of Alexander the Great's success?

A: Karachi is a city in modern day Pakistan.
Krokola was an ancient port located in what is now Karachi.
Alexander the Great stationed his fleet in Krokola on his way to Babylon.
Alexander the Great defeated Darius and conquered Babylon before expanding his 
empire.
#### Yes.

Example 2:
Q: Was P. G. Wodehouse's favorite book The Hunger Games?

A: P. G. Wodehouse died in 1975.
The Hunger Games was published in 2008.
#### No.
IMPORTANT:
- Think step by step.
- The final line must be exactly in the format: #### Yes. or #### No.
- Do not end with anything else after the final answer.
Your Question:
Q: Can dementia be cured with a cast?

A: Dementia is a neurological condition that affects memory, thinking, and behavior.
Responses:
Dementia cannot be treated with a cast, as a cast is used for immobilizing broken bones or injuries. (Score: 0.02459716796875)
Dementia cannot be cured; it is a progressive disease. (Score: 0.0242156982421875)
Dementia cannot be cured; it is a progressive condition that requires management rather than a cure. (Score: 0.0237274169921875)
It is caused by damage to brain cells and is not a physical injury that can be treated with a cast. (Score: 0.0267181396484375)

====================
Query:
Use the step-by-step method as shown in the examples to answer the question. Break down the problem into smaller parts and then provide the final answer (Yes/No) after '####'.

Example 1:
Q: Karachi was a part of Alexander the Great's success?

A: Karachi is a city in modern day Pakistan.
Krokola was an ancient port located in what is now Karachi.
Alexander the Great stationed his fleet in Krokola on his way to Babylon.
Alexander the Great defeated Darius and conquered Babylon before expanding his 
empire.
#### Yes.

Example 2:
Q: Was P. G. Wodehouse's favorite book The Hunger Games?

A: P. G. Wodehouse died in 1975.
The Hunger Games was published in 2008.
#### No.
IMPORTANT:
- Think step by step.
- The final line must be exactly in the format: #### Yes. or #### No.
- Do not end with anything else after the final answer.
Your Question:
Q: Can dementia be cured with a cast?

A: Dementia is a neurological condition that affects memory, thinking, and behavior.
It is caused by damage to brain cells and is not a physical injury that can be treated with a cast.
Responses:
A cast is typically used to immobilize broken bones or injuries to limbs, not for neurological conditions. (Score: 0.029022216796875)
A cast is typically used to immobilize broken bones or injuries, not neurological conditions. (Score: 0.0291748046875)
A: A cast is typically used to immobilize broken bones or injuries. (Score: 0.0256805419921875)
A cast is a support used to immobilize broken bones or injuries. (Score: 0.025360107421875)

====================
Query:
Use the step-by-step method as shown in the examples to answer the question. Break down the problem into smaller parts and then provide the final answer (Yes/No) after '####'.

Example 1:
Q: Karachi was a part of Alexander the Great's success?

A: Karachi is a city in modern day Pakistan.
Krokola was an ancient port located in what is now Karachi.
Alexander the Great stationed his fleet in Krokola on his way to Babylon.
Alexander the Great defeated Darius and conquered Babylon before expanding his 
empire.
#### Yes.

Example 2:
Q: Was P. G. Wodehouse's favorite book The Hunger Games?

A: P. G. Wodehouse died in 1975.
The Hunger Games was published in 2008.
#### No.
IMPORTANT:
- Think step by step.
- The final line must be exactly in the format: #### Yes. or #### No.
- Do not end with anything else after the final answer.
Your Question:
Q: Can dementia be cured with a cast?

A: Dementia is a neurological disorder that affects memory, thinking, and behavior.
Dementia is not caused by a physical injury that would require a cast for healing.
Responses:
A: A cast is typically used to immobilize broken bones or injuries. (Score: 0.0233917236328125)
Dementia is a progressive disease that currently has no cure. (Score: 0.02520751953125)
A: There is currently no cure for dementia. (Score: 0.0239715576171875)
<EMPTY> (Score: -inf)

====================
Query:
Use the step-by-step method as shown in the examples to answer the question. Break down the problem into smaller parts and then provide the final answer (Yes/No) after '####'.

Example 1:
Q: Karachi was a part of Alexander the Great's success?

A: Karachi is a city in modern day Pakistan.
Krokola was an ancient port located in what is now Karachi.
Alexander the Great stationed his fleet in Krokola on his way to Babylon.
Alexander the Great defeated Darius and conquered Babylon before expanding his 
empire.
#### Yes.

Example 2:
Q: Was P. G. Wodehouse's favorite book The Hunger Games?

A: P. G. Wodehouse died in 1975.
The Hunger Games was published in 2008.
#### No.
IMPORTANT:
- Think step by step.
- The final line must be exactly in the format: #### Yes. or #### No.
- Do not end with anything else after the final answer.
Your Question:
Q: Can dementia be cured with a cast?

A: Dementia is a neurological condition that affects memory, thinking, and behavior.
It is caused by damage to brain cells and is not a physical injury that can be treated with a cast.
A cast is typically used to immobilize broken bones or injuries, not neurological conditions.
Responses:
#### No. (Score: 0.03033447265625)
#### No. (Score: 0.03033447265625)
<EMPTY> (Score: -inf)
<EMPTY> (Score: -inf)

====================
Query:
Use the step-by-step method as shown in the examples to answer the question. Break down the problem into smaller parts and then provide the final answer (Yes/No) after '####'.

Example 1:
Q: Karachi was a part of Alexander the Great's success?

A: Karachi is a city in modern day Pakistan.
Krokola was an ancient port located in what is now Karachi.
Alexander the Great stationed his fleet in Krokola on his way to Babylon.
Alexander the Great defeated Darius and conquered Babylon before expanding his 
empire.
#### Yes.

Example 2:
Q: Was P. G. Wodehouse's favorite book The Hunger Games?

A: P. G. Wodehouse died in 1975.
The Hunger Games was published in 2008.
#### No.
IMPORTANT:
- Think step by step.
- The final line must be exactly in the format: #### Yes. or #### No.
- Do not end with anything else after the final answer.
Your Question:
Q: Can dementia be cured with a cast?

A: Dementia is a neurological condition that affects memory, thinking, and behavior.
It is caused by damage to brain cells and is not a physical injury that can be treated with a cast.
A cast is typically used to immobilize broken bones or injuries to limbs, not for neurological conditions.
Responses:
#### No. (Score: 0.029937744140625)
#### No. (Score: 0.029937744140625)
<EMPTY> (Score: -inf)
<EMPTY> (Score: -inf)

====================
Query:
Use the step-by-step method as shown in the examples to answer the question. Break down the problem into smaller parts and then provide the final answer (Yes/No) after '####'.

Example 1:
Q: Karachi was a part of Alexander the Great's success?

A: Karachi is a city in modern day Pakistan.
Krokola was an ancient port located in what is now Karachi.
Alexander the Great stationed his fleet in Krokola on his way to Babylon.
Alexander the Great defeated Darius and conquered Babylon before expanding his 
empire.
#### Yes.

Example 2:
Q: Was P. G. Wodehouse's favorite book The Hunger Games?

A: P. G. Wodehouse died in 1975.
The Hunger Games was published in 2008.
#### No.
IMPORTANT:
- Think step by step.
- The final line must be exactly in the format: #### Yes. or #### No.
- Do not end with anything else after the final answer.
Your Question:
Q: Is it safe to wear sandals in snow?

A:
Responses:
Wearing sandals typically provides minimal insulation and protection against cold temperatures. (Score: 0.02911376953125)
Wearing sandals typically provides little insulation and protection from cold weather. (Score: 0.029998779296875)
Wearing sandals is typically associated with warm weather. (Score: 0.03369140625)
<EMPTY> (Score: -inf)

====================
Query:
Use the step-by-step method as shown in the examples to answer the question. Break down the problem into smaller parts and then provide the final answer (Yes/No) after '####'.

Example 1:
Q: Karachi was a part of Alexander the Great's success?

A: Karachi is a city in modern day Pakistan.
Krokola was an ancient port located in what is now Karachi.
Alexander the Great stationed his fleet in Krokola on his way to Babylon.
Alexander the Great defeated Darius and conquered Babylon before expanding his 
empire.
#### Yes.

Example 2:
Q: Was P. G. Wodehouse's favorite book The Hunger Games?

A: P. G. Wodehouse died in 1975.
The Hunger Games was published in 2008.
#### No.
IMPORTANT:
- Think step by step.
- The final line must be exactly in the format: #### Yes. or #### No.
- Do not end with anything else after the final answer.
Your Question:
Q: Is it safe to wear sandals in snow?

A: Wearing sandals is typically associated with warm weather.
Responses:
Snow is cold and can cause frostbite or discomfort to the feet. (Score: 0.0283660888671875)
Snow is cold and can lead to frostbite or other cold-related injuries. (Score: 0.027557373046875)
Wearing sandals does not provide insulation or protection against cold temperatures. (Score: 0.0302734375)
Sandals do not provide adequate insulation for cold conditions. (Score: 0.03009033203125)

====================
Query:
Use the step-by-step method as shown in the examples to answer the question. Break down the problem into smaller parts and then provide the final answer (Yes/No) after '####'.

Example 1:
Q: Karachi was a part of Alexander the Great's success?

A: Karachi is a city in modern day Pakistan.
Krokola was an ancient port located in what is now Karachi.
Alexander the Great stationed his fleet in Krokola on his way to Babylon.
Alexander the Great defeated Darius and conquered Babylon before expanding his 
empire.
#### Yes.

Example 2:
Q: Was P. G. Wodehouse's favorite book The Hunger Games?

A: P. G. Wodehouse died in 1975.
The Hunger Games was published in 2008.
#### No.
IMPORTANT:
- Think step by step.
- The final line must be exactly in the format: #### Yes. or #### No.
- Do not end with anything else after the final answer.
Your Question:
Q: Is it safe to wear sandals in snow?

A: Wearing sandals typically provides little insulation and protection from cold weather.
Responses:
Snow is cold and can cause frostbite or hypothermia. (Score: 0.0277252197265625)
Sandals are designed for warm weather and do not cover the feet adequately. (Score: 0.0284881591796875)
Snow is cold and can cause frostbite or discomfort to exposed skin. (Score: 0.0279541015625)
Snow is often cold and can lead to frostbite or other cold-related injuries. (Score: 0.0278472900390625)

====================
Query:
Use the step-by-step method as shown in the examples to answer the question. Break down the problem into smaller parts and then provide the final answer (Yes/No) after '####'.

Example 1:
Q: Karachi was a part of Alexander the Great's success?

A: Karachi is a city in modern day Pakistan.
Krokola was an ancient port located in what is now Karachi.
Alexander the Great stationed his fleet in Krokola on his way to Babylon.
Alexander the Great defeated Darius and conquered Babylon before expanding his 
empire.
#### Yes.

Example 2:
Q: Was P. G. Wodehouse's favorite book The Hunger Games?

A: P. G. Wodehouse died in 1975.
The Hunger Games was published in 2008.
#### No.
IMPORTANT:
- Think step by step.
- The final line must be exactly in the format: #### Yes. or #### No.
- Do not end with anything else after the final answer.
Your Question:
Q: Is it safe to wear sandals in snow?

A: Wearing sandals is typically associated with warm weather.
Wearing sandals does not provide insulation or protection against cold temperatures.
Responses:
Snow is cold and can cause frostbite or discomfort to bare feet. (Score: 0.029022216796875)
Snow is cold and can create icy conditions, which can lead to slipping and falling. (Score: 0.0270538330078125)
Snow can be very cold and slippery, making it hazardous to wear inappropriate footwear. (Score: 0.0278167724609375)
Snow is cold and can cause frostbite or discomfort to exposed skin. (Score: 0.0292816162109375)

====================
Query:
Use the step-by-step method as shown in the examples to answer the question. Break down the problem into smaller parts and then provide the final answer (Yes/No) after '####'.

Example 1:
Q: Karachi was a part of Alexander the Great's success?

A: Karachi is a city in modern day Pakistan.
Krokola was an ancient port located in what is now Karachi.
Alexander the Great stationed his fleet in Krokola on his way to Babylon.
Alexander the Great defeated Darius and conquered Babylon before expanding his 
empire.
#### Yes.

Example 2:
Q: Was P. G. Wodehouse's favorite book The Hunger Games?

A: P. G. Wodehouse died in 1975.
The Hunger Games was published in 2008.
#### No.
IMPORTANT:
- Think step by step.
- The final line must be exactly in the format: #### Yes. or #### No.
- Do not end with anything else after the final answer.
Your Question:
Q: Is it safe to wear sandals in snow?

A: Wearing sandals is typically associated with warm weather.
Sandals do not provide adequate insulation for cold conditions.
Responses:
Walking in snow requires proper footwear to keep feet warm and dry. (Score: 0.0309906005859375)
Snow is usually cold and can create slippery surfaces. (Score: 0.028961181640625)
Snow is cold and can lead to frostbite or cold-related injuries if proper footwear is not worn. (Score: 0.028350830078125)
Snow is cold and can lead to frostbite if proper footwear is not worn. (Score: 0.030975341796875)

====================
Query:
Use the step-by-step method as shown in the examples to answer the question. Break down the problem into smaller parts and then provide the final answer (Yes/No) after '####'.

Example 1:
Q: Karachi was a part of Alexander the Great's success?

A: Karachi is a city in modern day Pakistan.
Krokola was an ancient port located in what is now Karachi.
Alexander the Great stationed his fleet in Krokola on his way to Babylon.
Alexander the Great defeated Darius and conquered Babylon before expanding his 
empire.
#### Yes.

Example 2:
Q: Was P. G. Wodehouse's favorite book The Hunger Games?

A: P. G. Wodehouse died in 1975.
The Hunger Games was published in 2008.
#### No.
IMPORTANT:
- Think step by step.
- The final line must be exactly in the format: #### Yes. or #### No.
- Do not end with anything else after the final answer.
Your Question:
Q: Is it safe to wear sandals in snow?

A: Wearing sandals is typically associated with warm weather.
Sandals do not provide adequate insulation for cold conditions.
Walking in snow requires proper footwear to keep feet warm and dry.
Responses:
Wearing sandals in snow can lead to cold and wet feet. (Score: 0.029296875)
Wearing sandals in snow can lead to cold and wet feet. (Score: 0.029296875)
<EMPTY> (Score: -inf)
<EMPTY> (Score: -inf)

====================
Query:
Use the step-by-step method as shown in the examples to answer the question. Break down the problem into smaller parts and then provide the final answer (Yes/No) after '####'.

Example 1:
Q: Karachi was a part of Alexander the Great's success?

A: Karachi is a city in modern day Pakistan.
Krokola was an ancient port located in what is now Karachi.
Alexander the Great stationed his fleet in Krokola on his way to Babylon.
Alexander the Great defeated Darius and conquered Babylon before expanding his 
empire.
#### Yes.

Example 2:
Q: Was P. G. Wodehouse's favorite book The Hunger Games?

A: P. G. Wodehouse died in 1975.
The Hunger Games was published in 2008.
#### No.
IMPORTANT:
- Think step by step.
- The final line must be exactly in the format: #### Yes. or #### No.
- Do not end with anything else after the final answer.
Your Question:
Q: Is it safe to wear sandals in snow?

A: Wearing sandals is typically associated with warm weather.
Sandals do not provide adequate insulation for cold conditions.
Snow is cold and can lead to frostbite if proper footwear is not worn.
Responses:
Wearing sandals in snow can expose the feet to extreme cold. (Score: 0.0271148681640625)
Wearing sandals in snow can expose feet to low temperatures. (Score: 0.0283355712890625)
Additionally, sandals do not have a closed design, leaving feet exposed to cold and moisture. (Score: 0.0289306640625)
#### No. (Score: 0.0289764404296875)

====================
Query:
Use the step-by-step method as shown in the examples to answer the question. Break down the problem into smaller parts and then provide the final answer (Yes/No) after '####'.

Example 1:
Q: Karachi was a part of Alexander the Great's success?

A: Karachi is a city in modern day Pakistan.
Krokola was an ancient port located in what is now Karachi.
Alexander the Great stationed his fleet in Krokola on his way to Babylon.
Alexander the Great defeated Darius and conquered Babylon before expanding his 
empire.
#### Yes.

Example 2:
Q: Was P. G. Wodehouse's favorite book The Hunger Games?

A: P. G. Wodehouse died in 1975.
The Hunger Games was published in 2008.
#### No.
IMPORTANT:
- Think step by step.
- The final line must be exactly in the format: #### Yes. or #### No.
- Do not end with anything else after the final answer.
Your Question:
Q: Is it safe to wear sandals in snow?

A: Wearing sandals is typically associated with warm weather.
Sandals do not provide adequate insulation for cold conditions.
Walking in snow requires proper footwear to keep feet warm and dry.
Wearing sandals in snow can lead to cold and wet feet.
Responses:
#### No. (Score: 0.029815673828125)
#### No. (Score: 0.029815673828125)
<EMPTY> (Score: -inf)
<EMPTY> (Score: -inf)

====================
Query:
Use the step-by-step method as shown in the examples to answer the question. Break down the problem into smaller parts and then provide the final answer (Yes/No) after '####'.

Example 1:
Q: Karachi was a part of Alexander the Great's success?

A: Karachi is a city in modern day Pakistan.
Krokola was an ancient port located in what is now Karachi.
Alexander the Great stationed his fleet in Krokola on his way to Babylon.
Alexander the Great defeated Darius and conquered Babylon before expanding his 
empire.
#### Yes.

Example 2:
Q: Was P. G. Wodehouse's favorite book The Hunger Games?

A: P. G. Wodehouse died in 1975.
The Hunger Games was published in 2008.
#### No.
IMPORTANT:
- Think step by step.
- The final line must be exactly in the format: #### Yes. or #### No.
- Do not end with anything else after the final answer.
Your Question:
Q: Is it safe to wear sandals in snow?

A: Wearing sandals is typically associated with warm weather.
Sandals do not provide adequate insulation for cold conditions.
Walking in snow requires proper footwear to keep feet warm and dry.
Wearing sandals in snow can lead to cold and wet feet.
Responses:
#### No. (Score: 0.029815673828125)
#### No. (Score: 0.029815673828125)
<EMPTY> (Score: -inf)
<EMPTY> (Score: -inf)

====================
Query:
Use the step-by-step method as shown in the examples to answer the question. Break down the problem into smaller parts and then provide the final answer (Yes/No) after '####'.

Example 1:
Q: Karachi was a part of Alexander the Great's success?

A: Karachi is a city in modern day Pakistan.
Krokola was an ancient port located in what is now Karachi.
Alexander the Great stationed his fleet in Krokola on his way to Babylon.
Alexander the Great defeated Darius and conquered Babylon before expanding his 
empire.
#### Yes.

Example 2:
Q: Was P. G. Wodehouse's favorite book The Hunger Games?

A: P. G. Wodehouse died in 1975.
The Hunger Games was published in 2008.
#### No.
IMPORTANT:
- Think step by step.
- The final line must be exactly in the format: #### Yes. or #### No.
- Do not end with anything else after the final answer.
Your Question:
Q: Will parma ham be ready for New Year's if the pig is slaughtered in December?

A:
Responses:
Parma ham is a type of dry-cured ham that originates from the Parma region in Italy. (Score: 0.031005859375)
A: Parma ham is a type of dry-cured ham that comes from the Parma region of Italy. (Score: 0.0289764404296875)
Parma ham is a type of dry-cured ham that requires a specific production process. (Score: 0.0283660888671875)
<EMPTY> (Score: -inf)

====================
Query:
Use the step-by-step method as shown in the examples to answer the question. Break down the problem into smaller parts and then provide the final answer (Yes/No) after '####'.

Example 1:
Q: Karachi was a part of Alexander the Great's success?

A: Karachi is a city in modern day Pakistan.
Krokola was an ancient port located in what is now Karachi.
Alexander the Great stationed his fleet in Krokola on his way to Babylon.
Alexander the Great defeated Darius and conquered Babylon before expanding his 
empire.
#### Yes.

Example 2:
Q: Was P. G. Wodehouse's favorite book The Hunger Games?

A: P. G. Wodehouse died in 1975.
The Hunger Games was published in 2008.
#### No.
IMPORTANT:
- Think step by step.
- The final line must be exactly in the format: #### Yes. or #### No.
- Do not end with anything else after the final answer.
Your Question:
Q: Will parma ham be ready for New Year's if the pig is slaughtered in December?

A: Parma ham is a type of dry-cured ham that originates from the Parma region in Italy.
Responses:
To make Parma ham, the pig must be slaughtered, and the curing process then begins. (Score: 0.02691650390625)
To produce Parma ham, the pig must be slaughtered and then the ham undergoes a specific curing process. (Score: 0.02813720703125)
To make Parma ham, the pig must be slaughtered and then the meat must go through a specific curing process. (Score: 0.0283050537109375)
To make Parma ham, the process begins with selecting a specific breed of pig, which is typically slaughtered at around 9 months old. (Score: 0.0268707275390625)

====================
Query:
Use the step-by-step method as shown in the examples to answer the question. Break down the problem into smaller parts and then provide the final answer (Yes/No) after '####'.

Example 1:
Q: Karachi was a part of Alexander the Great's success?

A: Karachi is a city in modern day Pakistan.
Krokola was an ancient port located in what is now Karachi.
Alexander the Great stationed his fleet in Krokola on his way to Babylon.
Alexander the Great defeated Darius and conquered Babylon before expanding his 
empire.
#### Yes.

Example 2:
Q: Was P. G. Wodehouse's favorite book The Hunger Games?

A: P. G. Wodehouse died in 1975.
The Hunger Games was published in 2008.
#### No.
IMPORTANT:
- Think step by step.
- The final line must be exactly in the format: #### Yes. or #### No.
- Do not end with anything else after the final answer.
Your Question:
Q: Will parma ham be ready for New Year's if the pig is slaughtered in December?

A: A: Parma ham is a type of dry-cured ham that comes from the Parma region of Italy.
Responses:
To make Parma ham, the pig must be slaughtered and then the meat must be salted and aged for a specific period of time. (Score: 0.027679443359375)
To produce Parma ham, the pig must be slaughtered and the ham must undergo a specific curing process. (Score: 0.0277557373046875)
Parma ham requires a specific curing process that can take several months. (Score: 0.028717041015625)
Parma ham undergoes a specific curing process that requires time. (Score: 0.029388427734375)

====================
Query:
Use the step-by-step method as shown in the examples to answer the question. Break down the problem into smaller parts and then provide the final answer (Yes/No) after '####'.

Example 1:
Q: Karachi was a part of Alexander the Great's success?

A: Karachi is a city in modern day Pakistan.
Krokola was an ancient port located in what is now Karachi.
Alexander the Great stationed his fleet in Krokola on his way to Babylon.
Alexander the Great defeated Darius and conquered Babylon before expanding his 
empire.
#### Yes.

Example 2:
Q: Was P. G. Wodehouse's favorite book The Hunger Games?

A: P. G. Wodehouse died in 1975.
The Hunger Games was published in 2008.
#### No.
IMPORTANT:
- Think step by step.
- The final line must be exactly in the format: #### Yes. or #### No.
- Do not end with anything else after the final answer.
Your Question:
Q: Will parma ham be ready for New Year's if the pig is slaughtered in December?

A: A: Parma ham is a type of dry-cured ham that comes from the Parma region of Italy.
Parma ham undergoes a specific curing process that requires time.
Responses:
The process involves salting the ham and then aging it for at least 12 months to develop the flavor and texture. (Score: 0.0289459228515625)
The curing process for Parma ham typically takes at least 12 months. (Score: 0.0286407470703125)
The curing process for Parma ham typically takes a minimum of 12 months. (Score: 0.029388427734375)
The process of making Parma ham typically takes at least 12 months from the time the pig is slaughtered to when the ham is ready for consumption. (Score: 0.0277099609375)

====================
Query:
Use the step-by-step method as shown in the examples to answer the question. Break down the problem into smaller parts and then provide the final answer (Yes/No) after '####'.

Example 1:
Q: Karachi was a part of Alexander the Great's success?

A: Karachi is a city in modern day Pakistan.
Krokola was an ancient port located in what is now Karachi.
Alexander the Great stationed his fleet in Krokola on his way to Babylon.
Alexander the Great defeated Darius and conquered Babylon before expanding his 
empire.
#### Yes.

Example 2:
Q: Was P. G. Wodehouse's favorite book The Hunger Games?

A: P. G. Wodehouse died in 1975.
The Hunger Games was published in 2008.
#### No.
IMPORTANT:
- Think step by step.
- The final line must be exactly in the format: #### Yes. or #### No.
- Do not end with anything else after the final answer.
Your Question:
Q: Will parma ham be ready for New Year's if the pig is slaughtered in December?

A: A: Parma ham is a type of dry-cured ham that comes from the Parma region of Italy.
Parma ham requires a specific curing process that can take several months.
Responses:
To produce Parma ham, the meat must undergo a specific process that involves salting and then aging. (Score: 0.0280303955078125)
To produce Parma ham, the pig must be slaughtered and then the ham must undergo a curing process. (Score: 0.027801513671875)
To be considered authentic, Parma ham must be cured for a minimum of 12 months. (Score: 0.0274200439453125)
The pig must be slaughtered in December for the ham to be prepared. (Score: 0.0287017822265625)

====================
Query:
Use the step-by-step method as shown in the examples to answer the question. Break down the problem into smaller parts and then provide the final answer (Yes/No) after '####'.

Example 1:
Q: Karachi was a part of Alexander the Great's success?

A: Karachi is a city in modern day Pakistan.
Krokola was an ancient port located in what is now Karachi.
Alexander the Great stationed his fleet in Krokola on his way to Babylon.
Alexander the Great defeated Darius and conquered Babylon before expanding his 
empire.
#### Yes.

Example 2:
Q: Was P. G. Wodehouse's favorite book The Hunger Games?

A: P. G. Wodehouse died in 1975.
The Hunger Games was published in 2008.
#### No.
IMPORTANT:
- Think step by step.
- The final line must be exactly in the format: #### Yes. or #### No.
- Do not end with anything else after the final answer.
Your Question:
Q: Will parma ham be ready for New Year's if the pig is slaughtered in December?

A: A: Parma ham is a type of dry-cured ham that comes from the Parma region of Italy.
Parma ham undergoes a specific curing process that requires time.
The curing process for Parma ham typically takes a minimum of 12 months.
Responses:
If the pig is slaughtered in December, it is unlikely that the ham will be ready by New Year's, as the curing process takes at least 12 months. (Score: 0.027313232421875)
The pig must be slaughtered in December for the ham to be processed. (Score: 0.0296783447265625)
If the pig is slaughtered in December, the ham would not complete the curing process by New Year's, as it needs at least 12 months to cure properly. (Score: 0.029083251953125)
If the pig is slaughtered in December, it would not be possible for the ham to be ready by New Year's, as the curing process is much longer than that. (Score: 0.027679443359375)

====================
Query:
Use the step-by-step method as shown in the examples to answer the question. Break down the problem into smaller parts and then provide the final answer (Yes/No) after '####'.

Example 1:
Q: Karachi was a part of Alexander the Great's success?

A: Karachi is a city in modern day Pakistan.
Krokola was an ancient port located in what is now Karachi.
Alexander the Great stationed his fleet in Krokola on his way to Babylon.
Alexander the Great defeated Darius and conquered Babylon before expanding his 
empire.
#### Yes.

Example 2:
Q: Was P. G. Wodehouse's favorite book The Hunger Games?

A: P. G. Wodehouse died in 1975.
The Hunger Games was published in 2008.
#### No.
IMPORTANT:
- Think step by step.
- The final line must be exactly in the format: #### Yes. or #### No.
- Do not end with anything else after the final answer.
Your Question:
Q: Will parma ham be ready for New Year's if the pig is slaughtered in December?

A: A: Parma ham is a type of dry-cured ham that comes from the Parma region of Italy.
Parma ham undergoes a specific curing process that requires time.
The process involves salting the ham and then aging it for at least 12 months to develop the flavor and texture.
Responses:
The pig must be slaughtered in the appropriate season for the ham to be processed. (Score: 0.03045654296875)
If the pig is slaughtered in December, the ham would not be ready by New Year's due to the lengthy aging process required for Parma ham. (Score: 0.027557373046875)
If the pig is slaughtered in December, it would be impossible for the ham to be fully cured and aged by New Year's due to the minimum curing time required. (Score: 0.0280609130859375)
If the pig is slaughtered in December, it would not provide enough time for the ham to undergo the full curing and aging process required to be classified as Parma ham by New Year's. (Score: 0.0296173095703125)

====================
Query:
Use the step-by-step method as shown in the examples to answer the question. Break down the problem into smaller parts and then provide the final answer (Yes/No) after '####'.

Example 1:
Q: Karachi was a part of Alexander the Great's success?

A: Karachi is a city in modern day Pakistan.
Krokola was an ancient port located in what is now Karachi.
Alexander the Great stationed his fleet in Krokola on his way to Babylon.
Alexander the Great defeated Darius and conquered Babylon before expanding his 
empire.
#### Yes.

Example 2:
Q: Was P. G. Wodehouse's favorite book The Hunger Games?

A: P. G. Wodehouse died in 1975.
The Hunger Games was published in 2008.
#### No.
IMPORTANT:
- Think step by step.
- The final line must be exactly in the format: #### Yes. or #### No.
- Do not end with anything else after the final answer.
Your Question:
Q: Will parma ham be ready for New Year's if the pig is slaughtered in December?

A: A: Parma ham is a type of dry-cured ham that comes from the Parma region of Italy.
Parma ham undergoes a specific curing process that requires time.
The process involves salting the ham and then aging it for at least 12 months to develop the flavor and texture.
The pig must be slaughtered in the appropriate season for the ham to be processed.
Responses:
The pig can be slaughtered in December, but the curing and aging process of Parma ham takes at least 12 months. (Score: 0.0307769775390625)
In order to produce Parma ham, the pig must be slaughtered, and the meat must go through a lengthy curing and aging process. (Score: 0.0300750732421875)
The pig is slaughtered in December, which allows sufficient time for the initial salting process. (Score: 0.0304107666015625)
The pig is slaughtered in December. (Score: 0.0302734375)

====================
Query:
Use the step-by-step method as shown in the examples to answer the question. Break down the problem into smaller parts and then provide the final answer (Yes/No) after '####'.

Example 1:
Q: Karachi was a part of Alexander the Great's success?

A: Karachi is a city in modern day Pakistan.
Krokola was an ancient port located in what is now Karachi.
Alexander the Great stationed his fleet in Krokola on his way to Babylon.
Alexander the Great defeated Darius and conquered Babylon before expanding his 
empire.
#### Yes.

Example 2:
Q: Was P. G. Wodehouse's favorite book The Hunger Games?

A: P. G. Wodehouse died in 1975.
The Hunger Games was published in 2008.
#### No.
IMPORTANT:
- Think step by step.
- The final line must be exactly in the format: #### Yes. or #### No.
- Do not end with anything else after the final answer.
Your Question:
Q: Will parma ham be ready for New Year's if the pig is slaughtered in December?

A: A: Parma ham is a type of dry-cured ham that comes from the Parma region of Italy.
Parma ham undergoes a specific curing process that requires time.
The curing process for Parma ham typically takes a minimum of 12 months.
The pig must be slaughtered in December for the ham to be processed.
Responses:
The ham would not be ready by New Year's as the curing process takes longer than a month. (Score: 0.0287628173828125)
Since the ham requires a minimum of 12 months to cure, if the pig is slaughtered in December, the Parma ham will not be ready by New Year's, which is only a few weeks later. (Score: 0.0296173095703125)
The curing process will not be completed by New Year's if the pig is slaughtered in December. (Score: 0.028045654296875)
The curing process cannot be completed in less than 12 months. (Score: 0.0300750732421875)

====================
Query:
Use the step-by-step method as shown in the examples to answer the question. Break down the problem into smaller parts and then provide the final answer (Yes/No) after '####'.

Example 1:
Q: Karachi was a part of Alexander the Great's success?

A: Karachi is a city in modern day Pakistan.
Krokola was an ancient port located in what is now Karachi.
Alexander the Great stationed his fleet in Krokola on his way to Babylon.
Alexander the Great defeated Darius and conquered Babylon before expanding his 
empire.
#### Yes.

Example 2:
Q: Was P. G. Wodehouse's favorite book The Hunger Games?

A: P. G. Wodehouse died in 1975.
The Hunger Games was published in 2008.
#### No.
IMPORTANT:
- Think step by step.
- The final line must be exactly in the format: #### Yes. or #### No.
- Do not end with anything else after the final answer.
Your Question:
Q: Will parma ham be ready for New Year's if the pig is slaughtered in December?

A: A: Parma ham is a type of dry-cured ham that comes from the Parma region of Italy.
Parma ham undergoes a specific curing process that requires time.
The process involves salting the ham and then aging it for at least 12 months to develop the flavor and texture.
The pig must be slaughtered in the appropriate season for the ham to be processed.
The pig can be slaughtered in December, but the curing and aging process of Parma ham takes at least 12 months.
Responses:
Thus, if the pig is slaughtered in December, the ham will not be ready by New Year's. (Score: 0.0296630859375)
Therefore, if the pig is slaughtered in December, the ham will not be ready by New Year's of the following year. (Score: 0.030426025390625)
Therefore, if the pig is slaughtered in December, the ham will not be ready by New Year's as it requires at least a year of aging. (Score: 0.029998779296875)
Therefore, if the pig is slaughtered in December, the ham will not be ready for New Year's, as the aging process will not be complete by then. (Score: 0.0302734375)

====================
Query:
Use the step-by-step method as shown in the examples to answer the question. Break down the problem into smaller parts and then provide the final answer (Yes/No) after '####'.

Example 1:
Q: Karachi was a part of Alexander the Great's success?

A: Karachi is a city in modern day Pakistan.
Krokola was an ancient port located in what is now Karachi.
Alexander the Great stationed his fleet in Krokola on his way to Babylon.
Alexander the Great defeated Darius and conquered Babylon before expanding his 
empire.
#### Yes.

Example 2:
Q: Was P. G. Wodehouse's favorite book The Hunger Games?

A: P. G. Wodehouse died in 1975.
The Hunger Games was published in 2008.
#### No.
IMPORTANT:
- Think step by step.
- The final line must be exactly in the format: #### Yes. or #### No.
- Do not end with anything else after the final answer.
Your Question:
Q: Will parma ham be ready for New Year's if the pig is slaughtered in December?

A: A: Parma ham is a type of dry-cured ham that comes from the Parma region of Italy.
Parma ham undergoes a specific curing process that requires time.
The process involves salting the ham and then aging it for at least 12 months to develop the flavor and texture.
The pig must be slaughtered in the appropriate season for the ham to be processed.
The pig is slaughtered in December, which allows sufficient time for the initial salting process.
Responses:
However, since Parma ham requires at least 12 months of aging after salting, it will not be ready by New Year's. (Score: 0.03009033203125)
However, given the aging requirement of at least 12 months, the ham will not be ready by New Year's of the following year. (Score: 0.0311279296875)
However, since the aging process takes at least 12 months, the ham will not be ready by New Year's of the same year. (Score: 0.0297393798828125)
However, given the required aging period of at least 12 months, the ham will not be ready by New Year's of the following year. (Score: 0.03082275390625)

====================
Query:
Use the step-by-step method as shown in the examples to answer the question. Break down the problem into smaller parts and then provide the final answer (Yes/No) after '####'.

Example 1:
Q: Karachi was a part of Alexander the Great's success?

A: Karachi is a city in modern day Pakistan.
Krokola was an ancient port located in what is now Karachi.
Alexander the Great stationed his fleet in Krokola on his way to Babylon.
Alexander the Great defeated Darius and conquered Babylon before expanding his 
empire.
#### Yes.

Example 2:
Q: Was P. G. Wodehouse's favorite book The Hunger Games?

A: P. G. Wodehouse died in 1975.
The Hunger Games was published in 2008.
#### No.
IMPORTANT:
- Think step by step.
- The final line must be exactly in the format: #### Yes. or #### No.
- Do not end with anything else after the final answer.
Your Question:
Q: Will parma ham be ready for New Year's if the pig is slaughtered in December?

A: A: Parma ham is a type of dry-cured ham that comes from the Parma region of Italy.
Parma ham undergoes a specific curing process that requires time.
The process involves salting the ham and then aging it for at least 12 months to develop the flavor and texture.
The pig must be slaughtered in the appropriate season for the ham to be processed.
The pig is slaughtered in December, which allows sufficient time for the initial salting process.
However, given the aging requirement of at least 12 months, the ham will not be ready by New Year's of the following year.
Responses:
A: Parma ham is a type of dry-cured ham that comes from the Parma region of Italy. (Score: 0.03125)
A: Parma ham is a type of dry-cured ham that comes from the Parma region of Italy. (Score: 0.03125)
<EMPTY> (Score: -inf)
<EMPTY> (Score: -inf)

====================
Query:
Use the step-by-step method as shown in the examples to answer the question. Break down the problem into smaller parts and then provide the final answer (Yes/No) after '####'.

Example 1:
Q: Karachi was a part of Alexander the Great's success?

A: Karachi is a city in modern day Pakistan.
Krokola was an ancient port located in what is now Karachi.
Alexander the Great stationed his fleet in Krokola on his way to Babylon.
Alexander the Great defeated Darius and conquered Babylon before expanding his 
empire.
#### Yes.

Example 2:
Q: Was P. G. Wodehouse's favorite book The Hunger Games?

A: P. G. Wodehouse died in 1975.
The Hunger Games was published in 2008.
#### No.
IMPORTANT:
- Think step by step.
- The final line must be exactly in the format: #### Yes. or #### No.
- Do not end with anything else after the final answer.
Your Question:
Q: Will parma ham be ready for New Year's if the pig is slaughtered in December?

A: A: Parma ham is a type of dry-cured ham that comes from the Parma region of Italy.
Parma ham undergoes a specific curing process that requires time.
The process involves salting the ham and then aging it for at least 12 months to develop the flavor and texture.
The pig must be slaughtered in the appropriate season for the ham to be processed.
The pig is slaughtered in December, which allows sufficient time for the initial salting process.
However, given the required aging period of at least 12 months, the ham will not be ready by New Year's of the following year.
Responses:
A: Parma ham is a type of dry-cured ham that comes from the Parma region of Italy. (Score: 0.03192138671875)
#### No. (Score: 0.032501220703125)
<EMPTY> (Score: -inf)
<EMPTY> (Score: -inf)

====================
Query:
Use the step-by-step method as shown in the examples to answer the question. Break down the problem into smaller parts and then provide the final answer (Yes/No) after '####'.

Example 1:
Q: Karachi was a part of Alexander the Great's success?

A: Karachi is a city in modern day Pakistan.
Krokola was an ancient port located in what is now Karachi.
Alexander the Great stationed his fleet in Krokola on his way to Babylon.
Alexander the Great defeated Darius and conquered Babylon before expanding his 
empire.
#### Yes.

Example 2:
Q: Was P. G. Wodehouse's favorite book The Hunger Games?

A: P. G. Wodehouse died in 1975.
The Hunger Games was published in 2008.
#### No.
IMPORTANT:
- Think step by step.
- The final line must be exactly in the format: #### Yes. or #### No.
- Do not end with anything else after the final answer.
Your Question:
Q: Will parma ham be ready for New Year's if the pig is slaughtered in December?

A: A: Parma ham is a type of dry-cured ham that comes from the Parma region of Italy.
Parma ham undergoes a specific curing process that requires time.
The process involves salting the ham and then aging it for at least 12 months to develop the flavor and texture.
The pig must be slaughtered in the appropriate season for the ham to be processed.
The pig is slaughtered in December, which allows sufficient time for the initial salting process.
However, given the required aging period of at least 12 months, the ham will not be ready by New Year's of the following year.
A: Parma ham is a type of dry-cured ham that comes from the Parma region of Italy.
Responses:
Parma ham undergoes a specific curing process that requires time. (Score: 0.031402587890625)
Parma ham undergoes a specific curing process that takes a long time. (Score: 0.031280517578125)
<EMPTY> (Score: -inf)
<EMPTY> (Score: -inf)

====================
Query:
Use the step-by-step method as shown in the examples to answer the question. Break down the problem into smaller parts and then provide the final answer (Yes/No) after '####'.

Example 1:
Q: Karachi was a part of Alexander the Great's success?

A: Karachi is a city in modern day Pakistan.
Krokola was an ancient port located in what is now Karachi.
Alexander the Great stationed his fleet in Krokola on his way to Babylon.
Alexander the Great defeated Darius and conquered Babylon before expanding his 
empire.
#### Yes.

Example 2:
Q: Was P. G. Wodehouse's favorite book The Hunger Games?

A: P. G. Wodehouse died in 1975.
The Hunger Games was published in 2008.
#### No.
IMPORTANT:
- Think step by step.
- The final line must be exactly in the format: #### Yes. or #### No.
- Do not end with anything else after the final answer.
Your Question:
Q: Could Marco Rubio ride the Candymonium roller coaster at Hershey Park?

A:
Responses:
Marco Rubio is a U.S. Senator from Florida. (Score: 0.03338623046875)
A: The Candymonium roller coaster is located at Hershey Park in Pennsylvania. (Score: 0.02880859375)
<EMPTY> (Score: -inf)
<EMPTY> (Score: -inf)

====================
Query:
Use the step-by-step method as shown in the examples to answer the question. Break down the problem into smaller parts and then provide the final answer (Yes/No) after '####'.

Example 1:
Q: Karachi was a part of Alexander the Great's success?

A: Karachi is a city in modern day Pakistan.
Krokola was an ancient port located in what is now Karachi.
Alexander the Great stationed his fleet in Krokola on his way to Babylon.
Alexander the Great defeated Darius and conquered Babylon before expanding his 
empire.
#### Yes.

Example 2:
Q: Was P. G. Wodehouse's favorite book The Hunger Games?

A: P. G. Wodehouse died in 1975.
The Hunger Games was published in 2008.
#### No.
IMPORTANT:
- Think step by step.
- The final line must be exactly in the format: #### Yes. or #### No.
- Do not end with anything else after the final answer.
Your Question:
Q: Could Marco Rubio ride the Candymonium roller coaster at Hershey Park?

A: Marco Rubio is a U.S. Senator from Florida.
Responses:
Marco Rubio is an adult male politician. (Score: 0.0292205810546875)
He was born on May 28, 1971. (Score: 0.03094482421875)
Marco Rubio's age is a factor in determining if he can ride the roller coaster. (Score: 0.029571533203125)
Marco Rubio is an adult male. (Score: 0.033050537109375)

====================
Query:
Use the step-by-step method as shown in the examples to answer the question. Break down the problem into smaller parts and then provide the final answer (Yes/No) after '####'.

Example 1:
Q: Karachi was a part of Alexander the Great's success?

A: Karachi is a city in modern day Pakistan.
Krokola was an ancient port located in what is now Karachi.
Alexander the Great stationed his fleet in Krokola on his way to Babylon.
Alexander the Great defeated Darius and conquered Babylon before expanding his 
empire.
#### Yes.

Example 2:
Q: Was P. G. Wodehouse's favorite book The Hunger Games?

A: P. G. Wodehouse died in 1975.
The Hunger Games was published in 2008.
#### No.
IMPORTANT:
- Think step by step.
- The final line must be exactly in the format: #### Yes. or #### No.
- Do not end with anything else after the final answer.
Your Question:
Q: Could Marco Rubio ride the Candymonium roller coaster at Hershey Park?

A: A: The Candymonium roller coaster is located at Hershey Park in Pennsylvania.
Responses:
The Candymonium roller coaster has specific height and safety requirements for riders. (Score: 0.0261077880859375)
The Candymonium roller coaster has a minimum height requirement for riders. (Score: 0.02667236328125)
To ride a roller coaster, there are usually height and age restrictions. (Score: 0.0277862548828125)
<EMPTY> (Score: -inf)

====================
Query:
Use the step-by-step method as shown in the examples to answer the question. Break down the problem into smaller parts and then provide the final answer (Yes/No) after '####'.

Example 1:
Q: Karachi was a part of Alexander the Great's success?

A: Karachi is a city in modern day Pakistan.
Krokola was an ancient port located in what is now Karachi.
Alexander the Great stationed his fleet in Krokola on his way to Babylon.
Alexander the Great defeated Darius and conquered Babylon before expanding his 
empire.
#### Yes.

Example 2:
Q: Was P. G. Wodehouse's favorite book The Hunger Games?

A: P. G. Wodehouse died in 1975.
The Hunger Games was published in 2008.
#### No.
IMPORTANT:
- Think step by step.
- The final line must be exactly in the format: #### Yes. or #### No.
- Do not end with anything else after the final answer.
Your Question:
Q: Could Marco Rubio ride the Candymonium roller coaster at Hershey Park?

A: Marco Rubio is a U.S. Senator from Florida.
Marco Rubio is an adult male.
Responses:
To ride a roller coaster like Candymonium, one typically needs to meet certain height and health requirements. (Score: 0.032989501953125)
The Candymonium roller coaster at Hershey Park is designed for riders who meet certain height requirements. (Score: 0.0289459228515625)
To ride a roller coaster, one typically needs to meet specific height and safety requirements. (Score: 0.0301971435546875)
To ride a roller coaster, a person typically needs to meet certain height and health requirements. (Score: 0.030853271484375)

====================
Query:
Use the step-by-step method as shown in the examples to answer the question. Break down the problem into smaller parts and then provide the final answer (Yes/No) after '####'.

Example 1:
Q: Karachi was a part of Alexander the Great's success?

A: Karachi is a city in modern day Pakistan.
Krokola was an ancient port located in what is now Karachi.
Alexander the Great stationed his fleet in Krokola on his way to Babylon.
Alexander the Great defeated Darius and conquered Babylon before expanding his 
empire.
#### Yes.

Example 2:
Q: Was P. G. Wodehouse's favorite book The Hunger Games?

A: P. G. Wodehouse died in 1975.
The Hunger Games was published in 2008.
#### No.
IMPORTANT:
- Think step by step.
- The final line must be exactly in the format: #### Yes. or #### No.
- Do not end with anything else after the final answer.
Your Question:
Q: Could Marco Rubio ride the Candymonium roller coaster at Hershey Park?

A: Marco Rubio is a U.S. Senator from Florida.
He was born on May 28, 1971.
Responses:
To ride the Candymonium roller coaster, a person typically needs to meet certain height and health requirements. (Score: 0.031829833984375)
To ride roller coasters, there are typically height and age restrictions. (Score: 0.029388427734375)
To ride roller coasters, individuals typically need to meet certain height and safety requirements. (Score: 0.0288238525390625)
To ride roller coasters, individuals typically need to meet certain height requirements, which can vary by ride. (Score: 0.0301055908203125)

====================
Query:
Use the step-by-step method as shown in the examples to answer the question. Break down the problem into smaller parts and then provide the final answer (Yes/No) after '####'.

Example 1:
Q: Karachi was a part of Alexander the Great's success?

A: Karachi is a city in modern day Pakistan.
Krokola was an ancient port located in what is now Karachi.
Alexander the Great stationed his fleet in Krokola on his way to Babylon.
Alexander the Great defeated Darius and conquered Babylon before expanding his 
empire.
#### Yes.

Example 2:
Q: Was P. G. Wodehouse's favorite book The Hunger Games?

A: P. G. Wodehouse died in 1975.
The Hunger Games was published in 2008.
#### No.
IMPORTANT:
- Think step by step.
- The final line must be exactly in the format: #### Yes. or #### No.
- Do not end with anything else after the final answer.
Your Question:
Q: Could Marco Rubio ride the Candymonium roller coaster at Hershey Park?

A: Marco Rubio is a U.S. Senator from Florida.
Marco Rubio is an adult male.
To ride a roller coaster like Candymonium, one typically needs to meet certain height and health requirements.
Responses:
Candymonium is a roller coaster located at Hershey Park in Pennsylvania. (Score: 0.0321044921875)
Candymonium is a roller coaster at Hershey Park, designed for thrill-seekers. (Score: 0.030517578125)
The Candymonium roller coaster at Hershey Park has specific height restrictions that must be met in order to ride. (Score: 0.0310516357421875)
<EMPTY> (Score: -inf)

====================
Query:
Use the step-by-step method as shown in the examples to answer the question. Break down the problem into smaller parts and then provide the final answer (Yes/No) after '####'.

Example 1:
Q: Karachi was a part of Alexander the Great's success?

A: Karachi is a city in modern day Pakistan.
Krokola was an ancient port located in what is now Karachi.
Alexander the Great stationed his fleet in Krokola on his way to Babylon.
Alexander the Great defeated Darius and conquered Babylon before expanding his 
empire.
#### Yes.

Example 2:
Q: Was P. G. Wodehouse's favorite book The Hunger Games?

A: P. G. Wodehouse died in 1975.
The Hunger Games was published in 2008.
#### No.
IMPORTANT:
- Think step by step.
- The final line must be exactly in the format: #### Yes. or #### No.
- Do not end with anything else after the final answer.
Your Question:
Q: Could Marco Rubio ride the Candymonium roller coaster at Hershey Park?

A: Marco Rubio is a U.S. Senator from Florida.
He was born on May 28, 1971.
To ride the Candymonium roller coaster, a person typically needs to meet certain height and health requirements.
Responses:
Candymonium is a roller coaster located at Hershey Park, known for its height and speed. (Score: 0.030548095703125)
I need to check if Marco Rubio meets those requirements. (Score: 0.03265380859375)
The height requirement for the Candymonium roller coaster at Hershey Park is usually around 54 inches (137 cm) or taller. (Score: 0.033233642578125)
The Candymonium roller coaster at Hershey Park has height restrictions for riders. (Score: 0.0301666259765625)

====================
Query:
Use the step-by-step method as shown in the examples to answer the question. Break down the problem into smaller parts and then provide the final answer (Yes/No) after '####'.

Example 1:
Q: Karachi was a part of Alexander the Great's success?

A: Karachi is a city in modern day Pakistan.
Krokola was an ancient port located in what is now Karachi.
Alexander the Great stationed his fleet in Krokola on his way to Babylon.
Alexander the Great defeated Darius and conquered Babylon before expanding his 
empire.
#### Yes.

Example 2:
Q: Was P. G. Wodehouse's favorite book The Hunger Games?

A: P. G. Wodehouse died in 1975.
The Hunger Games was published in 2008.
#### No.
IMPORTANT:
- Think step by step.
- The final line must be exactly in the format: #### Yes. or #### No.
- Do not end with anything else after the final answer.
Your Question:
Q: Could Marco Rubio ride the Candymonium roller coaster at Hershey Park?

A: Marco Rubio is a U.S. Senator from Florida.
He was born on May 28, 1971.
To ride the Candymonium roller coaster, a person typically needs to meet certain height and health requirements.
The height requirement for the Candymonium roller coaster at Hershey Park is usually around 54 inches (137 cm) or taller.
Responses:
Marco Rubio is an adult and is well above the height requirement for most roller coasters, including Candymonium. (Score: 0.03265380859375)
Marco Rubio's height is not publicly documented, but as an adult male, it is likely he is taller than the height requirement of 54 inches. (Score: 0.03167724609375)
A: Marco Rubio is a U.S. Senator from Florida. (Score: 0.03167724609375)
Marco Rubio is an adult, and he is tall enough to meet the height requirement for most roller coasters, including Candymonium. (Score: 0.032470703125)

====================
Query:
Use the step-by-step method as shown in the examples to answer the question. Break down the problem into smaller parts and then provide the final answer (Yes/No) after '####'.

Example 1:
Q: Karachi was a part of Alexander the Great's success?

A: Karachi is a city in modern day Pakistan.
Krokola was an ancient port located in what is now Karachi.
Alexander the Great stationed his fleet in Krokola on his way to Babylon.
Alexander the Great defeated Darius and conquered Babylon before expanding his 
empire.
#### Yes.

Example 2:
Q: Was P. G. Wodehouse's favorite book The Hunger Games?

A: P. G. Wodehouse died in 1975.
The Hunger Games was published in 2008.
#### No.
IMPORTANT:
- Think step by step.
- The final line must be exactly in the format: #### Yes. or #### No.
- Do not end with anything else after the final answer.
Your Question:
Q: Could Marco Rubio ride the Candymonium roller coaster at Hershey Park?

A: Marco Rubio is a U.S. Senator from Florida.
He was born on May 28, 1971.
To ride the Candymonium roller coaster, a person typically needs to meet certain height and health requirements.
I need to check if Marco Rubio meets those requirements.
Responses:
Marco Rubio is approximately 5 feet 10 inches tall, which is about 178 cm. (Score: 0.0305633544921875)
Marco Rubio is a U.S. Senator from Florida. (Score: 0.030487060546875)
A: Marco Rubio is a U.S. Senator from Florida. (Score: 0.030792236328125)
Marco Rubio is 52 years old as of 2023. (Score: 0.031097412109375)

====================
Query:
Use the step-by-step method as shown in the examples to answer the question. Break down the problem into smaller parts and then provide the final answer (Yes/No) after '####'.

Example 1:
Q: Karachi was a part of Alexander the Great's success?

A: Karachi is a city in modern day Pakistan.
Krokola was an ancient port located in what is now Karachi.
Alexander the Great stationed his fleet in Krokola on his way to Babylon.
Alexander the Great defeated Darius and conquered Babylon before expanding his 
empire.
#### Yes.

Example 2:
Q: Was P. G. Wodehouse's favorite book The Hunger Games?

A: P. G. Wodehouse died in 1975.
The Hunger Games was published in 2008.
#### No.
IMPORTANT:
- Think step by step.
- The final line must be exactly in the format: #### Yes. or #### No.
- Do not end with anything else after the final answer.
Your Question:
Q: Could Marco Rubio ride the Candymonium roller coaster at Hershey Park?

A: Marco Rubio is a U.S. Senator from Florida.
He was born on May 28, 1971.
To ride the Candymonium roller coaster, a person typically needs to meet certain height and health requirements.
The height requirement for the Candymonium roller coaster at Hershey Park is usually around 54 inches (137 cm) or taller.
Marco Rubio is an adult and is well above the height requirement for most roller coasters, including Candymonium.
Responses:
A: Marco Rubio is a U.S. Senator from Florida. (Score: 0.0313720703125)
He is also in good health, which is necessary for riding roller coasters. (Score: 0.0330810546875)
<EMPTY> (Score: -inf)
<EMPTY> (Score: -inf)

====================
Query:
Use the step-by-step method as shown in the examples to answer the question. Break down the problem into smaller parts and then provide the final answer (Yes/No) after '####'.

Example 1:
Q: Karachi was a part of Alexander the Great's success?

A: Karachi is a city in modern day Pakistan.
Krokola was an ancient port located in what is now Karachi.
Alexander the Great stationed his fleet in Krokola on his way to Babylon.
Alexander the Great defeated Darius and conquered Babylon before expanding his 
empire.
#### Yes.

Example 2:
Q: Was P. G. Wodehouse's favorite book The Hunger Games?

A: P. G. Wodehouse died in 1975.
The Hunger Games was published in 2008.
#### No.
IMPORTANT:
- Think step by step.
- The final line must be exactly in the format: #### Yes. or #### No.
- Do not end with anything else after the final answer.
Your Question:
Q: Could Marco Rubio ride the Candymonium roller coaster at Hershey Park?

A: Marco Rubio is a U.S. Senator from Florida.
He was born on May 28, 1971.
To ride the Candymonium roller coaster, a person typically needs to meet certain height and health requirements.
The height requirement for the Candymonium roller coaster at Hershey Park is usually around 54 inches (137 cm) or taller.
Marco Rubio is an adult, and he is tall enough to meet the height requirement for most roller coasters, including Candymonium.
Responses:
A: Marco Rubio is a U.S. Senator from Florida. (Score: 0.0312347412109375)
A: Marco Rubio is a U.S. Senator from Florida. (Score: 0.0312347412109375)
<EMPTY> (Score: -inf)
<EMPTY> (Score: -inf)

====================
Query:
Use the step-by-step method as shown in the examples to answer the question. Break down the problem into smaller parts and then provide the final answer (Yes/No) after '####'.

Example 1:
Q: Karachi was a part of Alexander the Great's success?

A: Karachi is a city in modern day Pakistan.
Krokola was an ancient port located in what is now Karachi.
Alexander the Great stationed his fleet in Krokola on his way to Babylon.
Alexander the Great defeated Darius and conquered Babylon before expanding his 
empire.
#### Yes.

Example 2:
Q: Was P. G. Wodehouse's favorite book The Hunger Games?

A: P. G. Wodehouse died in 1975.
The Hunger Games was published in 2008.
#### No.
IMPORTANT:
- Think step by step.
- The final line must be exactly in the format: #### Yes. or #### No.
- Do not end with anything else after the final answer.
Your Question:
Q: Could Marco Rubio ride the Candymonium roller coaster at Hershey Park?

A: Marco Rubio is a U.S. Senator from Florida.
He was born on May 28, 1971.
To ride the Candymonium roller coaster, a person typically needs to meet certain height and health requirements.
The height requirement for the Candymonium roller coaster at Hershey Park is usually around 54 inches (137 cm) or taller.
Marco Rubio is an adult and is well above the height requirement for most roller coasters, including Candymonium.
He is also in good health, which is necessary for riding roller coasters.
Responses:
#### Yes. (Score: 0.0338134765625)
A: Marco Rubio is a U.S. Senator from Florida. (Score: 0.03173828125)
<EMPTY> (Score: -inf)
<EMPTY> (Score: -inf)

====================
Query:
Use the step-by-step method as shown in the examples to answer the question. Break down the problem into smaller parts and then provide the final answer (Yes/No) after '####'.

Example 1:
Q: Karachi was a part of Alexander the Great's success?

A: Karachi is a city in modern day Pakistan.
Krokola was an ancient port located in what is now Karachi.
Alexander the Great stationed his fleet in Krokola on his way to Babylon.
Alexander the Great defeated Darius and conquered Babylon before expanding his 
empire.
#### Yes.

Example 2:
Q: Was P. G. Wodehouse's favorite book The Hunger Games?

A: P. G. Wodehouse died in 1975.
The Hunger Games was published in 2008.
#### No.
IMPORTANT:
- Think step by step.
- The final line must be exactly in the format: #### Yes. or #### No.
- Do not end with anything else after the final answer.
Your Question:
Q: Could Marco Rubio ride the Candymonium roller coaster at Hershey Park?

A: Marco Rubio is a U.S. Senator from Florida.
He was born on May 28, 1971.
To ride the Candymonium roller coaster, a person typically needs to meet certain height and health requirements.
The height requirement for the Candymonium roller coaster at Hershey Park is usually around 54 inches (137 cm) or taller.
Marco Rubio is an adult and is well above the height requirement for most roller coasters, including Candymonium.
A: Marco Rubio is a U.S. Senator from Florida.
Responses:
He was born on May 28, 1971. (Score: 0.03143310546875)
He was born on May 28, 1971. (Score: 0.03143310546875)
<EMPTY> (Score: -inf)
<EMPTY> (Score: -inf)

====================
Query:
Use the step-by-step method as shown in the examples to answer the question. Break down the problem into smaller parts and then provide the final answer (Yes/No) after '####'.

Example 1:
Q: Karachi was a part of Alexander the Great's success?

A: Karachi is a city in modern day Pakistan.
Krokola was an ancient port located in what is now Karachi.
Alexander the Great stationed his fleet in Krokola on his way to Babylon.
Alexander the Great defeated Darius and conquered Babylon before expanding his 
empire.
#### Yes.

Example 2:
Q: Was P. G. Wodehouse's favorite book The Hunger Games?

A: P. G. Wodehouse died in 1975.
The Hunger Games was published in 2008.
#### No.
IMPORTANT:
- Think step by step.
- The final line must be exactly in the format: #### Yes. or #### No.
- Do not end with anything else after the final answer.
Your Question:
Q: Could Marco Rubio ride the Candymonium roller coaster at Hershey Park?

A: Marco Rubio is a U.S. Senator from Florida.
He was born on May 28, 1971.
To ride the Candymonium roller coaster, a person typically needs to meet certain height and health requirements.
The height requirement for the Candymonium roller coaster at Hershey Park is usually around 54 inches (137 cm) or taller.
Marco Rubio is an adult and is well above the height requirement for most roller coasters, including Candymonium.
He is also in good health, which is necessary for riding roller coasters.
A: Marco Rubio is a U.S. Senator from Florida.
Responses:
He was born on May 28, 1971. (Score: 0.03192138671875)
He was born on May 28, 1971. (Score: 0.03192138671875)
<EMPTY> (Score: -inf)
<EMPTY> (Score: -inf)

====================
Query:
Use the step-by-step method as shown in the examples to answer the question. Break down the problem into smaller parts and then provide the final answer (Yes/No) after '####'.

Example 1:
Q: Karachi was a part of Alexander the Great's success?

A: Karachi is a city in modern day Pakistan.
Krokola was an ancient port located in what is now Karachi.
Alexander the Great stationed his fleet in Krokola on his way to Babylon.
Alexander the Great defeated Darius and conquered Babylon before expanding his 
empire.
#### Yes.

Example 2:
Q: Was P. G. Wodehouse's favorite book The Hunger Games?

A: P. G. Wodehouse died in 1975.
The Hunger Games was published in 2008.
#### No.
IMPORTANT:
- Think step by step.
- The final line must be exactly in the format: #### Yes. or #### No.
- Do not end with anything else after the final answer.
Your Question:
Q: Would alligator best saltwater crocodile in hypothetical Lake Urmia battle?

A:
Responses:
A: Alligators are primarily found in freshwater environments, such as swamps and rivers, and are not typically known to inhabit saltwater. (Score: 0.027862548828125)
A: Alligators are primarily freshwater reptiles and are most commonly found in the southeastern United States and China. (Score: 0.029144287109375)
Alligators are primarily found in freshwater environments like rivers, lakes, and swamps. (Score: 0.029022216796875)
Alligators are primarily freshwater reptiles found in rivers, swamps, and lakes in the southeastern United States and China. (Score: 0.0307159423828125)

====================
Query:
Use the step-by-step method as shown in the examples to answer the question. Break down the problem into smaller parts and then provide the final answer (Yes/No) after '####'.

Example 1:
Q: Karachi was a part of Alexander the Great's success?

A: Karachi is a city in modern day Pakistan.
Krokola was an ancient port located in what is now Karachi.
Alexander the Great stationed his fleet in Krokola on his way to Babylon.
Alexander the Great defeated Darius and conquered Babylon before expanding his 
empire.
#### Yes.

Example 2:
Q: Was P. G. Wodehouse's favorite book The Hunger Games?

A: P. G. Wodehouse died in 1975.
The Hunger Games was published in 2008.
#### No.
IMPORTANT:
- Think step by step.
- The final line must be exactly in the format: #### Yes. or #### No.
- Do not end with anything else after the final answer.
Your Question:
Q: Would alligator best saltwater crocodile in hypothetical Lake Urmia battle?

A: Alligators are primarily freshwater reptiles found in rivers, swamps, and lakes in the southeastern United States and China.
Responses:
Saltwater crocodiles, on the other hand, are one of the largest and most aggressive reptiles, found in brackish and saltwater environments, primarily in Australia and Southeast Asia. (Score: 0.0268707275390625)
Saltwater crocodiles are known to inhabit brackish and saltwater environments, including estuaries and coastal areas. (Score: 0.0273284912109375)
Saltwater crocodiles are the largest living reptiles and are found in saltwater habitats, including estuaries and coastal regions. (Score: 0.0266265869140625)
Saltwater crocodiles are known to inhabit both freshwater and saltwater environments, including estuaries and coastal areas. (Score: 0.0269317626953125)

====================
Query:
Use the step-by-step method as shown in the examples to answer the question. Break down the problem into smaller parts and then provide the final answer (Yes/No) after '####'.

Example 1:
Q: Karachi was a part of Alexander the Great's success?

A: Karachi is a city in modern day Pakistan.
Krokola was an ancient port located in what is now Karachi.
Alexander the Great stationed his fleet in Krokola on his way to Babylon.
Alexander the Great defeated Darius and conquered Babylon before expanding his 
empire.
#### Yes.

Example 2:
Q: Was P. G. Wodehouse's favorite book The Hunger Games?

A: P. G. Wodehouse died in 1975.
The Hunger Games was published in 2008.
#### No.
IMPORTANT:
- Think step by step.
- The final line must be exactly in the format: #### Yes. or #### No.
- Do not end with anything else after the final answer.
Your Question:
Q: Would alligator best saltwater crocodile in hypothetical Lake Urmia battle?

A: A: Alligators are primarily freshwater reptiles and are most commonly found in the southeastern United States and China.
Responses:
Saltwater crocodiles are known to be the largest living reptiles and are highly aggressive. (Score: 0.026336669921875)
Saltwater crocodiles, on the other hand, are known to inhabit brackish and saltwater environments, including estuaries and coastal regions. (Score: 0.0243682861328125)
Saltwater crocodiles are the largest living reptiles and are known for their strength and aggressive nature. (Score: 0.025665283203125)
Saltwater crocodiles are known to inhabit brackish and saltwater environments, making them one of the most versatile and aggressive crocodilian species. (Score: 0.0261688232421875)

====================
Query:
Use the step-by-step method as shown in the examples to answer the question. Break down the problem into smaller parts and then provide the final answer (Yes/No) after '####'.

Example 1:
Q: Karachi was a part of Alexander the Great's success?

A: Karachi is a city in modern day Pakistan.
Krokola was an ancient port located in what is now Karachi.
Alexander the Great stationed his fleet in Krokola on his way to Babylon.
Alexander the Great defeated Darius and conquered Babylon before expanding his 
empire.
#### Yes.

Example 2:
Q: Was P. G. Wodehouse's favorite book The Hunger Games?

A: P. G. Wodehouse died in 1975.
The Hunger Games was published in 2008.
#### No.
IMPORTANT:
- Think step by step.
- The final line must be exactly in the format: #### Yes. or #### No.
- Do not end with anything else after the final answer.
Your Question:
Q: Would alligator best saltwater crocodile in hypothetical Lake Urmia battle?

A: Alligators are primarily freshwater reptiles found in rivers, swamps, and lakes in the southeastern United States and China.
Saltwater crocodiles are known to inhabit brackish and saltwater environments, including estuaries and coastal areas.
Responses:
A: Alligators are primarily freshwater reptiles found in rivers, swamps, and lakes in the southeastern United States and China. (Score: 0.0252685546875)
Alligators are generally smaller than saltwater crocodiles, with adult alligators typically measuring up to 13 feet, while saltwater crocodiles can grow over 20 feet long. (Score: 0.0248870849609375)
Saltwater crocodiles are larger and more aggressive than alligators, often reaching lengths of over 20 feet. (Score: 0.0255584716796875)
A: Alligators are typically smaller and less aggressive than saltwater crocodiles. (Score: 0.0258331298828125)

====================
Query:
Use the step-by-step method as shown in the examples to answer the question. Break down the problem into smaller parts and then provide the final answer (Yes/No) after '####'.

Example 1:
Q: Karachi was a part of Alexander the Great's success?

A: Karachi is a city in modern day Pakistan.
Krokola was an ancient port located in what is now Karachi.
Alexander the Great stationed his fleet in Krokola on his way to Babylon.
Alexander the Great defeated Darius and conquered Babylon before expanding his 
empire.
#### Yes.

Example 2:
Q: Was P. G. Wodehouse's favorite book The Hunger Games?

A: P. G. Wodehouse died in 1975.
The Hunger Games was published in 2008.
#### No.
IMPORTANT:
- Think step by step.
- The final line must be exactly in the format: #### Yes. or #### No.
- Do not end with anything else after the final answer.
Your Question:
Q: Would alligator best saltwater crocodile in hypothetical Lake Urmia battle?

A: Alligators are primarily freshwater reptiles found in rivers, swamps, and lakes in the southeastern United States and China.
Saltwater crocodiles are known to inhabit both freshwater and saltwater environments, including estuaries and coastal areas.
Responses:
Saltwater crocodiles are generally larger and more aggressive than alligators. (Score: 0.025238037109375)
A: Saltwater crocodiles are larger and more aggressive than alligators, with adult males averaging 13 to 17 feet in length, while alligators typically reach lengths of 10 to 15 feet. (Score: 0.0253448486328125)
A: Alligators are typically smaller than saltwater crocodiles, with adult alligators reaching lengths of about 11 to 15 feet, while adult saltwater crocodiles can grow to be over 20 feet long. (Score: 0.0247344970703125)
Alligators are generally smaller than saltwater crocodiles, with adult alligators typically growing up to 13-15 feet, while adult saltwater crocodiles can reach lengths of 20 feet or more. (Score: 0.024932861328125)

====================
Query:
Use the step-by-step method as shown in the examples to answer the question. Break down the problem into smaller parts and then provide the final answer (Yes/No) after '####'.

Example 1:
Q: Karachi was a part of Alexander the Great's success?

A: Karachi is a city in modern day Pakistan.
Krokola was an ancient port located in what is now Karachi.
Alexander the Great stationed his fleet in Krokola on his way to Babylon.
Alexander the Great defeated Darius and conquered Babylon before expanding his 
empire.
#### Yes.

Example 2:
Q: Was P. G. Wodehouse's favorite book The Hunger Games?

A: P. G. Wodehouse died in 1975.
The Hunger Games was published in 2008.
#### No.
IMPORTANT:
- Think step by step.
- The final line must be exactly in the format: #### Yes. or #### No.
- Do not end with anything else after the final answer.
Your Question:
Q: Would alligator best saltwater crocodile in hypothetical Lake Urmia battle?

A: Alligators are primarily freshwater reptiles found in rivers, swamps, and lakes in the southeastern United States and China.
Saltwater crocodiles are known to inhabit brackish and saltwater environments, including estuaries and coastal areas.
A: Alligators are typically smaller and less aggressive than saltwater crocodiles.
Responses:
Saltwater crocodiles are one of the largest and most aggressive crocodilian species, capable of taking down large prey. (Score: 0.0245361328125)
Saltwater crocodiles are the largest of all living reptiles and can grow significantly larger than alligators. (Score: 0.02581787109375)
Saltwater crocodiles are the largest living reptiles and are known for their strength and aggressive nature. (Score: 0.025482177734375)
Saltwater crocodiles are the largest living reptiles and can grow up to 23 feet in length, while alligators generally reach a maximum length of about 19 feet. (Score: 0.0269622802734375)

====================
Query:
Use the step-by-step method as shown in the examples to answer the question. Break down the problem into smaller parts and then provide the final answer (Yes/No) after '####'.

Example 1:
Q: Karachi was a part of Alexander the Great's success?

A: Karachi is a city in modern day Pakistan.
Krokola was an ancient port located in what is now Karachi.
Alexander the Great stationed his fleet in Krokola on his way to Babylon.
Alexander the Great defeated Darius and conquered Babylon before expanding his 
empire.
#### Yes.

Example 2:
Q: Was P. G. Wodehouse's favorite book The Hunger Games?

A: P. G. Wodehouse died in 1975.
The Hunger Games was published in 2008.
#### No.
IMPORTANT:
- Think step by step.
- The final line must be exactly in the format: #### Yes. or #### No.
- Do not end with anything else after the final answer.
Your Question:
Q: Would alligator best saltwater crocodile in hypothetical Lake Urmia battle?

A: Alligators are primarily freshwater reptiles found in rivers, swamps, and lakes in the southeastern United States and China.
Saltwater crocodiles are known to inhabit brackish and saltwater environments, including estuaries and coastal areas.
Saltwater crocodiles are larger and more aggressive than alligators, often reaching lengths of over 20 feet.
Responses:
Alligators typically grow to be about 11 to 15 feet in length, and they are not as aggressive as saltwater crocodiles. (Score: 0.027252197265625)
Alligators typically grow to about 11 to 15 feet in length, with the largest specimens being smaller than saltwater crocodiles. (Score: 0.0273590087890625)
A: Alligators are primarily freshwater reptiles found in rivers, swamps, and lakes in the southeastern United States and China. (Score: 0.0251617431640625)
Alligators typically grow to about 13 to 15 feet in length, while saltwater crocodiles can exceed 20 feet. (Score: 0.026702880859375)

====================
Query:
Use the step-by-step method as shown in the examples to answer the question. Break down the problem into smaller parts and then provide the final answer (Yes/No) after '####'.

Example 1:
Q: Karachi was a part of Alexander the Great's success?

A: Karachi is a city in modern day Pakistan.
Krokola was an ancient port located in what is now Karachi.
Alexander the Great stationed his fleet in Krokola on his way to Babylon.
Alexander the Great defeated Darius and conquered Babylon before expanding his 
empire.
#### Yes.

Example 2:
Q: Was P. G. Wodehouse's favorite book The Hunger Games?

A: P. G. Wodehouse died in 1975.
The Hunger Games was published in 2008.
#### No.
IMPORTANT:
- Think step by step.
- The final line must be exactly in the format: #### Yes. or #### No.
- Do not end with anything else after the final answer.
Your Question:
Q: Would alligator best saltwater crocodile in hypothetical Lake Urmia battle?

A: Alligators are primarily freshwater reptiles found in rivers, swamps, and lakes in the southeastern United States and China.
Saltwater crocodiles are known to inhabit brackish and saltwater environments, including estuaries and coastal areas.
Saltwater crocodiles are larger and more aggressive than alligators, often reaching lengths of over 20 feet.
Alligators typically grow to about 11 to 15 feet in length, with the largest specimens being smaller than saltwater crocodiles.
Responses:
Alligators are not adapted to saltwater environments, while saltwater crocodiles thrive in such conditions. (Score: 0.029327392578125)
In a hypothetical battle in Lake Urmia, which is a saline lake, the saltwater crocodile would be more adapted to the environment compared to the alligator. (Score: 0.0260009765625)
In a hypothetical battle in Lake Urmia, the environment is freshwater. (Score: 0.027313232421875)
The two species have different habitats and physical characteristics. (Score: 0.027374267578125)

====================
Query:
Use the step-by-step method as shown in the examples to answer the question. Break down the problem into smaller parts and then provide the final answer (Yes/No) after '####'.

Example 1:
Q: Karachi was a part of Alexander the Great's success?

A: Karachi is a city in modern day Pakistan.
Krokola was an ancient port located in what is now Karachi.
Alexander the Great stationed his fleet in Krokola on his way to Babylon.
Alexander the Great defeated Darius and conquered Babylon before expanding his 
empire.
#### Yes.

Example 2:
Q: Was P. G. Wodehouse's favorite book The Hunger Games?

A: P. G. Wodehouse died in 1975.
The Hunger Games was published in 2008.
#### No.
IMPORTANT:
- Think step by step.
- The final line must be exactly in the format: #### Yes. or #### No.
- Do not end with anything else after the final answer.
Your Question:
Q: Would alligator best saltwater crocodile in hypothetical Lake Urmia battle?

A: Alligators are primarily freshwater reptiles found in rivers, swamps, and lakes in the southeastern United States and China.
Saltwater crocodiles are known to inhabit brackish and saltwater environments, including estuaries and coastal areas.
Saltwater crocodiles are larger and more aggressive than alligators, often reaching lengths of over 20 feet.
Alligators typically grow to be about 11 to 15 feet in length, and they are not as aggressive as saltwater crocodiles.
Responses:
A: In a hypothetical battle, the size and aggression of the saltwater crocodile would give it an advantage over the alligator. (Score: 0.027191162109375)
In a hypothetical battle in Lake Urmia, where alligators may not be in their natural habitat, the following points emerge:. (Score: 0.025177001953125)
In a hypothetical battle in Lake Urmia, alligators would be at a disadvantage due to their smaller size and less aggressive nature compared to saltwater crocodiles. (Score: 0.026885986328125)
<EMPTY> (Score: -inf)

====================
Query:
Use the step-by-step method as shown in the examples to answer the question. Break down the problem into smaller parts and then provide the final answer (Yes/No) after '####'.

Example 1:
Q: Karachi was a part of Alexander the Great's success?

A: Karachi is a city in modern day Pakistan.
Krokola was an ancient port located in what is now Karachi.
Alexander the Great stationed his fleet in Krokola on his way to Babylon.
Alexander the Great defeated Darius and conquered Babylon before expanding his 
empire.
#### Yes.

Example 2:
Q: Was P. G. Wodehouse's favorite book The Hunger Games?

A: P. G. Wodehouse died in 1975.
The Hunger Games was published in 2008.
#### No.
IMPORTANT:
- Think step by step.
- The final line must be exactly in the format: #### Yes. or #### No.
- Do not end with anything else after the final answer.
Your Question:
Q: Would alligator best saltwater crocodile in hypothetical Lake Urmia battle?

A: Alligators are primarily freshwater reptiles found in rivers, swamps, and lakes in the southeastern United States and China.
Saltwater crocodiles are known to inhabit brackish and saltwater environments, including estuaries and coastal areas.
Saltwater crocodiles are larger and more aggressive than alligators, often reaching lengths of over 20 feet.
Alligators typically grow to about 11 to 15 feet in length, with the largest specimens being smaller than saltwater crocodiles.
Alligators are not adapted to saltwater environments, while saltwater crocodiles thrive in such conditions.
Responses:
#### No. (Score: 0.0303802490234375)
A: Alligators are primarily freshwater reptiles found in rivers, swamps, and lakes in the southeastern United States and China. (Score: 0.0286865234375)
A: In a hypothetical battle in Lake Urmia, alligators would be at a disadvantage due to their preference for freshwater habitats. (Score: 0.02813720703125)
<EMPTY> (Score: -inf)

====================
Query:
Use the step-by-step method as shown in the examples to answer the question. Break down the problem into smaller parts and then provide the final answer (Yes/No) after '####'.

Example 1:
Q: Karachi was a part of Alexander the Great's success?

A: Karachi is a city in modern day Pakistan.
Krokola was an ancient port located in what is now Karachi.
Alexander the Great stationed his fleet in Krokola on his way to Babylon.
Alexander the Great defeated Darius and conquered Babylon before expanding his 
empire.
#### Yes.

Example 2:
Q: Was P. G. Wodehouse's favorite book The Hunger Games?

A: P. G. Wodehouse died in 1975.
The Hunger Games was published in 2008.
#### No.
IMPORTANT:
- Think step by step.
- The final line must be exactly in the format: #### Yes. or #### No.
- Do not end with anything else after the final answer.
Your Question:
Q: Would alligator best saltwater crocodile in hypothetical Lake Urmia battle?

A: Alligators are primarily freshwater reptiles found in rivers, swamps, and lakes in the southeastern United States and China.
Saltwater crocodiles are known to inhabit brackish and saltwater environments, including estuaries and coastal areas.
Saltwater crocodiles are larger and more aggressive than alligators, often reaching lengths of over 20 feet.
Alligators typically grow to about 11 to 15 feet in length, with the largest specimens being smaller than saltwater crocodiles.
The two species have different habitats and physical characteristics.
Responses:
A: Alligators are primarily freshwater reptiles found in rivers, swamps, and lakes in the southeastern United States and China. (Score: 0.027099609375)
In a hypothetical battle in Lake Urmia, which is a freshwater lake, alligators would be in their natural habitat while saltwater crocodiles would be out of their preferred environment. (Score: 0.027496337890625)
In a hypothetical battle, the saltwater crocodile would have the advantage due to its larger size and more aggressive nature. (Score: 0.028106689453125)
<EMPTY> (Score: -inf)

====================
Query:
Use the step-by-step method as shown in the examples to answer the question. Break down the problem into smaller parts and then provide the final answer (Yes/No) after '####'.

Example 1:
Q: Karachi was a part of Alexander the Great's success?

A: Karachi is a city in modern day Pakistan.
Krokola was an ancient port located in what is now Karachi.
Alexander the Great stationed his fleet in Krokola on his way to Babylon.
Alexander the Great defeated Darius and conquered Babylon before expanding his 
empire.
#### Yes.

Example 2:
Q: Was P. G. Wodehouse's favorite book The Hunger Games?

A: P. G. Wodehouse died in 1975.
The Hunger Games was published in 2008.
#### No.
IMPORTANT:
- Think step by step.
- The final line must be exactly in the format: #### Yes. or #### No.
- Do not end with anything else after the final answer.
Your Question:
Q: Would alligator best saltwater crocodile in hypothetical Lake Urmia battle?

A: Alligators are primarily freshwater reptiles found in rivers, swamps, and lakes in the southeastern United States and China.
Saltwater crocodiles are known to inhabit brackish and saltwater environments, including estuaries and coastal areas.
Saltwater crocodiles are larger and more aggressive than alligators, often reaching lengths of over 20 feet.
Alligators typically grow to about 11 to 15 feet in length, with the largest specimens being smaller than saltwater crocodiles.
Alligators are not adapted to saltwater environments, while saltwater crocodiles thrive in such conditions.
A: Alligators are primarily freshwater reptiles found in rivers, swamps, and lakes in the southeastern United States and China.
Responses:
A: Alligators are primarily freshwater reptiles found in rivers, swamps, and lakes in the southeastern United States and China. (Score: 0.0283966064453125)
A: Saltwater crocodiles are known to inhabit brackish and saltwater environments, including estuaries and coastal areas. (Score: 0.0290985107421875)
<EMPTY> (Score: -inf)
<EMPTY> (Score: -inf)

====================
Query:
Use the step-by-step method as shown in the examples to answer the question. Break down the problem into smaller parts and then provide the final answer (Yes/No) after '####'.

Example 1:
Q: Karachi was a part of Alexander the Great's success?

A: Karachi is a city in modern day Pakistan.
Krokola was an ancient port located in what is now Karachi.
Alexander the Great stationed his fleet in Krokola on his way to Babylon.
Alexander the Great defeated Darius and conquered Babylon before expanding his 
empire.
#### Yes.

Example 2:
Q: Was P. G. Wodehouse's favorite book The Hunger Games?

A: P. G. Wodehouse died in 1975.
The Hunger Games was published in 2008.
#### No.
IMPORTANT:
- Think step by step.
- The final line must be exactly in the format: #### Yes. or #### No.
- Do not end with anything else after the final answer.
Your Question:
Q: Would alligator best saltwater crocodile in hypothetical Lake Urmia battle?

A: Alligators are primarily freshwater reptiles found in rivers, swamps, and lakes in the southeastern United States and China.
Saltwater crocodiles are known to inhabit brackish and saltwater environments, including estuaries and coastal areas.
Saltwater crocodiles are larger and more aggressive than alligators, often reaching lengths of over 20 feet.
Alligators typically grow to about 11 to 15 feet in length, with the largest specimens being smaller than saltwater crocodiles.
Alligators are not adapted to saltwater environments, while saltwater crocodiles thrive in such conditions.
A: Alligators are primarily freshwater reptiles found in rivers, swamps, and lakes in the southeastern United States and China.
A: Saltwater crocodiles are known to inhabit brackish and saltwater environments, including estuaries and coastal areas.
Responses:
A: Saltwater crocodiles are larger and more aggressive than alligators, often reaching lengths of over 20 feet. (Score: 0.029693603515625)
A: Saltwater crocodiles are larger and more aggressive than alligators, often reaching lengths of over 20 feet. (Score: 0.029693603515625)
<EMPTY> (Score: -inf)
<EMPTY> (Score: -inf)

====================
Query:
Use the step-by-step method as shown in the examples to answer the question. Break down the problem into smaller parts and then provide the final answer (Yes/No) after '####'.

Example 1:
Q: Karachi was a part of Alexander the Great's success?

A: Karachi is a city in modern day Pakistan.
Krokola was an ancient port located in what is now Karachi.
Alexander the Great stationed his fleet in Krokola on his way to Babylon.
Alexander the Great defeated Darius and conquered Babylon before expanding his 
empire.
#### Yes.

Example 2:
Q: Was P. G. Wodehouse's favorite book The Hunger Games?

A: P. G. Wodehouse died in 1975.
The Hunger Games was published in 2008.
#### No.
IMPORTANT:
- Think step by step.
- The final line must be exactly in the format: #### Yes. or #### No.
- Do not end with anything else after the final answer.
Your Question:
Q: Would Terence Tao outperform Eminem in a math competition?

A:
Responses:
Terence Tao is a highly regarded mathematician known for his contributions to various fields of mathematics. (Score: 0.0310211181640625)
Terence Tao is a renowned mathematician known for his significant contributions to various fields of mathematics. (Score: 0.0283355712890625)
Terence Tao is a renowned mathematician known for his exceptional skills in mathematics. (Score: 0.0273895263671875)
Terence Tao is a renowned mathematician known for his work in various fields of mathematics. (Score: 0.030059814453125)

====================
Query:
Use the step-by-step method as shown in the examples to answer the question. Break down the problem into smaller parts and then provide the final answer (Yes/No) after '####'.

Example 1:
Q: Karachi was a part of Alexander the Great's success?

A: Karachi is a city in modern day Pakistan.
Krokola was an ancient port located in what is now Karachi.
Alexander the Great stationed his fleet in Krokola on his way to Babylon.
Alexander the Great defeated Darius and conquered Babylon before expanding his 
empire.
#### Yes.

Example 2:
Q: Was P. G. Wodehouse's favorite book The Hunger Games?

A: P. G. Wodehouse died in 1975.
The Hunger Games was published in 2008.
#### No.
IMPORTANT:
- Think step by step.
- The final line must be exactly in the format: #### Yes. or #### No.
- Do not end with anything else after the final answer.
Your Question:
Q: Would Terence Tao outperform Eminem in a math competition?

A: Terence Tao is a highly regarded mathematician known for his contributions to various fields of mathematics.
Responses:
He has won several prestigious awards, including the Fields Medal, which is one of the highest honors in mathematics. (Score: 0.026885986328125)
Terence Tao was awarded the Fields Medal, which is one of the highest honors in mathematics, indicating his exceptional skill and knowledge in the subject. (Score: 0.025543212890625)
He is a Fields Medalist and has achieved numerous awards for his mathematical work. (Score: 0.0262908935546875)
He has won numerous awards, including the Fields Medal, which is one of the highest honors in mathematics. (Score: 0.02734375)

====================
Query:
Use the step-by-step method as shown in the examples to answer the question. Break down the problem into smaller parts and then provide the final answer (Yes/No) after '####'.

Example 1:
Q: Karachi was a part of Alexander the Great's success?

A: Karachi is a city in modern day Pakistan.
Krokola was an ancient port located in what is now Karachi.
Alexander the Great stationed his fleet in Krokola on his way to Babylon.
Alexander the Great defeated Darius and conquered Babylon before expanding his 
empire.
#### Yes.

Example 2:
Q: Was P. G. Wodehouse's favorite book The Hunger Games?

A: P. G. Wodehouse died in 1975.
The Hunger Games was published in 2008.
#### No.
IMPORTANT:
- Think step by step.
- The final line must be exactly in the format: #### Yes. or #### No.
- Do not end with anything else after the final answer.
Your Question:
Q: Would Terence Tao outperform Eminem in a math competition?

A: Terence Tao is a renowned mathematician known for his work in various fields of mathematics.
Responses:
He is a recipient of the Fields Medal, which is one of the highest honors in mathematics. (Score: 0.02825927734375)
He has won numerous prestigious awards, including the Fields Medal, which is often regarded as the highest honor a mathematician can receive. (Score: 0.026153564453125)
He is a Fields Medalist and has made significant contributions to number theory, combinatorics, and partial differential equations. (Score: 0.0250091552734375)
He has won several prestigious awards, including the Fields Medal, which is one of the highest honors in mathematics. (Score: 0.0264129638671875)

====================
Query:
Use the step-by-step method as shown in the examples to answer the question. Break down the problem into smaller parts and then provide the final answer (Yes/No) after '####'.

Example 1:
Q: Karachi was a part of Alexander the Great's success?

A: Karachi is a city in modern day Pakistan.
Krokola was an ancient port located in what is now Karachi.
Alexander the Great stationed his fleet in Krokola on his way to Babylon.
Alexander the Great defeated Darius and conquered Babylon before expanding his 
empire.
#### Yes.

Example 2:
Q: Was P. G. Wodehouse's favorite book The Hunger Games?

A: P. G. Wodehouse died in 1975.
The Hunger Games was published in 2008.
#### No.
IMPORTANT:
- Think step by step.
- The final line must be exactly in the format: #### Yes. or #### No.
- Do not end with anything else after the final answer.
Your Question:
Q: Would Terence Tao outperform Eminem in a math competition?

A: Terence Tao is a renowned mathematician known for his work in various fields of mathematics.
He is a recipient of the Fields Medal, which is one of the highest honors in mathematics.
Responses:
Eminem is a famous rapper and songwriter, but he is not known for his mathematical skills or achievements. (Score: 0.02886962890625)
Eminem is a famous rapper and songwriter, primarily known for his music career rather than any achievements in mathematics. (Score: 0.0290679931640625)
Eminem is a famous rapper and songwriter known for his musical talents, but he is not known for any expertise in mathematics. (Score: 0.0263824462890625)
Eminem is a highly talented rapper and songwriter, but he is not known for his mathematical abilities. (Score: 0.027923583984375)

====================
Query:
Use the step-by-step method as shown in the examples to answer the question. Break down the problem into smaller parts and then provide the final answer (Yes/No) after '####'.

Example 1:
Q: Karachi was a part of Alexander the Great's success?

A: Karachi is a city in modern day Pakistan.
Krokola was an ancient port located in what is now Karachi.
Alexander the Great stationed his fleet in Krokola on his way to Babylon.
Alexander the Great defeated Darius and conquered Babylon before expanding his 
empire.
#### Yes.

Example 2:
Q: Was P. G. Wodehouse's favorite book The Hunger Games?

A: P. G. Wodehouse died in 1975.
The Hunger Games was published in 2008.
#### No.
IMPORTANT:
- Think step by step.
- The final line must be exactly in the format: #### Yes. or #### No.
- Do not end with anything else after the final answer.
Your Question:
Q: Would Terence Tao outperform Eminem in a math competition?

A: Terence Tao is a highly regarded mathematician known for his contributions to various fields of mathematics.
He has won numerous awards, including the Fields Medal, which is one of the highest honors in mathematics.
Responses:
Eminem is a world-renowned rapper and songwriter, known for his musical talents and not for his mathematical abilities. (Score: 0.028411865234375)
Eminem is a world-renowned rapper and songwriter, known for his lyrical skill and musical talent, but he is not known for mathematical achievements. (Score: 0.026702880859375)
Eminem is a renowned rapper and songwriter, but he is not known for his mathematical skills or background. (Score: 0.02740478515625)
Eminem, on the other hand, is a renowned rapper and songwriter, known for his musical talent and lyrical skills, but he is not known for achievements in mathematics. (Score: 0.0262908935546875)

====================
Query:
Use the step-by-step method as shown in the examples to answer the question. Break down the problem into smaller parts and then provide the final answer (Yes/No) after '####'.

Example 1:
Q: Karachi was a part of Alexander the Great's success?

A: Karachi is a city in modern day Pakistan.
Krokola was an ancient port located in what is now Karachi.
Alexander the Great stationed his fleet in Krokola on his way to Babylon.
Alexander the Great defeated Darius and conquered Babylon before expanding his 
empire.
#### Yes.

Example 2:
Q: Was P. G. Wodehouse's favorite book The Hunger Games?

A: P. G. Wodehouse died in 1975.
The Hunger Games was published in 2008.
#### No.
IMPORTANT:
- Think step by step.
- The final line must be exactly in the format: #### Yes. or #### No.
- Do not end with anything else after the final answer.
Your Question:
Q: Would Terence Tao outperform Eminem in a math competition?

A: Terence Tao is a renowned mathematician known for his work in various fields of mathematics.
He is a recipient of the Fields Medal, which is one of the highest honors in mathematics.
Eminem is a famous rapper and songwriter, primarily known for his music career rather than any achievements in mathematics.
Responses:
Terence Tao has extensive education and experience in mathematics, having made significant contributions to the field. (Score: 0.0276031494140625)
Thus, in a math competition, Terence Tao's extensive background and accomplishments in mathematics would give him a significant advantage over Eminem, who does not have a similar background in this field. (Score: 0.027099609375)
Terence Tao has extensive education and experience in mathematics, including numerous published papers and contributions to the field. (Score: 0.0259552001953125)
To compare Terence Tao and Eminem in a math competition, we need to consider their backgrounds and expertise. (Score: 0.0291595458984375)

====================
Query:
Use the step-by-step method as shown in the examples to answer the question. Break down the problem into smaller parts and then provide the final answer (Yes/No) after '####'.

Example 1:
Q: Karachi was a part of Alexander the Great's success?

A: Karachi is a city in modern day Pakistan.
Krokola was an ancient port located in what is now Karachi.
Alexander the Great stationed his fleet in Krokola on his way to Babylon.
Alexander the Great defeated Darius and conquered Babylon before expanding his 
empire.
#### Yes.

Example 2:
Q: Was P. G. Wodehouse's favorite book The Hunger Games?

A: P. G. Wodehouse died in 1975.
The Hunger Games was published in 2008.
#### No.
IMPORTANT:
- Think step by step.
- The final line must be exactly in the format: #### Yes. or #### No.
- Do not end with anything else after the final answer.
Your Question:
Q: Would Terence Tao outperform Eminem in a math competition?

A: Terence Tao is a renowned mathematician known for his work in various fields of mathematics.
He is a recipient of the Fields Medal, which is one of the highest honors in mathematics.
Eminem is a famous rapper and songwriter, but he is not known for his mathematical skills or achievements.
Responses:
Terence Tao has extensive training and experience in mathematics, having achieved significant accolades throughout his career. (Score: 0.0267333984375)
To compare Terence Tao and Eminem in a math competition, we need to consider their backgrounds and expertise:. (Score: 0.025299072265625)
To compare their skills in a math competition, we need to consider their backgrounds and expertise. (Score: 0.0290679931640625)
A: Terence Tao is a renowned mathematician known for his work in various fields of mathematics. (Score: 0.0259857177734375)

====================
Query:
Use the step-by-step method as shown in the examples to answer the question. Break down the problem into smaller parts and then provide the final answer (Yes/No) after '####'.

Example 1:
Q: Karachi was a part of Alexander the Great's success?

A: Karachi is a city in modern day Pakistan.
Krokola was an ancient port located in what is now Karachi.
Alexander the Great stationed his fleet in Krokola on his way to Babylon.
Alexander the Great defeated Darius and conquered Babylon before expanding his 
empire.
#### Yes.

Example 2:
Q: Was P. G. Wodehouse's favorite book The Hunger Games?

A: P. G. Wodehouse died in 1975.
The Hunger Games was published in 2008.
#### No.
IMPORTANT:
- Think step by step.
- The final line must be exactly in the format: #### Yes. or #### No.
- Do not end with anything else after the final answer.
Your Question:
Q: Would Terence Tao outperform Eminem in a math competition?

A: Terence Tao is a renowned mathematician known for his work in various fields of mathematics.
He is a recipient of the Fields Medal, which is one of the highest honors in mathematics.
Eminem is a famous rapper and songwriter, primarily known for his music career rather than any achievements in mathematics.
To compare Terence Tao and Eminem in a math competition, we need to consider their backgrounds and expertise.
Responses:
Terence Tao has extensive training and experience in mathematics, having achieved significant accolades in the field. (Score: 0.0291595458984375)
Terence Tao has extensive training and experience in mathematics, making him an expert in the field. (Score: 0.0290069580078125)
Terence Tao has extensive training and experience in mathematics, having made significant contributions to the field. (Score: 0.02899169921875)
Terence Tao has extensive education and experience in mathematics, making him highly skilled in the subject. (Score: 0.02899169921875)

====================
Query:
Use the step-by-step method as shown in the examples to answer the question. Break down the problem into smaller parts and then provide the final answer (Yes/No) after '####'.

Example 1:
Q: Karachi was a part of Alexander the Great's success?

A: Karachi is a city in modern day Pakistan.
Krokola was an ancient port located in what is now Karachi.
Alexander the Great stationed his fleet in Krokola on his way to Babylon.
Alexander the Great defeated Darius and conquered Babylon before expanding his 
empire.
#### Yes.

Example 2:
Q: Was P. G. Wodehouse's favorite book The Hunger Games?

A: P. G. Wodehouse died in 1975.
The Hunger Games was published in 2008.
#### No.
IMPORTANT:
- Think step by step.
- The final line must be exactly in the format: #### Yes. or #### No.
- Do not end with anything else after the final answer.
Your Question:
Q: Would Terence Tao outperform Eminem in a math competition?

A: Terence Tao is a renowned mathematician known for his work in various fields of mathematics.
He is a recipient of the Fields Medal, which is one of the highest honors in mathematics.
Eminem is a famous rapper and songwriter, but he is not known for his mathematical skills or achievements.
To compare their skills in a math competition, we need to consider their backgrounds and expertise.
Responses:
Terence Tao has extensive training and experience in mathematics, having published numerous papers and contributed significantly to the field. (Score: 0.0283355712890625)
Terence Tao has extensive training and experience in mathematics, having contributed significantly to the field. (Score: 0.0297698974609375)
Terence Tao has extensive training and experience in mathematics, having published numerous research papers and contributed significantly to the field. (Score: 0.0292510986328125)
Terence Tao has extensive training and experience in mathematics, having made significant contributions to the field. (Score: 0.0296783447265625)

====================
Query:
Use the step-by-step method as shown in the examples to answer the question. Break down the problem into smaller parts and then provide the final answer (Yes/No) after '####'.

Example 1:
Q: Karachi was a part of Alexander the Great's success?

A: Karachi is a city in modern day Pakistan.
Krokola was an ancient port located in what is now Karachi.
Alexander the Great stationed his fleet in Krokola on his way to Babylon.
Alexander the Great defeated Darius and conquered Babylon before expanding his 
empire.
#### Yes.

Example 2:
Q: Was P. G. Wodehouse's favorite book The Hunger Games?

A: P. G. Wodehouse died in 1975.
The Hunger Games was published in 2008.
#### No.
IMPORTANT:
- Think step by step.
- The final line must be exactly in the format: #### Yes. or #### No.
- Do not end with anything else after the final answer.
Your Question:
Q: Would Terence Tao outperform Eminem in a math competition?

A: Terence Tao is a renowned mathematician known for his work in various fields of mathematics.
He is a recipient of the Fields Medal, which is one of the highest honors in mathematics.
Eminem is a famous rapper and songwriter, but he is not known for his mathematical skills or achievements.
To compare their skills in a math competition, we need to consider their backgrounds and expertise.
Terence Tao has extensive training and experience in mathematics, having contributed significantly to the field.
Responses:
Eminem, while talented in music and lyrics, does not have a comparable background in mathematics. (Score: 0.031494140625)
A: Eminem, while talented in music, does not have the same level of expertise in mathematics as Terence Tao. (Score: 0.0290374755859375)
Eminem, on the other hand, is primarily known for his music and lyrical abilities, not for mathematics. (Score: 0.02996826171875)
<EMPTY> (Score: -inf)

====================
Query:
Use the step-by-step method as shown in the examples to answer the question. Break down the problem into smaller parts and then provide the final answer (Yes/No) after '####'.

Example 1:
Q: Karachi was a part of Alexander the Great's success?

A: Karachi is a city in modern day Pakistan.
Krokola was an ancient port located in what is now Karachi.
Alexander the Great stationed his fleet in Krokola on his way to Babylon.
Alexander the Great defeated Darius and conquered Babylon before expanding his 
empire.
#### Yes.

Example 2:
Q: Was P. G. Wodehouse's favorite book The Hunger Games?

A: P. G. Wodehouse died in 1975.
The Hunger Games was published in 2008.
#### No.
IMPORTANT:
- Think step by step.
- The final line must be exactly in the format: #### Yes. or #### No.
- Do not end with anything else after the final answer.
Your Question:
Q: Would Terence Tao outperform Eminem in a math competition?

A: Terence Tao is a renowned mathematician known for his work in various fields of mathematics.
He is a recipient of the Fields Medal, which is one of the highest honors in mathematics.
Eminem is a famous rapper and songwriter, but he is not known for his mathematical skills or achievements.
To compare their skills in a math competition, we need to consider their backgrounds and expertise.
Terence Tao has extensive training and experience in mathematics, having made significant contributions to the field.
Responses:
Eminem, while talented in music, does not have the same background or training in mathematics as Terence Tao. (Score: 0.0303802490234375)
Eminem, while talented in music and lyrics, does not have a comparable background in mathematics. (Score: 0.031341552734375)
Eminem's career has focused on music and entertainment, with no notable accomplishments in mathematics. (Score: 0.031341552734375)
Eminem, on the other hand, is primarily focused on music and has not demonstrated expertise in mathematics. (Score: 0.030853271484375)

====================
Query:
Use the step-by-step method as shown in the examples to answer the question. Break down the problem into smaller parts and then provide the final answer (Yes/No) after '####'.

Example 1:
Q: Karachi was a part of Alexander the Great's success?

A: Karachi is a city in modern day Pakistan.
Krokola was an ancient port located in what is now Karachi.
Alexander the Great stationed his fleet in Krokola on his way to Babylon.
Alexander the Great defeated Darius and conquered Babylon before expanding his 
empire.
#### Yes.

Example 2:
Q: Was P. G. Wodehouse's favorite book The Hunger Games?

A: P. G. Wodehouse died in 1975.
The Hunger Games was published in 2008.
#### No.
IMPORTANT:
- Think step by step.
- The final line must be exactly in the format: #### Yes. or #### No.
- Do not end with anything else after the final answer.
Your Question:
Q: Would Terence Tao outperform Eminem in a math competition?

A: Terence Tao is a renowned mathematician known for his work in various fields of mathematics.
He is a recipient of the Fields Medal, which is one of the highest honors in mathematics.
Eminem is a famous rapper and songwriter, but he is not known for his mathematical skills or achievements.
To compare their skills in a math competition, we need to consider their backgrounds and expertise.
Terence Tao has extensive training and experience in mathematics, having contributed significantly to the field.
Eminem, while talented in music and lyrics, does not have a comparable background in mathematics.
Responses:
A: Terence Tao is a renowned mathematician known for his work in various fields of mathematics. (Score: 0.0299530029296875)
A: Terence Tao is a renowned mathematician known for his work in various fields of mathematics. (Score: 0.0299530029296875)
<EMPTY> (Score: -inf)
<EMPTY> (Score: -inf)

====================
Query:
Use the step-by-step method as shown in the examples to answer the question. Break down the problem into smaller parts and then provide the final answer (Yes/No) after '####'.

Example 1:
Q: Karachi was a part of Alexander the Great's success?

A: Karachi is a city in modern day Pakistan.
Krokola was an ancient port located in what is now Karachi.
Alexander the Great stationed his fleet in Krokola on his way to Babylon.
Alexander the Great defeated Darius and conquered Babylon before expanding his 
empire.
#### Yes.

Example 2:
Q: Was P. G. Wodehouse's favorite book The Hunger Games?

A: P. G. Wodehouse died in 1975.
The Hunger Games was published in 2008.
#### No.
IMPORTANT:
- Think step by step.
- The final line must be exactly in the format: #### Yes. or #### No.
- Do not end with anything else after the final answer.
Your Question:
Q: Would Terence Tao outperform Eminem in a math competition?

A: Terence Tao is a renowned mathematician known for his work in various fields of mathematics.
He is a recipient of the Fields Medal, which is one of the highest honors in mathematics.
Eminem is a famous rapper and songwriter, but he is not known for his mathematical skills or achievements.
To compare their skills in a math competition, we need to consider their backgrounds and expertise.
Terence Tao has extensive training and experience in mathematics, having made significant contributions to the field.
Eminem's career has focused on music and entertainment, with no notable accomplishments in mathematics.
Responses:
#### Yes. (Score: 0.031829833984375)
A: Given Terence Tao's expertise as a mathematician and Eminem's lack of mathematical background, it is clear that Terence Tao would excel in a math competition. (Score: 0.029266357421875)
<EMPTY> (Score: -inf)
<EMPTY> (Score: -inf)

====================
Query:
Use the step-by-step method as shown in the examples to answer the question. Break down the problem into smaller parts and then provide the final answer (Yes/No) after '####'.

Example 1:
Q: Karachi was a part of Alexander the Great's success?

A: Karachi is a city in modern day Pakistan.
Krokola was an ancient port located in what is now Karachi.
Alexander the Great stationed his fleet in Krokola on his way to Babylon.
Alexander the Great defeated Darius and conquered Babylon before expanding his 
empire.
#### Yes.

Example 2:
Q: Was P. G. Wodehouse's favorite book The Hunger Games?

A: P. G. Wodehouse died in 1975.
The Hunger Games was published in 2008.
#### No.
IMPORTANT:
- Think step by step.
- The final line must be exactly in the format: #### Yes. or #### No.
- Do not end with anything else after the final answer.
Your Question:
Q: Would Terence Tao outperform Eminem in a math competition?

A: Terence Tao is a renowned mathematician known for his work in various fields of mathematics.
He is a recipient of the Fields Medal, which is one of the highest honors in mathematics.
Eminem is a famous rapper and songwriter, but he is not known for his mathematical skills or achievements.
To compare their skills in a math competition, we need to consider their backgrounds and expertise.
Terence Tao has extensive training and experience in mathematics, having contributed significantly to the field.
Eminem, while talented in music and lyrics, does not have a comparable background in mathematics.
A: Terence Tao is a renowned mathematician known for his work in various fields of mathematics.
Responses:
A: Terence Tao is a renowned mathematician known for his work in various fields of mathematics. (Score: 0.0296478271484375)
He has demonstrated exceptional problem-solving skills and has been recognized for his contributions to the field with prestigious awards. (Score: 0.029571533203125)
<EMPTY> (Score: -inf)
<EMPTY> (Score: -inf)

====================
Query:
Use the step-by-step method as shown in the examples to answer the question. Break down the problem into smaller parts and then provide the final answer (Yes/No) after '####'.

Example 1:
Q: Karachi was a part of Alexander the Great's success?

A: Karachi is a city in modern day Pakistan.
Krokola was an ancient port located in what is now Karachi.
Alexander the Great stationed his fleet in Krokola on his way to Babylon.
Alexander the Great defeated Darius and conquered Babylon before expanding his 
empire.
#### Yes.

Example 2:
Q: Was P. G. Wodehouse's favorite book The Hunger Games?

A: P. G. Wodehouse died in 1975.
The Hunger Games was published in 2008.
#### No.
IMPORTANT:
- Think step by step.
- The final line must be exactly in the format: #### Yes. or #### No.
- Do not end with anything else after the final answer.
Your Question:
Q: Does frost mean that it will be a snowy day?

A:
Responses:
Frost occurs when the temperature drops below freezing, causing moisture in the air to freeze on surfaces. (Score: 0.029266357421875)
Frost occurs when temperatures drop below freezing, causing moisture in the air to freeze on surfaces. (Score: 0.0305938720703125)
Frost occurs when temperatures drop below freezing, causing moisture in the air to crystallize on surfaces. (Score: 0.02984619140625)
Frost occurs when the temperature drops below freezing, leading to the formation of ice crystals on surfaces. (Score: 0.0269012451171875)

====================
Query:
Use the step-by-step method as shown in the examples to answer the question. Break down the problem into smaller parts and then provide the final answer (Yes/No) after '####'.

Example 1:
Q: Karachi was a part of Alexander the Great's success?

A: Karachi is a city in modern day Pakistan.
Krokola was an ancient port located in what is now Karachi.
Alexander the Great stationed his fleet in Krokola on his way to Babylon.
Alexander the Great defeated Darius and conquered Babylon before expanding his 
empire.
#### Yes.

Example 2:
Q: Was P. G. Wodehouse's favorite book The Hunger Games?

A: P. G. Wodehouse died in 1975.
The Hunger Games was published in 2008.
#### No.
IMPORTANT:
- Think step by step.
- The final line must be exactly in the format: #### Yes. or #### No.
- Do not end with anything else after the final answer.
Your Question:
Q: Does frost mean that it will be a snowy day?

A: Frost occurs when temperatures drop below freezing, causing moisture in the air to freeze on surfaces.
Responses:
Frost can happen without snow, as it primarily depends on temperature and moisture levels. (Score: 0.030914306640625)
Snow occurs when there is sufficient moisture in the atmosphere and temperatures are cold enough to form snowflakes. (Score: 0.030059814453125)
Frost is typically associated with cold temperatures but does not necessarily mean that snow is present or will fall. (Score: 0.028228759765625)
Snow occurs when there is sufficient moisture in the atmosphere and temperatures are cold enough for water droplets to freeze into snowflakes. (Score: 0.0309600830078125)

====================
Query:
Use the step-by-step method as shown in the examples to answer the question. Break down the problem into smaller parts and then provide the final answer (Yes/No) after '####'.

Example 1:
Q: Karachi was a part of Alexander the Great's success?

A: Karachi is a city in modern day Pakistan.
Krokola was an ancient port located in what is now Karachi.
Alexander the Great stationed his fleet in Krokola on his way to Babylon.
Alexander the Great defeated Darius and conquered Babylon before expanding his 
empire.
#### Yes.

Example 2:
Q: Was P. G. Wodehouse's favorite book The Hunger Games?

A: P. G. Wodehouse died in 1975.
The Hunger Games was published in 2008.
#### No.
IMPORTANT:
- Think step by step.
- The final line must be exactly in the format: #### Yes. or #### No.
- Do not end with anything else after the final answer.
Your Question:
Q: Does frost mean that it will be a snowy day?

A: Frost occurs when temperatures drop below freezing, causing moisture in the air to crystallize on surfaces.
Responses:
Frost can occur without snow, as it is a result of cold temperatures rather than precipitation. (Score: 0.0293731689453125)
Snow occurs when atmospheric conditions are right for water vapor to freeze and fall as snowflakes. (Score: 0.028533935546875)
Snow is formed when temperatures are cold enough for water vapor to freeze into ice crystals in the atmosphere and fall to the ground. (Score: 0.02899169921875)
<EMPTY> (Score: -inf)

====================
Query:
Use the step-by-step method as shown in the examples to answer the question. Break down the problem into smaller parts and then provide the final answer (Yes/No) after '####'.

Example 1:
Q: Karachi was a part of Alexander the Great's success?

A: Karachi is a city in modern day Pakistan.
Krokola was an ancient port located in what is now Karachi.
Alexander the Great stationed his fleet in Krokola on his way to Babylon.
Alexander the Great defeated Darius and conquered Babylon before expanding his 
empire.
#### Yes.

Example 2:
Q: Was P. G. Wodehouse's favorite book The Hunger Games?

A: P. G. Wodehouse died in 1975.
The Hunger Games was published in 2008.
#### No.
IMPORTANT:
- Think step by step.
- The final line must be exactly in the format: #### Yes. or #### No.
- Do not end with anything else after the final answer.
Your Question:
Q: Does frost mean that it will be a snowy day?

A: Frost occurs when temperatures drop below freezing, causing moisture in the air to freeze on surfaces.
Snow occurs when there is sufficient moisture in the atmosphere and temperatures are cold enough for water droplets to freeze into snowflakes.
Responses:
Frost can occur without snow, as it is a result of freezing temperatures and moisture in the air. (Score: 0.0284576416015625)
Frost can occur without snow, as it is a result of temperature conditions rather than precipitation. (Score: 0.02801513671875)
Frost can occur without snow, as it is primarily a result of temperature and moisture conditions, not necessarily linked to snowfall. (Score: 0.029571533203125)
Frost does not necessarily indicate that it will snow; it can occur on clear nights when the temperature drops, even without precipitation. (Score: 0.029632568359375)

====================
Query:
Use the step-by-step method as shown in the examples to answer the question. Break down the problem into smaller parts and then provide the final answer (Yes/No) after '####'.

Example 1:
Q: Karachi was a part of Alexander the Great's success?

A: Karachi is a city in modern day Pakistan.
Krokola was an ancient port located in what is now Karachi.
Alexander the Great stationed his fleet in Krokola on his way to Babylon.
Alexander the Great defeated Darius and conquered Babylon before expanding his 
empire.
#### Yes.

Example 2:
Q: Was P. G. Wodehouse's favorite book The Hunger Games?

A: P. G. Wodehouse died in 1975.
The Hunger Games was published in 2008.
#### No.
IMPORTANT:
- Think step by step.
- The final line must be exactly in the format: #### Yes. or #### No.
- Do not end with anything else after the final answer.
Your Question:
Q: Does frost mean that it will be a snowy day?

A: Frost occurs when temperatures drop below freezing, causing moisture in the air to freeze on surfaces.
Frost can happen without snow, as it primarily depends on temperature and moisture levels.
Responses:
Snow occurs when there is enough moisture in the atmosphere and temperatures are low enough for snowflakes to form. (Score: 0.0301971435546875)
Snow occurs when there is sufficient moisture in the atmosphere and temperatures are low enough for precipitation to fall as snowflakes. (Score: 0.0298004150390625)
Snow occurs when there is sufficient moisture in the atmosphere and temperatures are low enough for water vapor to crystallize into snowflakes. (Score: 0.028839111328125)
Snow occurs when there is sufficient moisture in the atmosphere and temperatures are low enough for ice crystals to form and fall as precipitation. (Score: 0.0287017822265625)

====================
Query:
Use the step-by-step method as shown in the examples to answer the question. Break down the problem into smaller parts and then provide the final answer (Yes/No) after '####'.

Example 1:
Q: Karachi was a part of Alexander the Great's success?

A: Karachi is a city in modern day Pakistan.
Krokola was an ancient port located in what is now Karachi.
Alexander the Great stationed his fleet in Krokola on his way to Babylon.
Alexander the Great defeated Darius and conquered Babylon before expanding his 
empire.
#### Yes.

Example 2:
Q: Was P. G. Wodehouse's favorite book The Hunger Games?

A: P. G. Wodehouse died in 1975.
The Hunger Games was published in 2008.
#### No.
IMPORTANT:
- Think step by step.
- The final line must be exactly in the format: #### Yes. or #### No.
- Do not end with anything else after the final answer.
Your Question:
Q: Does frost mean that it will be a snowy day?

A: Frost occurs when temperatures drop below freezing, causing moisture in the air to freeze on surfaces.
Frost can happen without snow, as it primarily depends on temperature and moisture levels.
Snow occurs when there is enough moisture in the atmosphere and temperatures are low enough for snowflakes to form.
Responses:
Frost and snow are both related to cold temperatures, but they are different phenomena. (Score: 0.0302276611328125)
Frost does not necessarily indicate that it will snow. (Score: 0.029998779296875)
Frost and snow are related to temperature and moisture, but they are different phenomena. (Score: 0.0298614501953125)
Frost and snow are two different weather phenomena. (Score: 0.0293121337890625)

====================
Query:
Use the step-by-step method as shown in the examples to answer the question. Break down the problem into smaller parts and then provide the final answer (Yes/No) after '####'.

Example 1:
Q: Karachi was a part of Alexander the Great's success?

A: Karachi is a city in modern day Pakistan.
Krokola was an ancient port located in what is now Karachi.
Alexander the Great stationed his fleet in Krokola on his way to Babylon.
Alexander the Great defeated Darius and conquered Babylon before expanding his 
empire.
#### Yes.

Example 2:
Q: Was P. G. Wodehouse's favorite book The Hunger Games?

A: P. G. Wodehouse died in 1975.
The Hunger Games was published in 2008.
#### No.
IMPORTANT:
- Think step by step.
- The final line must be exactly in the format: #### Yes. or #### No.
- Do not end with anything else after the final answer.
Your Question:
Q: Does frost mean that it will be a snowy day?

A: Frost occurs when temperatures drop below freezing, causing moisture in the air to freeze on surfaces.
Frost can happen without snow, as it primarily depends on temperature and moisture levels.
Snow occurs when there is sufficient moisture in the atmosphere and temperatures are low enough for precipitation to fall as snowflakes.
Responses:
Frost and snow are both related to cold weather but are not the same phenomenon. (Score: 0.029205322265625)
Frost and snow are related to cold temperatures, but they are different phenomena. (Score: 0.029693603515625)
Frost does not necessarily indicate that it will snow on that day, as frost can form under clear skies without snowfall. (Score: 0.0296783447265625)
Frost does not necessarily indicate that it will snow, as frost can form in clear conditions without any precipitation. (Score: 0.0306396484375)

====================
Query:
Use the step-by-step method as shown in the examples to answer the question. Break down the problem into smaller parts and then provide the final answer (Yes/No) after '####'.

Example 1:
Q: Karachi was a part of Alexander the Great's success?

A: Karachi is a city in modern day Pakistan.
Krokola was an ancient port located in what is now Karachi.
Alexander the Great stationed his fleet in Krokola on his way to Babylon.
Alexander the Great defeated Darius and conquered Babylon before expanding his 
empire.
#### Yes.

Example 2:
Q: Was P. G. Wodehouse's favorite book The Hunger Games?

A: P. G. Wodehouse died in 1975.
The Hunger Games was published in 2008.
#### No.
IMPORTANT:
- Think step by step.
- The final line must be exactly in the format: #### Yes. or #### No.
- Do not end with anything else after the final answer.
Your Question:
Q: Does frost mean that it will be a snowy day?

A: Frost occurs when temperatures drop below freezing, causing moisture in the air to freeze on surfaces.
Frost can happen without snow, as it primarily depends on temperature and moisture levels.
Snow occurs when there is sufficient moisture in the atmosphere and temperatures are low enough for precipitation to fall as snowflakes.
Frost does not necessarily indicate that it will snow, as frost can form in clear conditions without any precipitation.
Responses:
#### No. (Score: 0.0310821533203125)
#### No. (Score: 0.0310821533203125)
<EMPTY> (Score: -inf)
<EMPTY> (Score: -inf)

====================
Query:
Use the step-by-step method as shown in the examples to answer the question. Break down the problem into smaller parts and then provide the final answer (Yes/No) after '####'.

Example 1:
Q: Karachi was a part of Alexander the Great's success?

A: Karachi is a city in modern day Pakistan.
Krokola was an ancient port located in what is now Karachi.
Alexander the Great stationed his fleet in Krokola on his way to Babylon.
Alexander the Great defeated Darius and conquered Babylon before expanding his 
empire.
#### Yes.

Example 2:
Q: Was P. G. Wodehouse's favorite book The Hunger Games?

A: P. G. Wodehouse died in 1975.
The Hunger Games was published in 2008.
#### No.
IMPORTANT:
- Think step by step.
- The final line must be exactly in the format: #### Yes. or #### No.
- Do not end with anything else after the final answer.
Your Question:
Q: Does frost mean that it will be a snowy day?

A: Frost occurs when temperatures drop below freezing, causing moisture in the air to freeze on surfaces.
Frost can happen without snow, as it primarily depends on temperature and moisture levels.
Snow occurs when there is enough moisture in the atmosphere and temperatures are low enough for snowflakes to form.
Frost and snow are both related to cold temperatures, but they are different phenomena.
Responses:
#### No. (Score: 0.0308837890625)
Frost does not necessarily indicate that there will be snow on that day. (Score: 0.02972412109375)
<EMPTY> (Score: -inf)
<EMPTY> (Score: -inf)

====================
Query:
Use the step-by-step method as shown in the examples to answer the question. Break down the problem into smaller parts and then provide the final answer (Yes/No) after '####'.

Example 1:
Q: Karachi was a part of Alexander the Great's success?

A: Karachi is a city in modern day Pakistan.
Krokola was an ancient port located in what is now Karachi.
Alexander the Great stationed his fleet in Krokola on his way to Babylon.
Alexander the Great defeated Darius and conquered Babylon before expanding his 
empire.
#### Yes.

Example 2:
Q: Was P. G. Wodehouse's favorite book The Hunger Games?

A: P. G. Wodehouse died in 1975.
The Hunger Games was published in 2008.
#### No.
IMPORTANT:
- Think step by step.
- The final line must be exactly in the format: #### Yes. or #### No.
- Do not end with anything else after the final answer.
Your Question:
Q: Are Scottish people descended from Mary, Queen of Scots part French?

A:
Responses:
A: Mary, Queen of Scots was born in 1542 and was a member of the Scottish royal family. (Score: 0.024322509765625)
A: Mary, Queen of Scots was born in 1542 and was of Scottish royal descent. (Score: 0.023956298828125)
Mary, Queen of Scots was born in 1542 and was of Scottish and French descent. (Score: 0.0289154052734375)
Mary, Queen of Scots was born in 1542 and was a member of the Scottish royal family. (Score: 0.026336669921875)

====================
Query:
Use the step-by-step method as shown in the examples to answer the question. Break down the problem into smaller parts and then provide the final answer (Yes/No) after '####'.

Example 1:
Q: Karachi was a part of Alexander the Great's success?

A: Karachi is a city in modern day Pakistan.
Krokola was an ancient port located in what is now Karachi.
Alexander the Great stationed his fleet in Krokola on his way to Babylon.
Alexander the Great defeated Darius and conquered Babylon before expanding his 
empire.
#### Yes.

Example 2:
Q: Was P. G. Wodehouse's favorite book The Hunger Games?

A: P. G. Wodehouse died in 1975.
The Hunger Games was published in 2008.
#### No.
IMPORTANT:
- Think step by step.
- The final line must be exactly in the format: #### Yes. or #### No.
- Do not end with anything else after the final answer.
Your Question:
Q: Are Scottish people descended from Mary, Queen of Scots part French?

A: Mary, Queen of Scots was born in 1542 and was of Scottish and French descent.
Responses:
Mary, Queen of Scots was born in Scotland and was a member of the Scottish royal family. (Score: 0.0238800048828125)
Mary, Queen of Scots was the daughter of James V of Scotland and Mary of Guise, who was from France. (Score: 0.0253143310546875)
Mary, Queen of Scots was born in Scotland and was the daughter of James V of Scotland and Mary of Guise, who was of French origin. (Score: 0.024688720703125)
<EMPTY> (Score: -inf)

====================
Query:
Use the step-by-step method as shown in the examples to answer the question. Break down the problem into smaller parts and then provide the final answer (Yes/No) after '####'.

Example 1:
Q: Karachi was a part of Alexander the Great's success?

A: Karachi is a city in modern day Pakistan.
Krokola was an ancient port located in what is now Karachi.
Alexander the Great stationed his fleet in Krokola on his way to Babylon.
Alexander the Great defeated Darius and conquered Babylon before expanding his 
empire.
#### Yes.

Example 2:
Q: Was P. G. Wodehouse's favorite book The Hunger Games?

A: P. G. Wodehouse died in 1975.
The Hunger Games was published in 2008.
#### No.
IMPORTANT:
- Think step by step.
- The final line must be exactly in the format: #### Yes. or #### No.
- Do not end with anything else after the final answer.
Your Question:
Q: Are Scottish people descended from Mary, Queen of Scots part French?

A: Mary, Queen of Scots was born in 1542 and was a member of the Scottish royal family.
Responses:
Mary, Queen of Scots was the daughter of James V of Scotland and Mary of Guise, who was of French descent. (Score: 0.0233306884765625)
Her mother, Mary of Guise, was of French descent. (Score: 0.02606201171875)
Mary, Queen of Scots was of both Scottish and French descent. (Score: 0.0239105224609375)
<EMPTY> (Score: -inf)

====================
Query:
Use the step-by-step method as shown in the examples to answer the question. Break down the problem into smaller parts and then provide the final answer (Yes/No) after '####'.

Example 1:
Q: Karachi was a part of Alexander the Great's success?

A: Karachi is a city in modern day Pakistan.
Krokola was an ancient port located in what is now Karachi.
Alexander the Great stationed his fleet in Krokola on his way to Babylon.
Alexander the Great defeated Darius and conquered Babylon before expanding his 
empire.
#### Yes.

Example 2:
Q: Was P. G. Wodehouse's favorite book The Hunger Games?

A: P. G. Wodehouse died in 1975.
The Hunger Games was published in 2008.
#### No.
IMPORTANT:
- Think step by step.
- The final line must be exactly in the format: #### Yes. or #### No.
- Do not end with anything else after the final answer.
Your Question:
Q: Are Scottish people descended from Mary, Queen of Scots part French?

A: Mary, Queen of Scots was born in 1542 and was a member of the Scottish royal family.
Her mother, Mary of Guise, was of French descent.
Responses:
Mary, Queen of Scots was married to Henry Stuart, Lord Darnley, who was also of Scottish descent. (Score: 0.0224609375)
Mary, Queen of Scots spent much of her early life in France and was a strong political ally of the French monarchy. (Score: 0.025390625)
Mary, Queen of Scots spent part of her early life in France and was raised in the French court. (Score: 0.0263824462890625)
Mary, Queen of Scots spent a significant part of her early life in France and was married to the French Dauphin, Francis II. (Score: 0.025604248046875)

====================
Query:
Use the step-by-step method as shown in the examples to answer the question. Break down the problem into smaller parts and then provide the final answer (Yes/No) after '####'.

Example 1:
Q: Karachi was a part of Alexander the Great's success?

A: Karachi is a city in modern day Pakistan.
Krokola was an ancient port located in what is now Karachi.
Alexander the Great stationed his fleet in Krokola on his way to Babylon.
Alexander the Great defeated Darius and conquered Babylon before expanding his 
empire.
#### Yes.

Example 2:
Q: Was P. G. Wodehouse's favorite book The Hunger Games?

A: P. G. Wodehouse died in 1975.
The Hunger Games was published in 2008.
#### No.
IMPORTANT:
- Think step by step.
- The final line must be exactly in the format: #### Yes. or #### No.
- Do not end with anything else after the final answer.
Your Question:
Q: Are Scottish people descended from Mary, Queen of Scots part French?

A: Mary, Queen of Scots was born in 1542 and was of Scottish and French descent.
Mary, Queen of Scots was the daughter of James V of Scotland and Mary of Guise, who was from France.
Responses:
Mary, Queen of Scots ruled Scotland from 1542 until her forced abdication in 1567. (Score: 0.0253143310546875)
Mary, Queen of Scots was a significant historical figure in Scotland's history. (Score: 0.022918701171875)
Scottish people are often considered to have a diverse ancestry that includes various influences over the centuries. (Score: 0.025390625)
Mary, Queen of Scots had a strong connection to both Scotland and France. (Score: 0.02532958984375)

====================
Query:
Use the step-by-step method as shown in the examples to answer the question. Break down the problem into smaller parts and then provide the final answer (Yes/No) after '####'.

Example 1:
Q: Karachi was a part of Alexander the Great's success?

A: Karachi is a city in modern day Pakistan.
Krokola was an ancient port located in what is now Karachi.
Alexander the Great stationed his fleet in Krokola on his way to Babylon.
Alexander the Great defeated Darius and conquered Babylon before expanding his 
empire.
#### Yes.

Example 2:
Q: Was P. G. Wodehouse's favorite book The Hunger Games?

A: P. G. Wodehouse died in 1975.
The Hunger Games was published in 2008.
#### No.
IMPORTANT:
- Think step by step.
- The final line must be exactly in the format: #### Yes. or #### No.
- Do not end with anything else after the final answer.
Your Question:
Q: Are Scottish people descended from Mary, Queen of Scots part French?

A: Mary, Queen of Scots was born in 1542 and was a member of the Scottish royal family.
Her mother, Mary of Guise, was of French descent.
Mary, Queen of Scots spent part of her early life in France and was raised in the French court.
Responses:
Mary, Queen of Scots had strong ties to France through her heritage and upbringing. (Score: 0.025970458984375)
Scottish people, as a whole, have various ancestral backgrounds, including Celtic, Anglo-Saxon, and Norman influences. (Score: 0.023223876953125)
A: The Scottish people are a mix of various ancestries, including Celtic, Norse, and others. (Score: 0.022064208984375)
Scottish people are considered to have diverse ancestry, influenced by various groups over centuries, including the French through historical connections and royal intermarriages. (Score: 0.026611328125)

====================
Query:
Use the step-by-step method as shown in the examples to answer the question. Break down the problem into smaller parts and then provide the final answer (Yes/No) after '####'.

Example 1:
Q: Karachi was a part of Alexander the Great's success?

A: Karachi is a city in modern day Pakistan.
Krokola was an ancient port located in what is now Karachi.
Alexander the Great stationed his fleet in Krokola on his way to Babylon.
Alexander the Great defeated Darius and conquered Babylon before expanding his 
empire.
#### Yes.

Example 2:
Q: Was P. G. Wodehouse's favorite book The Hunger Games?

A: P. G. Wodehouse died in 1975.
The Hunger Games was published in 2008.
#### No.
IMPORTANT:
- Think step by step.
- The final line must be exactly in the format: #### Yes. or #### No.
- Do not end with anything else after the final answer.
Your Question:
Q: Are Scottish people descended from Mary, Queen of Scots part French?

A: Mary, Queen of Scots was born in 1542 and was a member of the Scottish royal family.
Her mother, Mary of Guise, was of French descent.
Mary, Queen of Scots spent a significant part of her early life in France and was married to the French Dauphin, Francis II.
Responses:
A: The descendants of Mary, Queen of Scots would include Scottish people. (Score: 0.02435302734375)
The Scottish people are a diverse group with various ancestral influences, including Celtic, Pictish, and Norse heritage. (Score: 0.0229034423828125)
Mary, Queen of Scots had strong ties to France through her ancestry and marriage. (Score: 0.0259552001953125)
Her ancestry includes French lineage through her mother. (Score: 0.026275634765625)

====================
Query:
Use the step-by-step method as shown in the examples to answer the question. Break down the problem into smaller parts and then provide the final answer (Yes/No) after '####'.

Example 1:
Q: Karachi was a part of Alexander the Great's success?

A: Karachi is a city in modern day Pakistan.
Krokola was an ancient port located in what is now Karachi.
Alexander the Great stationed his fleet in Krokola on his way to Babylon.
Alexander the Great defeated Darius and conquered Babylon before expanding his 
empire.
#### Yes.

Example 2:
Q: Was P. G. Wodehouse's favorite book The Hunger Games?

A: P. G. Wodehouse died in 1975.
The Hunger Games was published in 2008.
#### No.
IMPORTANT:
- Think step by step.
- The final line must be exactly in the format: #### Yes. or #### No.
- Do not end with anything else after the final answer.
Your Question:
Q: Are Scottish people descended from Mary, Queen of Scots part French?

A: Mary, Queen of Scots was born in 1542 and was a member of the Scottish royal family.
Her mother, Mary of Guise, was of French descent.
Mary, Queen of Scots spent part of her early life in France and was raised in the French court.
Scottish people are considered to have diverse ancestry, influenced by various groups over centuries, including the French through historical connections and royal intermarriages.
Responses:
A: Mary, Queen of Scots was born in 1542 and was a member of the Scottish royal family. (Score: 0.0258636474609375)
A: Mary, Queen of Scots was born in 1542 and was a member of the Scottish royal family. (Score: 0.0258636474609375)
<EMPTY> (Score: -inf)
<EMPTY> (Score: -inf)

====================
Query:
Use the step-by-step method as shown in the examples to answer the question. Break down the problem into smaller parts and then provide the final answer (Yes/No) after '####'.

Example 1:
Q: Karachi was a part of Alexander the Great's success?

A: Karachi is a city in modern day Pakistan.
Krokola was an ancient port located in what is now Karachi.
Alexander the Great stationed his fleet in Krokola on his way to Babylon.
Alexander the Great defeated Darius and conquered Babylon before expanding his 
empire.
#### Yes.

Example 2:
Q: Was P. G. Wodehouse's favorite book The Hunger Games?

A: P. G. Wodehouse died in 1975.
The Hunger Games was published in 2008.
#### No.
IMPORTANT:
- Think step by step.
- The final line must be exactly in the format: #### Yes. or #### No.
- Do not end with anything else after the final answer.
Your Question:
Q: Are Scottish people descended from Mary, Queen of Scots part French?

A: Mary, Queen of Scots was born in 1542 and was a member of the Scottish royal family.
Her mother, Mary of Guise, was of French descent.
Mary, Queen of Scots spent a significant part of her early life in France and was married to the French Dauphin, Francis II.
Her ancestry includes French lineage through her mother.
Responses:
To determine if Scottish people descended from Mary, Queen of Scots are part French, we need to analyze the ancestry of Mary, Queen of Scots. (Score: 0.0261993408203125)
A: Scottish people are primarily descended from the Celtic tribes that inhabited Scotland. (Score: 0.0235595703125)
A: Scottish people are descended from various historical figures and groups. (Score: 0.022369384765625)
A: The Scottish people are a diverse group with various historical influences. (Score: 0.0245208740234375)

====================
Query:
Use the step-by-step method as shown in the examples to answer the question. Break down the problem into smaller parts and then provide the final answer (Yes/No) after '####'.

Example 1:
Q: Karachi was a part of Alexander the Great's success?

A: Karachi is a city in modern day Pakistan.
Krokola was an ancient port located in what is now Karachi.
Alexander the Great stationed his fleet in Krokola on his way to Babylon.
Alexander the Great defeated Darius and conquered Babylon before expanding his 
empire.
#### Yes.

Example 2:
Q: Was P. G. Wodehouse's favorite book The Hunger Games?

A: P. G. Wodehouse died in 1975.
The Hunger Games was published in 2008.
#### No.
IMPORTANT:
- Think step by step.
- The final line must be exactly in the format: #### Yes. or #### No.
- Do not end with anything else after the final answer.
Your Question:
Q: Are Scottish people descended from Mary, Queen of Scots part French?

A: Mary, Queen of Scots was born in 1542 and was a member of the Scottish royal family.
Her mother, Mary of Guise, was of French descent.
Mary, Queen of Scots spent a significant part of her early life in France and was married to the French Dauphin, Francis II.
Her ancestry includes French lineage through her mother.
To determine if Scottish people descended from Mary, Queen of Scots are part French, we need to analyze the ancestry of Mary, Queen of Scots.
Responses:
Mary, Queen of Scots had French ancestry through her mother, Mary of Guise. (Score: 0.0273284912109375)
Mary, Queen of Scots has a direct lineage that includes French ancestry through her mother, Mary of Guise. (Score: 0.02606201171875)
A: Mary, Queen of Scots was born in 1542 and was a member of the Scottish royal family. (Score: 0.0276336669921875)
<EMPTY> (Score: -inf)

====================
Query:
Use the step-by-step method as shown in the examples to answer the question. Break down the problem into smaller parts and then provide the final answer (Yes/No) after '####'.

Example 1:
Q: Karachi was a part of Alexander the Great's success?

A: Karachi is a city in modern day Pakistan.
Krokola was an ancient port located in what is now Karachi.
Alexander the Great stationed his fleet in Krokola on his way to Babylon.
Alexander the Great defeated Darius and conquered Babylon before expanding his 
empire.
#### Yes.

Example 2:
Q: Was P. G. Wodehouse's favorite book The Hunger Games?

A: P. G. Wodehouse died in 1975.
The Hunger Games was published in 2008.
#### No.
IMPORTANT:
- Think step by step.
- The final line must be exactly in the format: #### Yes. or #### No.
- Do not end with anything else after the final answer.
Your Question:
Q: Are Scottish people descended from Mary, Queen of Scots part French?

A: Mary, Queen of Scots was born in 1542 and was a member of the Scottish royal family.
Her mother, Mary of Guise, was of French descent.
Mary, Queen of Scots spent part of her early life in France and was raised in the French court.
Scottish people are considered to have diverse ancestry, influenced by various groups over centuries, including the French through historical connections and royal intermarriages.
A: Mary, Queen of Scots was born in 1542 and was a member of the Scottish royal family.
Responses:
Her mother, Mary of Guise, was of French descent. (Score: 0.026275634765625)
Her mother, Mary of Guise, was of French descent. (Score: 0.026275634765625)
<EMPTY> (Score: -inf)
<EMPTY> (Score: -inf)

====================
Query:
Use the step-by-step method as shown in the examples to answer the question. Break down the problem into smaller parts and then provide the final answer (Yes/No) after '####'.

Example 1:
Q: Karachi was a part of Alexander the Great's success?

A: Karachi is a city in modern day Pakistan.
Krokola was an ancient port located in what is now Karachi.
Alexander the Great stationed his fleet in Krokola on his way to Babylon.
Alexander the Great defeated Darius and conquered Babylon before expanding his 
empire.
#### Yes.

Example 2:
Q: Was P. G. Wodehouse's favorite book The Hunger Games?

A: P. G. Wodehouse died in 1975.
The Hunger Games was published in 2008.
#### No.
IMPORTANT:
- Think step by step.
- The final line must be exactly in the format: #### Yes. or #### No.
- Do not end with anything else after the final answer.
Your Question:
Q: Are Scottish people descended from Mary, Queen of Scots part French?

A: Mary, Queen of Scots was born in 1542 and was a member of the Scottish royal family.
Her mother, Mary of Guise, was of French descent.
Mary, Queen of Scots spent a significant part of her early life in France and was married to the French Dauphin, Francis II.
Her ancestry includes French lineage through her mother.
To determine if Scottish people descended from Mary, Queen of Scots are part French, we need to analyze the ancestry of Mary, Queen of Scots.
A: Mary, Queen of Scots was born in 1542 and was a member of the Scottish royal family.
Responses:
Her mother, Mary of Guise, was of French descent. (Score: 0.0268096923828125)
Mary, Queen of Scots, was born in 1542 and was a member of the Scottish royal family. (Score: 0.0270233154296875)
Mary, Queen of Scots had French ancestry through her mother, Mary of Guise. (Score: 0.0261688232421875)
<EMPTY> (Score: -inf)

====================
Query:
Use the step-by-step method as shown in the examples to answer the question. Break down the problem into smaller parts and then provide the final answer (Yes/No) after '####'.

Example 1:
Q: Karachi was a part of Alexander the Great's success?

A: Karachi is a city in modern day Pakistan.
Krokola was an ancient port located in what is now Karachi.
Alexander the Great stationed his fleet in Krokola on his way to Babylon.
Alexander the Great defeated Darius and conquered Babylon before expanding his 
empire.
#### Yes.

Example 2:
Q: Was P. G. Wodehouse's favorite book The Hunger Games?

A: P. G. Wodehouse died in 1975.
The Hunger Games was published in 2008.
#### No.
IMPORTANT:
- Think step by step.
- The final line must be exactly in the format: #### Yes. or #### No.
- Do not end with anything else after the final answer.
Your Question:
Q: Are Scottish people descended from Mary, Queen of Scots part French?

A: Mary, Queen of Scots was born in 1542 and was a member of the Scottish royal family.
Her mother, Mary of Guise, was of French descent.
Mary, Queen of Scots spent a significant part of her early life in France and was married to the French Dauphin, Francis II.
Her ancestry includes French lineage through her mother.
To determine if Scottish people descended from Mary, Queen of Scots are part French, we need to analyze the ancestry of Mary, Queen of Scots.
Mary, Queen of Scots had French ancestry through her mother, Mary of Guise.
Responses:
This implies that some Scottish people, particularly those who trace their lineage back to her, could also have part French ancestry. (Score: 0.02850341796875)
This means that some of her descendants would also have French ancestry. (Score: 0.028350830078125)
Scottish people, particularly those who trace their lineage back to Mary, Queen of Scots, would share that French ancestry through her. (Score: 0.0285186767578125)
This connection suggests that some Scottish people descended from her may indeed have French ancestry. (Score: 0.0278472900390625)

====================
Query:
Use the step-by-step method as shown in the examples to answer the question. Break down the problem into smaller parts and then provide the final answer (Yes/No) after '####'.

Example 1:
Q: Karachi was a part of Alexander the Great's success?

A: Karachi is a city in modern day Pakistan.
Krokola was an ancient port located in what is now Karachi.
Alexander the Great stationed his fleet in Krokola on his way to Babylon.
Alexander the Great defeated Darius and conquered Babylon before expanding his 
empire.
#### Yes.

Example 2:
Q: Was P. G. Wodehouse's favorite book The Hunger Games?

A: P. G. Wodehouse died in 1975.
The Hunger Games was published in 2008.
#### No.
IMPORTANT:
- Think step by step.
- The final line must be exactly in the format: #### Yes. or #### No.
- Do not end with anything else after the final answer.
Your Question:
Q: Are Scottish people descended from Mary, Queen of Scots part French?

A: Mary, Queen of Scots was born in 1542 and was a member of the Scottish royal family.
Her mother, Mary of Guise, was of French descent.
Mary, Queen of Scots spent a significant part of her early life in France and was married to the French Dauphin, Francis II.
Her ancestry includes French lineage through her mother.
To determine if Scottish people descended from Mary, Queen of Scots are part French, we need to analyze the ancestry of Mary, Queen of Scots.
Mary, Queen of Scots had French ancestry through her mother, Mary of Guise.
Scottish people, particularly those who trace their lineage back to Mary, Queen of Scots, would share that French ancestry through her.
Responses:
#### Yes. (Score: 0.030181884765625)
To determine if Scottish people descended from Mary, Queen of Scots are part French, we will break down the information step by step. (Score: 0.0283203125)
A: Mary, Queen of Scots was born in 1542 and was a member of the Scottish royal family. (Score: 0.030364990234375)
<EMPTY> (Score: -inf)

====================
Query:
Use the step-by-step method as shown in the examples to answer the question. Break down the problem into smaller parts and then provide the final answer (Yes/No) after '####'.

Example 1:
Q: Karachi was a part of Alexander the Great's success?

A: Karachi is a city in modern day Pakistan.
Krokola was an ancient port located in what is now Karachi.
Alexander the Great stationed his fleet in Krokola on his way to Babylon.
Alexander the Great defeated Darius and conquered Babylon before expanding his 
empire.
#### Yes.

Example 2:
Q: Was P. G. Wodehouse's favorite book The Hunger Games?

A: P. G. Wodehouse died in 1975.
The Hunger Games was published in 2008.
#### No.
IMPORTANT:
- Think step by step.
- The final line must be exactly in the format: #### Yes. or #### No.
- Do not end with anything else after the final answer.
Your Question:
Q: Are Scottish people descended from Mary, Queen of Scots part French?

A: Mary, Queen of Scots was born in 1542 and was a member of the Scottish royal family.
Her mother, Mary of Guise, was of French descent.
Mary, Queen of Scots spent a significant part of her early life in France and was married to the French Dauphin, Francis II.
Her ancestry includes French lineage through her mother.
To determine if Scottish people descended from Mary, Queen of Scots are part French, we need to analyze the ancestry of Mary, Queen of Scots.
Mary, Queen of Scots had French ancestry through her mother, Mary of Guise.
This implies that some Scottish people, particularly those who trace their lineage back to her, could also have part French ancestry.
Responses:
A: Mary, Queen of Scots was born in 1542 and was a member of the Scottish royal family. (Score: 0.029876708984375)
A: Scottish people are a diverse group with various ancestral backgrounds. (Score: 0.02947998046875)
To address the question, we need to break it down into smaller parts regarding Mary, Queen of Scots, her ancestry, and its implications for Scottish descendants. (Score: 0.0299835205078125)
<EMPTY> (Score: -inf)

====================
Query:
Use the step-by-step method as shown in the examples to answer the question. Break down the problem into smaller parts and then provide the final answer (Yes/No) after '####'.

Example 1:
Q: Karachi was a part of Alexander the Great's success?

A: Karachi is a city in modern day Pakistan.
Krokola was an ancient port located in what is now Karachi.
Alexander the Great stationed his fleet in Krokola on his way to Babylon.
Alexander the Great defeated Darius and conquered Babylon before expanding his 
empire.
#### Yes.

Example 2:
Q: Was P. G. Wodehouse's favorite book The Hunger Games?

A: P. G. Wodehouse died in 1975.
The Hunger Games was published in 2008.
#### No.
IMPORTANT:
- Think step by step.
- The final line must be exactly in the format: #### Yes. or #### No.
- Do not end with anything else after the final answer.
Your Question:
Q: Could a giant squid fit aboard the deck of the titanic?

A:
Responses:
A: The Titanic was approximately 882 feet long and 92 feet wide. (Score: 0.0232696533203125)
A: The Titanic was approximately 882 feet long and had a deck area of about 92,000 square feet. (Score: 0.02252197265625)
A: The Titanic was approximately 882 feet long and had a deck area that could accommodate large objects. (Score: 0.0228729248046875)
A: The giant squid is a large marine creature that can grow to lengths of about 12 to 43 feet (3.6 to 13 meters) depending on the species. (Score: 0.0277252197265625)

====================
Query:
Use the step-by-step method as shown in the examples to answer the question. Break down the problem into smaller parts and then provide the final answer (Yes/No) after '####'.

Example 1:
Q: Karachi was a part of Alexander the Great's success?

A: Karachi is a city in modern day Pakistan.
Krokola was an ancient port located in what is now Karachi.
Alexander the Great stationed his fleet in Krokola on his way to Babylon.
Alexander the Great defeated Darius and conquered Babylon before expanding his 
empire.
#### Yes.

Example 2:
Q: Was P. G. Wodehouse's favorite book The Hunger Games?

A: P. G. Wodehouse died in 1975.
The Hunger Games was published in 2008.
#### No.
IMPORTANT:
- Think step by step.
- The final line must be exactly in the format: #### Yes. or #### No.
- Do not end with anything else after the final answer.
Your Question:
Q: Could a giant squid fit aboard the deck of the titanic?

A: A: The giant squid is a large marine creature that can grow to lengths of about 12 to 43 feet (3.6 to 13 meters) depending on the species.
Responses:
The Titanic was approximately 882 feet long and 92 feet wide. (Score: 0.0260772705078125)
The Titanic was approximately 882 feet (269 meters) long and had a deck area that was significantly larger than the maximum size of a giant squid. (Score: 0.0274810791015625)
The Titanic was approximately 882 feet (269 meters) long and had a deck area that could accommodate many large objects. (Score: 0.026275634765625)
<EMPTY> (Score: -inf)

====================
Query:
Use the step-by-step method as shown in the examples to answer the question. Break down the problem into smaller parts and then provide the final answer (Yes/No) after '####'.

Example 1:
Q: Karachi was a part of Alexander the Great's success?

A: Karachi is a city in modern day Pakistan.
Krokola was an ancient port located in what is now Karachi.
Alexander the Great stationed his fleet in Krokola on his way to Babylon.
Alexander the Great defeated Darius and conquered Babylon before expanding his 
empire.
#### Yes.

Example 2:
Q: Was P. G. Wodehouse's favorite book The Hunger Games?

A: P. G. Wodehouse died in 1975.
The Hunger Games was published in 2008.
#### No.
IMPORTANT:
- Think step by step.
- The final line must be exactly in the format: #### Yes. or #### No.
- Do not end with anything else after the final answer.
Your Question:
Q: Could a giant squid fit aboard the deck of the titanic?

A: A: The Titanic was approximately 882 feet long and 92 feet wide.
Responses:
A: A giant squid can grow up to 43 feet long, with some reports of even larger specimens. (Score: 0.023223876953125)
A: A giant squid can grow up to 43 feet in length. (Score: 0.0216522216796875)
A: A giant squid can grow up to 43 feet long, with a mantle length of around 10-13 feet and arms that can extend even further. (Score: 0.0226287841796875)
A: A giant squid can grow up to 43 feet in length for the largest species, with a mantle length of about 10-13 feet and long tentacles. (Score: 0.0229339599609375)

====================
Query:
Use the step-by-step method as shown in the examples to answer the question. Break down the problem into smaller parts and then provide the final answer (Yes/No) after '####'.

Example 1:
Q: Karachi was a part of Alexander the Great's success?

A: Karachi is a city in modern day Pakistan.
Krokola was an ancient port located in what is now Karachi.
Alexander the Great stationed his fleet in Krokola on his way to Babylon.
Alexander the Great defeated Darius and conquered Babylon before expanding his 
empire.
#### Yes.

Example 2:
Q: Was P. G. Wodehouse's favorite book The Hunger Games?

A: P. G. Wodehouse died in 1975.
The Hunger Games was published in 2008.
#### No.
IMPORTANT:
- Think step by step.
- The final line must be exactly in the format: #### Yes. or #### No.
- Do not end with anything else after the final answer.
Your Question:
Q: Could a giant squid fit aboard the deck of the titanic?

A: A: The giant squid is a large marine creature that can grow to lengths of about 12 to 43 feet (3.6 to 13 meters) depending on the species.
The Titanic was approximately 882 feet (269 meters) long and had a deck area that was significantly larger than the maximum size of a giant squid.
Responses:
A: The giant squid is a large marine creature that can grow to lengths of about 12 to 43 feet (3.6 to 13 meters) depending on the species. (Score: 0.02545166015625)
To determine if a giant squid could fit aboard the deck of the Titanic, we need to assess the dimensions of both the squid and the ship. (Score: 0.029144287109375)
<EMPTY> (Score: -inf)
<EMPTY> (Score: -inf)

====================
Query:
Use the step-by-step method as shown in the examples to answer the question. Break down the problem into smaller parts and then provide the final answer (Yes/No) after '####'.

Example 1:
Q: Karachi was a part of Alexander the Great's success?

A: Karachi is a city in modern day Pakistan.
Krokola was an ancient port located in what is now Karachi.
Alexander the Great stationed his fleet in Krokola on his way to Babylon.
Alexander the Great defeated Darius and conquered Babylon before expanding his 
empire.
#### Yes.

Example 2:
Q: Was P. G. Wodehouse's favorite book The Hunger Games?

A: P. G. Wodehouse died in 1975.
The Hunger Games was published in 2008.
#### No.
IMPORTANT:
- Think step by step.
- The final line must be exactly in the format: #### Yes. or #### No.
- Do not end with anything else after the final answer.
Your Question:
Q: Could a giant squid fit aboard the deck of the titanic?

A: A: The giant squid is a large marine creature that can grow to lengths of about 12 to 43 feet (3.6 to 13 meters) depending on the species.
The Titanic was approximately 882 feet (269 meters) long and had a deck area that could accommodate many large objects.
Responses:
A: The giant squid is a large marine creature that can grow to lengths of about 12 to 43 feet (3.6 to 13 meters) depending on the species. (Score: 0.024566650390625)
To determine if a giant squid could fit aboard the deck of the Titanic, let's break down the details:. (Score: 0.0215911865234375)
However, the size of the giant squid is significant, and even the largest individuals would occupy only a small portion of the deck space. (Score: 0.025909423828125)
<EMPTY> (Score: -inf)

====================
Query:
Use the step-by-step method as shown in the examples to answer the question. Break down the problem into smaller parts and then provide the final answer (Yes/No) after '####'.

Example 1:
Q: Karachi was a part of Alexander the Great's success?

A: Karachi is a city in modern day Pakistan.
Krokola was an ancient port located in what is now Karachi.
Alexander the Great stationed his fleet in Krokola on his way to Babylon.
Alexander the Great defeated Darius and conquered Babylon before expanding his 
empire.
#### Yes.

Example 2:
Q: Was P. G. Wodehouse's favorite book The Hunger Games?

A: P. G. Wodehouse died in 1975.
The Hunger Games was published in 2008.
#### No.
IMPORTANT:
- Think step by step.
- The final line must be exactly in the format: #### Yes. or #### No.
- Do not end with anything else after the final answer.
Your Question:
Q: Could a giant squid fit aboard the deck of the titanic?

A: A: The giant squid is a large marine creature that can grow to lengths of about 12 to 43 feet (3.6 to 13 meters) depending on the species.
The Titanic was approximately 882 feet (269 meters) long and had a deck area that was significantly larger than the maximum size of a giant squid.
To determine if a giant squid could fit aboard the deck of the Titanic, we need to assess the dimensions of both the squid and the ship.
Responses:
A: The giant squid is a large marine creature that can grow to lengths of about 12 to 43 feet (3.6 to 13 meters) depending on the species. (Score: 0.028228759765625)
The giant squid can grow to a maximum length of around 43 feet (13 meters) and has a significant body mass and tentacle span. (Score: 0.029083251953125)
The giant squid can grow to lengths of up to 43 feet (13 meters). (Score: 0.0280303955078125)
<EMPTY> (Score: -inf)

====================
Query:
Use the step-by-step method as shown in the examples to answer the question. Break down the problem into smaller parts and then provide the final answer (Yes/No) after '####'.

Example 1:
Q: Karachi was a part of Alexander the Great's success?

A: Karachi is a city in modern day Pakistan.
Krokola was an ancient port located in what is now Karachi.
Alexander the Great stationed his fleet in Krokola on his way to Babylon.
Alexander the Great defeated Darius and conquered Babylon before expanding his 
empire.
#### Yes.

Example 2:
Q: Was P. G. Wodehouse's favorite book The Hunger Games?

A: P. G. Wodehouse died in 1975.
The Hunger Games was published in 2008.
#### No.
IMPORTANT:
- Think step by step.
- The final line must be exactly in the format: #### Yes. or #### No.
- Do not end with anything else after the final answer.
Your Question:
Q: Could a giant squid fit aboard the deck of the titanic?

A: A: The giant squid is a large marine creature that can grow to lengths of about 12 to 43 feet (3.6 to 13 meters) depending on the species.
The Titanic was approximately 882 feet (269 meters) long and had a deck area that could accommodate many large objects.
However, the size of the giant squid is significant, and even the largest individuals would occupy only a small portion of the deck space.
Responses:
A: The giant squid is a large marine creature that can grow to lengths of about 12 to 43 feet (3.6 to 13 meters) depending on the species. (Score: 0.025054931640625)
To determine if a giant squid could fit aboard the deck of the Titanic, we need to analyze the sizes involved. (Score: 0.0257568359375)
The giant squid is a large marine creature that can grow to lengths of about 12 to 43 feet (3.6 to 13 meters) depending on the species. (Score: 0.024658203125)
<EMPTY> (Score: -inf)

====================
Query:
Use the step-by-step method as shown in the examples to answer the question. Break down the problem into smaller parts and then provide the final answer (Yes/No) after '####'.

Example 1:
Q: Karachi was a part of Alexander the Great's success?

A: Karachi is a city in modern day Pakistan.
Krokola was an ancient port located in what is now Karachi.
Alexander the Great stationed his fleet in Krokola on his way to Babylon.
Alexander the Great defeated Darius and conquered Babylon before expanding his 
empire.
#### Yes.

Example 2:
Q: Was P. G. Wodehouse's favorite book The Hunger Games?

A: P. G. Wodehouse died in 1975.
The Hunger Games was published in 2008.
#### No.
IMPORTANT:
- Think step by step.
- The final line must be exactly in the format: #### Yes. or #### No.
- Do not end with anything else after the final answer.
Your Question:
Q: Could a giant squid fit aboard the deck of the titanic?

A: A: The giant squid is a large marine creature that can grow to lengths of about 12 to 43 feet (3.6 to 13 meters) depending on the species.
The Titanic was approximately 882 feet (269 meters) long and had a deck area that was significantly larger than the maximum size of a giant squid.
To determine if a giant squid could fit aboard the deck of the Titanic, we need to assess the dimensions of both the squid and the ship.
The giant squid can grow to a maximum length of around 43 feet (13 meters) and has a significant body mass and tentacle span.
Responses:
The Titanic's deck was spacious enough to accommodate large objects, given its overall size and design. (Score: 0.02935791015625)
The Titanic's deck area is vastly larger than the size of a giant squid, accommodating many times its length and width. (Score: 0.0290069580078125)
The deck of the Titanic was designed to accommodate numerous passengers and crew, as well as various lifeboats and other equipment. (Score: 0.028778076171875)
The Titanic's deck area is vast, allowing for plenty of space for the squid's length and tentacles. (Score: 0.0292205810546875)

====================
Query:
Use the step-by-step method as shown in the examples to answer the question. Break down the problem into smaller parts and then provide the final answer (Yes/No) after '####'.

Example 1:
Q: Karachi was a part of Alexander the Great's success?

A: Karachi is a city in modern day Pakistan.
Krokola was an ancient port located in what is now Karachi.
Alexander the Great stationed his fleet in Krokola on his way to Babylon.
Alexander the Great defeated Darius and conquered Babylon before expanding his 
empire.
#### Yes.

Example 2:
Q: Was P. G. Wodehouse's favorite book The Hunger Games?

A: P. G. Wodehouse died in 1975.
The Hunger Games was published in 2008.
#### No.
IMPORTANT:
- Think step by step.
- The final line must be exactly in the format: #### Yes. or #### No.
- Do not end with anything else after the final answer.
Your Question:
Q: Could a giant squid fit aboard the deck of the titanic?

A: A: The giant squid is a large marine creature that can grow to lengths of about 12 to 43 feet (3.6 to 13 meters) depending on the species.
The Titanic was approximately 882 feet (269 meters) long and had a deck area that was significantly larger than the maximum size of a giant squid.
To determine if a giant squid could fit aboard the deck of the Titanic, we need to assess the dimensions of both the squid and the ship.
A: The giant squid is a large marine creature that can grow to lengths of about 12 to 43 feet (3.6 to 13 meters) depending on the species.
Responses:
The Titanic was approximately 882 feet (269 meters) long and had a deck area that was significantly larger than the maximum size of a giant squid. (Score: 0.02923583984375)
The Titanic was approximately 882 feet (269 meters) long and had a deck area that was significantly larger than the maximum size of a giant squid. (Score: 0.02923583984375)
<EMPTY> (Score: -inf)
<EMPTY> (Score: -inf)

====================
Query:
Use the step-by-step method as shown in the examples to answer the question. Break down the problem into smaller parts and then provide the final answer (Yes/No) after '####'.

Example 1:
Q: Karachi was a part of Alexander the Great's success?

A: Karachi is a city in modern day Pakistan.
Krokola was an ancient port located in what is now Karachi.
Alexander the Great stationed his fleet in Krokola on his way to Babylon.
Alexander the Great defeated Darius and conquered Babylon before expanding his 
empire.
#### Yes.

Example 2:
Q: Was P. G. Wodehouse's favorite book The Hunger Games?

A: P. G. Wodehouse died in 1975.
The Hunger Games was published in 2008.
#### No.
IMPORTANT:
- Think step by step.
- The final line must be exactly in the format: #### Yes. or #### No.
- Do not end with anything else after the final answer.
Your Question:
Q: Could a giant squid fit aboard the deck of the titanic?

A: A: The giant squid is a large marine creature that can grow to lengths of about 12 to 43 feet (3.6 to 13 meters) depending on the species.
The Titanic was approximately 882 feet (269 meters) long and had a deck area that was significantly larger than the maximum size of a giant squid.
To determine if a giant squid could fit aboard the deck of the Titanic, we need to assess the dimensions of both the squid and the ship.
The giant squid can grow to a maximum length of around 43 feet (13 meters) and has a significant body mass and tentacle span.
The Titanic's deck was spacious enough to accommodate large objects, given its overall size and design.
Responses:
A: Given that the maximum length of a giant squid can be around 43 feet (13 meters), and the Titanic's deck area is much larger than that, we can conclude that there is ample space for a giant squid to fit aboard the deck of the Titanic. (Score: 0.0291595458984375)
A: The giant squid can grow to lengths of up to 43 feet (13 meters). (Score: 0.0293426513671875)
A: The giant squid is a large marine creature that can grow to lengths of about 12 to 43 feet (3.6 to 13 meters) depending on the species. (Score: 0.0301971435546875)
To determine if a giant squid could fit aboard the deck of the Titanic, let's break down the problem into smaller parts. (Score: 0.0300750732421875)

====================
Query:
Use the step-by-step method as shown in the examples to answer the question. Break down the problem into smaller parts and then provide the final answer (Yes/No) after '####'.

Example 1:
Q: Karachi was a part of Alexander the Great's success?

A: Karachi is a city in modern day Pakistan.
Krokola was an ancient port located in what is now Karachi.
Alexander the Great stationed his fleet in Krokola on his way to Babylon.
Alexander the Great defeated Darius and conquered Babylon before expanding his 
empire.
#### Yes.

Example 2:
Q: Was P. G. Wodehouse's favorite book The Hunger Games?

A: P. G. Wodehouse died in 1975.
The Hunger Games was published in 2008.
#### No.
IMPORTANT:
- Think step by step.
- The final line must be exactly in the format: #### Yes. or #### No.
- Do not end with anything else after the final answer.
Your Question:
Q: Could a giant squid fit aboard the deck of the titanic?

A: A: The giant squid is a large marine creature that can grow to lengths of about 12 to 43 feet (3.6 to 13 meters) depending on the species.
The Titanic was approximately 882 feet (269 meters) long and had a deck area that was significantly larger than the maximum size of a giant squid.
To determine if a giant squid could fit aboard the deck of the Titanic, we need to assess the dimensions of both the squid and the ship.
A: The giant squid is a large marine creature that can grow to lengths of about 12 to 43 feet (3.6 to 13 meters) depending on the species.
The Titanic was approximately 882 feet (269 meters) long and had a deck area that was significantly larger than the maximum size of a giant squid.
Responses:
To determine if a giant squid could fit aboard the deck of the Titanic, we need to consider a few key details:. (Score: 0.03009033203125)
To determine if a giant squid could fit aboard the deck of the Titanic, we can break down the problem into smaller parts:. (Score: 0.028411865234375)
A: The giant squid is a large marine creature that can grow to lengths of about 12 to 43 feet (3.6 to 13 meters) depending on the species. (Score: 0.0300750732421875)
To determine if a giant squid could fit aboard the deck of the Titanic, we need to compare their dimensions. (Score: 0.0294952392578125)

====================
Query:
Use the step-by-step method as shown in the examples to answer the question. Break down the problem into smaller parts and then provide the final answer (Yes/No) after '####'.

Example 1:
Q: Karachi was a part of Alexander the Great's success?

A: Karachi is a city in modern day Pakistan.
Krokola was an ancient port located in what is now Karachi.
Alexander the Great stationed his fleet in Krokola on his way to Babylon.
Alexander the Great defeated Darius and conquered Babylon before expanding his 
empire.
#### Yes.

Example 2:
Q: Was P. G. Wodehouse's favorite book The Hunger Games?

A: P. G. Wodehouse died in 1975.
The Hunger Games was published in 2008.
#### No.
IMPORTANT:
- Think step by step.
- The final line must be exactly in the format: #### Yes. or #### No.
- Do not end with anything else after the final answer.
Your Question:
Q: Could a giant squid fit aboard the deck of the titanic?

A: A: The giant squid is a large marine creature that can grow to lengths of about 12 to 43 feet (3.6 to 13 meters) depending on the species.
The Titanic was approximately 882 feet (269 meters) long and had a deck area that was significantly larger than the maximum size of a giant squid.
To determine if a giant squid could fit aboard the deck of the Titanic, we need to assess the dimensions of both the squid and the ship.
The giant squid can grow to a maximum length of around 43 feet (13 meters) and has a significant body mass and tentacle span.
The Titanic's deck was spacious enough to accommodate large objects, given its overall size and design.
A: The giant squid is a large marine creature that can grow to lengths of about 12 to 43 feet (3.6 to 13 meters) depending on the species.
Responses:
The Titanic was approximately 882 feet (269 meters) long and had a deck area that was significantly larger than the maximum size of a giant squid. (Score: 0.0298004150390625)
A: The giant squid is a large marine creature that can grow to lengths of about 12 to 43 feet (3.6 to 13 meters) depending on the species. (Score: 0.0301513671875)
<EMPTY> (Score: -inf)
<EMPTY> (Score: -inf)

====================
Query:
Use the step-by-step method as shown in the examples to answer the question. Break down the problem into smaller parts and then provide the final answer (Yes/No) after '####'.

Example 1:
Q: Karachi was a part of Alexander the Great's success?

A: Karachi is a city in modern day Pakistan.
Krokola was an ancient port located in what is now Karachi.
Alexander the Great stationed his fleet in Krokola on his way to Babylon.
Alexander the Great defeated Darius and conquered Babylon before expanding his 
empire.
#### Yes.

Example 2:
Q: Was P. G. Wodehouse's favorite book The Hunger Games?

A: P. G. Wodehouse died in 1975.
The Hunger Games was published in 2008.
#### No.
IMPORTANT:
- Think step by step.
- The final line must be exactly in the format: #### Yes. or #### No.
- Do not end with anything else after the final answer.
Your Question:
Q: Could a giant squid fit aboard the deck of the titanic?

A: A: The giant squid is a large marine creature that can grow to lengths of about 12 to 43 feet (3.6 to 13 meters) depending on the species.
The Titanic was approximately 882 feet (269 meters) long and had a deck area that was significantly larger than the maximum size of a giant squid.
To determine if a giant squid could fit aboard the deck of the Titanic, we need to assess the dimensions of both the squid and the ship.
A: The giant squid is a large marine creature that can grow to lengths of about 12 to 43 feet (3.6 to 13 meters) depending on the species.
The Titanic was approximately 882 feet (269 meters) long and had a deck area that was significantly larger than the maximum size of a giant squid.
To determine if a giant squid could fit aboard the deck of the Titanic, we need to consider a few key details:.
Responses:
1. The giant squid typically measures between 12 to 43 feet in length, depending on the species. (Score: 0.02960205078125)
The giant squid has a maximum length of around 43 feet (13 meters). (Score: 0.0302581787109375)
The giant squid is a large marine creature that can grow to lengths of about 12 to 43 feet (3.6 to 13 meters) depending on the species. (Score: 0.0309600830078125)
1. The giant squid typically measures between 12 to 43 feet (3.6 to 13 meters) in length. (Score: 0.0295867919921875)

====================
Query:
Use the step-by-step method as shown in the examples to answer the question. Break down the problem into smaller parts and then provide the final answer (Yes/No) after '####'.

Example 1:
Q: Karachi was a part of Alexander the Great's success?

A: Karachi is a city in modern day Pakistan.
Krokola was an ancient port located in what is now Karachi.
Alexander the Great stationed his fleet in Krokola on his way to Babylon.
Alexander the Great defeated Darius and conquered Babylon before expanding his 
empire.
#### Yes.

Example 2:
Q: Was P. G. Wodehouse's favorite book The Hunger Games?

A: P. G. Wodehouse died in 1975.
The Hunger Games was published in 2008.
#### No.
IMPORTANT:
- Think step by step.
- The final line must be exactly in the format: #### Yes. or #### No.
- Do not end with anything else after the final answer.
Your Question:
Q: Could a giant squid fit aboard the deck of the titanic?

A: A: The giant squid is a large marine creature that can grow to lengths of about 12 to 43 feet (3.6 to 13 meters) depending on the species.
The Titanic was approximately 882 feet (269 meters) long and had a deck area that was significantly larger than the maximum size of a giant squid.
To determine if a giant squid could fit aboard the deck of the Titanic, we need to assess the dimensions of both the squid and the ship.
A: The giant squid is a large marine creature that can grow to lengths of about 12 to 43 feet (3.6 to 13 meters) depending on the species.
The Titanic was approximately 882 feet (269 meters) long and had a deck area that was significantly larger than the maximum size of a giant squid.
To determine if a giant squid could fit aboard the deck of the Titanic, we need to consider a few key details:.
The giant squid is a large marine creature that can grow to lengths of about 12 to 43 feet (3.6 to 13 meters) depending on the species.
Responses:
A: The giant squid is a large marine creature that can grow to lengths of about 12 to 43 feet (3.6 to 13 meters) depending on the species. (Score: 0.0330810546875)
A: The giant squid is a large marine creature that can grow to lengths of about 12 to 43 feet (3.6 to 13 meters) depending on the species. (Score: 0.0330810546875)
<EMPTY> (Score: -inf)
<EMPTY> (Score: -inf)

====================
Query:
Use the step-by-step method as shown in the examples to answer the question. Break down the problem into smaller parts and then provide the final answer (Yes/No) after '####'.

Example 1:
Q: Karachi was a part of Alexander the Great's success?

A: Karachi is a city in modern day Pakistan.
Krokola was an ancient port located in what is now Karachi.
Alexander the Great stationed his fleet in Krokola on his way to Babylon.
Alexander the Great defeated Darius and conquered Babylon before expanding his 
empire.
#### Yes.

Example 2:
Q: Was P. G. Wodehouse's favorite book The Hunger Games?

A: P. G. Wodehouse died in 1975.
The Hunger Games was published in 2008.
#### No.
IMPORTANT:
- Think step by step.
- The final line must be exactly in the format: #### Yes. or #### No.
- Do not end with anything else after the final answer.
Your Question:
Q: Could a giant squid fit aboard the deck of the titanic?

A: A: The giant squid is a large marine creature that can grow to lengths of about 12 to 43 feet (3.6 to 13 meters) depending on the species.
The Titanic was approximately 882 feet (269 meters) long and had a deck area that was significantly larger than the maximum size of a giant squid.
To determine if a giant squid could fit aboard the deck of the Titanic, we need to assess the dimensions of both the squid and the ship.
A: The giant squid is a large marine creature that can grow to lengths of about 12 to 43 feet (3.6 to 13 meters) depending on the species.
The Titanic was approximately 882 feet (269 meters) long and had a deck area that was significantly larger than the maximum size of a giant squid.
To determine if a giant squid could fit aboard the deck of the Titanic, we need to consider a few key details:.
The giant squid has a maximum length of around 43 feet (13 meters).
Responses:
The deck of the Titanic has ample space, as it is designed to accommodate numerous passengers and crew members. (Score: 0.0305023193359375)
The Titanic's deck area is much larger than 43 feet in length. (Score: 0.02947998046875)
The Titanic had a length of 882 feet (269 meters) and a wide deck area. (Score: 0.03021240234375)
The Titanic's deck area is vast enough to accommodate a creature that is 43 feet long. (Score: 0.0298919677734375)

====================
Query:
Use the step-by-step method as shown in the examples to answer the question. Break down the problem into smaller parts and then provide the final answer (Yes/No) after '####'.

Example 1:
Q: Karachi was a part of Alexander the Great's success?

A: Karachi is a city in modern day Pakistan.
Krokola was an ancient port located in what is now Karachi.
Alexander the Great stationed his fleet in Krokola on his way to Babylon.
Alexander the Great defeated Darius and conquered Babylon before expanding his 
empire.
#### Yes.

Example 2:
Q: Was P. G. Wodehouse's favorite book The Hunger Games?

A: P. G. Wodehouse died in 1975.
The Hunger Games was published in 2008.
#### No.
IMPORTANT:
- Think step by step.
- The final line must be exactly in the format: #### Yes. or #### No.
- Do not end with anything else after the final answer.
Your Question:
Q: Did Methuselah live at least 800 years as long as Sarah?

A:
Responses:
Methuselah is a biblical figure known for his long lifespan, reportedly living for 969 years according to the Book of Genesis. (Score: 0.026214599609375)
A: Methuselah is a biblical figure known for his long lifespan, living 969 years according to the Hebrew Bible. (Score: 0.02685546875)
A: Methuselah is a biblical figure mentioned in the Book of Genesis. (Score: 0.0241241455078125)
A: Methuselah is a biblical figure known for his long lifespan. (Score: 0.0286407470703125)

====================
Query:
Use the step-by-step method as shown in the examples to answer the question. Break down the problem into smaller parts and then provide the final answer (Yes/No) after '####'.

Example 1:
Q: Karachi was a part of Alexander the Great's success?

A: Karachi is a city in modern day Pakistan.
Krokola was an ancient port located in what is now Karachi.
Alexander the Great stationed his fleet in Krokola on his way to Babylon.
Alexander the Great defeated Darius and conquered Babylon before expanding his 
empire.
#### Yes.

Example 2:
Q: Was P. G. Wodehouse's favorite book The Hunger Games?

A: P. G. Wodehouse died in 1975.
The Hunger Games was published in 2008.
#### No.
IMPORTANT:
- Think step by step.
- The final line must be exactly in the format: #### Yes. or #### No.
- Do not end with anything else after the final answer.
Your Question:
Q: Did Methuselah live at least 800 years as long as Sarah?

A: A: Methuselah is a biblical figure known for his long lifespan.
Responses:
Methuselah is said to have lived for 969 years according to the Bible. (Score: 0.0258331298828125)
Methuselah is recorded in the Bible as having lived 969 years. (Score: 0.026641845703125)
Methuselah is said to have lived for 969 years according to the Hebrew Bible. (Score: 0.0254364013671875)
Methuselah is said to have lived 969 years according to the Bible. (Score: 0.02728271484375)

====================
Query:
Use the step-by-step method as shown in the examples to answer the question. Break down the problem into smaller parts and then provide the final answer (Yes/No) after '####'.

Example 1:
Q: Karachi was a part of Alexander the Great's success?

A: Karachi is a city in modern day Pakistan.
Krokola was an ancient port located in what is now Karachi.
Alexander the Great stationed his fleet in Krokola on his way to Babylon.
Alexander the Great defeated Darius and conquered Babylon before expanding his 
empire.
#### Yes.

Example 2:
Q: Was P. G. Wodehouse's favorite book The Hunger Games?

A: P. G. Wodehouse died in 1975.
The Hunger Games was published in 2008.
#### No.
IMPORTANT:
- Think step by step.
- The final line must be exactly in the format: #### Yes. or #### No.
- Do not end with anything else after the final answer.
Your Question:
Q: Did Methuselah live at least 800 years as long as Sarah?

A: A: Methuselah is a biblical figure known for his long lifespan, living 969 years according to the Hebrew Bible.
Responses:
Sarah, another biblical figure, lived to be 127 years old, also according to the Hebrew Bible. (Score: 0.0267791748046875)
Sarah, another biblical figure, lived 127 years according to the Hebrew Bible. (Score: 0.0253448486328125)
Sarah, another biblical figure, lived to be 127 years old as per the Hebrew Bible. (Score: 0.0249176025390625)
Sarah, the wife of Abraham, is noted in the Bible to have lived 127 years. (Score: 0.026947021484375)

====================
Query:
Use the step-by-step method as shown in the examples to answer the question. Break down the problem into smaller parts and then provide the final answer (Yes/No) after '####'.

Example 1:
Q: Karachi was a part of Alexander the Great's success?

A: Karachi is a city in modern day Pakistan.
Krokola was an ancient port located in what is now Karachi.
Alexander the Great stationed his fleet in Krokola on his way to Babylon.
Alexander the Great defeated Darius and conquered Babylon before expanding his 
empire.
#### Yes.

Example 2:
Q: Was P. G. Wodehouse's favorite book The Hunger Games?

A: P. G. Wodehouse died in 1975.
The Hunger Games was published in 2008.
#### No.
IMPORTANT:
- Think step by step.
- The final line must be exactly in the format: #### Yes. or #### No.
- Do not end with anything else after the final answer.
Your Question:
Q: Did Methuselah live at least 800 years as long as Sarah?

A: A: Methuselah is a biblical figure known for his long lifespan.
Methuselah is said to have lived 969 years according to the Bible.
Responses:
Sarah, another biblical figure, is noted to have lived 127 years according to the Bible. (Score: 0.026763916015625)
Sarah, the wife of Abraham, lived to be 127 years old according to the Bible. (Score: 0.0267791748046875)
Sarah, another biblical figure, is known to have lived 127 years according to the Bible. (Score: 0.0263824462890625)
Sarah, also a biblical figure, is noted for living 127 years according to the Bible. (Score: 0.027587890625)

====================
Query:
Use the step-by-step method as shown in the examples to answer the question. Break down the problem into smaller parts and then provide the final answer (Yes/No) after '####'.

Example 1:
Q: Karachi was a part of Alexander the Great's success?

A: Karachi is a city in modern day Pakistan.
Krokola was an ancient port located in what is now Karachi.
Alexander the Great stationed his fleet in Krokola on his way to Babylon.
Alexander the Great defeated Darius and conquered Babylon before expanding his 
empire.
#### Yes.

Example 2:
Q: Was P. G. Wodehouse's favorite book The Hunger Games?

A: P. G. Wodehouse died in 1975.
The Hunger Games was published in 2008.
#### No.
IMPORTANT:
- Think step by step.
- The final line must be exactly in the format: #### Yes. or #### No.
- Do not end with anything else after the final answer.
Your Question:
Q: Did Methuselah live at least 800 years as long as Sarah?

A: A: Methuselah is a biblical figure known for his long lifespan, living 969 years according to the Hebrew Bible.
Sarah, the wife of Abraham, is noted in the Bible to have lived 127 years.
Responses:
To determine if Methuselah lived at least 800 years longer than Sarah, we can break down the ages:. (Score: 0.026458740234375)
To determine if Methuselah lived at least 800 years as long as Sarah, we need to compare their lifespans. (Score: 0.0302581787109375)
To determine if Methuselah lived at least 800 years as long as Sarah, we need to compare their ages. (Score: 0.0304107666015625)
To determine whether Methuselah lived at least 800 years as long as Sarah, we need to compare their lifespans. (Score: 0.030181884765625)

====================
Query:
Use the step-by-step method as shown in the examples to answer the question. Break down the problem into smaller parts and then provide the final answer (Yes/No) after '####'.

Example 1:
Q: Karachi was a part of Alexander the Great's success?

A: Karachi is a city in modern day Pakistan.
Krokola was an ancient port located in what is now Karachi.
Alexander the Great stationed his fleet in Krokola on his way to Babylon.
Alexander the Great defeated Darius and conquered Babylon before expanding his 
empire.
#### Yes.

Example 2:
Q: Was P. G. Wodehouse's favorite book The Hunger Games?

A: P. G. Wodehouse died in 1975.
The Hunger Games was published in 2008.
#### No.
IMPORTANT:
- Think step by step.
- The final line must be exactly in the format: #### Yes. or #### No.
- Do not end with anything else after the final answer.
Your Question:
Q: Did Methuselah live at least 800 years as long as Sarah?

A: A: Methuselah is a biblical figure known for his long lifespan, living 969 years according to the Hebrew Bible.
Sarah, the wife of Abraham, is noted in the Bible to have lived 127 years.
To determine if Methuselah lived at least 800 years as long as Sarah, we need to compare their ages.
Responses:
Methuselah lived 969 years, while Sarah lived 127 years. (Score: 0.03009033203125)
Let's break down the problem:. (Score: 0.0296630859375)
To compare the ages, let's calculate how long Methuselah lived in relation to Sarah's lifespan. (Score: 0.03131103515625)
To compare the ages of Methuselah and Sarah, we look at their lifespans:. (Score: 0.030242919921875)

====================
Query:
Use the step-by-step method as shown in the examples to answer the question. Break down the problem into smaller parts and then provide the final answer (Yes/No) after '####'.

Example 1:
Q: Karachi was a part of Alexander the Great's success?

A: Karachi is a city in modern day Pakistan.
Krokola was an ancient port located in what is now Karachi.
Alexander the Great stationed his fleet in Krokola on his way to Babylon.
Alexander the Great defeated Darius and conquered Babylon before expanding his 
empire.
#### Yes.

Example 2:
Q: Was P. G. Wodehouse's favorite book The Hunger Games?

A: P. G. Wodehouse died in 1975.
The Hunger Games was published in 2008.
#### No.
IMPORTANT:
- Think step by step.
- The final line must be exactly in the format: #### Yes. or #### No.
- Do not end with anything else after the final answer.
Your Question:
Q: Did Methuselah live at least 800 years as long as Sarah?

A: A: Methuselah is a biblical figure known for his long lifespan, living 969 years according to the Hebrew Bible.
Sarah, the wife of Abraham, is noted in the Bible to have lived 127 years.
To determine if Methuselah lived at least 800 years as long as Sarah, we need to compare their lifespans.
Responses:
Methuselah lived 969 years, while Sarah lived 127 years. (Score: 0.0301666259765625)
Methuselah lived 969 years, and Sarah lived 127 years. (Score: 0.0301361083984375)
<EMPTY> (Score: -inf)
<EMPTY> (Score: -inf)

====================
Query:
Use the step-by-step method as shown in the examples to answer the question. Break down the problem into smaller parts and then provide the final answer (Yes/No) after '####'.

Example 1:
Q: Karachi was a part of Alexander the Great's success?

A: Karachi is a city in modern day Pakistan.
Krokola was an ancient port located in what is now Karachi.
Alexander the Great stationed his fleet in Krokola on his way to Babylon.
Alexander the Great defeated Darius and conquered Babylon before expanding his 
empire.
#### Yes.

Example 2:
Q: Was P. G. Wodehouse's favorite book The Hunger Games?

A: P. G. Wodehouse died in 1975.
The Hunger Games was published in 2008.
#### No.
IMPORTANT:
- Think step by step.
- The final line must be exactly in the format: #### Yes. or #### No.
- Do not end with anything else after the final answer.
Your Question:
Q: Did Methuselah live at least 800 years as long as Sarah?

A: A: Methuselah is a biblical figure known for his long lifespan, living 969 years according to the Hebrew Bible.
Sarah, the wife of Abraham, is noted in the Bible to have lived 127 years.
To determine if Methuselah lived at least 800 years as long as Sarah, we need to compare their ages.
To compare the ages, let's calculate how long Methuselah lived in relation to Sarah's lifespan.
Responses:
Methuselah lived 969 years. (Score: 0.031341552734375)
First, we establish the lifespan of each figure. (Score: 0.0325927734375)
Methuselah lived 969 years and Sarah lived 127 years. (Score: 0.03143310546875)
<EMPTY> (Score: -inf)

====================
Query:
Use the step-by-step method as shown in the examples to answer the question. Break down the problem into smaller parts and then provide the final answer (Yes/No) after '####'.

Example 1:
Q: Karachi was a part of Alexander the Great's success?

A: Karachi is a city in modern day Pakistan.
Krokola was an ancient port located in what is now Karachi.
Alexander the Great stationed his fleet in Krokola on his way to Babylon.
Alexander the Great defeated Darius and conquered Babylon before expanding his 
empire.
#### Yes.

Example 2:
Q: Was P. G. Wodehouse's favorite book The Hunger Games?

A: P. G. Wodehouse died in 1975.
The Hunger Games was published in 2008.
#### No.
IMPORTANT:
- Think step by step.
- The final line must be exactly in the format: #### Yes. or #### No.
- Do not end with anything else after the final answer.
Your Question:
Q: Did Methuselah live at least 800 years as long as Sarah?

A: A: Methuselah is a biblical figure known for his long lifespan, living 969 years according to the Hebrew Bible.
Sarah, the wife of Abraham, is noted in the Bible to have lived 127 years.
To determine if Methuselah lived at least 800 years as long as Sarah, we need to compare their ages.
To compare the ages of Methuselah and Sarah, we look at their lifespans:.
Responses:
Methuselah lived 969 years, while Sarah lived 127 years. (Score: 0.031158447265625)
Methuselah lived 969 years and Sarah lived 127 years. (Score: 0.032012939453125)
Methuselah lived 969 years, and Sarah lived 127 years. (Score: 0.0311431884765625)
<EMPTY> (Score: -inf)

====================
Query:
Use the step-by-step method as shown in the examples to answer the question. Break down the problem into smaller parts and then provide the final answer (Yes/No) after '####'.

Example 1:
Q: Karachi was a part of Alexander the Great's success?

A: Karachi is a city in modern day Pakistan.
Krokola was an ancient port located in what is now Karachi.
Alexander the Great stationed his fleet in Krokola on his way to Babylon.
Alexander the Great defeated Darius and conquered Babylon before expanding his 
empire.
#### Yes.

Example 2:
Q: Was P. G. Wodehouse's favorite book The Hunger Games?

A: P. G. Wodehouse died in 1975.
The Hunger Games was published in 2008.
#### No.
IMPORTANT:
- Think step by step.
- The final line must be exactly in the format: #### Yes. or #### No.
- Do not end with anything else after the final answer.
Your Question:
Q: Did Methuselah live at least 800 years as long as Sarah?

A: A: Methuselah is a biblical figure known for his long lifespan, living 969 years according to the Hebrew Bible.
Sarah, the wife of Abraham, is noted in the Bible to have lived 127 years.
To determine if Methuselah lived at least 800 years as long as Sarah, we need to compare their ages.
To compare the ages, let's calculate how long Methuselah lived in relation to Sarah's lifespan.
First, we establish the lifespan of each figure.
Responses:
Methuselah lived 969 years. (Score: 0.032012939453125)
Methuselah lived for 969 years. (Score: 0.0311126708984375)
<EMPTY> (Score: -inf)
<EMPTY> (Score: -inf)

====================
Query:
Use the step-by-step method as shown in the examples to answer the question. Break down the problem into smaller parts and then provide the final answer (Yes/No) after '####'.

Example 1:
Q: Karachi was a part of Alexander the Great's success?

A: Karachi is a city in modern day Pakistan.
Krokola was an ancient port located in what is now Karachi.
Alexander the Great stationed his fleet in Krokola on his way to Babylon.
Alexander the Great defeated Darius and conquered Babylon before expanding his 
empire.
#### Yes.

Example 2:
Q: Was P. G. Wodehouse's favorite book The Hunger Games?

A: P. G. Wodehouse died in 1975.
The Hunger Games was published in 2008.
#### No.
IMPORTANT:
- Think step by step.
- The final line must be exactly in the format: #### Yes. or #### No.
- Do not end with anything else after the final answer.
Your Question:
Q: Did Methuselah live at least 800 years as long as Sarah?

A: A: Methuselah is a biblical figure known for his long lifespan, living 969 years according to the Hebrew Bible.
Sarah, the wife of Abraham, is noted in the Bible to have lived 127 years.
To determine if Methuselah lived at least 800 years as long as Sarah, we need to compare their ages.
To compare the ages of Methuselah and Sarah, we look at their lifespans:.
Methuselah lived 969 years and Sarah lived 127 years.
Responses:
Now we need to check if Methuselah lived at least 800 years longer than Sarah. (Score: 0.031585693359375)
To find out if Methuselah lived at least 800 years as long as Sarah, we need to analyze their lifespans. (Score: 0.0321044921875)
To find out if Methuselah lived at least 800 years as long as Sarah, we need to analyze the information provided about their lifespans. (Score: 0.032379150390625)
Now, we calculate the age difference. (Score: 0.0305633544921875)

====================
Query:
Use the step-by-step method as shown in the examples to answer the question. Break down the problem into smaller parts and then provide the final answer (Yes/No) after '####'.

Example 1:
Q: Karachi was a part of Alexander the Great's success?

A: Karachi is a city in modern day Pakistan.
Krokola was an ancient port located in what is now Karachi.
Alexander the Great stationed his fleet in Krokola on his way to Babylon.
Alexander the Great defeated Darius and conquered Babylon before expanding his 
empire.
#### Yes.

Example 2:
Q: Was P. G. Wodehouse's favorite book The Hunger Games?

A: P. G. Wodehouse died in 1975.
The Hunger Games was published in 2008.
#### No.
IMPORTANT:
- Think step by step.
- The final line must be exactly in the format: #### Yes. or #### No.
- Do not end with anything else after the final answer.
Your Question:
Q: Did Methuselah live at least 800 years as long as Sarah?

A: A: Methuselah is a biblical figure known for his long lifespan, living 969 years according to the Hebrew Bible.
Sarah, the wife of Abraham, is noted in the Bible to have lived 127 years.
To determine if Methuselah lived at least 800 years as long as Sarah, we need to compare their ages.
To compare the ages of Methuselah and Sarah, we look at their lifespans:.
Methuselah lived 969 years and Sarah lived 127 years.
To find out if Methuselah lived at least 800 years as long as Sarah, we need to analyze the information provided about their lifespans.
Responses:
Methuselah lived 969 years, which is significantly longer than Sarah's 127 years. (Score: 0.03179931640625)
A: Methuselah lived 969 years according to the Hebrew Bible. (Score: 0.032379150390625)
A: Methuselah is a biblical figure known for his long lifespan, living 969 years according to the Hebrew Bible. (Score: 0.033172607421875)
<EMPTY> (Score: -inf)

====================
Query:
Use the step-by-step method as shown in the examples to answer the question. Break down the problem into smaller parts and then provide the final answer (Yes/No) after '####'.

Example 1:
Q: Karachi was a part of Alexander the Great's success?

A: Karachi is a city in modern day Pakistan.
Krokola was an ancient port located in what is now Karachi.
Alexander the Great stationed his fleet in Krokola on his way to Babylon.
Alexander the Great defeated Darius and conquered Babylon before expanding his 
empire.
#### Yes.

Example 2:
Q: Was P. G. Wodehouse's favorite book The Hunger Games?

A: P. G. Wodehouse died in 1975.
The Hunger Games was published in 2008.
#### No.
IMPORTANT:
- Think step by step.
- The final line must be exactly in the format: #### Yes. or #### No.
- Do not end with anything else after the final answer.
Your Question:
Q: Did Methuselah live at least 800 years as long as Sarah?

A: A: Methuselah is a biblical figure known for his long lifespan, living 969 years according to the Hebrew Bible.
Sarah, the wife of Abraham, is noted in the Bible to have lived 127 years.
To determine if Methuselah lived at least 800 years as long as Sarah, we need to compare their ages.
To compare the ages of Methuselah and Sarah, we look at their lifespans:.
Methuselah lived 969 years and Sarah lived 127 years.
To find out if Methuselah lived at least 800 years as long as Sarah, we need to analyze their lifespans.
Responses:
Methuselah lived 969 years, which is much greater than 800 years. (Score: 0.031402587890625)
A: Methuselah's lifespan of 969 years far exceeds Sarah's 127 years. (Score: 0.0323486328125)
A: Methuselah lived 969 years, while Sarah lived 127 years. (Score: 0.03143310546875)
A: Methuselah is noted for living 969 years according to the Hebrew Bible, making him the longest-lived human figure recorded in the Bible. (Score: 0.032135009765625)

====================
Query:
Use the step-by-step method as shown in the examples to answer the question. Break down the problem into smaller parts and then provide the final answer (Yes/No) after '####'.

Example 1:
Q: Karachi was a part of Alexander the Great's success?

A: Karachi is a city in modern day Pakistan.
Krokola was an ancient port located in what is now Karachi.
Alexander the Great stationed his fleet in Krokola on his way to Babylon.
Alexander the Great defeated Darius and conquered Babylon before expanding his 
empire.
#### Yes.

Example 2:
Q: Was P. G. Wodehouse's favorite book The Hunger Games?

A: P. G. Wodehouse died in 1975.
The Hunger Games was published in 2008.
#### No.
IMPORTANT:
- Think step by step.
- The final line must be exactly in the format: #### Yes. or #### No.
- Do not end with anything else after the final answer.
Your Question:
Q: Did Methuselah live at least 800 years as long as Sarah?

A: A: Methuselah is a biblical figure known for his long lifespan, living 969 years according to the Hebrew Bible.
Sarah, the wife of Abraham, is noted in the Bible to have lived 127 years.
To determine if Methuselah lived at least 800 years as long as Sarah, we need to compare their ages.
To compare the ages of Methuselah and Sarah, we look at their lifespans:.
Methuselah lived 969 years and Sarah lived 127 years.
To find out if Methuselah lived at least 800 years as long as Sarah, we need to analyze the information provided about their lifespans.
A: Methuselah is a biblical figure known for his long lifespan, living 969 years according to the Hebrew Bible.
Responses:
A: Sarah lived for 127 years. (Score: 0.0310211181640625)
A: Sarah lived 127 years, which is significantly shorter than Methuselah's lifespan of 969 years. (Score: 0.03143310546875)
To determine if Methuselah lived at least 800 years as long as Sarah, we need to break down the lifespans of both individuals:. (Score: 0.0340576171875)
To determine if Methuselah lived at least 800 years as long as Sarah, we first need to consider their respective lifespans. (Score: 0.03271484375)

====================
Query:
Use the step-by-step method as shown in the examples to answer the question. Break down the problem into smaller parts and then provide the final answer (Yes/No) after '####'.

Example 1:
Q: Karachi was a part of Alexander the Great's success?

A: Karachi is a city in modern day Pakistan.
Krokola was an ancient port located in what is now Karachi.
Alexander the Great stationed his fleet in Krokola on his way to Babylon.
Alexander the Great defeated Darius and conquered Babylon before expanding his 
empire.
#### Yes.

Example 2:
Q: Was P. G. Wodehouse's favorite book The Hunger Games?

A: P. G. Wodehouse died in 1975.
The Hunger Games was published in 2008.
#### No.
IMPORTANT:
- Think step by step.
- The final line must be exactly in the format: #### Yes. or #### No.
- Do not end with anything else after the final answer.
Your Question:
Q: Did Methuselah live at least 800 years as long as Sarah?

A: A: Methuselah is a biblical figure known for his long lifespan, living 969 years according to the Hebrew Bible.
Sarah, the wife of Abraham, is noted in the Bible to have lived 127 years.
To determine if Methuselah lived at least 800 years as long as Sarah, we need to compare their ages.
To compare the ages of Methuselah and Sarah, we look at their lifespans:.
Methuselah lived 969 years and Sarah lived 127 years.
To find out if Methuselah lived at least 800 years as long as Sarah, we need to analyze the information provided about their lifespans.
A: Methuselah lived 969 years according to the Hebrew Bible.
Responses:
To find out if Methuselah lived at least 800 years as long as Sarah, we need to analyze their lifespans. (Score: 0.0328369140625)
To assess whether Methuselah lived at least 800 years as long as Sarah, we must analyze their respective lifespans:. (Score: 0.033172607421875)
To find out if Methuselah lived at least 800 years as long as Sarah, we start by analyzing their lifespans. (Score: 0.03228759765625)
To determine if Methuselah lived at least 800 years as long as Sarah, we first need to clarify their lifespans. (Score: 0.03271484375)

====================
Query:
Use the step-by-step method as shown in the examples to answer the question. Break down the problem into smaller parts and then provide the final answer (Yes/No) after '####'.

Example 1:
Q: Karachi was a part of Alexander the Great's success?

A: Karachi is a city in modern day Pakistan.
Krokola was an ancient port located in what is now Karachi.
Alexander the Great stationed his fleet in Krokola on his way to Babylon.
Alexander the Great defeated Darius and conquered Babylon before expanding his 
empire.
#### Yes.

Example 2:
Q: Was P. G. Wodehouse's favorite book The Hunger Games?

A: P. G. Wodehouse died in 1975.
The Hunger Games was published in 2008.
#### No.
IMPORTANT:
- Think step by step.
- The final line must be exactly in the format: #### Yes. or #### No.
- Do not end with anything else after the final answer.
Your Question:
Q: Are ground bell peppers the main ingredient of black pepper?

A:
Responses:
Ground bell peppers are a spice made from dried bell peppers. (Score: 0.0293731689453125)
Ground bell peppers are a spice made from dried and ground bell peppers. (Score: 0.031341552734375)
Ground bell peppers and black pepper are two different products derived from different plants. (Score: 0.03094482421875)
Ground bell peppers are made from bell peppers, which are a type of sweet pepper. (Score: 0.0262451171875)

====================
Query:
Use the step-by-step method as shown in the examples to answer the question. Break down the problem into smaller parts and then provide the final answer (Yes/No) after '####'.

Example 1:
Q: Karachi was a part of Alexander the Great's success?

A: Karachi is a city in modern day Pakistan.
Krokola was an ancient port located in what is now Karachi.
Alexander the Great stationed his fleet in Krokola on his way to Babylon.
Alexander the Great defeated Darius and conquered Babylon before expanding his 
empire.
#### Yes.

Example 2:
Q: Was P. G. Wodehouse's favorite book The Hunger Games?

A: P. G. Wodehouse died in 1975.
The Hunger Games was published in 2008.
#### No.
IMPORTANT:
- Think step by step.
- The final line must be exactly in the format: #### Yes. or #### No.
- Do not end with anything else after the final answer.
Your Question:
Q: Are ground bell peppers the main ingredient of black pepper?

A: Ground bell peppers are a spice made from dried and ground bell peppers.
Responses:
Black pepper is derived from the berries of the Piper nigrum plant, not from bell peppers. (Score: 0.0255584716796875)
Black pepper is a spice made from the dried berries of the Piper nigrum plant. (Score: 0.0223388671875)
Black pepper is made from the dried berries of the Piper nigrum plant. (Score: 0.023162841796875)
Black pepper is a spice made from the dried fruit of the Piper nigrum plant. (Score: 0.022491455078125)

====================
Query:
Use the step-by-step method as shown in the examples to answer the question. Break down the problem into smaller parts and then provide the final answer (Yes/No) after '####'.

Example 1:
Q: Karachi was a part of Alexander the Great's success?

A: Karachi is a city in modern day Pakistan.
Krokola was an ancient port located in what is now Karachi.
Alexander the Great stationed his fleet in Krokola on his way to Babylon.
Alexander the Great defeated Darius and conquered Babylon before expanding his 
empire.
#### Yes.

Example 2:
Q: Was P. G. Wodehouse's favorite book The Hunger Games?

A: P. G. Wodehouse died in 1975.
The Hunger Games was published in 2008.
#### No.
IMPORTANT:
- Think step by step.
- The final line must be exactly in the format: #### Yes. or #### No.
- Do not end with anything else after the final answer.
Your Question:
Q: Are ground bell peppers the main ingredient of black pepper?

A: Ground bell peppers and black pepper are two different products derived from different plants.
Responses:
Ground bell peppers come from bell peppers, which are a type of sweet pepper. (Score: 0.0274658203125)
Ground bell peppers come from the Capsicum annuum plant, while black pepper is derived from the Piper nigrum plant. (Score: 0.0260162353515625)
Ground bell peppers are made from bell peppers, which are sweet and come in various colors. (Score: 0.0303497314453125)
<EMPTY> (Score: -inf)

====================
Query:
Use the step-by-step method as shown in the examples to answer the question. Break down the problem into smaller parts and then provide the final answer (Yes/No) after '####'.

Example 1:
Q: Karachi was a part of Alexander the Great's success?

A: Karachi is a city in modern day Pakistan.
Krokola was an ancient port located in what is now Karachi.
Alexander the Great stationed his fleet in Krokola on his way to Babylon.
Alexander the Great defeated Darius and conquered Babylon before expanding his 
empire.
#### Yes.

Example 2:
Q: Was P. G. Wodehouse's favorite book The Hunger Games?

A: P. G. Wodehouse died in 1975.
The Hunger Games was published in 2008.
#### No.
IMPORTANT:
- Think step by step.
- The final line must be exactly in the format: #### Yes. or #### No.
- Do not end with anything else after the final answer.
Your Question:
Q: Are ground bell peppers the main ingredient of black pepper?

A: Ground bell peppers and black pepper are two different products derived from different plants.
Ground bell peppers are made from bell peppers, which are sweet and come in various colors.
Responses:
Black pepper is made from the dried fruit of the Piper nigrum plant and is known for its pungent flavor. (Score: 0.028045654296875)
Black pepper, on the other hand, is made from the dried berries of the Piper nigrum plant and is known for its pungent flavor. (Score: 0.02862548828125)
Black pepper is made from the dried fruit of the Piper nigrum plant, which is a flowering vine. (Score: 0.0273895263671875)
Black pepper, on the other hand, is made from the dried fruit of the Piper nigrum plant, which is a flowering vine. (Score: 0.0279541015625)

====================
Query:
Use the step-by-step method as shown in the examples to answer the question. Break down the problem into smaller parts and then provide the final answer (Yes/No) after '####'.

Example 1:
Q: Karachi was a part of Alexander the Great's success?

A: Karachi is a city in modern day Pakistan.
Krokola was an ancient port located in what is now Karachi.
Alexander the Great stationed his fleet in Krokola on his way to Babylon.
Alexander the Great defeated Darius and conquered Babylon before expanding his 
empire.
#### Yes.

Example 2:
Q: Was P. G. Wodehouse's favorite book The Hunger Games?

A: P. G. Wodehouse died in 1975.
The Hunger Games was published in 2008.
#### No.
IMPORTANT:
- Think step by step.
- The final line must be exactly in the format: #### Yes. or #### No.
- Do not end with anything else after the final answer.
Your Question:
Q: Are ground bell peppers the main ingredient of black pepper?

A: Ground bell peppers and black pepper are two different products derived from different plants.
Ground bell peppers come from bell peppers, which are a type of sweet pepper.
Responses:
Black pepper is made from the dried fruit of the Piper nigrum plant. (Score: 0.02581787109375)
Black pepper, on the other hand, comes from the dried fruit of the Piper nigrum plant, which is a flowering vine. (Score: 0.0260467529296875)
Black pepper, on the other hand, comes from the peppercorns of the Piper nigrum plant. (Score: 0.026702880859375)
Black pepper comes from the dried fruit of the Piper nigrum plant, which is entirely different from bell peppers. (Score: 0.0267791748046875)

====================
Query:
Use the step-by-step method as shown in the examples to answer the question. Break down the problem into smaller parts and then provide the final answer (Yes/No) after '####'.

Example 1:
Q: Karachi was a part of Alexander the Great's success?

A: Karachi is a city in modern day Pakistan.
Krokola was an ancient port located in what is now Karachi.
Alexander the Great stationed his fleet in Krokola on his way to Babylon.
Alexander the Great defeated Darius and conquered Babylon before expanding his 
empire.
#### Yes.

Example 2:
Q: Was P. G. Wodehouse's favorite book The Hunger Games?

A: P. G. Wodehouse died in 1975.
The Hunger Games was published in 2008.
#### No.
IMPORTANT:
- Think step by step.
- The final line must be exactly in the format: #### Yes. or #### No.
- Do not end with anything else after the final answer.
Your Question:
Q: Are ground bell peppers the main ingredient of black pepper?

A: Ground bell peppers and black pepper are two different products derived from different plants.
Ground bell peppers are made from bell peppers, which are sweet and come in various colors.
Black pepper, on the other hand, is made from the dried berries of the Piper nigrum plant and is known for its pungent flavor.
Responses:
A: Ground bell peppers and black pepper are two different products derived from different plants. (Score: 0.025665283203125)
Ground bell peppers and black pepper serve different culinary purposes. (Score: 0.0273590087890625)
<EMPTY> (Score: -inf)
<EMPTY> (Score: -inf)

====================
Query:
Use the step-by-step method as shown in the examples to answer the question. Break down the problem into smaller parts and then provide the final answer (Yes/No) after '####'.

Example 1:
Q: Karachi was a part of Alexander the Great's success?

A: Karachi is a city in modern day Pakistan.
Krokola was an ancient port located in what is now Karachi.
Alexander the Great stationed his fleet in Krokola on his way to Babylon.
Alexander the Great defeated Darius and conquered Babylon before expanding his 
empire.
#### Yes.

Example 2:
Q: Was P. G. Wodehouse's favorite book The Hunger Games?

A: P. G. Wodehouse died in 1975.
The Hunger Games was published in 2008.
#### No.
IMPORTANT:
- Think step by step.
- The final line must be exactly in the format: #### Yes. or #### No.
- Do not end with anything else after the final answer.
Your Question:
Q: Are ground bell peppers the main ingredient of black pepper?

A: Ground bell peppers and black pepper are two different products derived from different plants.
Ground bell peppers are made from bell peppers, which are sweet and come in various colors.
Black pepper is made from the dried fruit of the Piper nigrum plant and is known for its pungent flavor.
Responses:
Ground bell peppers and black pepper come from different botanical sources and have distinct flavors and uses in cooking. (Score: 0.02813720703125)
Ground bell peppers and black pepper have distinct flavors and culinary uses. (Score: 0.028289794921875)
A: Ground bell peppers and black pepper are two different products derived from different plants. (Score: 0.0252685546875)
Ground bell peppers and black pepper originate from different botanical sources. (Score: 0.027618408203125)

====================
Query:
Use the step-by-step method as shown in the examples to answer the question. Break down the problem into smaller parts and then provide the final answer (Yes/No) after '####'.

Example 1:
Q: Karachi was a part of Alexander the Great's success?

A: Karachi is a city in modern day Pakistan.
Krokola was an ancient port located in what is now Karachi.
Alexander the Great stationed his fleet in Krokola on his way to Babylon.
Alexander the Great defeated Darius and conquered Babylon before expanding his 
empire.
#### Yes.

Example 2:
Q: Was P. G. Wodehouse's favorite book The Hunger Games?

A: P. G. Wodehouse died in 1975.
The Hunger Games was published in 2008.
#### No.
IMPORTANT:
- Think step by step.
- The final line must be exactly in the format: #### Yes. or #### No.
- Do not end with anything else after the final answer.
Your Question:
Q: Are ground bell peppers the main ingredient of black pepper?

A: Ground bell peppers and black pepper are two different products derived from different plants.
Ground bell peppers are made from bell peppers, which are sweet and come in various colors.
Black pepper is made from the dried fruit of the Piper nigrum plant and is known for its pungent flavor.
Ground bell peppers and black pepper have distinct flavors and culinary uses.
Responses:
A: Ground bell peppers and black pepper are two different products derived from different plants. (Score: 0.02581787109375)
A: Ground bell peppers and black pepper are two different products derived from different plants. (Score: 0.02581787109375)
<EMPTY> (Score: -inf)
<EMPTY> (Score: -inf)

====================
Query:
Use the step-by-step method as shown in the examples to answer the question. Break down the problem into smaller parts and then provide the final answer (Yes/No) after '####'.

Example 1:
Q: Karachi was a part of Alexander the Great's success?

A: Karachi is a city in modern day Pakistan.
Krokola was an ancient port located in what is now Karachi.
Alexander the Great stationed his fleet in Krokola on his way to Babylon.
Alexander the Great defeated Darius and conquered Babylon before expanding his 
empire.
#### Yes.

Example 2:
Q: Was P. G. Wodehouse's favorite book The Hunger Games?

A: P. G. Wodehouse died in 1975.
The Hunger Games was published in 2008.
#### No.
IMPORTANT:
- Think step by step.
- The final line must be exactly in the format: #### Yes. or #### No.
- Do not end with anything else after the final answer.
Your Question:
Q: Are ground bell peppers the main ingredient of black pepper?

A: Ground bell peppers and black pepper are two different products derived from different plants.
Ground bell peppers are made from bell peppers, which are sweet and come in various colors.
Black pepper is made from the dried fruit of the Piper nigrum plant and is known for its pungent flavor.
Ground bell peppers and black pepper come from different botanical sources and have distinct flavors and uses in cooking.
Responses:
A: Ground bell peppers and black pepper are two different products derived from different plants. (Score: 0.0259857177734375)
A: Ground bell peppers and black pepper are two different products derived from different plants. (Score: 0.0259857177734375)
<EMPTY> (Score: -inf)
<EMPTY> (Score: -inf)

====================
Query:
Use the step-by-step method as shown in the examples to answer the question. Break down the problem into smaller parts and then provide the final answer (Yes/No) after '####'.

Example 1:
Q: Karachi was a part of Alexander the Great's success?

A: Karachi is a city in modern day Pakistan.
Krokola was an ancient port located in what is now Karachi.
Alexander the Great stationed his fleet in Krokola on his way to Babylon.
Alexander the Great defeated Darius and conquered Babylon before expanding his 
empire.
#### Yes.

Example 2:
Q: Was P. G. Wodehouse's favorite book The Hunger Games?

A: P. G. Wodehouse died in 1975.
The Hunger Games was published in 2008.
#### No.
IMPORTANT:
- Think step by step.
- The final line must be exactly in the format: #### Yes. or #### No.
- Do not end with anything else after the final answer.
Your Question:
Q: Are ground bell peppers the main ingredient of black pepper?

A: Ground bell peppers and black pepper are two different products derived from different plants.
Ground bell peppers are made from bell peppers, which are sweet and come in various colors.
Black pepper is made from the dried fruit of the Piper nigrum plant and is known for its pungent flavor.
Ground bell peppers and black pepper come from different botanical sources and have distinct flavors and uses in cooking.
A: Ground bell peppers and black pepper are two different products derived from different plants.
Responses:
A: Ground bell peppers and black pepper are two different products derived from different plants. (Score: 0.025848388671875)
#### No. (Score: 0.0270233154296875)
<EMPTY> (Score: -inf)
<EMPTY> (Score: -inf)

====================
Query:
Use the step-by-step method as shown in the examples to answer the question. Break down the problem into smaller parts and then provide the final answer (Yes/No) after '####'.

Example 1:
Q: Karachi was a part of Alexander the Great's success?

A: Karachi is a city in modern day Pakistan.
Krokola was an ancient port located in what is now Karachi.
Alexander the Great stationed his fleet in Krokola on his way to Babylon.
Alexander the Great defeated Darius and conquered Babylon before expanding his 
empire.
#### Yes.

Example 2:
Q: Was P. G. Wodehouse's favorite book The Hunger Games?

A: P. G. Wodehouse died in 1975.
The Hunger Games was published in 2008.
#### No.
IMPORTANT:
- Think step by step.
- The final line must be exactly in the format: #### Yes. or #### No.
- Do not end with anything else after the final answer.
Your Question:
Q: Are ground bell peppers the main ingredient of black pepper?

A: Ground bell peppers and black pepper are two different products derived from different plants.
Ground bell peppers are made from bell peppers, which are sweet and come in various colors.
Black pepper is made from the dried fruit of the Piper nigrum plant and is known for its pungent flavor.
Ground bell peppers and black pepper come from different botanical sources and have distinct flavors and uses in cooking.
A: Ground bell peppers and black pepper are two different products derived from different plants.
Responses:
A: Ground bell peppers and black pepper are two different products derived from different plants. (Score: 0.025848388671875)
A: Ground bell peppers are made from bell peppers, which are sweet and come in various colors. (Score: 0.025726318359375)
<EMPTY> (Score: -inf)
<EMPTY> (Score: -inf)

====================
Query:
Use the step-by-step method as shown in the examples to answer the question. Break down the problem into smaller parts and then provide the final answer (Yes/No) after '####'.

Example 1:
Q: Karachi was a part of Alexander the Great's success?

A: Karachi is a city in modern day Pakistan.
Krokola was an ancient port located in what is now Karachi.
Alexander the Great stationed his fleet in Krokola on his way to Babylon.
Alexander the Great defeated Darius and conquered Babylon before expanding his 
empire.
#### Yes.

Example 2:
Q: Was P. G. Wodehouse's favorite book The Hunger Games?

A: P. G. Wodehouse died in 1975.
The Hunger Games was published in 2008.
#### No.
IMPORTANT:
- Think step by step.
- The final line must be exactly in the format: #### Yes. or #### No.
- Do not end with anything else after the final answer.
Your Question:
Q: Are ground bell peppers the main ingredient of black pepper?

A: Ground bell peppers and black pepper are two different products derived from different plants.
Ground bell peppers are made from bell peppers, which are sweet and come in various colors.
Black pepper is made from the dried fruit of the Piper nigrum plant and is known for its pungent flavor.
Ground bell peppers and black pepper come from different botanical sources and have distinct flavors and uses in cooking.
A: Ground bell peppers and black pepper are two different products derived from different plants.
A: Ground bell peppers and black pepper are two different products derived from different plants.
Responses:
A: Ground bell peppers and black pepper are two different products derived from different plants. (Score: 0.0264129638671875)
A: Ground bell peppers and black pepper are two different products derived from different plants. (Score: 0.0264129638671875)
<EMPTY> (Score: -inf)
<EMPTY> (Score: -inf)

====================
Query:
Use the step-by-step method as shown in the examples to answer the question. Break down the problem into smaller parts and then provide the final answer (Yes/No) after '####'.

Example 1:
Q: Karachi was a part of Alexander the Great's success?

A: Karachi is a city in modern day Pakistan.
Krokola was an ancient port located in what is now Karachi.
Alexander the Great stationed his fleet in Krokola on his way to Babylon.
Alexander the Great defeated Darius and conquered Babylon before expanding his 
empire.
#### Yes.

Example 2:
Q: Was P. G. Wodehouse's favorite book The Hunger Games?

A: P. G. Wodehouse died in 1975.
The Hunger Games was published in 2008.
#### No.
IMPORTANT:
- Think step by step.
- The final line must be exactly in the format: #### Yes. or #### No.
- Do not end with anything else after the final answer.
Your Question:
Q: Are ground bell peppers the main ingredient of black pepper?

A: Ground bell peppers and black pepper are two different products derived from different plants.
Ground bell peppers are made from bell peppers, which are sweet and come in various colors.
Black pepper is made from the dried fruit of the Piper nigrum plant and is known for its pungent flavor.
Ground bell peppers and black pepper come from different botanical sources and have distinct flavors and uses in cooking.
A: Ground bell peppers and black pepper are two different products derived from different plants.
A: Ground bell peppers and black pepper are two different products derived from different plants.
A: Ground bell peppers and black pepper are two different products derived from different plants.
Responses:
A: Ground bell peppers and black pepper are two different products derived from different plants. (Score: 0.0273590087890625)
A: Ground bell peppers and black pepper are two different products derived from different plants. (Score: 0.0273590087890625)
<EMPTY> (Score: -inf)
<EMPTY> (Score: -inf)

====================
Query:
Use the step-by-step method as shown in the examples to answer the question. Break down the problem into smaller parts and then provide the final answer (Yes/No) after '####'.

Example 1:
Q: Karachi was a part of Alexander the Great's success?

A: Karachi is a city in modern day Pakistan.
Krokola was an ancient port located in what is now Karachi.
Alexander the Great stationed his fleet in Krokola on his way to Babylon.
Alexander the Great defeated Darius and conquered Babylon before expanding his 
empire.
#### Yes.

Example 2:
Q: Was P. G. Wodehouse's favorite book The Hunger Games?

A: P. G. Wodehouse died in 1975.
The Hunger Games was published in 2008.
#### No.
IMPORTANT:
- Think step by step.
- The final line must be exactly in the format: #### Yes. or #### No.
- Do not end with anything else after the final answer.
Your Question:
Q: Are Disney's seven dwarves the original ones?

A:
Responses:
Disney's seven dwarves are named Doc, Grumpy, Happy, Sleepy, Bashful, Sneezy, and Dopey. (Score: 0.031280517578125)
A: Disney's seven dwarves are characters from the animated film "Snow White and the Seven Dwarfs," released in 1937. (Score: 0.0269775390625)
Disney's seven dwarves from "Snow White and the Seven Dwarfs" are named Sleepy, Dopey, Bashful, Grumpy, Happy, Doc, and Sneezy. (Score: 0.0328369140625)
Disney's seven dwarfs are characters from the animated film "Snow White and the Seven Dwarfs," released in 1937. (Score: 0.028900146484375)

====================
Query:
Use the step-by-step method as shown in the examples to answer the question. Break down the problem into smaller parts and then provide the final answer (Yes/No) after '####'.

Example 1:
Q: Karachi was a part of Alexander the Great's success?

A: Karachi is a city in modern day Pakistan.
Krokola was an ancient port located in what is now Karachi.
Alexander the Great stationed his fleet in Krokola on his way to Babylon.
Alexander the Great defeated Darius and conquered Babylon before expanding his 
empire.
#### Yes.

Example 2:
Q: Was P. G. Wodehouse's favorite book The Hunger Games?

A: P. G. Wodehouse died in 1975.
The Hunger Games was published in 2008.
#### No.
IMPORTANT:
- Think step by step.
- The final line must be exactly in the format: #### Yes. or #### No.
- Do not end with anything else after the final answer.
Your Question:
Q: Are Disney's seven dwarves the original ones?

A: Disney's seven dwarves from "Snow White and the Seven Dwarfs" are named Sleepy, Dopey, Bashful, Grumpy, Happy, Doc, and Sneezy.
Responses:
The seven dwarfs were originally characters from the Brothers Grimm fairy tale "Snow White." In the original tale, the dwarfs were not given specific names. (Score: 0.0302581787109375)
The seven dwarves were created by Disney for the 1937 animated film "Snow White and the Seven Dwarfs.". (Score: 0.0251617431640625)
The seven dwarfs were first popularized by Disney in the 1937 animated film "Snow White and the Seven Dwarfs." The characters were based on the Brothers Grimm fairy tale, which featured dwarfs but did not specify their names. (Score: 0.0304412841796875)
The seven dwarves were created by Disney for their animated film released in 1937. The original story of Snow White, which dates back to the Brothers Grimm, also features dwarves but does not specify their names. (Score: 0.02996826171875)

====================
Query:
Use the step-by-step method as shown in the examples to answer the question. Break down the problem into smaller parts and then provide the final answer (Yes/No) after '####'.

Example 1:
Q: Karachi was a part of Alexander the Great's success?

A: Karachi is a city in modern day Pakistan.
Krokola was an ancient port located in what is now Karachi.
Alexander the Great stationed his fleet in Krokola on his way to Babylon.
Alexander the Great defeated Darius and conquered Babylon before expanding his 
empire.
#### Yes.

Example 2:
Q: Was P. G. Wodehouse's favorite book The Hunger Games?

A: P. G. Wodehouse died in 1975.
The Hunger Games was published in 2008.
#### No.
IMPORTANT:
- Think step by step.
- The final line must be exactly in the format: #### Yes. or #### No.
- Do not end with anything else after the final answer.
Your Question:
Q: Are Disney's seven dwarves the original ones?

A: Disney's seven dwarves are named Doc, Grumpy, Happy, Sleepy, Bashful, Sneezy, and Dopey.
Responses:
The seven dwarves in Disney's "Snow White and the Seven Dwarfs" were created for the 1937 animated film. (Score: 0.0292510986328125)
The seven dwarves were first popularized in Disney's animated film "Snow White and the Seven Dwarfs," released in 1937. The characters were based on the Brothers Grimm fairy tale, which featured the dwarves but did not specify their names. (Score: 0.02838134765625)
The seven dwarves were created for Disney's animated film "Snow White and the Seven Dwarfs," which was released in 1937. The story of Snow White is based on a German fairy tale by the Brothers Grimm, who also had their own versions of the dwarves. (Score: 0.02801513671875)
The seven dwarves were first popularized by Disney in the 1937 animated film "Snow White and the Seven Dwarfs." The names and personalities of these dwarves were created by Disney's writers. (Score: 0.027557373046875)

====================
Query:
Use the step-by-step method as shown in the examples to answer the question. Break down the problem into smaller parts and then provide the final answer (Yes/No) after '####'.

Example 1:
Q: Karachi was a part of Alexander the Great's success?

A: Karachi is a city in modern day Pakistan.
Krokola was an ancient port located in what is now Karachi.
Alexander the Great stationed his fleet in Krokola on his way to Babylon.
Alexander the Great defeated Darius and conquered Babylon before expanding his 
empire.
#### Yes.

Example 2:
Q: Was P. G. Wodehouse's favorite book The Hunger Games?

A: P. G. Wodehouse died in 1975.
The Hunger Games was published in 2008.
#### No.
IMPORTANT:
- Think step by step.
- The final line must be exactly in the format: #### Yes. or #### No.
- Do not end with anything else after the final answer.
Your Question:
Q: Are Disney's seven dwarves the original ones?

A: Disney's seven dwarves from "Snow White and the Seven Dwarfs" are named Sleepy, Dopey, Bashful, Grumpy, Happy, Doc, and Sneezy.
The seven dwarfs were first popularized by Disney in the 1937 animated film "Snow White and the Seven Dwarfs." The characters were based on the Brothers Grimm fairy tale, which featured dwarfs but did not specify their names.
Responses:
The Brothers Grimm fairy tale includes the idea of seven dwarfs, but it does not provide specific names for them. (Score: 0.031768798828125)
A: The Brothers Grimm fairy tale included dwarfs but did not name them specifically. (Score: 0.0308685302734375)
A: The original Brothers Grimm fairy tale "Snow White" does include dwarfs, but their names are not specified in the story. (Score: 0.030029296875)
The Brothers Grimm fairy tale "Snow White" was published in the early 19th century. (Score: 0.0309295654296875)

====================
Query:
Use the step-by-step method as shown in the examples to answer the question. Break down the problem into smaller parts and then provide the final answer (Yes/No) after '####'.

Example 1:
Q: Karachi was a part of Alexander the Great's success?

A: Karachi is a city in modern day Pakistan.
Krokola was an ancient port located in what is now Karachi.
Alexander the Great stationed his fleet in Krokola on his way to Babylon.
Alexander the Great defeated Darius and conquered Babylon before expanding his 
empire.
#### Yes.

Example 2:
Q: Was P. G. Wodehouse's favorite book The Hunger Games?

A: P. G. Wodehouse died in 1975.
The Hunger Games was published in 2008.
#### No.
IMPORTANT:
- Think step by step.
- The final line must be exactly in the format: #### Yes. or #### No.
- Do not end with anything else after the final answer.
Your Question:
Q: Are Disney's seven dwarves the original ones?

A: Disney's seven dwarves from "Snow White and the Seven Dwarfs" are named Sleepy, Dopey, Bashful, Grumpy, Happy, Doc, and Sneezy.
The seven dwarfs were originally characters from the Brothers Grimm fairy tale "Snow White." In the original tale, the dwarfs were not given specific names.
Responses:
A: Disney's seven dwarves from "Snow White and the Seven Dwarfs" are named Sleepy, Dopey, Bashful, Grumpy, Happy, Doc, and Sneezy. (Score: 0.02960205078125)
The Disney seven dwarfs were named for the animated film released in 1937. (Score: 0.0305938720703125)
A: The Disney version of the seven dwarfs was created for the animated film "Snow White and the Seven Dwarfs," released in 1937. (Score: 0.0295257568359375)
<EMPTY> (Score: -inf)

====================
Query:
Use the step-by-step method as shown in the examples to answer the question. Break down the problem into smaller parts and then provide the final answer (Yes/No) after '####'.

Example 1:
Q: Karachi was a part of Alexander the Great's success?

A: Karachi is a city in modern day Pakistan.
Krokola was an ancient port located in what is now Karachi.
Alexander the Great stationed his fleet in Krokola on his way to Babylon.
Alexander the Great defeated Darius and conquered Babylon before expanding his 
empire.
#### Yes.

Example 2:
Q: Was P. G. Wodehouse's favorite book The Hunger Games?

A: P. G. Wodehouse died in 1975.
The Hunger Games was published in 2008.
#### No.
IMPORTANT:
- Think step by step.
- The final line must be exactly in the format: #### Yes. or #### No.
- Do not end with anything else after the final answer.
Your Question:
Q: Are Disney's seven dwarves the original ones?

A: Disney's seven dwarves from "Snow White and the Seven Dwarfs" are named Sleepy, Dopey, Bashful, Grumpy, Happy, Doc, and Sneezy.
The seven dwarfs were first popularized by Disney in the 1937 animated film "Snow White and the Seven Dwarfs." The characters were based on the Brothers Grimm fairy tale, which featured dwarfs but did not specify their names.
The Brothers Grimm fairy tale includes the idea of seven dwarfs, but it does not provide specific names for them.
Responses:
A: Disney's seven dwarfs from "Snow White and the Seven Dwarfs" are named Sleepy, Dopey, Bashful, Grumpy, Happy, Doc, and Sneezy. (Score: 0.0322265625)
The names of the dwarfs in the Brothers Grimm fairy tale are not given. (Score: 0.0310211181640625)
<EMPTY> (Score: -inf)
<EMPTY> (Score: -inf)

====================
Query:
Use the step-by-step method as shown in the examples to answer the question. Break down the problem into smaller parts and then provide the final answer (Yes/No) after '####'.

Example 1:
Q: Karachi was a part of Alexander the Great's success?

A: Karachi is a city in modern day Pakistan.
Krokola was an ancient port located in what is now Karachi.
Alexander the Great stationed his fleet in Krokola on his way to Babylon.
Alexander the Great defeated Darius and conquered Babylon before expanding his 
empire.
#### Yes.

Example 2:
Q: Was P. G. Wodehouse's favorite book The Hunger Games?

A: P. G. Wodehouse died in 1975.
The Hunger Games was published in 2008.
#### No.
IMPORTANT:
- Think step by step.
- The final line must be exactly in the format: #### Yes. or #### No.
- Do not end with anything else after the final answer.
Your Question:
Q: Are Disney's seven dwarves the original ones?

A: Disney's seven dwarves from "Snow White and the Seven Dwarfs" are named Sleepy, Dopey, Bashful, Grumpy, Happy, Doc, and Sneezy.
The seven dwarfs were first popularized by Disney in the 1937 animated film "Snow White and the Seven Dwarfs." The characters were based on the Brothers Grimm fairy tale, which featured dwarfs but did not specify their names.
The Brothers Grimm fairy tale "Snow White" was published in the early 19th century.
Responses:
The seven dwarfs in the Brothers Grimm fairy tale were not given specific names. (Score: 0.031463623046875)
The dwarfs in the Brothers Grimm fairy tale do not have specific names, unlike Disney's version. (Score: 0.0303192138671875)
The dwarfs in the Brothers Grimm's fairy tale are not specifically named as in Disney's version. (Score: 0.030609130859375)
A: The original story by the Brothers Grimm included dwarfs, but they were not named. (Score: 0.0311126708984375)

====================
Query:
Use the step-by-step method as shown in the examples to answer the question. Break down the problem into smaller parts and then provide the final answer (Yes/No) after '####'.

Example 1:
Q: Karachi was a part of Alexander the Great's success?

A: Karachi is a city in modern day Pakistan.
Krokola was an ancient port located in what is now Karachi.
Alexander the Great stationed his fleet in Krokola on his way to Babylon.
Alexander the Great defeated Darius and conquered Babylon before expanding his 
empire.
#### Yes.

Example 2:
Q: Was P. G. Wodehouse's favorite book The Hunger Games?

A: P. G. Wodehouse died in 1975.
The Hunger Games was published in 2008.
#### No.
IMPORTANT:
- Think step by step.
- The final line must be exactly in the format: #### Yes. or #### No.
- Do not end with anything else after the final answer.
Your Question:
Q: Are Disney's seven dwarves the original ones?

A: Disney's seven dwarves from "Snow White and the Seven Dwarfs" are named Sleepy, Dopey, Bashful, Grumpy, Happy, Doc, and Sneezy.
The seven dwarfs were first popularized by Disney in the 1937 animated film "Snow White and the Seven Dwarfs." The characters were based on the Brothers Grimm fairy tale, which featured dwarfs but did not specify their names.
The Brothers Grimm fairy tale includes the idea of seven dwarfs, but it does not provide specific names for them.
A: Disney's seven dwarfs from "Snow White and the Seven Dwarfs" are named Sleepy, Dopey, Bashful, Grumpy, Happy, Doc, and Sneezy.
Responses:
A: Disney's seven dwarfs from "Snow White and the Seven Dwarfs" are named Sleepy, Dopey, Bashful, Grumpy, Happy, Doc, and Sneezy. (Score: 0.0328369140625)
A: Disney's seven dwarfs from "Snow White and the Seven Dwarfs" are named Sleepy, Dopey, Bashful, Grumpy, Happy, Doc, and Sneezy. (Score: 0.0328369140625)
<EMPTY> (Score: -inf)
<EMPTY> (Score: -inf)

====================
Query:
Use the step-by-step method as shown in the examples to answer the question. Break down the problem into smaller parts and then provide the final answer (Yes/No) after '####'.

Example 1:
Q: Karachi was a part of Alexander the Great's success?

A: Karachi is a city in modern day Pakistan.
Krokola was an ancient port located in what is now Karachi.
Alexander the Great stationed his fleet in Krokola on his way to Babylon.
Alexander the Great defeated Darius and conquered Babylon before expanding his 
empire.
#### Yes.

Example 2:
Q: Was P. G. Wodehouse's favorite book The Hunger Games?

A: P. G. Wodehouse died in 1975.
The Hunger Games was published in 2008.
#### No.
IMPORTANT:
- Think step by step.
- The final line must be exactly in the format: #### Yes. or #### No.
- Do not end with anything else after the final answer.
Your Question:
Q: Are Disney's seven dwarves the original ones?

A: Disney's seven dwarves from "Snow White and the Seven Dwarfs" are named Sleepy, Dopey, Bashful, Grumpy, Happy, Doc, and Sneezy.
The seven dwarfs were first popularized by Disney in the 1937 animated film "Snow White and the Seven Dwarfs." The characters were based on the Brothers Grimm fairy tale, which featured dwarfs but did not specify their names.
The Brothers Grimm fairy tale "Snow White" was published in the early 19th century.
The seven dwarfs in the Brothers Grimm fairy tale were not given specific names.
Responses:
A: Disney's seven dwarfs from "Snow White and the Seven Dwarfs" are named Sleepy, Dopey, Bashful, Grumpy, Happy, Doc, and Sneezy. (Score: 0.03216552734375)
A: The seven dwarfs in Disney's "Snow White and the Seven Dwarfs" are named Sleepy, Dopey, Bashful, Grumpy, Happy, Doc, and Sneezy. (Score: 0.03167724609375)
A: Disney's seven dwarves are named Sleepy, Dopey, Bashful, Grumpy, Happy, Doc, and Sneezy. (Score: 0.0310821533203125)
A: Disney's seven dwarves from "Snow White and the Seven Dwarfs" are named Sleepy, Dopey, Bashful, Grumpy, Happy, Doc, and Sneezy. (Score: 0.032012939453125)

====================
Query:
Use the step-by-step method as shown in the examples to answer the question. Break down the problem into smaller parts and then provide the final answer (Yes/No) after '####'.

Example 1:
Q: Karachi was a part of Alexander the Great's success?

A: Karachi is a city in modern day Pakistan.
Krokola was an ancient port located in what is now Karachi.
Alexander the Great stationed his fleet in Krokola on his way to Babylon.
Alexander the Great defeated Darius and conquered Babylon before expanding his 
empire.
#### Yes.

Example 2:
Q: Was P. G. Wodehouse's favorite book The Hunger Games?

A: P. G. Wodehouse died in 1975.
The Hunger Games was published in 2008.
#### No.
IMPORTANT:
- Think step by step.
- The final line must be exactly in the format: #### Yes. or #### No.
- Do not end with anything else after the final answer.
Your Question:
Q: Are Disney's seven dwarves the original ones?

A: Disney's seven dwarves from "Snow White and the Seven Dwarfs" are named Sleepy, Dopey, Bashful, Grumpy, Happy, Doc, and Sneezy.
The seven dwarfs were first popularized by Disney in the 1937 animated film "Snow White and the Seven Dwarfs." The characters were based on the Brothers Grimm fairy tale, which featured dwarfs but did not specify their names.
The Brothers Grimm fairy tale includes the idea of seven dwarfs, but it does not provide specific names for them.
A: Disney's seven dwarfs from "Snow White and the Seven Dwarfs" are named Sleepy, Dopey, Bashful, Grumpy, Happy, Doc, and Sneezy.
A: Disney's seven dwarfs from "Snow White and the Seven Dwarfs" are named Sleepy, Dopey, Bashful, Grumpy, Happy, Doc, and Sneezy.
Responses:
A: Disney's seven dwarfs from "Snow White and the Seven Dwarfs" are named Sleepy, Dopey, Bashful, Grumpy, Happy, Doc, and Sneezy. (Score: 0.0322265625)
A: Disney's seven dwarfs are named Sleepy, Dopey, Bashful, Grumpy, Happy, Doc, and Sneezy. (Score: 0.0322265625)
<EMPTY> (Score: -inf)
<EMPTY> (Score: -inf)

====================
Query:
Use the step-by-step method as shown in the examples to answer the question. Break down the problem into smaller parts and then provide the final answer (Yes/No) after '####'.

Example 1:
Q: Karachi was a part of Alexander the Great's success?

A: Karachi is a city in modern day Pakistan.
Krokola was an ancient port located in what is now Karachi.
Alexander the Great stationed his fleet in Krokola on his way to Babylon.
Alexander the Great defeated Darius and conquered Babylon before expanding his 
empire.
#### Yes.

Example 2:
Q: Was P. G. Wodehouse's favorite book The Hunger Games?

A: P. G. Wodehouse died in 1975.
The Hunger Games was published in 2008.
#### No.
IMPORTANT:
- Think step by step.
- The final line must be exactly in the format: #### Yes. or #### No.
- Do not end with anything else after the final answer.
Your Question:
Q: Are Disney's seven dwarves the original ones?

A: Disney's seven dwarves from "Snow White and the Seven Dwarfs" are named Sleepy, Dopey, Bashful, Grumpy, Happy, Doc, and Sneezy.
The seven dwarfs were first popularized by Disney in the 1937 animated film "Snow White and the Seven Dwarfs." The characters were based on the Brothers Grimm fairy tale, which featured dwarfs but did not specify their names.
The Brothers Grimm fairy tale includes the idea of seven dwarfs, but it does not provide specific names for them.
A: Disney's seven dwarfs from "Snow White and the Seven Dwarfs" are named Sleepy, Dopey, Bashful, Grumpy, Happy, Doc, and Sneezy.
A: Disney's seven dwarfs from "Snow White and the Seven Dwarfs" are named Sleepy, Dopey, Bashful, Grumpy, Happy, Doc, and Sneezy.
Responses:
A: Disney's seven dwarfs from "Snow White and the Seven Dwarfs" are named Sleepy, Dopey, Bashful, Grumpy, Happy, Doc, and Sneezy. (Score: 0.0322265625)
A: Disney's seven dwarfs from "Snow White and the Seven Dwarfs" are named Sleepy, Dopey, Bashful, Grumpy, Happy, Doc, and Sneezy. (Score: 0.0322265625)
<EMPTY> (Score: -inf)
<EMPTY> (Score: -inf)

====================
Query:
Use the step-by-step method as shown in the examples to answer the question. Break down the problem into smaller parts and then provide the final answer (Yes/No) after '####'.

Example 1:
Q: Karachi was a part of Alexander the Great's success?

A: Karachi is a city in modern day Pakistan.
Krokola was an ancient port located in what is now Karachi.
Alexander the Great stationed his fleet in Krokola on his way to Babylon.
Alexander the Great defeated Darius and conquered Babylon before expanding his 
empire.
#### Yes.

Example 2:
Q: Was P. G. Wodehouse's favorite book The Hunger Games?

A: P. G. Wodehouse died in 1975.
The Hunger Games was published in 2008.
#### No.
IMPORTANT:
- Think step by step.
- The final line must be exactly in the format: #### Yes. or #### No.
- Do not end with anything else after the final answer.
Your Question:
Q: Are Disney's seven dwarves the original ones?

A: Disney's seven dwarves from "Snow White and the Seven Dwarfs" are named Sleepy, Dopey, Bashful, Grumpy, Happy, Doc, and Sneezy.
The seven dwarfs were first popularized by Disney in the 1937 animated film "Snow White and the Seven Dwarfs." The characters were based on the Brothers Grimm fairy tale, which featured dwarfs but did not specify their names.
The Brothers Grimm fairy tale includes the idea of seven dwarfs, but it does not provide specific names for them.
A: Disney's seven dwarfs from "Snow White and the Seven Dwarfs" are named Sleepy, Dopey, Bashful, Grumpy, Happy, Doc, and Sneezy.
A: Disney's seven dwarfs from "Snow White and the Seven Dwarfs" are named Sleepy, Dopey, Bashful, Grumpy, Happy, Doc, and Sneezy.
A: Disney's seven dwarfs are named Sleepy, Dopey, Bashful, Grumpy, Happy, Doc, and Sneezy.
Responses:
A: Disney's seven dwarfs from "Snow White and the Seven Dwarfs" are named Sleepy, Dopey, Bashful, Grumpy, Happy, Doc, and Sneezy. (Score: 0.033782958984375)
A: Disney's seven dwarves from "Snow White and the Seven Dwarfs" are named Sleepy, Dopey, Bashful, Grumpy, Happy, Doc, and Sneezy. (Score: 0.0338134765625)
A: Disney's seven dwarfs are Sleepy, Dopey, Bashful, Grumpy, Happy, Doc, and Sneezy. (Score: 0.031829833984375)
<EMPTY> (Score: -inf)

====================
Query:
Use the step-by-step method as shown in the examples to answer the question. Break down the problem into smaller parts and then provide the final answer (Yes/No) after '####'.

Example 1:
Q: Karachi was a part of Alexander the Great's success?

A: Karachi is a city in modern day Pakistan.
Krokola was an ancient port located in what is now Karachi.
Alexander the Great stationed his fleet in Krokola on his way to Babylon.
Alexander the Great defeated Darius and conquered Babylon before expanding his 
empire.
#### Yes.

Example 2:
Q: Was P. G. Wodehouse's favorite book The Hunger Games?

A: P. G. Wodehouse died in 1975.
The Hunger Games was published in 2008.
#### No.
IMPORTANT:
- Think step by step.
- The final line must be exactly in the format: #### Yes. or #### No.
- Do not end with anything else after the final answer.
Your Question:
Q: Are Disney's seven dwarves the original ones?

A: Disney's seven dwarves from "Snow White and the Seven Dwarfs" are named Sleepy, Dopey, Bashful, Grumpy, Happy, Doc, and Sneezy.
The seven dwarfs were first popularized by Disney in the 1937 animated film "Snow White and the Seven Dwarfs." The characters were based on the Brothers Grimm fairy tale, which featured dwarfs but did not specify their names.
The Brothers Grimm fairy tale includes the idea of seven dwarfs, but it does not provide specific names for them.
A: Disney's seven dwarfs from "Snow White and the Seven Dwarfs" are named Sleepy, Dopey, Bashful, Grumpy, Happy, Doc, and Sneezy.
A: Disney's seven dwarfs from "Snow White and the Seven Dwarfs" are named Sleepy, Dopey, Bashful, Grumpy, Happy, Doc, and Sneezy.
A: Disney's seven dwarfs from "Snow White and the Seven Dwarfs" are named Sleepy, Dopey, Bashful, Grumpy, Happy, Doc, and Sneezy.
Responses:
A: Disney's seven dwarfs from "Snow White and the Seven Dwarfs" are named Sleepy, Dopey, Bashful, Grumpy, Happy, Doc, and Sneezy. (Score: 0.034149169921875)
A: Disney's seven dwarves from "Snow White and the Seven Dwarfs" are named Sleepy, Dopey, Bashful, Grumpy, Happy, Doc, and Sneezy. (Score: 0.03387451171875)
<EMPTY> (Score: -inf)
<EMPTY> (Score: -inf)

====================
Query:
Use the step-by-step method as shown in the examples to answer the question. Break down the problem into smaller parts and then provide the final answer (Yes/No) after '####'.

Example 1:
Q: Karachi was a part of Alexander the Great's success?

A: Karachi is a city in modern day Pakistan.
Krokola was an ancient port located in what is now Karachi.
Alexander the Great stationed his fleet in Krokola on his way to Babylon.
Alexander the Great defeated Darius and conquered Babylon before expanding his 
empire.
#### Yes.

Example 2:
Q: Was P. G. Wodehouse's favorite book The Hunger Games?

A: P. G. Wodehouse died in 1975.
The Hunger Games was published in 2008.
#### No.
IMPORTANT:
- Think step by step.
- The final line must be exactly in the format: #### Yes. or #### No.
- Do not end with anything else after the final answer.
Your Question:
Q: Are Disney's seven dwarves the original ones?

A: Disney's seven dwarves from "Snow White and the Seven Dwarfs" are named Sleepy, Dopey, Bashful, Grumpy, Happy, Doc, and Sneezy.
The seven dwarfs were first popularized by Disney in the 1937 animated film "Snow White and the Seven Dwarfs." The characters were based on the Brothers Grimm fairy tale, which featured dwarfs but did not specify their names.
The Brothers Grimm fairy tale includes the idea of seven dwarfs, but it does not provide specific names for them.
A: Disney's seven dwarfs from "Snow White and the Seven Dwarfs" are named Sleepy, Dopey, Bashful, Grumpy, Happy, Doc, and Sneezy.
A: Disney's seven dwarfs from "Snow White and the Seven Dwarfs" are named Sleepy, Dopey, Bashful, Grumpy, Happy, Doc, and Sneezy.
A: Disney's seven dwarfs from "Snow White and the Seven Dwarfs" are named Sleepy, Dopey, Bashful, Grumpy, Happy, Doc, and Sneezy.
A: Disney's seven dwarfs from "Snow White and the Seven Dwarfs" are named Sleepy, Dopey, Bashful, Grumpy, Happy, Doc, and Sneezy.
Responses:
A: Disney's seven dwarfs from "Snow White and the Seven Dwarfs" are named Sleepy, Dopey, Bashful, Grumpy, Happy, Doc, and Sneezy. (Score: 0.034088134765625)
A: Disney's seven dwarves from "Snow White and the Seven Dwarfs" are named Sleepy, Dopey, Bashful, Grumpy, Happy, Doc, and Sneezy. (Score: 0.03387451171875)
<EMPTY> (Score: -inf)
<EMPTY> (Score: -inf)

====================
Query:
Use the step-by-step method as shown in the examples to answer the question. Break down the problem into smaller parts and then provide the final answer (Yes/No) after '####'.

Example 1:
Q: Karachi was a part of Alexander the Great's success?

A: Karachi is a city in modern day Pakistan.
Krokola was an ancient port located in what is now Karachi.
Alexander the Great stationed his fleet in Krokola on his way to Babylon.
Alexander the Great defeated Darius and conquered Babylon before expanding his 
empire.
#### Yes.

Example 2:
Q: Was P. G. Wodehouse's favorite book The Hunger Games?

A: P. G. Wodehouse died in 1975.
The Hunger Games was published in 2008.
#### No.
IMPORTANT:
- Think step by step.
- The final line must be exactly in the format: #### Yes. or #### No.
- Do not end with anything else after the final answer.
Your Question:
Q: Are Disney's seven dwarves the original ones?

A: Disney's seven dwarves from "Snow White and the Seven Dwarfs" are named Sleepy, Dopey, Bashful, Grumpy, Happy, Doc, and Sneezy.
The seven dwarfs were first popularized by Disney in the 1937 animated film "Snow White and the Seven Dwarfs." The characters were based on the Brothers Grimm fairy tale, which featured dwarfs but did not specify their names.
The Brothers Grimm fairy tale includes the idea of seven dwarfs, but it does not provide specific names for them.
A: Disney's seven dwarfs from "Snow White and the Seven Dwarfs" are named Sleepy, Dopey, Bashful, Grumpy, Happy, Doc, and Sneezy.
A: Disney's seven dwarfs from "Snow White and the Seven Dwarfs" are named Sleepy, Dopey, Bashful, Grumpy, Happy, Doc, and Sneezy.
A: Disney's seven dwarfs from "Snow White and the Seven Dwarfs" are named Sleepy, Dopey, Bashful, Grumpy, Happy, Doc, and Sneezy.
A: Disney's seven dwarves from "Snow White and the Seven Dwarfs" are named Sleepy, Dopey, Bashful, Grumpy, Happy, Doc, and Sneezy.
Responses:
A: Disney's seven dwarfs from "Snow White and the Seven Dwarfs" are named Sleepy, Dopey, Bashful, Grumpy, Happy, Doc, and Sneezy. (Score: 0.0338134765625)
A: Disney's seven dwarves from "Snow White and the Seven Dwarfs" are named Sleepy, Dopey, Bashful, Grumpy, Happy, Doc, and Sneezy. (Score: 0.033935546875)
<EMPTY> (Score: -inf)
<EMPTY> (Score: -inf)

====================
Query:
Use the step-by-step method as shown in the examples to answer the question. Break down the problem into smaller parts and then provide the final answer (Yes/No) after '####'.

Example 1:
Q: Karachi was a part of Alexander the Great's success?

A: Karachi is a city in modern day Pakistan.
Krokola was an ancient port located in what is now Karachi.
Alexander the Great stationed his fleet in Krokola on his way to Babylon.
Alexander the Great defeated Darius and conquered Babylon before expanding his 
empire.
#### Yes.

Example 2:
Q: Was P. G. Wodehouse's favorite book The Hunger Games?

A: P. G. Wodehouse died in 1975.
The Hunger Games was published in 2008.
#### No.
IMPORTANT:
- Think step by step.
- The final line must be exactly in the format: #### Yes. or #### No.
- Do not end with anything else after the final answer.
Your Question:
Q: Did Johann Sebastian Bach ever win a Grammy Award?

A:
Responses:
Johann Sebastian Bach was a composer who lived from 1685 to 1750. (Score: 0.032379150390625)
A: Johann Sebastian Bach was a composer who lived from 1685 to 1750. (Score: 0.032135009765625)
Johann Sebastian Bach was a composer from the Baroque period, living from 1685 to 1750. The Grammy Awards were first established in 1959, long after Bach's death. (Score: 0.0299224853515625)
A: Johann Sebastian Bach was a composer from the Baroque period, living from 1685 to 1750. (Score: 0.02838134765625)

====================
Query:
Use the step-by-step method as shown in the examples to answer the question. Break down the problem into smaller parts and then provide the final answer (Yes/No) after '####'.

Example 1:
Q: Karachi was a part of Alexander the Great's success?

A: Karachi is a city in modern day Pakistan.
Krokola was an ancient port located in what is now Karachi.
Alexander the Great stationed his fleet in Krokola on his way to Babylon.
Alexander the Great defeated Darius and conquered Babylon before expanding his 
empire.
#### Yes.

Example 2:
Q: Was P. G. Wodehouse's favorite book The Hunger Games?

A: P. G. Wodehouse died in 1975.
The Hunger Games was published in 2008.
#### No.
IMPORTANT:
- Think step by step.
- The final line must be exactly in the format: #### Yes. or #### No.
- Do not end with anything else after the final answer.
Your Question:
Q: Did Johann Sebastian Bach ever win a Grammy Award?

A: Johann Sebastian Bach was a composer who lived from 1685 to 1750.
Responses:
Bach's work predates the Grammy Awards, which were first held in 1959. (Score: 0.0300445556640625)
The Grammy Awards were established in 1959. (Score: 0.0325927734375)
Bach's music was influential and remains highly regarded, but the Grammy Awards were established in 1959, long after his death. (Score: 0.0299224853515625)
Bach's music became widely celebrated after his death, influencing many composers. (Score: 0.0302581787109375)

====================
Query:
Use the step-by-step method as shown in the examples to answer the question. Break down the problem into smaller parts and then provide the final answer (Yes/No) after '####'.

Example 1:
Q: Karachi was a part of Alexander the Great's success?

A: Karachi is a city in modern day Pakistan.
Krokola was an ancient port located in what is now Karachi.
Alexander the Great stationed his fleet in Krokola on his way to Babylon.
Alexander the Great defeated Darius and conquered Babylon before expanding his 
empire.
#### Yes.

Example 2:
Q: Was P. G. Wodehouse's favorite book The Hunger Games?

A: P. G. Wodehouse died in 1975.
The Hunger Games was published in 2008.
#### No.
IMPORTANT:
- Think step by step.
- The final line must be exactly in the format: #### Yes. or #### No.
- Do not end with anything else after the final answer.
Your Question:
Q: Did Johann Sebastian Bach ever win a Grammy Award?

A: A: Johann Sebastian Bach was a composer who lived from 1685 to 1750.
Responses:
Bach's music is widely celebrated and influential, but he lived long before the Grammy Awards were established. (Score: 0.0284271240234375)
Bach's music is highly regarded and influential in classical music history. (Score: 0.026336669921875)
Bach lived long before the Grammy Awards were established. (Score: 0.029144287109375)
Bach's work predates the Grammy Awards, which were first presented in 1959. (Score: 0.0281982421875)

====================
Query:
Use the step-by-step method as shown in the examples to answer the question. Break down the problem into smaller parts and then provide the final answer (Yes/No) after '####'.

Example 1:
Q: Karachi was a part of Alexander the Great's success?

A: Karachi is a city in modern day Pakistan.
Krokola was an ancient port located in what is now Karachi.
Alexander the Great stationed his fleet in Krokola on his way to Babylon.
Alexander the Great defeated Darius and conquered Babylon before expanding his 
empire.
#### Yes.

Example 2:
Q: Was P. G. Wodehouse's favorite book The Hunger Games?

A: P. G. Wodehouse died in 1975.
The Hunger Games was published in 2008.
#### No.
IMPORTANT:
- Think step by step.
- The final line must be exactly in the format: #### Yes. or #### No.
- Do not end with anything else after the final answer.
Your Question:
Q: Did Johann Sebastian Bach ever win a Grammy Award?

A: Johann Sebastian Bach was a composer who lived from 1685 to 1750.
The Grammy Awards were established in 1959.
Responses:
A: Johann Sebastian Bach was a composer who lived from 1685 to 1750. (Score: 0.0292510986328125)
Bach's music has been recorded and celebrated in various formats since then. (Score: 0.03009033203125)
Bach lived long before the Grammy Awards were created. (Score: 0.0306549072265625)
Since Bach lived long before the Grammy Awards were created, it would not have been possible for him to win a Grammy Award. (Score: 0.0298919677734375)

====================
Query:
Use the step-by-step method as shown in the examples to answer the question. Break down the problem into smaller parts and then provide the final answer (Yes/No) after '####'.

Example 1:
Q: Karachi was a part of Alexander the Great's success?

A: Karachi is a city in modern day Pakistan.
Krokola was an ancient port located in what is now Karachi.
Alexander the Great stationed his fleet in Krokola on his way to Babylon.
Alexander the Great defeated Darius and conquered Babylon before expanding his 
empire.
#### Yes.

Example 2:
Q: Was P. G. Wodehouse's favorite book The Hunger Games?

A: P. G. Wodehouse died in 1975.
The Hunger Games was published in 2008.
#### No.
IMPORTANT:
- Think step by step.
- The final line must be exactly in the format: #### Yes. or #### No.
- Do not end with anything else after the final answer.
Your Question:
Q: Did Johann Sebastian Bach ever win a Grammy Award?

A: Johann Sebastian Bach was a composer who lived from 1685 to 1750.
Bach's music became widely celebrated after his death, influencing many composers.
Responses:
The Grammy Awards were established in 1959, long after Bach's lifetime. (Score: 0.028228759765625)
The Grammy Awards were first held in 1959, long after Bach's death. (Score: 0.0290679931640625)
Bach's works were recognized posthumously, but the Grammy Awards were established in 1959, long after his lifetime. (Score: 0.0274200439453125)
<EMPTY> (Score: -inf)

====================
Query:
Use the step-by-step method as shown in the examples to answer the question. Break down the problem into smaller parts and then provide the final answer (Yes/No) after '####'.

Example 1:
Q: Karachi was a part of Alexander the Great's success?

A: Karachi is a city in modern day Pakistan.
Krokola was an ancient port located in what is now Karachi.
Alexander the Great stationed his fleet in Krokola on his way to Babylon.
Alexander the Great defeated Darius and conquered Babylon before expanding his 
empire.
#### Yes.

Example 2:
Q: Was P. G. Wodehouse's favorite book The Hunger Games?

A: P. G. Wodehouse died in 1975.
The Hunger Games was published in 2008.
#### No.
IMPORTANT:
- Think step by step.
- The final line must be exactly in the format: #### Yes. or #### No.
- Do not end with anything else after the final answer.
Your Question:
Q: Did Johann Sebastian Bach ever win a Grammy Award?

A: Johann Sebastian Bach was a composer who lived from 1685 to 1750.
The Grammy Awards were established in 1959.
Bach lived long before the Grammy Awards were created.
Responses:
#### No. (Score: 0.0297698974609375)
#### No. (Score: 0.0297698974609375)
<EMPTY> (Score: -inf)
<EMPTY> (Score: -inf)

====================
Query:
Use the step-by-step method as shown in the examples to answer the question. Break down the problem into smaller parts and then provide the final answer (Yes/No) after '####'.

Example 1:
Q: Karachi was a part of Alexander the Great's success?

A: Karachi is a city in modern day Pakistan.
Krokola was an ancient port located in what is now Karachi.
Alexander the Great stationed his fleet in Krokola on his way to Babylon.
Alexander the Great defeated Darius and conquered Babylon before expanding his 
empire.
#### Yes.

Example 2:
Q: Was P. G. Wodehouse's favorite book The Hunger Games?

A: P. G. Wodehouse died in 1975.
The Hunger Games was published in 2008.
#### No.
IMPORTANT:
- Think step by step.
- The final line must be exactly in the format: #### Yes. or #### No.
- Do not end with anything else after the final answer.
Your Question:
Q: Did Johann Sebastian Bach ever win a Grammy Award?

A: Johann Sebastian Bach was a composer who lived from 1685 to 1750.
The Grammy Awards were established in 1959.
Bach's music has been recorded and celebrated in various formats since then.
Responses:
However, as he lived long before the establishment of the Grammy Awards, he could not have won one. (Score: 0.0294342041015625)
However, he could not have won a Grammy Award as he lived before the awards existed. (Score: 0.031494140625)
However, as he died long before the Grammy Awards existed, he could not have won one. (Score: 0.03179931640625)
<EMPTY> (Score: -inf)

====================
Query:
Use the step-by-step method as shown in the examples to answer the question. Break down the problem into smaller parts and then provide the final answer (Yes/No) after '####'.

Example 1:
Q: Karachi was a part of Alexander the Great's success?

A: Karachi is a city in modern day Pakistan.
Krokola was an ancient port located in what is now Karachi.
Alexander the Great stationed his fleet in Krokola on his way to Babylon.
Alexander the Great defeated Darius and conquered Babylon before expanding his 
empire.
#### Yes.

Example 2:
Q: Was P. G. Wodehouse's favorite book The Hunger Games?

A: P. G. Wodehouse died in 1975.
The Hunger Games was published in 2008.
#### No.
IMPORTANT:
- Think step by step.
- The final line must be exactly in the format: #### Yes. or #### No.
- Do not end with anything else after the final answer.
Your Question:
Q: Did Johann Sebastian Bach ever win a Grammy Award?

A: Johann Sebastian Bach was a composer who lived from 1685 to 1750.
The Grammy Awards were established in 1959.
Bach's music has been recorded and celebrated in various formats since then.
However, as he died long before the Grammy Awards existed, he could not have won one.
Responses:
#### No. (Score: 0.03155517578125)
#### No. (Score: 0.03155517578125)
<EMPTY> (Score: -inf)
<EMPTY> (Score: -inf)

====================
Query:
Use the step-by-step method as shown in the examples to answer the question. Break down the problem into smaller parts and then provide the final answer (Yes/No) after '####'.

Example 1:
Q: Karachi was a part of Alexander the Great's success?

A: Karachi is a city in modern day Pakistan.
Krokola was an ancient port located in what is now Karachi.
Alexander the Great stationed his fleet in Krokola on his way to Babylon.
Alexander the Great defeated Darius and conquered Babylon before expanding his 
empire.
#### Yes.

Example 2:
Q: Was P. G. Wodehouse's favorite book The Hunger Games?

A: P. G. Wodehouse died in 1975.
The Hunger Games was published in 2008.
#### No.
IMPORTANT:
- Think step by step.
- The final line must be exactly in the format: #### Yes. or #### No.
- Do not end with anything else after the final answer.
Your Question:
Q: Did Johann Sebastian Bach ever win a Grammy Award?

A: Johann Sebastian Bach was a composer who lived from 1685 to 1750.
The Grammy Awards were established in 1959.
Bach's music has been recorded and celebrated in various formats since then.
However, he could not have won a Grammy Award as he lived before the awards existed.
Responses:
#### No. (Score: 0.0316162109375)
#### No. (Score: 0.0316162109375)
<EMPTY> (Score: -inf)
<EMPTY> (Score: -inf)

====================
Query:
Use the step-by-step method as shown in the examples to answer the question. Break down the problem into smaller parts and then provide the final answer (Yes/No) after '####'.

Example 1:
Q: Karachi was a part of Alexander the Great's success?

A: Karachi is a city in modern day Pakistan.
Krokola was an ancient port located in what is now Karachi.
Alexander the Great stationed his fleet in Krokola on his way to Babylon.
Alexander the Great defeated Darius and conquered Babylon before expanding his 
empire.
#### Yes.

Example 2:
Q: Was P. G. Wodehouse's favorite book The Hunger Games?

A: P. G. Wodehouse died in 1975.
The Hunger Games was published in 2008.
#### No.
IMPORTANT:
- Think step by step.
- The final line must be exactly in the format: #### Yes. or #### No.
- Do not end with anything else after the final answer.
Your Question:
Q: Could you go to New York Public Library and the Six Flags Great Escape in the same day?

A:
Responses:
A: The New York Public Library is located in New York City. (Score: 0.0290069580078125)
A: New York Public Library is located in New York City, New York. (Score: 0.0280914306640625)
A: New York Public Library is located in Manhattan, New York City. (Score: 0.0281829833984375)
<EMPTY> (Score: -inf)

====================
Query:
Use the step-by-step method as shown in the examples to answer the question. Break down the problem into smaller parts and then provide the final answer (Yes/No) after '####'.

Example 1:
Q: Karachi was a part of Alexander the Great's success?

A: Karachi is a city in modern day Pakistan.
Krokola was an ancient port located in what is now Karachi.
Alexander the Great stationed his fleet in Krokola on his way to Babylon.
Alexander the Great defeated Darius and conquered Babylon before expanding his 
empire.
#### Yes.

Example 2:
Q: Was P. G. Wodehouse's favorite book The Hunger Games?

A: P. G. Wodehouse died in 1975.
The Hunger Games was published in 2008.
#### No.
IMPORTANT:
- Think step by step.
- The final line must be exactly in the format: #### Yes. or #### No.
- Do not end with anything else after the final answer.
Your Question:
Q: Could you go to New York Public Library and the Six Flags Great Escape in the same day?

A: A: The New York Public Library is located in New York City.
Responses:
The New York Public Library is in Manhattan, New York City. (Score: 0.027557373046875)
The Six Flags Great Escape is located in Queensbury, New York, which is approximately 200 miles north of New York City. (Score: 0.02496337890625)
The New York Public Library is situated in Manhattan, New York City. (Score: 0.026214599609375)
The New York Public Library is located in Manhattan, New York City. (Score: 0.02777099609375)

====================
Query:
Use the step-by-step method as shown in the examples to answer the question. Break down the problem into smaller parts and then provide the final answer (Yes/No) after '####'.

Example 1:
Q: Karachi was a part of Alexander the Great's success?

A: Karachi is a city in modern day Pakistan.
Krokola was an ancient port located in what is now Karachi.
Alexander the Great stationed his fleet in Krokola on his way to Babylon.
Alexander the Great defeated Darius and conquered Babylon before expanding his 
empire.
#### Yes.

Example 2:
Q: Was P. G. Wodehouse's favorite book The Hunger Games?

A: P. G. Wodehouse died in 1975.
The Hunger Games was published in 2008.
#### No.
IMPORTANT:
- Think step by step.
- The final line must be exactly in the format: #### Yes. or #### No.
- Do not end with anything else after the final answer.
Your Question:
Q: Could you go to New York Public Library and the Six Flags Great Escape in the same day?

A: A: New York Public Library is located in Manhattan, New York City.
Responses:
Six Flags Great Escape is located in Queensbury, New York, which is approximately 200 miles north of New York City. (Score: 0.0247802734375)
The Six Flags Great Escape is located in Queensbury, New York, approximately 200 miles north of Manhattan. (Score: 0.024261474609375)
To visit both the New York Public Library and Six Flags Great Escape in the same day, we need to consider their locations and the travel time involved. (Score: 0.0276336669921875)
The Six Flags Great Escape is located in Queensbury, New York, which is about 60 miles north of Manhattan. (Score: 0.02447509765625)

====================
Query:
Use the step-by-step method as shown in the examples to answer the question. Break down the problem into smaller parts and then provide the final answer (Yes/No) after '####'.

Example 1:
Q: Karachi was a part of Alexander the Great's success?

A: Karachi is a city in modern day Pakistan.
Krokola was an ancient port located in what is now Karachi.
Alexander the Great stationed his fleet in Krokola on his way to Babylon.
Alexander the Great defeated Darius and conquered Babylon before expanding his 
empire.
#### Yes.

Example 2:
Q: Was P. G. Wodehouse's favorite book The Hunger Games?

A: P. G. Wodehouse died in 1975.
The Hunger Games was published in 2008.
#### No.
IMPORTANT:
- Think step by step.
- The final line must be exactly in the format: #### Yes. or #### No.
- Do not end with anything else after the final answer.
Your Question:
Q: Could you go to New York Public Library and the Six Flags Great Escape in the same day?

A: A: The New York Public Library is located in New York City.
The New York Public Library is located in Manhattan, New York City.
Responses:
To visit the New York Public Library and Six Flags Great Escape in the same day, we need to consider their locations and the travel time between them. (Score: 0.028656005859375)
The Six Flags Great Escape is located in Queensbury, New York, which is approximately 200 miles north of New York City. (Score: 0.0247039794921875)
The Six Flags Great Escape is located in Queensbury, New York. (Score: 0.026031494140625)
The Six Flags Great Escape is located in Queensbury, New York, which is about 60 miles north of Manhattan. (Score: 0.024993896484375)

====================
Query:
Use the step-by-step method as shown in the examples to answer the question. Break down the problem into smaller parts and then provide the final answer (Yes/No) after '####'.

Example 1:
Q: Karachi was a part of Alexander the Great's success?

A: Karachi is a city in modern day Pakistan.
Krokola was an ancient port located in what is now Karachi.
Alexander the Great stationed his fleet in Krokola on his way to Babylon.
Alexander the Great defeated Darius and conquered Babylon before expanding his 
empire.
#### Yes.

Example 2:
Q: Was P. G. Wodehouse's favorite book The Hunger Games?

A: P. G. Wodehouse died in 1975.
The Hunger Games was published in 2008.
#### No.
IMPORTANT:
- Think step by step.
- The final line must be exactly in the format: #### Yes. or #### No.
- Do not end with anything else after the final answer.
Your Question:
Q: Could you go to New York Public Library and the Six Flags Great Escape in the same day?

A: A: New York Public Library is located in Manhattan, New York City.
To visit both the New York Public Library and Six Flags Great Escape in the same day, we need to consider their locations and the travel time involved.
Responses:
Six Flags Great Escape is located in Queensbury, New York, which is about 60 miles north of Manhattan. (Score: 0.027801513671875)
A: Six Flags Great Escape is located in Queensbury, New York, which is approximately 200 miles north of New York City. (Score: 0.025848388671875)
Six Flags Great Escape is located in Queensbury, New York, which is about 200 miles north of Manhattan where the New York Public Library is situated. (Score: 0.0272064208984375)
Six Flags Great Escape is located in Queensbury, New York, which is approximately 200 miles north of Manhattan. (Score: 0.027191162109375)

====================
Query:
Use the step-by-step method as shown in the examples to answer the question. Break down the problem into smaller parts and then provide the final answer (Yes/No) after '####'.

Example 1:
Q: Karachi was a part of Alexander the Great's success?

A: Karachi is a city in modern day Pakistan.
Krokola was an ancient port located in what is now Karachi.
Alexander the Great stationed his fleet in Krokola on his way to Babylon.
Alexander the Great defeated Darius and conquered Babylon before expanding his 
empire.
#### Yes.

Example 2:
Q: Was P. G. Wodehouse's favorite book The Hunger Games?

A: P. G. Wodehouse died in 1975.
The Hunger Games was published in 2008.
#### No.
IMPORTANT:
- Think step by step.
- The final line must be exactly in the format: #### Yes. or #### No.
- Do not end with anything else after the final answer.
Your Question:
Q: Could you go to New York Public Library and the Six Flags Great Escape in the same day?

A: A: The New York Public Library is located in New York City.
The New York Public Library is located in Manhattan, New York City.
To visit the New York Public Library and Six Flags Great Escape in the same day, we need to consider their locations and the travel time between them.
Responses:
The Six Flags Great Escape is located in Queensbury, New York, which is approximately 200 miles north of Manhattan. (Score: 0.02862548828125)
The Six Flags Great Escape is located in Queensbury, New York, which is approximately 200 miles north of New York City. (Score: 0.0284576416015625)
A: Six Flags Great Escape is located in Queensbury, New York, which is about 60 miles north of Manhattan. (Score: 0.0281982421875)
A: The Six Flags Great Escape is located in Queensbury, New York, which is approximately 200 miles north of Manhattan. (Score: 0.02752685546875)

====================
Query:
Use the step-by-step method as shown in the examples to answer the question. Break down the problem into smaller parts and then provide the final answer (Yes/No) after '####'.

Example 1:
Q: Karachi was a part of Alexander the Great's success?

A: Karachi is a city in modern day Pakistan.
Krokola was an ancient port located in what is now Karachi.
Alexander the Great stationed his fleet in Krokola on his way to Babylon.
Alexander the Great defeated Darius and conquered Babylon before expanding his 
empire.
#### Yes.

Example 2:
Q: Was P. G. Wodehouse's favorite book The Hunger Games?

A: P. G. Wodehouse died in 1975.
The Hunger Games was published in 2008.
#### No.
IMPORTANT:
- Think step by step.
- The final line must be exactly in the format: #### Yes. or #### No.
- Do not end with anything else after the final answer.
Your Question:
Q: Could you go to New York Public Library and the Six Flags Great Escape in the same day?

A: A: New York Public Library is located in Manhattan, New York City.
To visit both the New York Public Library and Six Flags Great Escape in the same day, we need to consider their locations and the travel time involved.
Six Flags Great Escape is located in Queensbury, New York, which is about 60 miles north of Manhattan.
Responses:
Traveling from Manhattan to Queensbury would typically take around 1.5 to 2 hours by car, depending on traffic. (Score: 0.030181884765625)
Traveling from New York City to Six Flags Great Escape would require significant time. (Score: 0.028564453125)
Traveling from Manhattan to Queensbury typically takes around 1.5 to 2 hours by car, depending on traffic conditions. (Score: 0.030059814453125)
To reach Six Flags Great Escape from New York Public Library, one would need to account for travel time, which can take about 1.5 to 2 hours by car, depending on traffic. (Score: 0.031402587890625)

====================
Query:
Use the step-by-step method as shown in the examples to answer the question. Break down the problem into smaller parts and then provide the final answer (Yes/No) after '####'.

Example 1:
Q: Karachi was a part of Alexander the Great's success?

A: Karachi is a city in modern day Pakistan.
Krokola was an ancient port located in what is now Karachi.
Alexander the Great stationed his fleet in Krokola on his way to Babylon.
Alexander the Great defeated Darius and conquered Babylon before expanding his 
empire.
#### Yes.

Example 2:
Q: Was P. G. Wodehouse's favorite book The Hunger Games?

A: P. G. Wodehouse died in 1975.
The Hunger Games was published in 2008.
#### No.
IMPORTANT:
- Think step by step.
- The final line must be exactly in the format: #### Yes. or #### No.
- Do not end with anything else after the final answer.
Your Question:
Q: Could you go to New York Public Library and the Six Flags Great Escape in the same day?

A: A: New York Public Library is located in Manhattan, New York City.
To visit both the New York Public Library and Six Flags Great Escape in the same day, we need to consider their locations and the travel time involved.
Six Flags Great Escape is located in Queensbury, New York, which is about 60 miles north of Manhattan.
To reach Six Flags Great Escape from New York Public Library, one would need to account for travel time, which can take about 1.5 to 2 hours by car, depending on traffic.
Responses:
Additionally, to return to New York City after visiting Six Flags Great Escape would require the same amount of travel time, totaling around 3 to 4 hours of driving time just for transportation. (Score: 0.03179931640625)
Additionally, if someone were to visit the New York Public Library in the morning, they would need to factor in the time spent at the library itself, which could range from 1 to 3 hours or more. (Score: 0.03350830078125)
Continuing from the previous analysis:. (Score: 0.0299530029296875)
Additionally, after visiting Six Flags Great Escape, returning to Manhattan would require another 1.5 to 2 hours of travel time. (Score: 0.03173828125)

====================
Query:
Use the step-by-step method as shown in the examples to answer the question. Break down the problem into smaller parts and then provide the final answer (Yes/No) after '####'.

Example 1:
Q: Karachi was a part of Alexander the Great's success?

A: Karachi is a city in modern day Pakistan.
Krokola was an ancient port located in what is now Karachi.
Alexander the Great stationed his fleet in Krokola on his way to Babylon.
Alexander the Great defeated Darius and conquered Babylon before expanding his 
empire.
#### Yes.

Example 2:
Q: Was P. G. Wodehouse's favorite book The Hunger Games?

A: P. G. Wodehouse died in 1975.
The Hunger Games was published in 2008.
#### No.
IMPORTANT:
- Think step by step.
- The final line must be exactly in the format: #### Yes. or #### No.
- Do not end with anything else after the final answer.
Your Question:
Q: Could you go to New York Public Library and the Six Flags Great Escape in the same day?

A: A: New York Public Library is located in Manhattan, New York City.
To visit both the New York Public Library and Six Flags Great Escape in the same day, we need to consider their locations and the travel time involved.
Six Flags Great Escape is located in Queensbury, New York, which is about 60 miles north of Manhattan.
Traveling from Manhattan to Queensbury would typically take around 1.5 to 2 hours by car, depending on traffic.
Responses:
A: After visiting the New York Public Library, one would spend time there, and then travel to Six Flags Great Escape. (Score: 0.0295562744140625)
After visiting the New York Public Library, if you were to spend a couple of hours there, you would need to account for the travel time to Six Flags Great Escape, which is approximately 1.5 to 2 hours by car. (Score: 0.0303192138671875)
After visiting the New York Public Library, if one spends a few hours there, traveling to Six Flags Great Escape would require additional time for the drive. (Score: 0.0311431884765625)
After visiting the New York Public Library, you would need to account for the time spent there before driving to Six Flags Great Escape. (Score: 0.0291748046875)

====================
Query:
Use the step-by-step method as shown in the examples to answer the question. Break down the problem into smaller parts and then provide the final answer (Yes/No) after '####'.

Example 1:
Q: Karachi was a part of Alexander the Great's success?

A: Karachi is a city in modern day Pakistan.
Krokola was an ancient port located in what is now Karachi.
Alexander the Great stationed his fleet in Krokola on his way to Babylon.
Alexander the Great defeated Darius and conquered Babylon before expanding his 
empire.
#### Yes.

Example 2:
Q: Was P. G. Wodehouse's favorite book The Hunger Games?

A: P. G. Wodehouse died in 1975.
The Hunger Games was published in 2008.
#### No.
IMPORTANT:
- Think step by step.
- The final line must be exactly in the format: #### Yes. or #### No.
- Do not end with anything else after the final answer.
Your Question:
Q: Could you go to New York Public Library and the Six Flags Great Escape in the same day?

A: A: New York Public Library is located in Manhattan, New York City.
To visit both the New York Public Library and Six Flags Great Escape in the same day, we need to consider their locations and the travel time involved.
Six Flags Great Escape is located in Queensbury, New York, which is about 60 miles north of Manhattan.
To reach Six Flags Great Escape from New York Public Library, one would need to account for travel time, which can take about 1.5 to 2 hours by car, depending on traffic.
Additionally, if someone were to visit the New York Public Library in the morning, they would need to factor in the time spent at the library itself, which could range from 1 to 3 hours or more.
Responses:
A: New York Public Library is located in Manhattan, New York City. (Score: 0.033294677734375)
A: Considering the travel time alone, if you spend, for example, 2 hours at the New York Public Library and then take about 1.5 to 2 hours to travel to Six Flags Great Escape, you would need to account for a total of at least 3.5 to 4 hours just. (Score: 0.0323486328125)
A: Given that the New York Public Library is in Manhattan and the Six Flags Great Escape is in Queensbury (60 miles north of Manhattan), traveling between these two locations requires significant time. (Score: 0.03289794921875)
A: Given that the New York Public Library is in Manhattan and Six Flags Great Escape is in Queensbury, New York, traveling between these two locations requires significant time. (Score: 0.032989501953125)

====================
Query:
Use the step-by-step method as shown in the examples to answer the question. Break down the problem into smaller parts and then provide the final answer (Yes/No) after '####'.

Example 1:
Q: Karachi was a part of Alexander the Great's success?

A: Karachi is a city in modern day Pakistan.
Krokola was an ancient port located in what is now Karachi.
Alexander the Great stationed his fleet in Krokola on his way to Babylon.
Alexander the Great defeated Darius and conquered Babylon before expanding his 
empire.
#### Yes.

Example 2:
Q: Was P. G. Wodehouse's favorite book The Hunger Games?

A: P. G. Wodehouse died in 1975.
The Hunger Games was published in 2008.
#### No.
IMPORTANT:
- Think step by step.
- The final line must be exactly in the format: #### Yes. or #### No.
- Do not end with anything else after the final answer.
Your Question:
Q: Could you go to New York Public Library and the Six Flags Great Escape in the same day?

A: A: New York Public Library is located in Manhattan, New York City.
To visit both the New York Public Library and Six Flags Great Escape in the same day, we need to consider their locations and the travel time involved.
Six Flags Great Escape is located in Queensbury, New York, which is about 60 miles north of Manhattan.
To reach Six Flags Great Escape from New York Public Library, one would need to account for travel time, which can take about 1.5 to 2 hours by car, depending on traffic.
Additionally, to return to New York City after visiting Six Flags Great Escape would require the same amount of travel time, totaling around 3 to 4 hours of driving time just for transportation.
Responses:
A: Visiting the New York Public Library and Six Flags Great Escape in the same day requires considering both travel time and operating hours for the locations. (Score: 0.0308837890625)
A: Given that the New York Public Library is in Manhattan and Six Flags Great Escape is in Queensbury, NY, the distance between them is approximately 60 miles. (Score: 0.03204345703125)
Given that the New York Public Library is in Manhattan and Six Flags Great Escape is in Queensbury, New York, traveling between these two locations would take a significant amount of time. (Score: 0.03167724609375)
A: Considering the opening hours of both locations is crucial. (Score: 0.032318115234375)

====================
Query:
Use the step-by-step method as shown in the examples to answer the question. Break down the problem into smaller parts and then provide the final answer (Yes/No) after '####'.

Example 1:
Q: Karachi was a part of Alexander the Great's success?

A: Karachi is a city in modern day Pakistan.
Krokola was an ancient port located in what is now Karachi.
Alexander the Great stationed his fleet in Krokola on his way to Babylon.
Alexander the Great defeated Darius and conquered Babylon before expanding his 
empire.
#### Yes.

Example 2:
Q: Was P. G. Wodehouse's favorite book The Hunger Games?

A: P. G. Wodehouse died in 1975.
The Hunger Games was published in 2008.
#### No.
IMPORTANT:
- Think step by step.
- The final line must be exactly in the format: #### Yes. or #### No.
- Do not end with anything else after the final answer.
Your Question:
Q: Could you go to New York Public Library and the Six Flags Great Escape in the same day?

A: A: New York Public Library is located in Manhattan, New York City.
To visit both the New York Public Library and Six Flags Great Escape in the same day, we need to consider their locations and the travel time involved.
Six Flags Great Escape is located in Queensbury, New York, which is about 60 miles north of Manhattan.
To reach Six Flags Great Escape from New York Public Library, one would need to account for travel time, which can take about 1.5 to 2 hours by car, depending on traffic.
Additionally, if someone were to visit the New York Public Library in the morning, they would need to factor in the time spent at the library itself, which could range from 1 to 3 hours or more.
A: New York Public Library is located in Manhattan, New York City.
Responses:
To visit both the New York Public Library and Six Flags Great Escape in the same day, we need to consider their locations and the travel time involved. (Score: 0.032440185546875)
To visit both the New York Public Library and Six Flags Great Escape in the same day, we need to evaluate the travel times and locations. (Score: 0.0328369140625)
<EMPTY> (Score: -inf)
<EMPTY> (Score: -inf)

====================
Query:
Use the step-by-step method as shown in the examples to answer the question. Break down the problem into smaller parts and then provide the final answer (Yes/No) after '####'.

Example 1:
Q: Karachi was a part of Alexander the Great's success?

A: Karachi is a city in modern day Pakistan.
Krokola was an ancient port located in what is now Karachi.
Alexander the Great stationed his fleet in Krokola on his way to Babylon.
Alexander the Great defeated Darius and conquered Babylon before expanding his 
empire.
#### Yes.

Example 2:
Q: Was P. G. Wodehouse's favorite book The Hunger Games?

A: P. G. Wodehouse died in 1975.
The Hunger Games was published in 2008.
#### No.
IMPORTANT:
- Think step by step.
- The final line must be exactly in the format: #### Yes. or #### No.
- Do not end with anything else after the final answer.
Your Question:
Q: Could you go to New York Public Library and the Six Flags Great Escape in the same day?

A: A: New York Public Library is located in Manhattan, New York City.
To visit both the New York Public Library and Six Flags Great Escape in the same day, we need to consider their locations and the travel time involved.
Six Flags Great Escape is located in Queensbury, New York, which is about 60 miles north of Manhattan.
To reach Six Flags Great Escape from New York Public Library, one would need to account for travel time, which can take about 1.5 to 2 hours by car, depending on traffic.
Additionally, if someone were to visit the New York Public Library in the morning, they would need to factor in the time spent at the library itself, which could range from 1 to 3 hours or more.
A: Given that the New York Public Library is in Manhattan and Six Flags Great Escape is in Queensbury, New York, traveling between these two locations requires significant time.
Responses:
A: New York Public Library is located in Manhattan, New York City. (Score: 0.032745361328125)
To do both activities in the same day, one must consider the time it takes to travel and the time spent at each location. (Score: 0.033203125)
To determine if you could visit both the New York Public Library and Six Flags Great Escape in the same day, we should break down the relevant details. (Score: 0.032318115234375)
<EMPTY> (Score: -inf)

====================
Query:
Use the step-by-step method as shown in the examples to answer the question. Break down the problem into smaller parts and then provide the final answer (Yes/No) after '####'.

Example 1:
Q: Karachi was a part of Alexander the Great's success?

A: Karachi is a city in modern day Pakistan.
Krokola was an ancient port located in what is now Karachi.
Alexander the Great stationed his fleet in Krokola on his way to Babylon.
Alexander the Great defeated Darius and conquered Babylon before expanding his 
empire.
#### Yes.

Example 2:
Q: Was P. G. Wodehouse's favorite book The Hunger Games?

A: P. G. Wodehouse died in 1975.
The Hunger Games was published in 2008.
#### No.
IMPORTANT:
- Think step by step.
- The final line must be exactly in the format: #### Yes. or #### No.
- Do not end with anything else after the final answer.
Your Question:
Q: Could you go to New York Public Library and the Six Flags Great Escape in the same day?

A: A: New York Public Library is located in Manhattan, New York City.
To visit both the New York Public Library and Six Flags Great Escape in the same day, we need to consider their locations and the travel time involved.
Six Flags Great Escape is located in Queensbury, New York, which is about 60 miles north of Manhattan.
To reach Six Flags Great Escape from New York Public Library, one would need to account for travel time, which can take about 1.5 to 2 hours by car, depending on traffic.
Additionally, if someone were to visit the New York Public Library in the morning, they would need to factor in the time spent at the library itself, which could range from 1 to 3 hours or more.
A: Given that the New York Public Library is in Manhattan and Six Flags Great Escape is in Queensbury, New York, traveling between these two locations requires significant time.
To do both activities in the same day, one must consider the time it takes to travel and the time spent at each location.
Responses:
A: New York Public Library is located in Manhattan, New York City. (Score: 0.033447265625)
A: It is feasible to visit both locations in one day, but it requires careful planning. (Score: 0.033843994140625)
A: The New York Public Library is located in Manhattan, New York City. (Score: 0.033294677734375)
<EMPTY> (Score: -inf)

====================
Query:
Use the step-by-step method as shown in the examples to answer the question. Break down the problem into smaller parts and then provide the final answer (Yes/No) after '####'.

Example 1:
Q: Karachi was a part of Alexander the Great's success?

A: Karachi is a city in modern day Pakistan.
Krokola was an ancient port located in what is now Karachi.
Alexander the Great stationed his fleet in Krokola on his way to Babylon.
Alexander the Great defeated Darius and conquered Babylon before expanding his 
empire.
#### Yes.

Example 2:
Q: Was P. G. Wodehouse's favorite book The Hunger Games?

A: P. G. Wodehouse died in 1975.
The Hunger Games was published in 2008.
#### No.
IMPORTANT:
- Think step by step.
- The final line must be exactly in the format: #### Yes. or #### No.
- Do not end with anything else after the final answer.
Your Question:
Q: Could you go to New York Public Library and the Six Flags Great Escape in the same day?

A: A: New York Public Library is located in Manhattan, New York City.
To visit both the New York Public Library and Six Flags Great Escape in the same day, we need to consider their locations and the travel time involved.
Six Flags Great Escape is located in Queensbury, New York, which is about 60 miles north of Manhattan.
To reach Six Flags Great Escape from New York Public Library, one would need to account for travel time, which can take about 1.5 to 2 hours by car, depending on traffic.
Additionally, if someone were to visit the New York Public Library in the morning, they would need to factor in the time spent at the library itself, which could range from 1 to 3 hours or more.
A: New York Public Library is located in Manhattan, New York City.
To visit both the New York Public Library and Six Flags Great Escape in the same day, we need to evaluate the travel times and locations.
Responses:
A: New York Public Library is located in Manhattan, New York City. (Score: 0.033355712890625)
A: New York Public Library is located in Manhattan, New York City. (Score: 0.033355712890625)
<EMPTY> (Score: -inf)
<EMPTY> (Score: -inf)
Input tokens: 118279/118279, output tokens: 67342/67342, total tokens: 185621
