
====================
epoch 0 | idx 0
====================
Q: Did Neanderthals use arithmetic?


********** Step: 1 **********

Neanderthals were a group of ancient humans that lived during the Pleistocene epoch. (Score: 0.03900146484375, Parent: 0)

A: Neanderthals lived approximately 400,000 to 40,000 years ago. (Score: 0.03619384765625, Parent: 0)

********** Step: 2 **********

Neanderthals were a group of ancient humans that lived during the Pleistocene epoch.
Neanderthals lived approximately 400,000 to 40,000 years ago. (Score: 0.036376953125, Parent: 0)

Neanderthals were a group of ancient humans that lived during the Pleistocene epoch.
They are known to have used tools and had some form of social organization. (Score: 0.033233642578125, Parent: 0)

********** Step: 3 **********

Neanderthals were a group of ancient humans that lived during the Pleistocene epoch.
Neanderthals lived approximately 400,000 to 40,000 years ago.
They are known to have used tools and engaged in complex behaviors. (Score: 0.033447265625, Parent: 0)

Neanderthals were a group of ancient humans that lived during the Pleistocene epoch.
They are known to have used tools and had some form of social organization.
While there is evidence that Neanderthals had cognitive abilities, there is no conclusive evidence to suggest they used arithmetic in the way modern humans do. (Score: 0.032440185546875, Parent: 1)

********** Step: 4 **********

Neanderthals were a group of ancient humans that lived during the Pleistocene epoch.
Neanderthals lived approximately 400,000 to 40,000 years ago.
They are known to have used tools and engaged in complex behaviors.
However, there is no direct evidence that suggests they used arithmetic in the way we understand it today. (Score: 0.032073974609375, Parent: 0)

Neanderthals were a group of ancient humans that lived during the Pleistocene epoch.
They are known to have used tools and had some form of social organization.
While there is evidence that Neanderthals had cognitive abilities, there is no conclusive evidence to suggest they used arithmetic in the way modern humans do.
A: Neanderthals were a group of ancient humans that lived during the Pleistocene epoch. (Score: 0.0297393798828125, Parent: 1)

********** Step: 5 **********

Neanderthals were a group of ancient humans that lived during the Pleistocene epoch.
Neanderthals lived approximately 400,000 to 40,000 years ago.
They are known to have used tools and engaged in complex behaviors.
However, there is no direct evidence that suggests they used arithmetic in the way we understand it today.
A: Neanderthals were a group of ancient humans that lived during the Pleistocene epoch. (Score: 0.0298919677734375, Parent: 0)

Neanderthals were a group of ancient humans that lived during the Pleistocene epoch.
Neanderthals lived approximately 400,000 to 40,000 years ago.
They are known to have used tools and engaged in complex behaviors.
However, there is no direct evidence that suggests they used arithmetic in the way we understand it today.
A: Neanderthals were a group of ancient humans that lived during the Pleistocene epoch. (Score: 0.0298919677734375, Parent: 0)

********** Step: 6 **********

Neanderthals were a group of ancient humans that lived during the Pleistocene epoch.
Neanderthals lived approximately 400,000 to 40,000 years ago.
They are known to have used tools and engaged in complex behaviors.
However, there is no direct evidence that suggests they used arithmetic in the way we understand it today.
A: Neanderthals were a group of ancient humans that lived during the Pleistocene epoch.
Neanderthals lived approximately 400,000 to 40,000 years ago. (Score: 0.0293731689453125, Parent: 1)

Neanderthals were a group of ancient humans that lived during the Pleistocene epoch.
Neanderthals lived approximately 400,000 to 40,000 years ago.
They are known to have used tools and engaged in complex behaviors.
However, there is no direct evidence that suggests they used arithmetic in the way we understand it today.
A: Neanderthals were a group of ancient humans that lived during the Pleistocene epoch.
Neanderthals lived approximately 400,000 to 40,000 years ago. (Score: 0.0293731689453125, Parent: 1)

********** Step: 7 **********

Neanderthals were a group of ancient humans that lived during the Pleistocene epoch.
Neanderthals lived approximately 400,000 to 40,000 years ago.
They are known to have used tools and engaged in complex behaviors.
However, there is no direct evidence that suggests they used arithmetic in the way we understand it today.
A: Neanderthals were a group of ancient humans that lived during the Pleistocene epoch.
Neanderthals lived approximately 400,000 to 40,000 years ago.
They are known to have used tools and engaged in complex behaviors. (Score: 0.0295562744140625, Parent: 1)

Neanderthals were a group of ancient humans that lived during the Pleistocene epoch.
Neanderthals lived approximately 400,000 to 40,000 years ago.
They are known to have used tools and engaged in complex behaviors.
However, there is no direct evidence that suggests they used arithmetic in the way we understand it today.
A: Neanderthals were a group of ancient humans that lived during the Pleistocene epoch.
Neanderthals lived approximately 400,000 to 40,000 years ago.
A: They are known to have used tools and engaged in complex behaviors. (Score: 0.0295257568359375, Parent: 1)

********** Step: 8 **********

Neanderthals were a group of ancient humans that lived during the Pleistocene epoch.
Neanderthals lived approximately 400,000 to 40,000 years ago.
They are known to have used tools and engaged in complex behaviors.
However, there is no direct evidence that suggests they used arithmetic in the way we understand it today.
A: Neanderthals were a group of ancient humans that lived during the Pleistocene epoch.
Neanderthals lived approximately 400,000 to 40,000 years ago.
They are known to have used tools and engaged in complex behaviors.
However, there is no direct evidence that suggests they used arithmetic in the way we understand it today. (Score: 0.0304718017578125, Parent: 0)

Neanderthals were a group of ancient humans that lived during the Pleistocene epoch.
Neanderthals lived approximately 400,000 to 40,000 years ago.
They are known to have used tools and engaged in complex behaviors.
However, there is no direct evidence that suggests they used arithmetic in the way we understand it today.
A: Neanderthals were a group of ancient humans that lived during the Pleistocene epoch.
Neanderthals lived approximately 400,000 to 40,000 years ago.
They are known to have used tools and engaged in complex behaviors.
However, there is no direct evidence that suggests they used arithmetic in the way we understand it today. (Score: 0.0304718017578125, Parent: 0)

---------- FINAL ----------
step 8
Neanderthals were a group of ancient humans that lived during the Pleistocene epoch.
Neanderthals lived approximately 400,000 to 40,000 years ago.
They are known to have used tools and engaged in complex behaviors.
However, there is no direct evidence that suggests they used arithmetic in the way we understand it today.
A: Neanderthals were a group of ancient humans that lived during the Pleistocene epoch.
Neanderthals lived approximately 400,000 to 40,000 years ago.
They are known to have used tools and engaged in complex behaviors.
However, there is no direct evidence that suggests they used arithmetic in the way we understand it today. (Score: 0.0304718017578125)

Neanderthals were a group of ancient humans that lived during the Pleistocene epoch.
Neanderthals lived approximately 400,000 to 40,000 years ago.
They are known to have used tools and engaged in complex behaviors.
However, there is no direct evidence that suggests they used arithmetic in the way we understand it today.
A: Neanderthals were a group of ancient humans that lived during the Pleistocene epoch.
Neanderthals lived approximately 400,000 to 40,000 years ago.
They are known to have used tools and engaged in complex behaviors.
However, there is no direct evidence that suggests they used arithmetic in the way we understand it today. (Score: 0.0304718017578125)
tensor([[ 4624433216783111234,   921286105569500295, -3752592405796085286,
          -331760012559782385, -1470769654907396369,   921286105569500295,
         -3752592405796085286,  -331760012559782385],
        [ 4624433216783111234,   921286105569500295, -3752592405796085286,
          -331760012559782385, -1470769654907396369,   921286105569500295,
         -3752592405796085286,  -331760012559782385]])

====================
Q: Can children become lieutenants?


********** Step: 1 **********

A: A lieutenant is a rank typically found in military and law enforcement organizations. (Score: 0.0289764404296875, Parent: 0)

A: A lieutenant is a rank typically in the military or law enforcement. (Score: 0.0289459228515625, Parent: 0)

********** Step: 2 **********

A: A lieutenant is a rank typically found in military and law enforcement organizations.
Lieutenants usually have specific age and education requirements to hold their position. (Score: 0.0297393798828125, Parent: 0)

A: A lieutenant is a rank typically in the military or law enforcement.
To become a lieutenant, an individual usually needs to meet certain age and educational requirements. (Score: 0.028289794921875, Parent: 1)

********** Step: 3 **********

A: A lieutenant is a rank typically in the military or law enforcement.
To become a lieutenant, an individual usually needs to meet certain age and educational requirements.
Most military and law enforcement organizations require candidates to be at least 18 years old to apply for officer positions, including the rank of lieutenant. (Score: 0.02783203125, Parent: 1)

A: A lieutenant is a rank typically found in military and law enforcement organizations.
Lieutenants usually have specific age and education requirements to hold their position.
In most military organizations, the minimum age to be commissioned as an officer is usually around 18 or 21, depending on the country and branch of service. (Score: 0.0277099609375, Parent: 0)

********** Step: 4 **********

A: A lieutenant is a rank typically in the military or law enforcement.
To become a lieutenant, an individual usually needs to meet certain age and educational requirements.
Most military and law enforcement organizations require candidates to be at least 18 years old to apply for officer positions, including the rank of lieutenant.
Many jurisdictions have specific rules that do not allow minors to hold such positions or ranks. (Score: 0.028472900390625, Parent: 0)

A: A lieutenant is a rank typically found in military and law enforcement organizations.
Lieutenants usually have specific age and education requirements to hold their position.
In most military organizations, the minimum age to be commissioned as an officer is usually around 18 or 21, depending on the country and branch of service.
In many law enforcement agencies, the minimum age to become an officer is also usually 18. (Score: 0.027496337890625, Parent: 1)

********** Step: 5 **********

A: A lieutenant is a rank typically in the military or law enforcement.
To become a lieutenant, an individual usually needs to meet certain age and educational requirements.
Most military and law enforcement organizations require candidates to be at least 18 years old to apply for officer positions, including the rank of lieutenant.
Many jurisdictions have specific rules that do not allow minors to hold such positions or ranks.
Thus, children, who are typically under the age of 18, would not meet the age requirement to become lieutenants. (Score: 0.0278167724609375, Parent: 0)

A: A lieutenant is a rank typically in the military or law enforcement.
To become a lieutenant, an individual usually needs to meet certain age and educational requirements.
Most military and law enforcement organizations require candidates to be at least 18 years old to apply for officer positions, including the rank of lieutenant.
Many jurisdictions have specific rules that do not allow minors to hold such positions or ranks.
Therefore, children, who are generally defined as individuals under the age of 18, cannot become lieutenants in military or law enforcement organizations due to these age restrictions. (Score: 0.027374267578125, Parent: 0)

********** Step: 6 **********

A: A lieutenant is a rank typically in the military or law enforcement.
To become a lieutenant, an individual usually needs to meet certain age and educational requirements.
Most military and law enforcement organizations require candidates to be at least 18 years old to apply for officer positions, including the rank of lieutenant.
Many jurisdictions have specific rules that do not allow minors to hold such positions or ranks.
Thus, children, who are typically under the age of 18, would not meet the age requirement to become lieutenants.
#### No. (Score: 0.029449462890625, Parent: 0)

A: A lieutenant is a rank typically in the military or law enforcement.
To become a lieutenant, an individual usually needs to meet certain age and educational requirements.
Most military and law enforcement organizations require candidates to be at least 18 years old to apply for officer positions, including the rank of lieutenant.
Many jurisdictions have specific rules that do not allow minors to hold such positions or ranks.
Thus, children, who are typically under the age of 18, would not meet the age requirement to become lieutenants.
#### No. (Score: 0.029449462890625, Parent: 0)

********** Step: 7 **********

A: A lieutenant is a rank typically in the military or law enforcement.
To become a lieutenant, an individual usually needs to meet certain age and educational requirements.
Most military and law enforcement organizations require candidates to be at least 18 years old to apply for officer positions, including the rank of lieutenant.
Many jurisdictions have specific rules that do not allow minors to hold such positions or ranks.
Thus, children, who are typically under the age of 18, would not meet the age requirement to become lieutenants.
#### No.
 (Score: 0.029449462890625, Parent: 0)

A: A lieutenant is a rank typically in the military or law enforcement.
To become a lieutenant, an individual usually needs to meet certain age and educational requirements.
Most military and law enforcement organizations require candidates to be at least 18 years old to apply for officer positions, including the rank of lieutenant.
Many jurisdictions have specific rules that do not allow minors to hold such positions or ranks.
Thus, children, who are typically under the age of 18, would not meet the age requirement to become lieutenants.
#### No.
 (Score: 0.029449462890625, Parent: 1)

---------- FINAL ----------
step 7
A: A lieutenant is a rank typically in the military or law enforcement.
To become a lieutenant, an individual usually needs to meet certain age and educational requirements.
Most military and law enforcement organizations require candidates to be at least 18 years old to apply for officer positions, including the rank of lieutenant.
Many jurisdictions have specific rules that do not allow minors to hold such positions or ranks.
Thus, children, who are typically under the age of 18, would not meet the age requirement to become lieutenants.
#### No.
 (Score: 0.029449462890625)

A: A lieutenant is a rank typically in the military or law enforcement.
To become a lieutenant, an individual usually needs to meet certain age and educational requirements.
Most military and law enforcement organizations require candidates to be at least 18 years old to apply for officer positions, including the rank of lieutenant.
Many jurisdictions have specific rules that do not allow minors to hold such positions or ranks.
Thus, children, who are typically under the age of 18, would not meet the age requirement to become lieutenants.
#### No.
 (Score: 0.029449462890625)
tensor([[ 5565178717832485950, -1607712933998477128,   116890619345385167,
          5865872266091258368,  8586936400495878500,  8966992113970283751,
                            0,                   -1],
        [ 5565178717832485950, -1607712933998477128,   116890619345385167,
          5865872266091258368,  8586936400495878500,  8966992113970283751,
                            0,                   -1]])

====================
Q: Could someone in a coma experience fear?


********** Step: 1 **********

A: A coma is a state of prolonged unconsciousness where a person does not respond to stimuli. (Score: 0.026580810546875, Parent: 0)

A: A coma is a state of prolonged unconsciousness where a person does not respond to stimuli and lacks awareness of their surroundings. (Score: 0.0247955322265625, Parent: 0)

********** Step: 2 **********

A: A coma is a state of prolonged unconsciousness where a person does not respond to stimuli and lacks awareness of their surroundings.
In a coma, the brain is not functioning normally and the person is unable to process sensory information. (Score: 0.0230712890625, Parent: 1)

A: A coma is a state of prolonged unconsciousness where a person does not respond to stimuli.
In a coma, the brain is significantly impaired, and the individual is unable to process external experiences. (Score: 0.0223236083984375, Parent: 0)

********** Step: 3 **********

A: A coma is a state of prolonged unconsciousness where a person does not respond to stimuli and lacks awareness of their surroundings.
In a coma, the brain is not functioning normally and the person is unable to process sensory information.
Fear is an emotional response that typically requires some level of consciousness and awareness of one’s environment. (Score: 0.0240631103515625, Parent: 0)

A: A coma is a state of prolonged unconsciousness where a person does not respond to stimuli and lacks awareness of their surroundings.
In a coma, the brain is not functioning normally and the person is unable to process sensory information.
Fear is an emotional response that requires some level of awareness and processing of experiences. (Score: 0.02398681640625, Parent: 0)

********** Step: 4 **********

A: A coma is a state of prolonged unconsciousness where a person does not respond to stimuli and lacks awareness of their surroundings.
In a coma, the brain is not functioning normally and the person is unable to process sensory information.
Fear is an emotional response that requires some level of awareness and processing of experiences.
While there may be some brain activity in a comatose state, it is not sufficient to allow for emotional experiences like fear. (Score: 0.0269317626953125, Parent: 1)

A: A coma is a state of prolonged unconsciousness where a person does not respond to stimuli and lacks awareness of their surroundings.
In a coma, the brain is not functioning normally and the person is unable to process sensory information.
Fear is an emotional response that requires some level of awareness and processing of experiences.
Therefore, someone in a coma would not be able to experience fear as they are not aware of their surroundings or able to process emotions. (Score: 0.024658203125, Parent: 1)

********** Step: 5 **********

A: A coma is a state of prolonged unconsciousness where a person does not respond to stimuli and lacks awareness of their surroundings.
In a coma, the brain is not functioning normally and the person is unable to process sensory information.
Fear is an emotional response that requires some level of awareness and processing of experiences.
While there may be some brain activity in a comatose state, it is not sufficient to allow for emotional experiences like fear.
#### No. (Score: 0.0286407470703125, Parent: 0)

A: A coma is a state of prolonged unconsciousness where a person does not respond to stimuli and lacks awareness of their surroundings.
In a coma, the brain is not functioning normally and the person is unable to process sensory information.
Fear is an emotional response that requires some level of awareness and processing of experiences.
While there may be some brain activity in a comatose state, it is not sufficient to allow for emotional experiences like fear.
#### No. (Score: 0.0286407470703125, Parent: 0)

********** Step: 6 **********

A: A coma is a state of prolonged unconsciousness where a person does not respond to stimuli and lacks awareness of their surroundings.
In a coma, the brain is not functioning normally and the person is unable to process sensory information.
Fear is an emotional response that requires some level of awareness and processing of experiences.
While there may be some brain activity in a comatose state, it is not sufficient to allow for emotional experiences like fear.
#### No.
 (Score: 0.0286407470703125, Parent: 0)

A: A coma is a state of prolonged unconsciousness where a person does not respond to stimuli and lacks awareness of their surroundings.
In a coma, the brain is not functioning normally and the person is unable to process sensory information.
Fear is an emotional response that requires some level of awareness and processing of experiences.
While there may be some brain activity in a comatose state, it is not sufficient to allow for emotional experiences like fear.
#### No.
 (Score: 0.0286407470703125, Parent: 1)

---------- FINAL ----------
step 6
A: A coma is a state of prolonged unconsciousness where a person does not respond to stimuli and lacks awareness of their surroundings.
In a coma, the brain is not functioning normally and the person is unable to process sensory information.
Fear is an emotional response that requires some level of awareness and processing of experiences.
While there may be some brain activity in a comatose state, it is not sufficient to allow for emotional experiences like fear.
#### No.
 (Score: 0.0286407470703125)

A: A coma is a state of prolonged unconsciousness where a person does not respond to stimuli and lacks awareness of their surroundings.
In a coma, the brain is not functioning normally and the person is unable to process sensory information.
Fear is an emotional response that requires some level of awareness and processing of experiences.
While there may be some brain activity in a comatose state, it is not sufficient to allow for emotional experiences like fear.
#### No.
 (Score: 0.0286407470703125)
tensor([[-7919832168406653741, -7617169320279250454,  7580617397572252363,
         -8790498913845800804,  8966992113970283751,                    0,
                           -1,                   -1],
        [-7919832168406653741, -7617169320279250454,  7580617397572252363,
         -8790498913845800804,  8966992113970283751,                    0,
                           -1,                   -1]])

====================
Q: Was Walt Disney ever interviewed by Anderson Cooper?


********** Step: 1 **********

Walt Disney was a prominent American entrepreneur and animator, known for founding the Walt Disney Company. (Score: 0.029693603515625, Parent: 0)

Walt Disney was a famous American entrepreneur and animator who passed away in 1966. (Score: 0.029571533203125, Parent: 0)

********** Step: 2 **********

Walt Disney was a famous American entrepreneur and animator who passed away in 1966.
Anderson Cooper is a journalist and television personality who is active in the media industry today. (Score: 0.027923583984375, Parent: 1)

Walt Disney was a famous American entrepreneur and animator who passed away in 1966.
Anderson Cooper is a contemporary journalist who began his career in the late 1990s. (Score: 0.027435302734375, Parent: 1)

********** Step: 3 **********

Walt Disney was a famous American entrepreneur and animator who passed away in 1966.
Anderson Cooper is a journalist and television personality who is active in the media industry today.
Since Walt Disney died in 1966, and Anderson Cooper began his career in journalism much later, it would not be possible for them to have had an interview. (Score: 0.031280517578125, Parent: 0)

Walt Disney was a famous American entrepreneur and animator who passed away in 1966.
Anderson Cooper is a contemporary journalist who began his career in the late 1990s.
Walt Disney could not have been interviewed by Anderson Cooper since he died in 1966, long before Cooper's career began. (Score: 0.0290374755859375, Parent: 1)

********** Step: 4 **********

Walt Disney was a famous American entrepreneur and animator who passed away in 1966.
Anderson Cooper is a journalist and television personality who is active in the media industry today.
Since Walt Disney died in 1966, and Anderson Cooper began his career in journalism much later, it would not be possible for them to have had an interview.
#### No. (Score: 0.031646728515625, Parent: 0)

Walt Disney was a famous American entrepreneur and animator who passed away in 1966.
Anderson Cooper is a journalist and television personality who is active in the media industry today.
Since Walt Disney died in 1966, and Anderson Cooper began his career in journalism much later, it would not be possible for them to have had an interview.
A: Walt Disney was a famous American entrepreneur and animator who passed away in 1966. (Score: 0.029876708984375, Parent: 0)

********** Step: 5 **********

Walt Disney was a famous American entrepreneur and animator who passed away in 1966.
Anderson Cooper is a journalist and television personality who is active in the media industry today.
Since Walt Disney died in 1966, and Anderson Cooper began his career in journalism much later, it would not be possible for them to have had an interview.
#### No.
 (Score: 0.031646728515625, Parent: 0)

Walt Disney was a famous American entrepreneur and animator who passed away in 1966.
Anderson Cooper is a journalist and television personality who is active in the media industry today.
Since Walt Disney died in 1966, and Anderson Cooper began his career in journalism much later, it would not be possible for them to have had an interview.
A: Walt Disney was a famous American entrepreneur and animator who passed away in 1966.
Anderson Cooper is a journalist and television personality who is active in the media industry today. (Score: 0.0300140380859375, Parent: 1)

********** Step: 6 **********

Walt Disney was a famous American entrepreneur and animator who passed away in 1966.
Anderson Cooper is a journalist and television personality who is active in the media industry today.
Since Walt Disney died in 1966, and Anderson Cooper began his career in journalism much later, it would not be possible for them to have had an interview.
#### No.

 (Score: 0.031646728515625, Parent: 0)

Walt Disney was a famous American entrepreneur and animator who passed away in 1966.
Anderson Cooper is a journalist and television personality who is active in the media industry today.
Since Walt Disney died in 1966, and Anderson Cooper began his career in journalism much later, it would not be possible for them to have had an interview.
A: Walt Disney was a famous American entrepreneur and animator who passed away in 1966.
Anderson Cooper is a journalist and television personality who is active in the media industry today.
Since Walt Disney died in 1966, and Anderson Cooper began his career in journalism much later, it would not be possible for them to have had an interview. (Score: 0.0316162109375, Parent: 1)

********** Step: 7 **********

Walt Disney was a famous American entrepreneur and animator who passed away in 1966.
Anderson Cooper is a journalist and television personality who is active in the media industry today.
Since Walt Disney died in 1966, and Anderson Cooper began his career in journalism much later, it would not be possible for them to have had an interview.
A: Walt Disney was a famous American entrepreneur and animator who passed away in 1966.
Anderson Cooper is a journalist and television personality who is active in the media industry today.
Since Walt Disney died in 1966, and Anderson Cooper began his career in journalism much later, it would not be possible for them to have had an interview.
#### No. (Score: 0.03228759765625, Parent: 1)

Walt Disney was a famous American entrepreneur and animator who passed away in 1966.
Anderson Cooper is a journalist and television personality who is active in the media industry today.
Since Walt Disney died in 1966, and Anderson Cooper began his career in journalism much later, it would not be possible for them to have had an interview.
A: Walt Disney was a famous American entrepreneur and animator who passed away in 1966.
Anderson Cooper is a journalist and television personality who is active in the media industry today.
Since Walt Disney died in 1966, and Anderson Cooper began his career in journalism much later, it would not be possible for them to have had an interview.
A: Walt Disney was a famous American entrepreneur and animator who passed away in 1966. (Score: 0.031951904296875, Parent: 1)

********** Step: 8 **********

Walt Disney was a famous American entrepreneur and animator who passed away in 1966.
Anderson Cooper is a journalist and television personality who is active in the media industry today.
Since Walt Disney died in 1966, and Anderson Cooper began his career in journalism much later, it would not be possible for them to have had an interview.
A: Walt Disney was a famous American entrepreneur and animator who passed away in 1966.
Anderson Cooper is a journalist and television personality who is active in the media industry today.
Since Walt Disney died in 1966, and Anderson Cooper began his career in journalism much later, it would not be possible for them to have had an interview.
#### No.
 (Score: 0.03228759765625, Parent: 0)

Walt Disney was a famous American entrepreneur and animator who passed away in 1966.
Anderson Cooper is a journalist and television personality who is active in the media industry today.
Since Walt Disney died in 1966, and Anderson Cooper began his career in journalism much later, it would not be possible for them to have had an interview.
A: Walt Disney was a famous American entrepreneur and animator who passed away in 1966.
Anderson Cooper is a journalist and television personality who is active in the media industry today.
Since Walt Disney died in 1966, and Anderson Cooper began his career in journalism much later, it would not be possible for them to have had an interview.
A: Walt Disney was a famous American entrepreneur and animator who passed away in 1966.
Anderson Cooper is a journalist and television personality who is active in the media industry today. (Score: 0.0321044921875, Parent: 1)

---------- FINAL ----------
step 8
Walt Disney was a famous American entrepreneur and animator who passed away in 1966.
Anderson Cooper is a journalist and television personality who is active in the media industry today.
Since Walt Disney died in 1966, and Anderson Cooper began his career in journalism much later, it would not be possible for them to have had an interview.
A: Walt Disney was a famous American entrepreneur and animator who passed away in 1966.
Anderson Cooper is a journalist and television personality who is active in the media industry today.
Since Walt Disney died in 1966, and Anderson Cooper began his career in journalism much later, it would not be possible for them to have had an interview.
#### No.
 (Score: 0.03228759765625)

Walt Disney was a famous American entrepreneur and animator who passed away in 1966.
Anderson Cooper is a journalist and television personality who is active in the media industry today.
Since Walt Disney died in 1966, and Anderson Cooper began his career in journalism much later, it would not be possible for them to have had an interview.
A: Walt Disney was a famous American entrepreneur and animator who passed away in 1966.
Anderson Cooper is a journalist and television personality who is active in the media industry today.
Since Walt Disney died in 1966, and Anderson Cooper began his career in journalism much later, it would not be possible for them to have had an interview.
A: Walt Disney was a famous American entrepreneur and animator who passed away in 1966.
Anderson Cooper is a journalist and television personality who is active in the media industry today. (Score: 0.0321044921875)
tensor([[3744060195326114601, 3194160106818348363, 7207037914214225692,
         3346728478913083268, 3194160106818348363, 7207037914214225692,
         8966992113970283751,                   0],
        [3744060195326114601, 3194160106818348363, 7207037914214225692,
         3346728478913083268, 3194160106818348363, 7207037914214225692,
         3346728478913083268, 3194160106818348363]])

====================
Q: Is Gandalf hypothetically a formidable foe for Charmed's Barbas?


********** Step: 1 **********

Gandalf is a powerful wizard from J.R.R. Tolkien's Middle-earth legendarium. (Score: 0.0283660888671875, Parent: 0)

A: Gandalf is a fictional character from J.R.R. Tolkien's Middle-earth legendarium, known for his immense magical abilities and wisdom. (Score: 0.027374267578125, Parent: 0)

********** Step: 2 **********

A: Gandalf is a fictional character from J.R.R. Tolkien's Middle-earth legendarium, known for his immense magical abilities and wisdom.
Gandalf is portrayed as one of the most powerful wizards in Middle-earth, capable of battling formidable foes and possessing a deep understanding of magic. (Score: 0.0270233154296875, Parent: 1)

A: Gandalf is a fictional character from J.R.R. Tolkien's Middle-earth legendarium, known for his immense magical abilities and wisdom.
Gandalf is a powerful wizard in the Lord of the Rings series, often depicted as a key figure in the fight against dark forces. (Score: 0.0261077880859375, Parent: 1)

********** Step: 3 **********

A: Gandalf is a fictional character from J.R.R. Tolkien's Middle-earth legendarium, known for his immense magical abilities and wisdom.
Gandalf is portrayed as one of the most powerful wizards in Middle-earth, capable of battling formidable foes and possessing a deep understanding of magic.
Barbas is a fictional character from the TV show "Charmed," known as the demon of fear and a powerful adversary with the ability to manipulate individuals' fears against them. (Score: 0.0280609130859375, Parent: 0)

A: Gandalf is a fictional character from J.R.R. Tolkien's Middle-earth legendarium, known for his immense magical abilities and wisdom.
Gandalf is portrayed as one of the most powerful wizards in Middle-earth, capable of battling formidable foes and possessing a deep understanding of magic.
Barbas is a fictional demon from the TV show "Charmed," known for his ability to manipulate fear and his cunning nature. (Score: 0.027740478515625, Parent: 0)

********** Step: 4 **********

A: Gandalf is a fictional character from J.R.R. Tolkien's Middle-earth legendarium, known for his immense magical abilities and wisdom.
Gandalf is portrayed as one of the most powerful wizards in Middle-earth, capable of battling formidable foes and possessing a deep understanding of magic.
Barbas is a fictional character from the TV show "Charmed," known as the demon of fear and a powerful adversary with the ability to manipulate individuals' fears against them.
Barbas, while powerful, is not considered to be on the same level of raw magical strength as Gandalf. (Score: 0.0309600830078125, Parent: 0)

A: Gandalf is a fictional character from J.R.R. Tolkien's Middle-earth legendarium, known for his immense magical abilities and wisdom.
Gandalf is portrayed as one of the most powerful wizards in Middle-earth, capable of battling formidable foes and possessing a deep understanding of magic.
Barbas is a fictional demon from the TV show "Charmed," known for his ability to manipulate fear and his cunning nature.
Barbas is considered a powerful adversary, but he is not on the same level as Gandalf in terms of magical prowess and experience. (Score: 0.0304107666015625, Parent: 1)

********** Step: 5 **********

A: Gandalf is a fictional character from J.R.R. Tolkien's Middle-earth legendarium, known for his immense magical abilities and wisdom.
Gandalf is portrayed as one of the most powerful wizards in Middle-earth, capable of battling formidable foes and possessing a deep understanding of magic.
Barbas is a fictional character from the TV show "Charmed," known as the demon of fear and a powerful adversary with the ability to manipulate individuals' fears against them.
Barbas, while powerful, is not considered to be on the same level of raw magical strength as Gandalf.
A: Gandalf is a fictional character from J.R.R. Tolkien's Middle-earth legendarium, known for his immense magical abilities and wisdom. (Score: 0.0318603515625, Parent: 0)

A: Gandalf is a fictional character from J.R.R. Tolkien's Middle-earth legendarium, known for his immense magical abilities and wisdom.
Gandalf is portrayed as one of the most powerful wizards in Middle-earth, capable of battling formidable foes and possessing a deep understanding of magic.
Barbas is a fictional character from the TV show "Charmed," known as the demon of fear and a powerful adversary with the ability to manipulate individuals' fears against them.
Barbas, while powerful, is not considered to be on the same level of raw magical strength as Gandalf.
Gandalf's abilities include manipulating fire, light, and using powerful spells, while Barbas primarily uses fear-based tactics. (Score: 0.0303802490234375, Parent: 0)

********** Step: 6 **********

A: Gandalf is a fictional character from J.R.R. Tolkien's Middle-earth legendarium, known for his immense magical abilities and wisdom.
Gandalf is portrayed as one of the most powerful wizards in Middle-earth, capable of battling formidable foes and possessing a deep understanding of magic.
Barbas is a fictional character from the TV show "Charmed," known as the demon of fear and a powerful adversary with the ability to manipulate individuals' fears against them.
Barbas, while powerful, is not considered to be on the same level of raw magical strength as Gandalf.
Gandalf's abilities include manipulating fire, light, and using powerful spells, while Barbas primarily uses fear-based tactics.
A: In a hypothetical scenario, Gandalf's vast experience and magical prowess give him an advantage over Barbas. (Score: 0.0313720703125, Parent: 1)

A: Gandalf is a fictional character from J.R.R. Tolkien's Middle-earth legendarium, known for his immense magical abilities and wisdom.
Gandalf is portrayed as one of the most powerful wizards in Middle-earth, capable of battling formidable foes and possessing a deep understanding of magic.
Barbas is a fictional character from the TV show "Charmed," known as the demon of fear and a powerful adversary with the ability to manipulate individuals' fears against them.
Barbas, while powerful, is not considered to be on the same level of raw magical strength as Gandalf.
Gandalf's abilities include manipulating fire, light, and using powerful spells, while Barbas primarily uses fear-based tactics.
A: Gandalf is a fictional character from J.R.R. Tolkien's Middle-earth legendarium, known for his immense magical abilities and wisdom. (Score: 0.0309906005859375, Parent: 1)

********** Step: 7 **********

A: Gandalf is a fictional character from J.R.R. Tolkien's Middle-earth legendarium, known for his immense magical abilities and wisdom.
Gandalf is portrayed as one of the most powerful wizards in Middle-earth, capable of battling formidable foes and possessing a deep understanding of magic.
Barbas is a fictional character from the TV show "Charmed," known as the demon of fear and a powerful adversary with the ability to manipulate individuals' fears against them.
Barbas, while powerful, is not considered to be on the same level of raw magical strength as Gandalf.
Gandalf's abilities include manipulating fire, light, and using powerful spells, while Barbas primarily uses fear-based tactics.
A: In a hypothetical scenario, Gandalf's vast experience and magical prowess give him an advantage over Barbas.
#### Yes. (Score: 0.032928466796875, Parent: 0)

A: Gandalf is a fictional character from J.R.R. Tolkien's Middle-earth legendarium, known for his immense magical abilities and wisdom.
Gandalf is portrayed as one of the most powerful wizards in Middle-earth, capable of battling formidable foes and possessing a deep understanding of magic.
Barbas is a fictional character from the TV show "Charmed," known as the demon of fear and a powerful adversary with the ability to manipulate individuals' fears against them.
Barbas, while powerful, is not considered to be on the same level of raw magical strength as Gandalf.
Gandalf's abilities include manipulating fire, light, and using powerful spells, while Barbas primarily uses fear-based tactics.
A: In a hypothetical scenario, Gandalf's vast experience and magical prowess give him an advantage over Barbas.
A: Gandalf is a fictional character from J.R.R. Tolkien's Middle-earth legendarium, known for his immense magical abilities and wisdom. (Score: 0.031768798828125, Parent: 0)

********** Step: 8 **********

A: Gandalf is a fictional character from J.R.R. Tolkien's Middle-earth legendarium, known for his immense magical abilities and wisdom.
Gandalf is portrayed as one of the most powerful wizards in Middle-earth, capable of battling formidable foes and possessing a deep understanding of magic.
Barbas is a fictional character from the TV show "Charmed," known as the demon of fear and a powerful adversary with the ability to manipulate individuals' fears against them.
Barbas, while powerful, is not considered to be on the same level of raw magical strength as Gandalf.
Gandalf's abilities include manipulating fire, light, and using powerful spells, while Barbas primarily uses fear-based tactics.
A: In a hypothetical scenario, Gandalf's vast experience and magical prowess give him an advantage over Barbas.
#### Yes.
 (Score: 0.032928466796875, Parent: 0)

A: Gandalf is a fictional character from J.R.R. Tolkien's Middle-earth legendarium, known for his immense magical abilities and wisdom.
Gandalf is portrayed as one of the most powerful wizards in Middle-earth, capable of battling formidable foes and possessing a deep understanding of magic.
Barbas is a fictional character from the TV show "Charmed," known as the demon of fear and a powerful adversary with the ability to manipulate individuals' fears against them.
Barbas, while powerful, is not considered to be on the same level of raw magical strength as Gandalf.
Gandalf's abilities include manipulating fire, light, and using powerful spells, while Barbas primarily uses fear-based tactics.
A: In a hypothetical scenario, Gandalf's vast experience and magical prowess give him an advantage over Barbas.
A: Gandalf is a fictional character from J.R.R. Tolkien's Middle-earth legendarium, known for his immense magical abilities and wisdom.
A: Gandalf is a fictional character from J.R.R. Tolkien's Middle-earth legendarium, known for his immense magical abilities and wisdom. (Score: 0.032257080078125, Parent: 1)

---------- FINAL ----------
step 8
A: Gandalf is a fictional character from J.R.R. Tolkien's Middle-earth legendarium, known for his immense magical abilities and wisdom.
Gandalf is portrayed as one of the most powerful wizards in Middle-earth, capable of battling formidable foes and possessing a deep understanding of magic.
Barbas is a fictional character from the TV show "Charmed," known as the demon of fear and a powerful adversary with the ability to manipulate individuals' fears against them.
Barbas, while powerful, is not considered to be on the same level of raw magical strength as Gandalf.
Gandalf's abilities include manipulating fire, light, and using powerful spells, while Barbas primarily uses fear-based tactics.
A: In a hypothetical scenario, Gandalf's vast experience and magical prowess give him an advantage over Barbas.
#### Yes.
 (Score: 0.032928466796875)

A: Gandalf is a fictional character from J.R.R. Tolkien's Middle-earth legendarium, known for his immense magical abilities and wisdom.
Gandalf is portrayed as one of the most powerful wizards in Middle-earth, capable of battling formidable foes and possessing a deep understanding of magic.
Barbas is a fictional character from the TV show "Charmed," known as the demon of fear and a powerful adversary with the ability to manipulate individuals' fears against them.
Barbas, while powerful, is not considered to be on the same level of raw magical strength as Gandalf.
Gandalf's abilities include manipulating fire, light, and using powerful spells, while Barbas primarily uses fear-based tactics.
A: In a hypothetical scenario, Gandalf's vast experience and magical prowess give him an advantage over Barbas.
A: Gandalf is a fictional character from J.R.R. Tolkien's Middle-earth legendarium, known for his immense magical abilities and wisdom.
A: Gandalf is a fictional character from J.R.R. Tolkien's Middle-earth legendarium, known for his immense magical abilities and wisdom. (Score: 0.032257080078125)
tensor([[ -715987606633436735,   829754567731354264, -1218233020594321539,
         -3187135924518396360, -8686751075565591670,  -913171085908929177,
          4561152020451547241,                    0],
        [ -715987606633436735,   829754567731354264, -1218233020594321539,
         -3187135924518396360, -8686751075565591670,  -913171085908929177,
          -715987606633436735,  -715987606633436735]])

====================
Q: Will twenty pea pods contents cover entire chess board?


********** Step: 1 **********

A: A standard chessboard has 64 squares (8 rows and 8 columns). (Score: 0.02752685546875, Parent: 0)

A: A chess board has 64 squares (8 rows and 8 columns). (Score: 0.0270233154296875, Parent: 0)

********** Step: 2 **********

A: A chess board has 64 squares (8 rows and 8 columns).
A: A pea pod typically contains around 5 to 10 peas. (Score: 0.0266571044921875, Parent: 1)

A: A chess board has 64 squares (8 rows and 8 columns).
A: Each pea pod typically contains around 5 to 10 peas. (Score: 0.02642822265625, Parent: 1)

********** Step: 3 **********

A: A chess board has 64 squares (8 rows and 8 columns).
A: A pea pod typically contains around 5 to 10 peas.
A: If we assume an average of 7 peas per pod, twenty pea pods would contain approximately 140 peas (20 pods * 7 peas per pod). (Score: 0.0294952392578125, Parent: 0)

A: A chess board has 64 squares (8 rows and 8 columns).
A: A pea pod typically contains around 5 to 10 peas.
A: If we assume an average of 7 peas per pod, twenty pea pods would contain approximately 140 peas (20 pods x 7 peas per pod). (Score: 0.0293731689453125, Parent: 0)

********** Step: 4 **********

A: A chess board has 64 squares (8 rows and 8 columns).
A: A pea pod typically contains around 5 to 10 peas.
A: If we assume an average of 7 peas per pod, twenty pea pods would contain approximately 140 peas (20 pods x 7 peas per pod).
A: Each square of a chess board can typically hold one item. (Score: 0.0298919677734375, Parent: 1)

A: A chess board has 64 squares (8 rows and 8 columns).
A: A pea pod typically contains around 5 to 10 peas.
A: If we assume an average of 7 peas per pod, twenty pea pods would contain approximately 140 peas (20 pods x 7 peas per pod).
A: A chess board has 64 squares (8 rows and 8 columns). (Score: 0.0291748046875, Parent: 1)

********** Step: 5 **********

A: A chess board has 64 squares (8 rows and 8 columns).
A: A pea pod typically contains around 5 to 10 peas.
A: If we assume an average of 7 peas per pod, twenty pea pods would contain approximately 140 peas (20 pods x 7 peas per pod).
A: Each square of a chess board can typically hold one item.
A: Therefore, 140 peas could potentially cover a chess board since they exceed the 64 squares. (Score: 0.0303497314453125, Parent: 0)

A: A chess board has 64 squares (8 rows and 8 columns).
A: A pea pod typically contains around 5 to 10 peas.
A: If we assume an average of 7 peas per pod, twenty pea pods would contain approximately 140 peas (20 pods x 7 peas per pod).
A: Each square of a chess board can typically hold one item.
A: Therefore, 140 peas can cover the 64 squares of the chess board since 140 is greater than 64. (Score: 0.030181884765625, Parent: 0)

********** Step: 6 **********

A: A chess board has 64 squares (8 rows and 8 columns).
A: A pea pod typically contains around 5 to 10 peas.
A: If we assume an average of 7 peas per pod, twenty pea pods would contain approximately 140 peas (20 pods x 7 peas per pod).
A: Each square of a chess board can typically hold one item.
A: Therefore, 140 peas could potentially cover a chess board since they exceed the 64 squares.
#### Yes. (Score: 0.032196044921875, Parent: 0)

A: A chess board has 64 squares (8 rows and 8 columns).
A: A pea pod typically contains around 5 to 10 peas.
A: If we assume an average of 7 peas per pod, twenty pea pods would contain approximately 140 peas (20 pods x 7 peas per pod).
A: Each square of a chess board can typically hold one item.
A: Therefore, 140 peas can cover the 64 squares of the chess board since 140 is greater than 64.
#### Yes. (Score: 0.03216552734375, Parent: 1)

********** Step: 7 **********

A: A chess board has 64 squares (8 rows and 8 columns).
A: A pea pod typically contains around 5 to 10 peas.
A: If we assume an average of 7 peas per pod, twenty pea pods would contain approximately 140 peas (20 pods x 7 peas per pod).
A: Each square of a chess board can typically hold one item.
A: Therefore, 140 peas could potentially cover a chess board since they exceed the 64 squares.
#### Yes.
 (Score: 0.032196044921875, Parent: 0)

A: A chess board has 64 squares (8 rows and 8 columns).
A: A pea pod typically contains around 5 to 10 peas.
A: If we assume an average of 7 peas per pod, twenty pea pods would contain approximately 140 peas (20 pods x 7 peas per pod).
A: Each square of a chess board can typically hold one item.
A: Therefore, 140 peas can cover the 64 squares of the chess board since 140 is greater than 64.
#### Yes.
 (Score: 0.03216552734375, Parent: 1)

---------- FINAL ----------
step 7
A: A chess board has 64 squares (8 rows and 8 columns).
A: A pea pod typically contains around 5 to 10 peas.
A: If we assume an average of 7 peas per pod, twenty pea pods would contain approximately 140 peas (20 pods x 7 peas per pod).
A: Each square of a chess board can typically hold one item.
A: Therefore, 140 peas could potentially cover a chess board since they exceed the 64 squares.
#### Yes.
 (Score: 0.032196044921875)

A: A chess board has 64 squares (8 rows and 8 columns).
A: A pea pod typically contains around 5 to 10 peas.
A: If we assume an average of 7 peas per pod, twenty pea pods would contain approximately 140 peas (20 pods x 7 peas per pod).
A: Each square of a chess board can typically hold one item.
A: Therefore, 140 peas can cover the 64 squares of the chess board since 140 is greater than 64.
#### Yes.
 (Score: 0.03216552734375)
tensor([[-6052708747962989612,  7166209874507014070,  -749079514511882942,
          5814314537645550641,  1481531278701509391,  4561152020451547241,
                            0,                   -1],
        [-6052708747962989612,  7166209874507014070,  -749079514511882942,
          5814314537645550641,  4435163998344252424,  4561152020451547241,
                            0,                   -1]])

====================
Q: While on a liquid diet, are there some types of soup you cannot eat?


********** Step: 1 **********

A: A liquid diet typically includes foods that are liquid at room temperature. (Score: 0.0268096923828125, Parent: 0)

A: A liquid diet typically consists of liquids and foods that turn into liquid at room temperature. (Score: 0.0251922607421875, Parent: 0)

********** Step: 2 **********

A: A liquid diet typically consists of liquids and foods that turn into liquid at room temperature.
Certain types of soup may be incompatible with a liquid diet. (Score: 0.02685546875, Parent: 1)

A: A liquid diet typically includes foods that are liquid at room temperature.
Certain soups may contain solid pieces or chunks, which can disqualify them from being considered part of a liquid diet. (Score: 0.026641845703125, Parent: 0)

********** Step: 3 **********

A: A liquid diet typically consists of liquids and foods that turn into liquid at room temperature.
Certain types of soup may be incompatible with a liquid diet.
Some soups may contain solid ingredients like large pieces of meat, vegetables, or grains that do not blend into a liquid form. (Score: 0.028533935546875, Parent: 0)

A: A liquid diet typically includes foods that are liquid at room temperature.
Certain soups may contain solid pieces or chunks, which can disqualify them from being considered part of a liquid diet.
Some soups, like chunky vegetable soups or those with large pieces of meat, may not fit the criteria of a liquid diet. (Score: 0.0279388427734375, Parent: 1)

********** Step: 4 **********

A: A liquid diet typically includes foods that are liquid at room temperature.
Certain soups may contain solid pieces or chunks, which can disqualify them from being considered part of a liquid diet.
Some soups, like chunky vegetable soups or those with large pieces of meat, may not fit the criteria of a liquid diet.
A: A liquid diet typically includes foods that are liquid at room temperature. (Score: 0.028167724609375, Parent: 1)

A: A liquid diet typically includes foods that are liquid at room temperature.
Certain soups may contain solid pieces or chunks, which can disqualify them from being considered part of a liquid diet.
Some soups, like chunky vegetable soups or those with large pieces of meat, may not fit the criteria of a liquid diet.
A: A liquid diet typically includes foods that are liquid at room temperature. (Score: 0.028167724609375, Parent: 1)

********** Step: 5 **********

A: A liquid diet typically includes foods that are liquid at room temperature.
Certain soups may contain solid pieces or chunks, which can disqualify them from being considered part of a liquid diet.
Some soups, like chunky vegetable soups or those with large pieces of meat, may not fit the criteria of a liquid diet.
A: A liquid diet typically includes foods that are liquid at room temperature.
Certain soups may contain solid pieces or chunks, which can disqualify them from being considered part of a liquid diet. (Score: 0.02850341796875, Parent: 0)

A: A liquid diet typically includes foods that are liquid at room temperature.
Certain soups may contain solid pieces or chunks, which can disqualify them from being considered part of a liquid diet.
Some soups, like chunky vegetable soups or those with large pieces of meat, may not fit the criteria of a liquid diet.
A: A liquid diet typically includes foods that are liquid at room temperature.
Certain soups may contain solid pieces or chunks, which can disqualify them from being considered part of a liquid diet. (Score: 0.02850341796875, Parent: 1)

********** Step: 6 **********

A: A liquid diet typically includes foods that are liquid at room temperature.
Certain soups may contain solid pieces or chunks, which can disqualify them from being considered part of a liquid diet.
Some soups, like chunky vegetable soups or those with large pieces of meat, may not fit the criteria of a liquid diet.
A: A liquid diet typically includes foods that are liquid at room temperature.
Certain soups may contain solid pieces or chunks, which can disqualify them from being considered part of a liquid diet.
Some soups, like chunky vegetable soups or those with large pieces of meat, may not fit the criteria of a liquid diet. (Score: 0.0294342041015625, Parent: 1)

A: A liquid diet typically includes foods that are liquid at room temperature.
Certain soups may contain solid pieces or chunks, which can disqualify them from being considered part of a liquid diet.
Some soups, like chunky vegetable soups or those with large pieces of meat, may not fit the criteria of a liquid diet.
A: A liquid diet typically includes foods that are liquid at room temperature.
Certain soups may contain solid pieces or chunks, which can disqualify them from being considered part of a liquid diet.
A: A liquid diet typically includes foods that are liquid at room temperature. (Score: 0.029022216796875, Parent: 0)

********** Step: 7 **********

A: A liquid diet typically includes foods that are liquid at room temperature.
Certain soups may contain solid pieces or chunks, which can disqualify them from being considered part of a liquid diet.
Some soups, like chunky vegetable soups or those with large pieces of meat, may not fit the criteria of a liquid diet.
A: A liquid diet typically includes foods that are liquid at room temperature.
Certain soups may contain solid pieces or chunks, which can disqualify them from being considered part of a liquid diet.
Some soups, like chunky vegetable soups or those with large pieces of meat, may not fit the criteria of a liquid diet.
A: A liquid diet typically includes foods that are liquid at room temperature. (Score: 0.0302886962890625, Parent: 0)

A: A liquid diet typically includes foods that are liquid at room temperature.
Certain soups may contain solid pieces or chunks, which can disqualify them from being considered part of a liquid diet.
Some soups, like chunky vegetable soups or those with large pieces of meat, may not fit the criteria of a liquid diet.
A: A liquid diet typically includes foods that are liquid at room temperature.
Certain soups may contain solid pieces or chunks, which can disqualify them from being considered part of a liquid diet.
Some soups, like chunky vegetable soups or those with large pieces of meat, may not fit the criteria of a liquid diet.
A: A liquid diet typically includes foods that are liquid at room temperature. (Score: 0.0302886962890625, Parent: 0)

********** Step: 8 **********

A: A liquid diet typically includes foods that are liquid at room temperature.
Certain soups may contain solid pieces or chunks, which can disqualify them from being considered part of a liquid diet.
Some soups, like chunky vegetable soups or those with large pieces of meat, may not fit the criteria of a liquid diet.
A: A liquid diet typically includes foods that are liquid at room temperature.
Certain soups may contain solid pieces or chunks, which can disqualify them from being considered part of a liquid diet.
Some soups, like chunky vegetable soups or those with large pieces of meat, may not fit the criteria of a liquid diet.
A: A liquid diet typically includes foods that are liquid at room temperature.
Certain soups may contain solid pieces or chunks, which can disqualify them from being considered part of a liquid diet. (Score: 0.0302886962890625, Parent: 0)

A: A liquid diet typically includes foods that are liquid at room temperature.
Certain soups may contain solid pieces or chunks, which can disqualify them from being considered part of a liquid diet.
Some soups, like chunky vegetable soups or those with large pieces of meat, may not fit the criteria of a liquid diet.
A: A liquid diet typically includes foods that are liquid at room temperature.
Certain soups may contain solid pieces or chunks, which can disqualify them from being considered part of a liquid diet.
Some soups, like chunky vegetable soups or those with large pieces of meat, may not fit the criteria of a liquid diet.
A: A liquid diet typically includes foods that are liquid at room temperature.
Certain soups may contain solid pieces or chunks, which can disqualify them from being considered part of a liquid diet. (Score: 0.0302886962890625, Parent: 1)

---------- FINAL ----------
step 8
A: A liquid diet typically includes foods that are liquid at room temperature.
Certain soups may contain solid pieces or chunks, which can disqualify them from being considered part of a liquid diet.
Some soups, like chunky vegetable soups or those with large pieces of meat, may not fit the criteria of a liquid diet.
A: A liquid diet typically includes foods that are liquid at room temperature.
Certain soups may contain solid pieces or chunks, which can disqualify them from being considered part of a liquid diet.
Some soups, like chunky vegetable soups or those with large pieces of meat, may not fit the criteria of a liquid diet.
A: A liquid diet typically includes foods that are liquid at room temperature.
Certain soups may contain solid pieces or chunks, which can disqualify them from being considered part of a liquid diet. (Score: 0.0302886962890625)

A: A liquid diet typically includes foods that are liquid at room temperature.
Certain soups may contain solid pieces or chunks, which can disqualify them from being considered part of a liquid diet.
Some soups, like chunky vegetable soups or those with large pieces of meat, may not fit the criteria of a liquid diet.
A: A liquid diet typically includes foods that are liquid at room temperature.
Certain soups may contain solid pieces or chunks, which can disqualify them from being considered part of a liquid diet.
Some soups, like chunky vegetable soups or those with large pieces of meat, may not fit the criteria of a liquid diet.
A: A liquid diet typically includes foods that are liquid at room temperature.
Certain soups may contain solid pieces or chunks, which can disqualify them from being considered part of a liquid diet. (Score: 0.0302886962890625)
tensor([[ 2349294982285078020,  5186473691253441227, -7788608451209447441,
          2349294982285078020,  5186473691253441227, -7788608451209447441,
          2349294982285078020,  5186473691253441227],
        [ 2349294982285078020,  5186473691253441227, -7788608451209447441,
          2349294982285078020,  5186473691253441227, -7788608451209447441,
          2349294982285078020,  5186473691253441227]])

====================
Q: Is breast cancer associated with a ribbon?


********** Step: 1 **********

A: Breast cancer awareness is represented by a pink ribbon. (Score: 0.0280914306640625, Parent: 0)

A: Breast cancer awareness is commonly represented by a pink ribbon. (Score: 0.027557373046875, Parent: 0)

********** Step: 2 **********

A: Breast cancer awareness is represented by a pink ribbon.
Breast cancer is a serious health issue affecting many individuals. (Score: 0.02850341796875, Parent: 0)

A: Breast cancer awareness is represented by a pink ribbon.
Breast cancer is a disease that affects many individuals worldwide. (Score: 0.0270538330078125, Parent: 0)

********** Step: 3 **********

A: Breast cancer awareness is represented by a pink ribbon.
Breast cancer is a serious health issue affecting many individuals.
The pink ribbon has become a universal symbol for breast cancer awareness and is used in various campaigns to promote awareness and support for those affected by the disease. (Score: 0.027801513671875, Parent: 0)

A: Breast cancer awareness is represented by a pink ribbon.
Breast cancer is a serious health issue affecting many individuals.
The pink ribbon is widely recognized as a symbol for breast cancer awareness. (Score: 0.0267486572265625, Parent: 0)

********** Step: 4 **********

A: Breast cancer awareness is represented by a pink ribbon.
Breast cancer is a serious health issue affecting many individuals.
The pink ribbon has become a universal symbol for breast cancer awareness and is used in various campaigns to promote awareness and support for those affected by the disease.
#### Yes. (Score: 0.0294342041015625, Parent: 0)

A: Breast cancer awareness is represented by a pink ribbon.
Breast cancer is a serious health issue affecting many individuals.
The pink ribbon has become a universal symbol for breast cancer awareness and is used in various campaigns to promote awareness and support for those affected by the disease.
#### Yes. (Score: 0.0294342041015625, Parent: 0)

********** Step: 5 **********

A: Breast cancer awareness is represented by a pink ribbon.
Breast cancer is a serious health issue affecting many individuals.
The pink ribbon has become a universal symbol for breast cancer awareness and is used in various campaigns to promote awareness and support for those affected by the disease.
#### Yes.
 (Score: 0.0294342041015625, Parent: 0)

A: Breast cancer awareness is represented by a pink ribbon.
Breast cancer is a serious health issue affecting many individuals.
The pink ribbon has become a universal symbol for breast cancer awareness and is used in various campaigns to promote awareness and support for those affected by the disease.
#### Yes.
 (Score: 0.0294342041015625, Parent: 1)

---------- FINAL ----------
step 5
A: Breast cancer awareness is represented by a pink ribbon.
Breast cancer is a serious health issue affecting many individuals.
The pink ribbon has become a universal symbol for breast cancer awareness and is used in various campaigns to promote awareness and support for those affected by the disease.
#### Yes.
 (Score: 0.0294342041015625)

A: Breast cancer awareness is represented by a pink ribbon.
Breast cancer is a serious health issue affecting many individuals.
The pink ribbon has become a universal symbol for breast cancer awareness and is used in various campaigns to promote awareness and support for those affected by the disease.
#### Yes.
 (Score: 0.0294342041015625)
tensor([[-2324869930790780494, -4125039061152894797, -5269036007892547393,
          4561152020451547241,                    0,                   -1,
                           -1,                   -1],
        [-2324869930790780494, -4125039061152894797, -5269036007892547393,
          4561152020451547241,                    0,                   -1,
                           -1,                   -1]])

====================
Q: Could Eddie Murphy dial 911 in a car as a young child?


********** Step: 1 **********

Eddie Murphy was born in 1961. (Score: 0.02972412109375, Parent: 0)

Eddie Murphy was born in 1961. (Score: 0.02972412109375, Parent: 0)

********** Step: 2 **********

Eddie Murphy was born in 1961.
He grew up in the 1960s and 1970s. (Score: 0.0297088623046875, Parent: 0)

Eddie Murphy was born in 1961.
As a child, Eddie Murphy would have been growing up in the 1960s and 1970s. (Score: 0.028717041015625, Parent: 0)

********** Step: 3 **********

Eddie Murphy was born in 1961.
He grew up in the 1960s and 1970s.
911 was established as an emergency number in the United States in 1968. (Score: 0.029693603515625, Parent: 0)

Eddie Murphy was born in 1961.
As a child, Eddie Murphy would have been growing up in the 1960s and 1970s.
In the 1960s and 1970s, the emergency number 911 was not widely used in the United States. (Score: 0.0290985107421875, Parent: 1)

********** Step: 4 **********

Eddie Murphy was born in 1961.
As a child, Eddie Murphy would have been growing up in the 1960s and 1970s.
In the 1960s and 1970s, the emergency number 911 was not widely used in the United States.
The number 911 became the national emergency number in the United States in 1968. (Score: 0.03033447265625, Parent: 1)

Eddie Murphy was born in 1961.
As a child, Eddie Murphy would have been growing up in the 1960s and 1970s.
In the 1960s and 1970s, the emergency number 911 was not widely used in the United States.
The 911 emergency number was established in the United States in 1968. (Score: 0.0296783447265625, Parent: 1)

********** Step: 5 **********

Eddie Murphy was born in 1961.
As a child, Eddie Murphy would have been growing up in the 1960s and 1970s.
In the 1960s and 1970s, the emergency number 911 was not widely used in the United States.
The number 911 became the national emergency number in the United States in 1968.
A: Eddie Murphy was born in 1961. (Score: 0.031036376953125, Parent: 0)

Eddie Murphy was born in 1961.
As a child, Eddie Murphy would have been growing up in the 1960s and 1970s.
In the 1960s and 1970s, the emergency number 911 was not widely used in the United States.
The 911 emergency number was established in the United States in 1968.
However, it did not become widely available until the 1970s, and even then, it was not universally implemented in all areas. (Score: 0.0293121337890625, Parent: 1)

********** Step: 6 **********

Eddie Murphy was born in 1961.
As a child, Eddie Murphy would have been growing up in the 1960s and 1970s.
In the 1960s and 1970s, the emergency number 911 was not widely used in the United States.
The number 911 became the national emergency number in the United States in 1968.
A: Eddie Murphy was born in 1961.
Eddie Murphy was born in 1961. (Score: 0.03076171875, Parent: 0)

Eddie Murphy was born in 1961.
As a child, Eddie Murphy would have been growing up in the 1960s and 1970s.
In the 1960s and 1970s, the emergency number 911 was not widely used in the United States.
The number 911 became the national emergency number in the United States in 1968.
A: Eddie Murphy was born in 1961.
A: Eddie Murphy was born in 1961. (Score: 0.0301666259765625, Parent: 0)

********** Step: 7 **********

Eddie Murphy was born in 1961.
As a child, Eddie Murphy would have been growing up in the 1960s and 1970s.
In the 1960s and 1970s, the emergency number 911 was not widely used in the United States.
The number 911 became the national emergency number in the United States in 1968.
A: Eddie Murphy was born in 1961.
Eddie Murphy was born in 1961.
A: Eddie Murphy was born in 1961. (Score: 0.03057861328125, Parent: 0)

Eddie Murphy was born in 1961.
As a child, Eddie Murphy would have been growing up in the 1960s and 1970s.
In the 1960s and 1970s, the emergency number 911 was not widely used in the United States.
The number 911 became the national emergency number in the United States in 1968.
A: Eddie Murphy was born in 1961.
Eddie Murphy was born in 1961.
A: Eddie Murphy was born in 1961. (Score: 0.03057861328125, Parent: 0)

********** Step: 8 **********

Eddie Murphy was born in 1961.
As a child, Eddie Murphy would have been growing up in the 1960s and 1970s.
In the 1960s and 1970s, the emergency number 911 was not widely used in the United States.
The number 911 became the national emergency number in the United States in 1968.
A: Eddie Murphy was born in 1961.
Eddie Murphy was born in 1961.
A: Eddie Murphy was born in 1961.
A: Eddie Murphy was born in 1961. (Score: 0.0308074951171875, Parent: 0)

Eddie Murphy was born in 1961.
As a child, Eddie Murphy would have been growing up in the 1960s and 1970s.
In the 1960s and 1970s, the emergency number 911 was not widely used in the United States.
The number 911 became the national emergency number in the United States in 1968.
A: Eddie Murphy was born in 1961.
Eddie Murphy was born in 1961.
A: Eddie Murphy was born in 1961.
A: Eddie Murphy was born in 1961. (Score: 0.0308074951171875, Parent: 1)

---------- FINAL ----------
step 8
Eddie Murphy was born in 1961.
As a child, Eddie Murphy would have been growing up in the 1960s and 1970s.
In the 1960s and 1970s, the emergency number 911 was not widely used in the United States.
The number 911 became the national emergency number in the United States in 1968.
A: Eddie Murphy was born in 1961.
Eddie Murphy was born in 1961.
A: Eddie Murphy was born in 1961.
A: Eddie Murphy was born in 1961. (Score: 0.0308074951171875)

Eddie Murphy was born in 1961.
As a child, Eddie Murphy would have been growing up in the 1960s and 1970s.
In the 1960s and 1970s, the emergency number 911 was not widely used in the United States.
The number 911 became the national emergency number in the United States in 1968.
A: Eddie Murphy was born in 1961.
Eddie Murphy was born in 1961.
A: Eddie Murphy was born in 1961.
A: Eddie Murphy was born in 1961. (Score: 0.0308074951171875)
tensor([[ 4094624339498018509,   175008366157898511, -6634716148457230211,
         -1814749135790684956,  4744191251211622392,  4094624339498018509,
          4744191251211622392,  4744191251211622392],
        [ 4094624339498018509,   175008366157898511, -6634716148457230211,
         -1814749135790684956,  4744191251211622392,  4094624339498018509,
          4744191251211622392,  4744191251211622392]])

====================
Q: Does Olympia Washington share name with Hephaestus's workshop location?


********** Step: 1 **********

Olympia is the capital city of Washington state in the United States. (Score: 0.02520751953125, Parent: 0)

Olympia is the capital city of Washington State in the United States. (Score: 0.025115966796875, Parent: 0)

********** Step: 2 **********

Olympia is the capital city of Washington state in the United States.
Hephaestus is a figure from Greek mythology known as the god of fire and craftsmanship. (Score: 0.02496337890625, Parent: 0)

Olympia is the capital city of Washington State in the United States.
Hephaestus is a figure from Greek mythology known as the god of fire and craftsmanship. (Score: 0.0247344970703125, Parent: 1)

********** Step: 3 **********

Olympia is the capital city of Washington State in the United States.
Hephaestus is a figure from Greek mythology known as the god of fire and craftsmanship.
In Greek mythology, Hephaestus is often associated with a workshop or forge located in a place called Olympus, which is the home of the gods. (Score: 0.025421142578125, Parent: 1)

Olympia is the capital city of Washington state in the United States.
Hephaestus is a figure from Greek mythology known as the god of fire and craftsmanship.
In Greek mythology, Hephaestus is associated with a workshop located in Olympus, where he crafted weapons and armor for the gods. (Score: 0.02496337890625, Parent: 0)

********** Step: 4 **********

Olympia is the capital city of Washington state in the United States.
Hephaestus is a figure from Greek mythology known as the god of fire and craftsmanship.
In Greek mythology, Hephaestus is associated with a workshop located in Olympus, where he crafted weapons and armor for the gods.
Olympia is often confused with Olympus due to their similar names, but they refer to different places. (Score: 0.0296478271484375, Parent: 1)

Olympia is the capital city of Washington state in the United States.
Hephaestus is a figure from Greek mythology known as the god of fire and craftsmanship.
In Greek mythology, Hephaestus is associated with a workshop located in Olympus, where he crafted weapons and armor for the gods.
Olympia and Olympus are similar in name but refer to different locations. (Score: 0.0285186767578125, Parent: 1)

********** Step: 5 **********

Olympia is the capital city of Washington state in the United States.
Hephaestus is a figure from Greek mythology known as the god of fire and craftsmanship.
In Greek mythology, Hephaestus is associated with a workshop located in Olympus, where he crafted weapons and armor for the gods.
Olympia is often confused with Olympus due to their similar names, but they refer to different places.
#### No. (Score: 0.030303955078125, Parent: 0)

Olympia is the capital city of Washington state in the United States.
Hephaestus is a figure from Greek mythology known as the god of fire and craftsmanship.
In Greek mythology, Hephaestus is associated with a workshop located in Olympus, where he crafted weapons and armor for the gods.
Olympia and Olympus are similar in name but refer to different locations.
#### No. (Score: 0.0290374755859375, Parent: 1)

********** Step: 6 **********

Olympia is the capital city of Washington state in the United States.
Hephaestus is a figure from Greek mythology known as the god of fire and craftsmanship.
In Greek mythology, Hephaestus is associated with a workshop located in Olympus, where he crafted weapons and armor for the gods.
Olympia is often confused with Olympus due to their similar names, but they refer to different places.
#### No.
 (Score: 0.030303955078125, Parent: 0)

Olympia is the capital city of Washington state in the United States.
Hephaestus is a figure from Greek mythology known as the god of fire and craftsmanship.
In Greek mythology, Hephaestus is associated with a workshop located in Olympus, where he crafted weapons and armor for the gods.
Olympia and Olympus are similar in name but refer to different locations.
#### No.
 (Score: 0.0290374755859375, Parent: 1)

---------- FINAL ----------
step 6
Olympia is the capital city of Washington state in the United States.
Hephaestus is a figure from Greek mythology known as the god of fire and craftsmanship.
In Greek mythology, Hephaestus is associated with a workshop located in Olympus, where he crafted weapons and armor for the gods.
Olympia is often confused with Olympus due to their similar names, but they refer to different places.
#### No.
 (Score: 0.030303955078125)

Olympia is the capital city of Washington state in the United States.
Hephaestus is a figure from Greek mythology known as the god of fire and craftsmanship.
In Greek mythology, Hephaestus is associated with a workshop located in Olympus, where he crafted weapons and armor for the gods.
Olympia and Olympus are similar in name but refer to different locations.
#### No.
 (Score: 0.0290374755859375)
tensor([[-1567930404387743524,  7984218562409957066, -7975736307132372558,
         -3102726644735815418,  8966992113970283751,                    0,
                           -1,                   -1],
        [-1567930404387743524,  7984218562409957066, -7975736307132372558,
          -276681878905437965,  8966992113970283751,                    0,
                           -1,                   -1]])

====================
Q: Would a Nike shoebox be too small to fit a swan in?


********** Step: 1 **********

A: A Nike shoebox is designed to hold a pair of shoes, typically measuring around 12 to 14 inches in length and about 6 to 8 inches in height. (Score: 0.0316162109375, Parent: 0)

A: A typical Nike shoebox is designed to hold a pair of shoes, usually measuring around 12 inches long, 8 inches wide, and 4-6 inches high. (Score: 0.0301971435546875, Parent: 0)

********** Step: 2 **********

A: A Nike shoebox is designed to hold a pair of shoes, typically measuring around 12 to 14 inches in length and about 6 to 8 inches in height.
A swan, on the other hand, is a large bird that can measure anywhere from 4 to 6 feet in length and can stand about 3 to 4 feet tall. (Score: 0.0310821533203125, Parent: 0)

A: A Nike shoebox is designed to hold a pair of shoes, typically measuring around 12 to 14 inches in length and about 6 to 8 inches in height.
A swan is a large bird, with adult swans typically measuring between 4 to 6 feet in length and standing around 3 to 4 feet tall. (Score: 0.030059814453125, Parent: 0)

********** Step: 3 **********

A: A Nike shoebox is designed to hold a pair of shoes, typically measuring around 12 to 14 inches in length and about 6 to 8 inches in height.
A swan, on the other hand, is a large bird that can measure anywhere from 4 to 6 feet in length and can stand about 3 to 4 feet tall.
To fit a swan in a shoebox, the dimensions of the shoebox must be larger than those of the swan. (Score: 0.03192138671875, Parent: 0)

A: A Nike shoebox is designed to hold a pair of shoes, typically measuring around 12 to 14 inches in length and about 6 to 8 inches in height.
A swan, on the other hand, is a large bird that can measure anywhere from 4 to 6 feet in length and can stand about 3 to 4 feet tall.
A: Given the dimensions of a Nike shoebox, it cannot accommodate an object that is 4 to 6 feet long and 3 to 4 feet tall. (Score: 0.03076171875, Parent: 0)

********** Step: 4 **********

A: A Nike shoebox is designed to hold a pair of shoes, typically measuring around 12 to 14 inches in length and about 6 to 8 inches in height.
A swan, on the other hand, is a large bird that can measure anywhere from 4 to 6 feet in length and can stand about 3 to 4 feet tall.
A: Given the dimensions of a Nike shoebox, it cannot accommodate an object that is 4 to 6 feet long and 3 to 4 feet tall.
#### No. (Score: 0.032440185546875, Parent: 1)

A: A Nike shoebox is designed to hold a pair of shoes, typically measuring around 12 to 14 inches in length and about 6 to 8 inches in height.
A swan, on the other hand, is a large bird that can measure anywhere from 4 to 6 feet in length and can stand about 3 to 4 feet tall.
A: Given the dimensions of a Nike shoebox, it cannot accommodate an object that is 4 to 6 feet long and 3 to 4 feet tall.
#### No. (Score: 0.032440185546875, Parent: 1)

********** Step: 5 **********

A: A Nike shoebox is designed to hold a pair of shoes, typically measuring around 12 to 14 inches in length and about 6 to 8 inches in height.
A swan, on the other hand, is a large bird that can measure anywhere from 4 to 6 feet in length and can stand about 3 to 4 feet tall.
A: Given the dimensions of a Nike shoebox, it cannot accommodate an object that is 4 to 6 feet long and 3 to 4 feet tall.
#### No.
 (Score: 0.032440185546875, Parent: 0)

A: A Nike shoebox is designed to hold a pair of shoes, typically measuring around 12 to 14 inches in length and about 6 to 8 inches in height.
A swan, on the other hand, is a large bird that can measure anywhere from 4 to 6 feet in length and can stand about 3 to 4 feet tall.
A: Given the dimensions of a Nike shoebox, it cannot accommodate an object that is 4 to 6 feet long and 3 to 4 feet tall.
#### No.
 (Score: 0.032440185546875, Parent: 1)

---------- FINAL ----------
step 5
A: A Nike shoebox is designed to hold a pair of shoes, typically measuring around 12 to 14 inches in length and about 6 to 8 inches in height.
A swan, on the other hand, is a large bird that can measure anywhere from 4 to 6 feet in length and can stand about 3 to 4 feet tall.
A: Given the dimensions of a Nike shoebox, it cannot accommodate an object that is 4 to 6 feet long and 3 to 4 feet tall.
#### No.
 (Score: 0.032440185546875)

A: A Nike shoebox is designed to hold a pair of shoes, typically measuring around 12 to 14 inches in length and about 6 to 8 inches in height.
A swan, on the other hand, is a large bird that can measure anywhere from 4 to 6 feet in length and can stand about 3 to 4 feet tall.
A: Given the dimensions of a Nike shoebox, it cannot accommodate an object that is 4 to 6 feet long and 3 to 4 feet tall.
#### No.
 (Score: 0.032440185546875)
tensor([[ -19182052737950748, 3898204105489314567, 4180011165672683512,
         8966992113970283751,                   0,                  -1,
                          -1,                  -1],
        [ -19182052737950748, 3898204105489314567, 4180011165672683512,
         8966992113970283751,                   0,                  -1,
                          -1,                  -1]])

====================
Q: Are all the elements plants need for photosynthesis present in atmosphere of Mars?


********** Step: 1 **********

Photosynthesis primarily requires sunlight, carbon dioxide, and water. (Score: 0.034759521484375, Parent: 0)

Photosynthesis requires several key elements: carbon dioxide, water, and sunlight. (Score: 0.032501220703125, Parent: 0)

********** Step: 2 **********

Photosynthesis primarily requires sunlight, carbon dioxide, and water.
Mars has a very thin atmosphere, composed mostly of carbon dioxide (about 95.3%). (Score: 0.0288848876953125, Parent: 0)

Photosynthesis requires several key elements: carbon dioxide, water, and sunlight.
Carbon dioxide is a critical component of photosynthesis, and Mars' atmosphere is primarily composed of carbon dioxide (about 95%). (Score: 0.028289794921875, Parent: 1)

********** Step: 3 **********

Photosynthesis requires several key elements: carbon dioxide, water, and sunlight.
Carbon dioxide is a critical component of photosynthesis, and Mars' atmosphere is primarily composed of carbon dioxide (about 95%).
Water is also necessary for photosynthesis, and while Mars has polar ice caps and some evidence of water, liquid water is scarce on the planet's surface. (Score: 0.0285491943359375, Parent: 1)

Photosynthesis requires several key elements: carbon dioxide, water, and sunlight.
Carbon dioxide is a critical component of photosynthesis, and Mars' atmosphere is primarily composed of carbon dioxide (about 95%).
However, Mars has very little water in its atmosphere, and any water present is mostly in the form of ice or vapor, not readily available for photosynthesis. (Score: 0.0283966064453125, Parent: 1)

********** Step: 4 **********

Photosynthesis requires several key elements: carbon dioxide, water, and sunlight.
Carbon dioxide is a critical component of photosynthesis, and Mars' atmosphere is primarily composed of carbon dioxide (about 95%).
However, Mars has very little water in its atmosphere, and any water present is mostly in the form of ice or vapor, not readily available for photosynthesis.
Additionally, sunlight does reach Mars, but the thin atmosphere can affect light intensity. (Score: 0.029266357421875, Parent: 1)

Photosynthesis requires several key elements: carbon dioxide, water, and sunlight.
Carbon dioxide is a critical component of photosynthesis, and Mars' atmosphere is primarily composed of carbon dioxide (about 95%).
However, Mars has very little water in its atmosphere, and any water present is mostly in the form of ice or vapor, not readily available for photosynthesis.
Additionally, sunlight does reach Mars, but the effectiveness of photosynthesis would be affected by the thin atmosphere and lower light levels compared to Earth. (Score: 0.0287322998046875, Parent: 1)

********** Step: 5 **********

Photosynthesis requires several key elements: carbon dioxide, water, and sunlight.
Carbon dioxide is a critical component of photosynthesis, and Mars' atmosphere is primarily composed of carbon dioxide (about 95%).
However, Mars has very little water in its atmosphere, and any water present is mostly in the form of ice or vapor, not readily available for photosynthesis.
Additionally, sunlight does reach Mars, but the thin atmosphere can affect light intensity.
#### No. (Score: 0.029754638671875, Parent: 0)

Photosynthesis requires several key elements: carbon dioxide, water, and sunlight.
Carbon dioxide is a critical component of photosynthesis, and Mars' atmosphere is primarily composed of carbon dioxide (about 95%).
However, Mars has very little water in its atmosphere, and any water present is mostly in the form of ice or vapor, not readily available for photosynthesis.
Additionally, sunlight does reach Mars, but the effectiveness of photosynthesis would be affected by the thin atmosphere and lower light levels compared to Earth.
#### No. (Score: 0.0295562744140625, Parent: 1)

********** Step: 6 **********

Photosynthesis requires several key elements: carbon dioxide, water, and sunlight.
Carbon dioxide is a critical component of photosynthesis, and Mars' atmosphere is primarily composed of carbon dioxide (about 95%).
However, Mars has very little water in its atmosphere, and any water present is mostly in the form of ice or vapor, not readily available for photosynthesis.
Additionally, sunlight does reach Mars, but the thin atmosphere can affect light intensity.
#### No.
 (Score: 0.029754638671875, Parent: 0)

Photosynthesis requires several key elements: carbon dioxide, water, and sunlight.
Carbon dioxide is a critical component of photosynthesis, and Mars' atmosphere is primarily composed of carbon dioxide (about 95%).
However, Mars has very little water in its atmosphere, and any water present is mostly in the form of ice or vapor, not readily available for photosynthesis.
Additionally, sunlight does reach Mars, but the effectiveness of photosynthesis would be affected by the thin atmosphere and lower light levels compared to Earth.
#### No.
 (Score: 0.0295562744140625, Parent: 1)

---------- FINAL ----------
step 6
Photosynthesis requires several key elements: carbon dioxide, water, and sunlight.
Carbon dioxide is a critical component of photosynthesis, and Mars' atmosphere is primarily composed of carbon dioxide (about 95%).
However, Mars has very little water in its atmosphere, and any water present is mostly in the form of ice or vapor, not readily available for photosynthesis.
Additionally, sunlight does reach Mars, but the thin atmosphere can affect light intensity.
#### No.
 (Score: 0.029754638671875)

Photosynthesis requires several key elements: carbon dioxide, water, and sunlight.
Carbon dioxide is a critical component of photosynthesis, and Mars' atmosphere is primarily composed of carbon dioxide (about 95%).
However, Mars has very little water in its atmosphere, and any water present is mostly in the form of ice or vapor, not readily available for photosynthesis.
Additionally, sunlight does reach Mars, but the effectiveness of photosynthesis would be affected by the thin atmosphere and lower light levels compared to Earth.
#### No.
 (Score: 0.0295562744140625)
tensor([[ 7529093333800129469,  2632782614350612354,  -675760195497447051,
          -263619046707707436,  8966992113970283751,                    0,
                           -1,                   -1],
        [ 7529093333800129469,  2632782614350612354,  -675760195497447051,
         -1448332094472282759,  8966992113970283751,                    0,
                           -1,                   -1]])

====================
Q: Could you make the kitchen 'holy trinity' without celery?


********** Step: 1 **********

The "holy trinity" in cooking, particularly in Cajun and Creole cuisine, typically consists of three key ingredients: onions, bell peppers, and celery. (Score: 0.0260162353515625, Parent: 0)

The "holy trinity" in cooking typically refers to a combination of three vegetables: onions, bell peppers, and celery. (Score: 0.0248870849609375, Parent: 0)

********** Step: 2 **********

The "holy trinity" in cooking, particularly in Cajun and Creole cuisine, typically consists of three key ingredients: onions, bell peppers, and celery.
To make the holy trinity, you need all three ingredients: onions, bell peppers, and celery. (Score: 0.02685546875, Parent: 0)

The "holy trinity" in cooking, particularly in Cajun and Creole cuisine, typically consists of three key ingredients: onions, bell peppers, and celery.
Celery is an essential component of the "holy trinity" along with onions and bell peppers. (Score: 0.0261077880859375, Parent: 0)

********** Step: 3 **********

The "holy trinity" in cooking, particularly in Cajun and Creole cuisine, typically consists of three key ingredients: onions, bell peppers, and celery.
To make the holy trinity, you need all three ingredients: onions, bell peppers, and celery.
If you omit celery, you would not have the complete holy trinity as defined in traditional recipes. (Score: 0.029022216796875, Parent: 0)

The "holy trinity" in cooking, particularly in Cajun and Creole cuisine, typically consists of three key ingredients: onions, bell peppers, and celery.
To make the holy trinity, you need all three ingredients: onions, bell peppers, and celery.
A: If you remove celery from the holy trinity, you no longer have the traditional holy trinity, as it specifically requires celery as one of the three ingredients. (Score: 0.0284881591796875, Parent: 0)

********** Step: 4 **********

The "holy trinity" in cooking, particularly in Cajun and Creole cuisine, typically consists of three key ingredients: onions, bell peppers, and celery.
To make the holy trinity, you need all three ingredients: onions, bell peppers, and celery.
A: If you remove celery from the holy trinity, you no longer have the traditional holy trinity, as it specifically requires celery as one of the three ingredients.
#### No. (Score: 0.0294952392578125, Parent: 1)

The "holy trinity" in cooking, particularly in Cajun and Creole cuisine, typically consists of three key ingredients: onions, bell peppers, and celery.
To make the holy trinity, you need all three ingredients: onions, bell peppers, and celery.
A: If you remove celery from the holy trinity, you no longer have the traditional holy trinity, as it specifically requires celery as one of the three ingredients.
#### No. (Score: 0.0294952392578125, Parent: 1)

********** Step: 5 **********

The "holy trinity" in cooking, particularly in Cajun and Creole cuisine, typically consists of three key ingredients: onions, bell peppers, and celery.
To make the holy trinity, you need all three ingredients: onions, bell peppers, and celery.
A: If you remove celery from the holy trinity, you no longer have the traditional holy trinity, as it specifically requires celery as one of the three ingredients.
#### No.
 (Score: 0.0294952392578125, Parent: 0)

The "holy trinity" in cooking, particularly in Cajun and Creole cuisine, typically consists of three key ingredients: onions, bell peppers, and celery.
To make the holy trinity, you need all three ingredients: onions, bell peppers, and celery.
A: If you remove celery from the holy trinity, you no longer have the traditional holy trinity, as it specifically requires celery as one of the three ingredients.
#### No.
 (Score: 0.0294952392578125, Parent: 1)

---------- FINAL ----------
step 5
The "holy trinity" in cooking, particularly in Cajun and Creole cuisine, typically consists of three key ingredients: onions, bell peppers, and celery.
To make the holy trinity, you need all three ingredients: onions, bell peppers, and celery.
A: If you remove celery from the holy trinity, you no longer have the traditional holy trinity, as it specifically requires celery as one of the three ingredients.
#### No.
 (Score: 0.0294952392578125)

The "holy trinity" in cooking, particularly in Cajun and Creole cuisine, typically consists of three key ingredients: onions, bell peppers, and celery.
To make the holy trinity, you need all three ingredients: onions, bell peppers, and celery.
A: If you remove celery from the holy trinity, you no longer have the traditional holy trinity, as it specifically requires celery as one of the three ingredients.
#### No.
 (Score: 0.0294952392578125)
tensor([[-7921337631362117887,  8882101872026854543,  -424224252257761141,
          8966992113970283751,                    0,                   -1,
                           -1,                   -1],
        [-7921337631362117887,  8882101872026854543,  -424224252257761141,
          8966992113970283751,                    0,                   -1,
                           -1,                   -1]])

====================
Q: Is Garfield known for hating italian cuisine?


********** Step: 1 **********

Garfield is a fictional cat created by Jim Davis. (Score: 0.037445068359375, Parent: 0)

Garfield is a fictional cat created by Jim Davis. (Score: 0.037445068359375, Parent: 0)

********** Step: 2 **********

Garfield is a fictional cat created by Jim Davis.
Garfield is known for being a lazy and gluttonous cat. (Score: 0.03411865234375, Parent: 1)

Garfield is a fictional cat created by Jim Davis.
Garfield is known for his love of food, particularly lasagna. (Score: 0.02978515625, Parent: 1)

********** Step: 3 **********

Garfield is a fictional cat created by Jim Davis.
Garfield is known for his love of food, particularly lasagna.
Garfield often expresses disdain for diets and healthy foods, favoring his beloved lasagna instead. (Score: 0.0289306640625, Parent: 1)

Garfield is a fictional cat created by Jim Davis.
Garfield is known for his love of food, particularly lasagna.
Garfield's favorite food is lasagna, which is an Italian dish. (Score: 0.0276336669921875, Parent: 1)

********** Step: 4 **********

Garfield is a fictional cat created by Jim Davis.
Garfield is known for his love of food, particularly lasagna.
Garfield's favorite food is lasagna, which is an Italian dish.
Garfield is not known for hating Italian cuisine; in fact, he loves it. (Score: 0.0281524658203125, Parent: 1)

Garfield is a fictional cat created by Jim Davis.
Garfield is known for his love of food, particularly lasagna.
Garfield often expresses disdain for diets and healthy foods, favoring his beloved lasagna instead.
Garfield's favorite food is lasagna, which is an Italian dish. (Score: 0.0277252197265625, Parent: 0)

********** Step: 5 **********

Garfield is a fictional cat created by Jim Davis.
Garfield is known for his love of food, particularly lasagna.
Garfield often expresses disdain for diets and healthy foods, favoring his beloved lasagna instead.
Garfield's favorite food is lasagna, which is an Italian dish.
Garfield is a fictional cat created by Jim Davis. (Score: 0.02862548828125, Parent: 1)

Garfield is a fictional cat created by Jim Davis.
Garfield is known for his love of food, particularly lasagna.
Garfield's favorite food is lasagna, which is an Italian dish.
Garfield is not known for hating Italian cuisine; in fact, he loves it.
#### No. (Score: 0.0279693603515625, Parent: 0)

********** Step: 6 **********

Garfield is a fictional cat created by Jim Davis.
Garfield is known for his love of food, particularly lasagna.
Garfield's favorite food is lasagna, which is an Italian dish.
Garfield is not known for hating Italian cuisine; in fact, he loves it.
#### No.
 (Score: 0.0279693603515625, Parent: 1)

Garfield is a fictional cat created by Jim Davis.
Garfield is known for his love of food, particularly lasagna.
Garfield often expresses disdain for diets and healthy foods, favoring his beloved lasagna instead.
Garfield's favorite food is lasagna, which is an Italian dish.
Garfield is a fictional cat created by Jim Davis.
A: Garfield is a fictional cat created by Jim Davis. (Score: 0.026763916015625, Parent: 0)

********** Step: 7 **********

Garfield is a fictional cat created by Jim Davis.
Garfield is known for his love of food, particularly lasagna.
Garfield's favorite food is lasagna, which is an Italian dish.
Garfield is not known for hating Italian cuisine; in fact, he loves it.
#### No.

 (Score: 0.0279693603515625, Parent: 0)

Garfield is a fictional cat created by Jim Davis.
Garfield is known for his love of food, particularly lasagna.
Garfield often expresses disdain for diets and healthy foods, favoring his beloved lasagna instead.
Garfield's favorite food is lasagna, which is an Italian dish.
Garfield is a fictional cat created by Jim Davis.
A: Garfield is a fictional cat created by Jim Davis.
Garfield is known for his love of food, particularly lasagna. (Score: 0.0277099609375, Parent: 1)

********** Step: 8 **********

Garfield is a fictional cat created by Jim Davis.
Garfield is known for his love of food, particularly lasagna.
Garfield often expresses disdain for diets and healthy foods, favoring his beloved lasagna instead.
Garfield's favorite food is lasagna, which is an Italian dish.
Garfield is a fictional cat created by Jim Davis.
A: Garfield is a fictional cat created by Jim Davis.
Garfield is known for his love of food, particularly lasagna.
Garfield often expresses disdain for diets and healthy foods, favoring his beloved lasagna instead. (Score: 0.0290985107421875, Parent: 1)

Garfield is a fictional cat created by Jim Davis.
Garfield is known for his love of food, particularly lasagna.
Garfield's favorite food is lasagna, which is an Italian dish.
Garfield is not known for hating Italian cuisine; in fact, he loves it.
#### No.


 (Score: 0.0279693603515625, Parent: 0)

---------- FINAL ----------
step 8
Garfield is a fictional cat created by Jim Davis.
Garfield is known for his love of food, particularly lasagna.
Garfield often expresses disdain for diets and healthy foods, favoring his beloved lasagna instead.
Garfield's favorite food is lasagna, which is an Italian dish.
Garfield is a fictional cat created by Jim Davis.
A: Garfield is a fictional cat created by Jim Davis.
Garfield is known for his love of food, particularly lasagna.
Garfield often expresses disdain for diets and healthy foods, favoring his beloved lasagna instead. (Score: 0.0290985107421875)

Garfield is a fictional cat created by Jim Davis.
Garfield is known for his love of food, particularly lasagna.
Garfield's favorite food is lasagna, which is an Italian dish.
Garfield is not known for hating Italian cuisine; in fact, he loves it.
#### No.


 (Score: 0.0279693603515625)
tensor([[-7861525097682276392,   226820094736587938, -9134553484909573987,
         -5529718793962360408, -7861525097682276392,  -208313427557175268,
           226820094736587938, -9134553484909573987],
        [-7861525097682276392,   226820094736587938, -5529718793962360408,
         -2386544106495226513,  8966992113970283751,                    0,
                            0,                    0]])

====================
Q: Did Jack Dempsey fight the current WBC heavyweight champion?


********** Step: 1 **********

Jack Dempsey was a professional boxer who fought in the early 20th century. (Score: 0.03802490234375, Parent: 0)

Jack Dempsey was a famous American professional boxer who competed from 1914 to 1927. (Score: 0.03778076171875, Parent: 0)

********** Step: 2 **********

Jack Dempsey was a famous American professional boxer who competed from 1914 to 1927.
Jack Dempsey's boxing career ended in 1927. (Score: 0.0303802490234375, Parent: 1)

Jack Dempsey was a professional boxer who fought in the early 20th century.
Jack Dempsey was active primarily from the 1910s to the 1920s. (Score: 0.029876708984375, Parent: 0)

********** Step: 3 **********

Jack Dempsey was a famous American professional boxer who competed from 1914 to 1927.
Jack Dempsey's boxing career ended in 1927.
The current WBC heavyweight champion as of my last knowledge update is Tyson Fury, who began his professional career in 2008. (Score: 0.0282135009765625, Parent: 0)

Jack Dempsey was a famous American professional boxer who competed from 1914 to 1927.
Jack Dempsey's boxing career ended in 1927.
The current WBC heavyweight champion, as of October 2023, is Tyson Fury. (Score: 0.027435302734375, Parent: 0)

********** Step: 4 **********

Jack Dempsey was a famous American professional boxer who competed from 1914 to 1927.
Jack Dempsey's boxing career ended in 1927.
The current WBC heavyweight champion as of my last knowledge update is Tyson Fury, who began his professional career in 2008.
Jack Dempsey was a famous American professional boxer who competed from 1914 to 1927. (Score: 0.0294189453125, Parent: 0)

Jack Dempsey was a famous American professional boxer who competed from 1914 to 1927.
Jack Dempsey's boxing career ended in 1927.
The current WBC heavyweight champion as of my last knowledge update is Tyson Fury, who began his professional career in 2008.
A: Jack Dempsey was a famous American professional boxer who competed from 1914 to 1927. (Score: 0.028656005859375, Parent: 0)

********** Step: 5 **********

Jack Dempsey was a famous American professional boxer who competed from 1914 to 1927.
Jack Dempsey's boxing career ended in 1927.
The current WBC heavyweight champion as of my last knowledge update is Tyson Fury, who began his professional career in 2008.
A: Jack Dempsey was a famous American professional boxer who competed from 1914 to 1927.
A: Jack Dempsey was a famous American professional boxer who competed from 1914 to 1927. (Score: 0.0287322998046875, Parent: 1)

Jack Dempsey was a famous American professional boxer who competed from 1914 to 1927.
Jack Dempsey's boxing career ended in 1927.
The current WBC heavyweight champion as of my last knowledge update is Tyson Fury, who began his professional career in 2008.
A: Jack Dempsey was a famous American professional boxer who competed from 1914 to 1927.
Jack Dempsey's boxing career ended in 1927. (Score: 0.028594970703125, Parent: 1)

********** Step: 6 **********

Jack Dempsey was a famous American professional boxer who competed from 1914 to 1927.
Jack Dempsey's boxing career ended in 1927.
The current WBC heavyweight champion as of my last knowledge update is Tyson Fury, who began his professional career in 2008.
A: Jack Dempsey was a famous American professional boxer who competed from 1914 to 1927.
Jack Dempsey's boxing career ended in 1927.
The current WBC heavyweight champion as of my last knowledge update is Tyson Fury, who began his professional career in 2008. (Score: 0.03131103515625, Parent: 1)

Jack Dempsey was a famous American professional boxer who competed from 1914 to 1927.
Jack Dempsey's boxing career ended in 1927.
The current WBC heavyweight champion as of my last knowledge update is Tyson Fury, who began his professional career in 2008.
A: Jack Dempsey was a famous American professional boxer who competed from 1914 to 1927.
Jack Dempsey's boxing career ended in 1927.
The current WBC heavyweight champion as of my last knowledge update is Tyson Fury, who began his professional career in 2008. Therefore, it is impossible for Jack Dempsey, who retired in 1927, to have fought Tyson Fury. (Score: 0.029632568359375, Parent: 1)

********** Step: 7 **********

Jack Dempsey was a famous American professional boxer who competed from 1914 to 1927.
Jack Dempsey's boxing career ended in 1927.
The current WBC heavyweight champion as of my last knowledge update is Tyson Fury, who began his professional career in 2008.
A: Jack Dempsey was a famous American professional boxer who competed from 1914 to 1927.
Jack Dempsey's boxing career ended in 1927.
The current WBC heavyweight champion as of my last knowledge update is Tyson Fury, who began his professional career in 2008.
A: Jack Dempsey was a famous American professional boxer who competed from 1914 to 1927. (Score: 0.03155517578125, Parent: 0)

Jack Dempsey was a famous American professional boxer who competed from 1914 to 1927.
Jack Dempsey's boxing career ended in 1927.
The current WBC heavyweight champion as of my last knowledge update is Tyson Fury, who began his professional career in 2008.
A: Jack Dempsey was a famous American professional boxer who competed from 1914 to 1927.
Jack Dempsey's boxing career ended in 1927.
The current WBC heavyweight champion as of my last knowledge update is Tyson Fury, who began his professional career in 2008.
Jack Dempsey was a famous American professional boxer who competed from 1914 to 1927. (Score: 0.0308990478515625, Parent: 0)

********** Step: 8 **********

Jack Dempsey was a famous American professional boxer who competed from 1914 to 1927.
Jack Dempsey's boxing career ended in 1927.
The current WBC heavyweight champion as of my last knowledge update is Tyson Fury, who began his professional career in 2008.
A: Jack Dempsey was a famous American professional boxer who competed from 1914 to 1927.
Jack Dempsey's boxing career ended in 1927.
The current WBC heavyweight champion as of my last knowledge update is Tyson Fury, who began his professional career in 2008.
A: Jack Dempsey was a famous American professional boxer who competed from 1914 to 1927.
Jack Dempsey's boxing career ended in 1927. (Score: 0.03131103515625, Parent: 0)

Jack Dempsey was a famous American professional boxer who competed from 1914 to 1927.
Jack Dempsey's boxing career ended in 1927.
The current WBC heavyweight champion as of my last knowledge update is Tyson Fury, who began his professional career in 2008.
A: Jack Dempsey was a famous American professional boxer who competed from 1914 to 1927.
Jack Dempsey's boxing career ended in 1927.
The current WBC heavyweight champion as of my last knowledge update is Tyson Fury, who began his professional career in 2008.
A: Jack Dempsey was a famous American professional boxer who competed from 1914 to 1927.
A: Jack Dempsey was a famous American professional boxer who competed from 1914 to 1927. (Score: 0.031097412109375, Parent: 0)

---------- FINAL ----------
step 8
Jack Dempsey was a famous American professional boxer who competed from 1914 to 1927.
Jack Dempsey's boxing career ended in 1927.
The current WBC heavyweight champion as of my last knowledge update is Tyson Fury, who began his professional career in 2008.
A: Jack Dempsey was a famous American professional boxer who competed from 1914 to 1927.
Jack Dempsey's boxing career ended in 1927.
The current WBC heavyweight champion as of my last knowledge update is Tyson Fury, who began his professional career in 2008.
A: Jack Dempsey was a famous American professional boxer who competed from 1914 to 1927.
Jack Dempsey's boxing career ended in 1927. (Score: 0.03131103515625)

Jack Dempsey was a famous American professional boxer who competed from 1914 to 1927.
Jack Dempsey's boxing career ended in 1927.
The current WBC heavyweight champion as of my last knowledge update is Tyson Fury, who began his professional career in 2008.
A: Jack Dempsey was a famous American professional boxer who competed from 1914 to 1927.
Jack Dempsey's boxing career ended in 1927.
The current WBC heavyweight champion as of my last knowledge update is Tyson Fury, who began his professional career in 2008.
A: Jack Dempsey was a famous American professional boxer who competed from 1914 to 1927.
A: Jack Dempsey was a famous American professional boxer who competed from 1914 to 1927. (Score: 0.031097412109375)
tensor([[-6562872467253258475,  3564814865255399555,  8237473990347857971,
         -3569054256578570176,  3564814865255399555,  8237473990347857971,
         -3569054256578570176,  3564814865255399555],
        [-6562872467253258475,  3564814865255399555,  8237473990347857971,
         -3569054256578570176,  3564814865255399555,  8237473990347857971,
         -3569054256578570176, -3569054256578570176]])

====================
Q: Can Spartina Patens thrive in the Sahara Desert?


********** Step: 1 **********

Spartina Patens, commonly known as salt marsh cordgrass, typically grows in coastal regions and salt marshes. (Score: 0.032257080078125, Parent: 0)

Spartina Patens is a species of cordgrass that typically grows in coastal wetlands and salt marshes. (Score: 0.0306549072265625, Parent: 0)

********** Step: 2 **********

Spartina Patens, commonly known as salt marsh cordgrass, typically grows in coastal regions and salt marshes.
It is a species adapted to wet, saline environments. (Score: 0.0307769775390625, Parent: 0)

Spartina Patens, commonly known as salt marsh cordgrass, typically grows in coastal regions and salt marshes.
It is adapted to saline environments and is found in areas that are periodically flooded by tides. (Score: 0.0299835205078125, Parent: 0)

********** Step: 3 **********

Spartina Patens, commonly known as salt marsh cordgrass, typically grows in coastal regions and salt marshes.
It is adapted to saline environments and is found in areas that are periodically flooded by tides.
It requires specific conditions such as brackish water and is not suited for arid environments. (Score: 0.0298309326171875, Parent: 1)

Spartina Patens, commonly known as salt marsh cordgrass, typically grows in coastal regions and salt marshes.
It is a species adapted to wet, saline environments.
Spartina Patens is not suited for arid environments like the Sahara Desert. (Score: 0.0280303955078125, Parent: 0)

********** Step: 4 **********

Spartina Patens, commonly known as salt marsh cordgrass, typically grows in coastal regions and salt marshes.
It is adapted to saline environments and is found in areas that are periodically flooded by tides.
It requires specific conditions such as brackish water and is not suited for arid environments.
#### No. (Score: 0.0299835205078125, Parent: 0)

Spartina Patens, commonly known as salt marsh cordgrass, typically grows in coastal regions and salt marshes.
It is a species adapted to wet, saline environments.
Spartina Patens is not suited for arid environments like the Sahara Desert.
#### No. (Score: 0.0293121337890625, Parent: 1)

********** Step: 5 **********

Spartina Patens, commonly known as salt marsh cordgrass, typically grows in coastal regions and salt marshes.
It is adapted to saline environments and is found in areas that are periodically flooded by tides.
It requires specific conditions such as brackish water and is not suited for arid environments.
#### No.
 (Score: 0.0299835205078125, Parent: 0)

Spartina Patens, commonly known as salt marsh cordgrass, typically grows in coastal regions and salt marshes.
It is a species adapted to wet, saline environments.
Spartina Patens is not suited for arid environments like the Sahara Desert.
#### No.
 (Score: 0.0293121337890625, Parent: 1)

---------- FINAL ----------
step 5
Spartina Patens, commonly known as salt marsh cordgrass, typically grows in coastal regions and salt marshes.
It is adapted to saline environments and is found in areas that are periodically flooded by tides.
It requires specific conditions such as brackish water and is not suited for arid environments.
#### No.
 (Score: 0.0299835205078125)

Spartina Patens, commonly known as salt marsh cordgrass, typically grows in coastal regions and salt marshes.
It is a species adapted to wet, saline environments.
Spartina Patens is not suited for arid environments like the Sahara Desert.
#### No.
 (Score: 0.0293121337890625)
tensor([[ -933887701423179217, -4807539743530940648,   489003278356905440,
          8966992113970283751,                    0,                   -1,
                           -1,                   -1],
        [ -933887701423179217,  5429511582574033181,  4310725127234436409,
          8966992113970283751,                    0,                   -1,
                           -1,                   -1]])

====================
Q: Does meat from cows fed only grass taste more like wild game?


********** Step: 1 **********

A: Meat from cows that are exclusively grass-fed is often described as having a different flavor profile compared to grain-fed beef. (Score: 0.0281524658203125, Parent: 0)

A: The taste of meat can be influenced by the diet of the animal. (Score: 0.0280914306640625, Parent: 0)

********** Step: 2 **********

A: Meat from cows that are exclusively grass-fed is often described as having a different flavor profile compared to grain-fed beef.
Grass-fed beef tends to have a more pronounced, earthy flavor that some people liken to wild game. (Score: 0.0297393798828125, Parent: 0)

A: The taste of meat can be influenced by the diet of the animal.
Grass-fed cows typically have a different flavor profile compared to grain-fed cows. (Score: 0.029052734375, Parent: 1)

********** Step: 3 **********

A: The taste of meat can be influenced by the diet of the animal.
Grass-fed cows typically have a different flavor profile compared to grain-fed cows.
Grass-fed beef is often described as having a more gamey and earthy flavor, which some people associate with wild game. (Score: 0.0305023193359375, Parent: 1)

A: Meat from cows that are exclusively grass-fed is often described as having a different flavor profile compared to grain-fed beef.
Grass-fed beef tends to have a more pronounced, earthy flavor that some people liken to wild game.
To compare the taste of meat from grass-fed cows to that of wild game, we need to analyze several factors. (Score: 0.0300750732421875, Parent: 0)

********** Step: 4 **********

A: Meat from cows that are exclusively grass-fed is often described as having a different flavor profile compared to grain-fed beef.
Grass-fed beef tends to have a more pronounced, earthy flavor that some people liken to wild game.
To compare the taste of meat from grass-fed cows to that of wild game, we need to analyze several factors.
First, we consider the diet of the cows. (Score: 0.0299835205078125, Parent: 1)

A: Meat from cows that are exclusively grass-fed is often described as having a different flavor profile compared to grain-fed beef.
Grass-fed beef tends to have a more pronounced, earthy flavor that some people liken to wild game.
To compare the taste of meat from grass-fed cows to that of wild game, we need to analyze several factors.
1. Grass-fed cattle are raised on a diet of grass and forage, which can affect the meat's flavor. (Score: 0.02960205078125, Parent: 1)

********** Step: 5 **********

A: Meat from cows that are exclusively grass-fed is often described as having a different flavor profile compared to grain-fed beef.
Grass-fed beef tends to have a more pronounced, earthy flavor that some people liken to wild game.
To compare the taste of meat from grass-fed cows to that of wild game, we need to analyze several factors.
1. Grass-fed cattle are raised on a diet of grass and forage, which can affect the meat's flavor.
2. Wild game animals, such as deer or elk, have diets that vary greatly depending on their environment, which can also influence their flavor. (Score: 0.030364990234375, Parent: 1)

A: Meat from cows that are exclusively grass-fed is often described as having a different flavor profile compared to grain-fed beef.
Grass-fed beef tends to have a more pronounced, earthy flavor that some people liken to wild game.
To compare the taste of meat from grass-fed cows to that of wild game, we need to analyze several factors.
First, we consider the diet of the cows.
Grass-fed cows eat a natural diet consisting solely of grass and forage. (Score: 0.03033447265625, Parent: 0)

********** Step: 6 **********

A: Meat from cows that are exclusively grass-fed is often described as having a different flavor profile compared to grain-fed beef.
Grass-fed beef tends to have a more pronounced, earthy flavor that some people liken to wild game.
To compare the taste of meat from grass-fed cows to that of wild game, we need to analyze several factors.
1. Grass-fed cattle are raised on a diet of grass and forage, which can affect the meat's flavor.
2. Wild game animals, such as deer or elk, have diets that vary greatly depending on their environment, which can also influence their flavor.
3. The flavor of meat can be influenced by the animal's diet, age, and the way it is processed or cooked. (Score: 0.0300140380859375, Parent: 0)

A: Meat from cows that are exclusively grass-fed is often described as having a different flavor profile compared to grain-fed beef.
Grass-fed beef tends to have a more pronounced, earthy flavor that some people liken to wild game.
To compare the taste of meat from grass-fed cows to that of wild game, we need to analyze several factors.
1. Grass-fed cattle are raised on a diet of grass and forage, which can affect the meat's flavor.
2. Wild game animals, such as deer or elk, have diets that vary greatly depending on their environment, which can also influence their flavor.
3. The flavor of meat is influenced by the animal's diet, lifestyle, and the fat content in the meat. (Score: 0.029815673828125, Parent: 0)

********** Step: 7 **********

A: Meat from cows that are exclusively grass-fed is often described as having a different flavor profile compared to grain-fed beef.
Grass-fed beef tends to have a more pronounced, earthy flavor that some people liken to wild game.
To compare the taste of meat from grass-fed cows to that of wild game, we need to analyze several factors.
1. Grass-fed cattle are raised on a diet of grass and forage, which can affect the meat's flavor.
2. Wild game animals, such as deer or elk, have diets that vary greatly depending on their environment, which can also influence their flavor.
3. The flavor of meat can be influenced by the animal's diet, age, and the way it is processed or cooked.
A: The comparison between grass-fed beef and wild game involves understanding the unique characteristics of each type of meat. (Score: 0.0301055908203125, Parent: 0)

A: Meat from cows that are exclusively grass-fed is often described as having a different flavor profile compared to grain-fed beef.
Grass-fed beef tends to have a more pronounced, earthy flavor that some people liken to wild game.
To compare the taste of meat from grass-fed cows to that of wild game, we need to analyze several factors.
1. Grass-fed cattle are raised on a diet of grass and forage, which can affect the meat's flavor.
2. Wild game animals, such as deer or elk, have diets that vary greatly depending on their environment, which can also influence their flavor.
3. The flavor of meat can be influenced by the animal's diet, age, and the way it is processed or cooked.
A: Many people perceive grass-fed beef as having a taste that is closer to that of wild game compared to grain-fed beef. (Score: 0.0298004150390625, Parent: 0)

********** Step: 8 **********

A: Meat from cows that are exclusively grass-fed is often described as having a different flavor profile compared to grain-fed beef.
Grass-fed beef tends to have a more pronounced, earthy flavor that some people liken to wild game.
To compare the taste of meat from grass-fed cows to that of wild game, we need to analyze several factors.
1. Grass-fed cattle are raised on a diet of grass and forage, which can affect the meat's flavor.
2. Wild game animals, such as deer or elk, have diets that vary greatly depending on their environment, which can also influence their flavor.
3. The flavor of meat can be influenced by the animal's diet, age, and the way it is processed or cooked.
A: The comparison between grass-fed beef and wild game involves understanding the unique characteristics of each type of meat.
1. Grass-fed beef is often noted for its distinct taste, which differs from grain-fed beef. (Score: 0.031402587890625, Parent: 0)

A: Meat from cows that are exclusively grass-fed is often described as having a different flavor profile compared to grain-fed beef.
Grass-fed beef tends to have a more pronounced, earthy flavor that some people liken to wild game.
To compare the taste of meat from grass-fed cows to that of wild game, we need to analyze several factors.
1. Grass-fed cattle are raised on a diet of grass and forage, which can affect the meat's flavor.
2. Wild game animals, such as deer or elk, have diets that vary greatly depending on their environment, which can also influence their flavor.
3. The flavor of meat can be influenced by the animal's diet, age, and the way it is processed or cooked.
A: Many people perceive grass-fed beef as having a taste that is closer to that of wild game compared to grain-fed beef.
To determine if meat from cows fed only grass tastes more like wild game, we need to break down the elements involved in taste perception and the diets of the animals. (Score: 0.030181884765625, Parent: 1)

---------- FINAL ----------
step 8
A: Meat from cows that are exclusively grass-fed is often described as having a different flavor profile compared to grain-fed beef.
Grass-fed beef tends to have a more pronounced, earthy flavor that some people liken to wild game.
To compare the taste of meat from grass-fed cows to that of wild game, we need to analyze several factors.
1. Grass-fed cattle are raised on a diet of grass and forage, which can affect the meat's flavor.
2. Wild game animals, such as deer or elk, have diets that vary greatly depending on their environment, which can also influence their flavor.
3. The flavor of meat can be influenced by the animal's diet, age, and the way it is processed or cooked.
A: The comparison between grass-fed beef and wild game involves understanding the unique characteristics of each type of meat.
1. Grass-fed beef is often noted for its distinct taste, which differs from grain-fed beef. (Score: 0.031402587890625)

A: Meat from cows that are exclusively grass-fed is often described as having a different flavor profile compared to grain-fed beef.
Grass-fed beef tends to have a more pronounced, earthy flavor that some people liken to wild game.
To compare the taste of meat from grass-fed cows to that of wild game, we need to analyze several factors.
1. Grass-fed cattle are raised on a diet of grass and forage, which can affect the meat's flavor.
2. Wild game animals, such as deer or elk, have diets that vary greatly depending on their environment, which can also influence their flavor.
3. The flavor of meat can be influenced by the animal's diet, age, and the way it is processed or cooked.
A: Many people perceive grass-fed beef as having a taste that is closer to that of wild game compared to grain-fed beef.
To determine if meat from cows fed only grass tastes more like wild game, we need to break down the elements involved in taste perception and the diets of the animals. (Score: 0.030181884765625)
tensor([[  430533356099333348,  2665156668871504114,  8617605655106836058,
          5276161337845685397, -7660338690008004025,  4885685999043555095,
          1539297230775301058,  6994405008447044786],
        [  430533356099333348,  2665156668871504114,  8617605655106836058,
          5276161337845685397, -7660338690008004025,  4885685999043555095,
         -1798561931594930422,  5313762556490144039]])

====================
Q: Is popular science used to peer review papers?


********** Step: 1 **********

Popular science is a genre of writing that communicates scientific concepts to a general audience. (Score: 0.0256195068359375, Parent: 0)

Popular science refers to the dissemination of scientific ideas and findings to a general audience. (Score: 0.0250091552734375, Parent: 0)

********** Step: 2 **********

Popular science is a genre of writing that communicates scientific concepts to a general audience.
It is typically not used as a formal method for peer reviewing academic papers. (Score: 0.02496337890625, Parent: 0)

Popular science is a genre of writing that communicates scientific concepts to a general audience.
Peer review is a process used in academic and scientific publishing to evaluate the quality and validity of research papers before they are published. (Score: 0.02484130859375, Parent: 0)

********** Step: 3 **********

Popular science is a genre of writing that communicates scientific concepts to a general audience.
It is typically not used as a formal method for peer reviewing academic papers.
Peer review is a process in which experts in the field evaluate academic papers before publication. (Score: 0.024749755859375, Parent: 0)

Popular science is a genre of writing that communicates scientific concepts to a general audience.
It is typically not used as a formal method for peer reviewing academic papers.
Peer review is a process where experts in a field evaluate the quality and validity of a research paper before it is published in an academic journal. (Score: 0.02398681640625, Parent: 0)

********** Step: 4 **********

Popular science is a genre of writing that communicates scientific concepts to a general audience.
It is typically not used as a formal method for peer reviewing academic papers.
Peer review is a process where experts in a field evaluate the quality and validity of a research paper before it is published in an academic journal.
A: Peer review is a critical part of academic publishing and relies on expert evaluation, not popular science communication. (Score: 0.0242919921875, Parent: 1)

Popular science is a genre of writing that communicates scientific concepts to a general audience.
It is typically not used as a formal method for peer reviewing academic papers.
Peer review is a process in which experts in the field evaluate academic papers before publication.
A: Popular science is a genre of writing that communicates scientific concepts to a general audience. (Score: 0.023162841796875, Parent: 0)

********** Step: 5 **********

Popular science is a genre of writing that communicates scientific concepts to a general audience.
It is typically not used as a formal method for peer reviewing academic papers.
Peer review is a process where experts in a field evaluate the quality and validity of a research paper before it is published in an academic journal.
A: Peer review is a critical part of academic publishing and relies on expert evaluation, not popular science communication.
#### No. (Score: 0.02490234375, Parent: 0)

Popular science is a genre of writing that communicates scientific concepts to a general audience.
It is typically not used as a formal method for peer reviewing academic papers.
Peer review is a process where experts in a field evaluate the quality and validity of a research paper before it is published in an academic journal.
A: Peer review is a critical part of academic publishing and relies on expert evaluation, not popular science communication.
#### No. (Score: 0.02490234375, Parent: 0)

********** Step: 6 **********

Popular science is a genre of writing that communicates scientific concepts to a general audience.
It is typically not used as a formal method for peer reviewing academic papers.
Peer review is a process where experts in a field evaluate the quality and validity of a research paper before it is published in an academic journal.
A: Peer review is a critical part of academic publishing and relies on expert evaluation, not popular science communication.
#### No.
 (Score: 0.02490234375, Parent: 0)

Popular science is a genre of writing that communicates scientific concepts to a general audience.
It is typically not used as a formal method for peer reviewing academic papers.
Peer review is a process where experts in a field evaluate the quality and validity of a research paper before it is published in an academic journal.
A: Peer review is a critical part of academic publishing and relies on expert evaluation, not popular science communication.
#### No.
 (Score: 0.02490234375, Parent: 1)

---------- FINAL ----------
step 6
Popular science is a genre of writing that communicates scientific concepts to a general audience.
It is typically not used as a formal method for peer reviewing academic papers.
Peer review is a process where experts in a field evaluate the quality and validity of a research paper before it is published in an academic journal.
A: Peer review is a critical part of academic publishing and relies on expert evaluation, not popular science communication.
#### No.
 (Score: 0.02490234375)

Popular science is a genre of writing that communicates scientific concepts to a general audience.
It is typically not used as a formal method for peer reviewing academic papers.
Peer review is a process where experts in a field evaluate the quality and validity of a research paper before it is published in an academic journal.
A: Peer review is a critical part of academic publishing and relies on expert evaluation, not popular science communication.
#### No.
 (Score: 0.02490234375)
tensor([[6819665552645581728, 3930041543171420952, 4883515013731560738,
         5443208923557606778, 8966992113970283751,                   0,
                          -1,                  -1],
        [6819665552645581728, 3930041543171420952, 4883515013731560738,
         5443208923557606778, 8966992113970283751,                   0,
                          -1,                  -1]])

====================
Q: Can dementia be cured with a cast?


********** Step: 1 **********

Dementia is a neurological disorder that affects memory, thinking, and behavior. (Score: 0.0245819091796875, Parent: 0)

Dementia is a neurological condition that affects memory, thinking, and behavior. (Score: 0.0245819091796875, Parent: 0)

********** Step: 2 **********

Dementia is a neurological condition that affects memory, thinking, and behavior.
It is caused by damage to brain cells and is not a physical injury that can be treated with a cast. (Score: 0.0267181396484375, Parent: 1)

Dementia is a neurological disorder that affects memory, thinking, and behavior.
Dementia is not caused by a physical injury that would require a cast for healing. (Score: 0.0263519287109375, Parent: 0)

********** Step: 3 **********

Dementia is a neurological condition that affects memory, thinking, and behavior.
It is caused by damage to brain cells and is not a physical injury that can be treated with a cast.
A cast is typically used to immobilize broken bones or injuries, not neurological conditions. (Score: 0.0291748046875, Parent: 0)

Dementia is a neurological condition that affects memory, thinking, and behavior.
It is caused by damage to brain cells and is not a physical injury that can be treated with a cast.
A cast is typically used to immobilize broken bones or injuries to limbs, not for neurological conditions. (Score: 0.029022216796875, Parent: 0)

********** Step: 4 **********

Dementia is a neurological condition that affects memory, thinking, and behavior.
It is caused by damage to brain cells and is not a physical injury that can be treated with a cast.
A cast is typically used to immobilize broken bones or injuries, not neurological conditions.
#### No. (Score: 0.03033447265625, Parent: 0)

Dementia is a neurological condition that affects memory, thinking, and behavior.
It is caused by damage to brain cells and is not a physical injury that can be treated with a cast.
A cast is typically used to immobilize broken bones or injuries, not neurological conditions.
#### No. (Score: 0.03033447265625, Parent: 0)

********** Step: 5 **********

Dementia is a neurological condition that affects memory, thinking, and behavior.
It is caused by damage to brain cells and is not a physical injury that can be treated with a cast.
A cast is typically used to immobilize broken bones or injuries, not neurological conditions.
#### No.
 (Score: 0.03033447265625, Parent: 0)

Dementia is a neurological condition that affects memory, thinking, and behavior.
It is caused by damage to brain cells and is not a physical injury that can be treated with a cast.
A cast is typically used to immobilize broken bones or injuries, not neurological conditions.
#### No.
 (Score: 0.03033447265625, Parent: 1)

---------- FINAL ----------
step 5
Dementia is a neurological condition that affects memory, thinking, and behavior.
It is caused by damage to brain cells and is not a physical injury that can be treated with a cast.
A cast is typically used to immobilize broken bones or injuries, not neurological conditions.
#### No.
 (Score: 0.03033447265625)

Dementia is a neurological condition that affects memory, thinking, and behavior.
It is caused by damage to brain cells and is not a physical injury that can be treated with a cast.
A cast is typically used to immobilize broken bones or injuries, not neurological conditions.
#### No.
 (Score: 0.03033447265625)
tensor([[7407448118977984090, 7819342895107736909, 2813136152751244067,
         8966992113970283751,                   0,                  -1,
                          -1,                  -1],
        [7407448118977984090, 7819342895107736909, 2813136152751244067,
         8966992113970283751,                   0,                  -1,
                          -1,                  -1]])

====================
Q: Is it safe to wear sandals in snow?


********** Step: 1 **********

Wearing sandals is typically associated with warm weather. (Score: 0.03369140625, Parent: 0)

Wearing sandals typically provides little insulation and protection from cold weather. (Score: 0.029998779296875, Parent: 0)

********** Step: 2 **********

Wearing sandals is typically associated with warm weather.
Wearing sandals does not provide insulation or protection against cold temperatures. (Score: 0.0302734375, Parent: 0)

Wearing sandals is typically associated with warm weather.
Sandals do not provide adequate insulation for cold conditions. (Score: 0.03009033203125, Parent: 0)

********** Step: 3 **********

Wearing sandals is typically associated with warm weather.
Sandals do not provide adequate insulation for cold conditions.
Walking in snow requires proper footwear to keep feet warm and dry. (Score: 0.0309906005859375, Parent: 1)

Wearing sandals is typically associated with warm weather.
Sandals do not provide adequate insulation for cold conditions.
Snow is cold and can lead to frostbite if proper footwear is not worn. (Score: 0.030975341796875, Parent: 1)

********** Step: 4 **********

Wearing sandals is typically associated with warm weather.
Sandals do not provide adequate insulation for cold conditions.
Walking in snow requires proper footwear to keep feet warm and dry.
Wearing sandals in snow can lead to cold and wet feet. (Score: 0.029296875, Parent: 0)

Wearing sandals is typically associated with warm weather.
Sandals do not provide adequate insulation for cold conditions.
Walking in snow requires proper footwear to keep feet warm and dry.
Wearing sandals in snow can lead to cold and wet feet. (Score: 0.029296875, Parent: 0)

********** Step: 5 **********

Wearing sandals is typically associated with warm weather.
Sandals do not provide adequate insulation for cold conditions.
Walking in snow requires proper footwear to keep feet warm and dry.
Wearing sandals in snow can lead to cold and wet feet.
#### No. (Score: 0.029815673828125, Parent: 0)

Wearing sandals is typically associated with warm weather.
Sandals do not provide adequate insulation for cold conditions.
Walking in snow requires proper footwear to keep feet warm and dry.
Wearing sandals in snow can lead to cold and wet feet.
#### No. (Score: 0.029815673828125, Parent: 1)

********** Step: 6 **********

Wearing sandals is typically associated with warm weather.
Sandals do not provide adequate insulation for cold conditions.
Walking in snow requires proper footwear to keep feet warm and dry.
Wearing sandals in snow can lead to cold and wet feet.
#### No.
 (Score: 0.029815673828125, Parent: 0)

Wearing sandals is typically associated with warm weather.
Sandals do not provide adequate insulation for cold conditions.
Walking in snow requires proper footwear to keep feet warm and dry.
Wearing sandals in snow can lead to cold and wet feet.
#### No.
 (Score: 0.029815673828125, Parent: 1)

---------- FINAL ----------
step 6
Wearing sandals is typically associated with warm weather.
Sandals do not provide adequate insulation for cold conditions.
Walking in snow requires proper footwear to keep feet warm and dry.
Wearing sandals in snow can lead to cold and wet feet.
#### No.
 (Score: 0.029815673828125)

Wearing sandals is typically associated with warm weather.
Sandals do not provide adequate insulation for cold conditions.
Walking in snow requires proper footwear to keep feet warm and dry.
Wearing sandals in snow can lead to cold and wet feet.
#### No.
 (Score: 0.029815673828125)
tensor([[1242524730461441187, 8595857169192654028, 2494474443426094320,
         3308644638670584202, 8966992113970283751,                   0,
                          -1,                  -1],
        [1242524730461441187, 8595857169192654028, 2494474443426094320,
         3308644638670584202, 8966992113970283751,                   0,
                          -1,                  -1]])

====================
Q: Will parma ham be ready for New Year's if the pig is slaughtered in December?


********** Step: 1 **********

Parma ham is a type of dry-cured ham that originates from the Parma region in Italy. (Score: 0.031005859375, Parent: 0)

A: Parma ham is a type of dry-cured ham that comes from the Parma region of Italy. (Score: 0.0289764404296875, Parent: 0)

********** Step: 2 **********

A: Parma ham is a type of dry-cured ham that comes from the Parma region of Italy.
Parma ham undergoes a specific curing process that requires time. (Score: 0.029388427734375, Parent: 1)

A: Parma ham is a type of dry-cured ham that comes from the Parma region of Italy.
Parma ham requires a specific curing process that can take several months. (Score: 0.028717041015625, Parent: 1)

********** Step: 3 **********

A: Parma ham is a type of dry-cured ham that comes from the Parma region of Italy.
Parma ham undergoes a specific curing process that requires time.
The curing process for Parma ham typically takes a minimum of 12 months. (Score: 0.029388427734375, Parent: 0)

A: Parma ham is a type of dry-cured ham that comes from the Parma region of Italy.
Parma ham undergoes a specific curing process that requires time.
The process involves salting the ham and then aging it for at least 12 months to develop the flavor and texture. (Score: 0.0289459228515625, Parent: 0)

********** Step: 4 **********

A: Parma ham is a type of dry-cured ham that comes from the Parma region of Italy.
Parma ham undergoes a specific curing process that requires time.
The process involves salting the ham and then aging it for at least 12 months to develop the flavor and texture.
The pig must be slaughtered in the appropriate season for the ham to be processed. (Score: 0.03045654296875, Parent: 1)

A: Parma ham is a type of dry-cured ham that comes from the Parma region of Italy.
Parma ham undergoes a specific curing process that requires time.
The curing process for Parma ham typically takes a minimum of 12 months.
The pig must be slaughtered in December for the ham to be processed. (Score: 0.0296783447265625, Parent: 0)

********** Step: 5 **********

A: Parma ham is a type of dry-cured ham that comes from the Parma region of Italy.
Parma ham undergoes a specific curing process that requires time.
The process involves salting the ham and then aging it for at least 12 months to develop the flavor and texture.
The pig must be slaughtered in the appropriate season for the ham to be processed.
The pig can be slaughtered in December, but the curing and aging process of Parma ham takes at least 12 months. (Score: 0.0307769775390625, Parent: 0)

A: Parma ham is a type of dry-cured ham that comes from the Parma region of Italy.
Parma ham undergoes a specific curing process that requires time.
The process involves salting the ham and then aging it for at least 12 months to develop the flavor and texture.
The pig must be slaughtered in the appropriate season for the ham to be processed.
The pig is slaughtered in December, which allows sufficient time for the initial salting process. (Score: 0.0304107666015625, Parent: 0)

********** Step: 6 **********

A: Parma ham is a type of dry-cured ham that comes from the Parma region of Italy.
Parma ham undergoes a specific curing process that requires time.
The process involves salting the ham and then aging it for at least 12 months to develop the flavor and texture.
The pig must be slaughtered in the appropriate season for the ham to be processed.
The pig is slaughtered in December, which allows sufficient time for the initial salting process.
However, given the aging requirement of at least 12 months, the ham will not be ready by New Year's of the following year. (Score: 0.0311279296875, Parent: 1)

A: Parma ham is a type of dry-cured ham that comes from the Parma region of Italy.
Parma ham undergoes a specific curing process that requires time.
The process involves salting the ham and then aging it for at least 12 months to develop the flavor and texture.
The pig must be slaughtered in the appropriate season for the ham to be processed.
The pig is slaughtered in December, which allows sufficient time for the initial salting process.
However, given the required aging period of at least 12 months, the ham will not be ready by New Year's of the following year. (Score: 0.03082275390625, Parent: 1)

********** Step: 7 **********

A: Parma ham is a type of dry-cured ham that comes from the Parma region of Italy.
Parma ham undergoes a specific curing process that requires time.
The process involves salting the ham and then aging it for at least 12 months to develop the flavor and texture.
The pig must be slaughtered in the appropriate season for the ham to be processed.
The pig is slaughtered in December, which allows sufficient time for the initial salting process.
However, given the required aging period of at least 12 months, the ham will not be ready by New Year's of the following year.
#### No. (Score: 0.032501220703125, Parent: 1)

A: Parma ham is a type of dry-cured ham that comes from the Parma region of Italy.
Parma ham undergoes a specific curing process that requires time.
The process involves salting the ham and then aging it for at least 12 months to develop the flavor and texture.
The pig must be slaughtered in the appropriate season for the ham to be processed.
The pig is slaughtered in December, which allows sufficient time for the initial salting process.
However, given the required aging period of at least 12 months, the ham will not be ready by New Year's of the following year.
A: Parma ham is a type of dry-cured ham that comes from the Parma region of Italy. (Score: 0.03192138671875, Parent: 1)

********** Step: 8 **********

A: Parma ham is a type of dry-cured ham that comes from the Parma region of Italy.
Parma ham undergoes a specific curing process that requires time.
The process involves salting the ham and then aging it for at least 12 months to develop the flavor and texture.
The pig must be slaughtered in the appropriate season for the ham to be processed.
The pig is slaughtered in December, which allows sufficient time for the initial salting process.
However, given the required aging period of at least 12 months, the ham will not be ready by New Year's of the following year.
#### No.
 (Score: 0.032501220703125, Parent: 0)

A: Parma ham is a type of dry-cured ham that comes from the Parma region of Italy.
Parma ham undergoes a specific curing process that requires time.
The process involves salting the ham and then aging it for at least 12 months to develop the flavor and texture.
The pig must be slaughtered in the appropriate season for the ham to be processed.
The pig is slaughtered in December, which allows sufficient time for the initial salting process.
However, given the required aging period of at least 12 months, the ham will not be ready by New Year's of the following year.
A: Parma ham is a type of dry-cured ham that comes from the Parma region of Italy.
Parma ham undergoes a specific curing process that requires time. (Score: 0.031402587890625, Parent: 1)

---------- FINAL ----------
step 8
A: Parma ham is a type of dry-cured ham that comes from the Parma region of Italy.
Parma ham undergoes a specific curing process that requires time.
The process involves salting the ham and then aging it for at least 12 months to develop the flavor and texture.
The pig must be slaughtered in the appropriate season for the ham to be processed.
The pig is slaughtered in December, which allows sufficient time for the initial salting process.
However, given the required aging period of at least 12 months, the ham will not be ready by New Year's of the following year.
#### No.
 (Score: 0.032501220703125)

A: Parma ham is a type of dry-cured ham that comes from the Parma region of Italy.
Parma ham undergoes a specific curing process that requires time.
The process involves salting the ham and then aging it for at least 12 months to develop the flavor and texture.
The pig must be slaughtered in the appropriate season for the ham to be processed.
The pig is slaughtered in December, which allows sufficient time for the initial salting process.
However, given the required aging period of at least 12 months, the ham will not be ready by New Year's of the following year.
A: Parma ham is a type of dry-cured ham that comes from the Parma region of Italy.
Parma ham undergoes a specific curing process that requires time. (Score: 0.031402587890625)
tensor([[  774672346365641248,   364191821674720254, -8326838598543034255,
          6703928446557593926, -8647117571277661735,   299064586912917327,
          8966992113970283751,                    0],
        [  774672346365641248,   364191821674720254, -8326838598543034255,
          6703928446557593926, -8647117571277661735,   299064586912917327,
           774672346365641248,   364191821674720254]])

====================
Q: Could Marco Rubio ride the Candymonium roller coaster at Hershey Park?


********** Step: 1 **********

Marco Rubio is a U.S. Senator from Florida. (Score: 0.03338623046875, Parent: 0)

A: The Candymonium roller coaster is located at Hershey Park in Pennsylvania. (Score: 0.02880859375, Parent: 0)

********** Step: 2 **********

Marco Rubio is a U.S. Senator from Florida.
Marco Rubio is an adult male. (Score: 0.033050537109375, Parent: 0)

Marco Rubio is a U.S. Senator from Florida.
He was born on May 28, 1971. (Score: 0.03094482421875, Parent: 0)

********** Step: 3 **********

Marco Rubio is a U.S. Senator from Florida.
Marco Rubio is an adult male.
To ride a roller coaster like Candymonium, one typically needs to meet certain height and health requirements. (Score: 0.032989501953125, Parent: 0)

Marco Rubio is a U.S. Senator from Florida.
He was born on May 28, 1971.
To ride the Candymonium roller coaster, a person typically needs to meet certain height and health requirements. (Score: 0.031829833984375, Parent: 1)

********** Step: 4 **********

Marco Rubio is a U.S. Senator from Florida.
He was born on May 28, 1971.
To ride the Candymonium roller coaster, a person typically needs to meet certain height and health requirements.
The height requirement for the Candymonium roller coaster at Hershey Park is usually around 54 inches (137 cm) or taller. (Score: 0.033233642578125, Parent: 1)

Marco Rubio is a U.S. Senator from Florida.
He was born on May 28, 1971.
To ride the Candymonium roller coaster, a person typically needs to meet certain height and health requirements.
I need to check if Marco Rubio meets those requirements. (Score: 0.03265380859375, Parent: 1)

********** Step: 5 **********

Marco Rubio is a U.S. Senator from Florida.
He was born on May 28, 1971.
To ride the Candymonium roller coaster, a person typically needs to meet certain height and health requirements.
The height requirement for the Candymonium roller coaster at Hershey Park is usually around 54 inches (137 cm) or taller.
Marco Rubio is an adult and is well above the height requirement for most roller coasters, including Candymonium. (Score: 0.03265380859375, Parent: 0)

Marco Rubio is a U.S. Senator from Florida.
He was born on May 28, 1971.
To ride the Candymonium roller coaster, a person typically needs to meet certain height and health requirements.
The height requirement for the Candymonium roller coaster at Hershey Park is usually around 54 inches (137 cm) or taller.
Marco Rubio is an adult, and he is tall enough to meet the height requirement for most roller coasters, including Candymonium. (Score: 0.032470703125, Parent: 0)

********** Step: 6 **********

Marco Rubio is a U.S. Senator from Florida.
He was born on May 28, 1971.
To ride the Candymonium roller coaster, a person typically needs to meet certain height and health requirements.
The height requirement for the Candymonium roller coaster at Hershey Park is usually around 54 inches (137 cm) or taller.
Marco Rubio is an adult and is well above the height requirement for most roller coasters, including Candymonium.
He is also in good health, which is necessary for riding roller coasters. (Score: 0.0330810546875, Parent: 0)

Marco Rubio is a U.S. Senator from Florida.
He was born on May 28, 1971.
To ride the Candymonium roller coaster, a person typically needs to meet certain height and health requirements.
The height requirement for the Candymonium roller coaster at Hershey Park is usually around 54 inches (137 cm) or taller.
Marco Rubio is an adult and is well above the height requirement for most roller coasters, including Candymonium.
A: Marco Rubio is a U.S. Senator from Florida. (Score: 0.0313720703125, Parent: 0)

********** Step: 7 **********

Marco Rubio is a U.S. Senator from Florida.
He was born on May 28, 1971.
To ride the Candymonium roller coaster, a person typically needs to meet certain height and health requirements.
The height requirement for the Candymonium roller coaster at Hershey Park is usually around 54 inches (137 cm) or taller.
Marco Rubio is an adult and is well above the height requirement for most roller coasters, including Candymonium.
He is also in good health, which is necessary for riding roller coasters.
#### Yes. (Score: 0.0338134765625, Parent: 0)

Marco Rubio is a U.S. Senator from Florida.
He was born on May 28, 1971.
To ride the Candymonium roller coaster, a person typically needs to meet certain height and health requirements.
The height requirement for the Candymonium roller coaster at Hershey Park is usually around 54 inches (137 cm) or taller.
Marco Rubio is an adult and is well above the height requirement for most roller coasters, including Candymonium.
He is also in good health, which is necessary for riding roller coasters.
A: Marco Rubio is a U.S. Senator from Florida. (Score: 0.03173828125, Parent: 0)

********** Step: 8 **********

Marco Rubio is a U.S. Senator from Florida.
He was born on May 28, 1971.
To ride the Candymonium roller coaster, a person typically needs to meet certain height and health requirements.
The height requirement for the Candymonium roller coaster at Hershey Park is usually around 54 inches (137 cm) or taller.
Marco Rubio is an adult and is well above the height requirement for most roller coasters, including Candymonium.
He is also in good health, which is necessary for riding roller coasters.
#### Yes.
 (Score: 0.0338134765625, Parent: 0)

Marco Rubio is a U.S. Senator from Florida.
He was born on May 28, 1971.
To ride the Candymonium roller coaster, a person typically needs to meet certain height and health requirements.
The height requirement for the Candymonium roller coaster at Hershey Park is usually around 54 inches (137 cm) or taller.
Marco Rubio is an adult and is well above the height requirement for most roller coasters, including Candymonium.
He is also in good health, which is necessary for riding roller coasters.
A: Marco Rubio is a U.S. Senator from Florida.
He was born on May 28, 1971. (Score: 0.03192138671875, Parent: 1)

---------- FINAL ----------
step 8
Marco Rubio is a U.S. Senator from Florida.
He was born on May 28, 1971.
To ride the Candymonium roller coaster, a person typically needs to meet certain height and health requirements.
The height requirement for the Candymonium roller coaster at Hershey Park is usually around 54 inches (137 cm) or taller.
Marco Rubio is an adult and is well above the height requirement for most roller coasters, including Candymonium.
He is also in good health, which is necessary for riding roller coasters.
#### Yes.
 (Score: 0.0338134765625)

Marco Rubio is a U.S. Senator from Florida.
He was born on May 28, 1971.
To ride the Candymonium roller coaster, a person typically needs to meet certain height and health requirements.
The height requirement for the Candymonium roller coaster at Hershey Park is usually around 54 inches (137 cm) or taller.
Marco Rubio is an adult and is well above the height requirement for most roller coasters, including Candymonium.
He is also in good health, which is necessary for riding roller coasters.
A: Marco Rubio is a U.S. Senator from Florida.
He was born on May 28, 1971. (Score: 0.03192138671875)
tensor([[ 2201941508332637145, -3158536821921036027,  6343057710405902904,
           580778263901191268,  1098293661999335768, -3994730674582803434,
          4561152020451547241,                    0],
        [ 2201941508332637145, -3158536821921036027,  6343057710405902904,
           580778263901191268,  1098293661999335768, -3994730674582803434,
          1471748305954715034, -3158536821921036027]])

====================
Q: Would alligator best saltwater crocodile in hypothetical Lake Urmia battle?


********** Step: 1 **********

Alligators are primarily freshwater reptiles found in rivers, swamps, and lakes in the southeastern United States and China. (Score: 0.0307159423828125, Parent: 0)

A: Alligators are primarily freshwater reptiles and are most commonly found in the southeastern United States and China. (Score: 0.029144287109375, Parent: 0)

********** Step: 2 **********

Alligators are primarily freshwater reptiles found in rivers, swamps, and lakes in the southeastern United States and China.
Saltwater crocodiles are known to inhabit brackish and saltwater environments, including estuaries and coastal areas. (Score: 0.0273284912109375, Parent: 0)

Alligators are primarily freshwater reptiles found in rivers, swamps, and lakes in the southeastern United States and China.
Saltwater crocodiles are known to inhabit both freshwater and saltwater environments, including estuaries and coastal areas. (Score: 0.0269317626953125, Parent: 0)

********** Step: 3 **********

Alligators are primarily freshwater reptiles found in rivers, swamps, and lakes in the southeastern United States and China.
Saltwater crocodiles are known to inhabit brackish and saltwater environments, including estuaries and coastal areas.
A: Alligators are typically smaller and less aggressive than saltwater crocodiles. (Score: 0.0258331298828125, Parent: 0)

Alligators are primarily freshwater reptiles found in rivers, swamps, and lakes in the southeastern United States and China.
Saltwater crocodiles are known to inhabit brackish and saltwater environments, including estuaries and coastal areas.
Saltwater crocodiles are larger and more aggressive than alligators, often reaching lengths of over 20 feet. (Score: 0.0255584716796875, Parent: 0)

********** Step: 4 **********

Alligators are primarily freshwater reptiles found in rivers, swamps, and lakes in the southeastern United States and China.
Saltwater crocodiles are known to inhabit brackish and saltwater environments, including estuaries and coastal areas.
Saltwater crocodiles are larger and more aggressive than alligators, often reaching lengths of over 20 feet.
Alligators typically grow to about 11 to 15 feet in length, with the largest specimens being smaller than saltwater crocodiles. (Score: 0.0273590087890625, Parent: 1)

Alligators are primarily freshwater reptiles found in rivers, swamps, and lakes in the southeastern United States and China.
Saltwater crocodiles are known to inhabit brackish and saltwater environments, including estuaries and coastal areas.
Saltwater crocodiles are larger and more aggressive than alligators, often reaching lengths of over 20 feet.
Alligators typically grow to be about 11 to 15 feet in length, and they are not as aggressive as saltwater crocodiles. (Score: 0.027252197265625, Parent: 1)

********** Step: 5 **********

Alligators are primarily freshwater reptiles found in rivers, swamps, and lakes in the southeastern United States and China.
Saltwater crocodiles are known to inhabit brackish and saltwater environments, including estuaries and coastal areas.
Saltwater crocodiles are larger and more aggressive than alligators, often reaching lengths of over 20 feet.
Alligators typically grow to about 11 to 15 feet in length, with the largest specimens being smaller than saltwater crocodiles.
Alligators are not adapted to saltwater environments, while saltwater crocodiles thrive in such conditions. (Score: 0.029327392578125, Parent: 0)

Alligators are primarily freshwater reptiles found in rivers, swamps, and lakes in the southeastern United States and China.
Saltwater crocodiles are known to inhabit brackish and saltwater environments, including estuaries and coastal areas.
Saltwater crocodiles are larger and more aggressive than alligators, often reaching lengths of over 20 feet.
Alligators typically grow to about 11 to 15 feet in length, with the largest specimens being smaller than saltwater crocodiles.
The two species have different habitats and physical characteristics. (Score: 0.027374267578125, Parent: 0)

********** Step: 6 **********

Alligators are primarily freshwater reptiles found in rivers, swamps, and lakes in the southeastern United States and China.
Saltwater crocodiles are known to inhabit brackish and saltwater environments, including estuaries and coastal areas.
Saltwater crocodiles are larger and more aggressive than alligators, often reaching lengths of over 20 feet.
Alligators typically grow to about 11 to 15 feet in length, with the largest specimens being smaller than saltwater crocodiles.
Alligators are not adapted to saltwater environments, while saltwater crocodiles thrive in such conditions.
#### No. (Score: 0.0303802490234375, Parent: 0)

Alligators are primarily freshwater reptiles found in rivers, swamps, and lakes in the southeastern United States and China.
Saltwater crocodiles are known to inhabit brackish and saltwater environments, including estuaries and coastal areas.
Saltwater crocodiles are larger and more aggressive than alligators, often reaching lengths of over 20 feet.
Alligators typically grow to about 11 to 15 feet in length, with the largest specimens being smaller than saltwater crocodiles.
Alligators are not adapted to saltwater environments, while saltwater crocodiles thrive in such conditions.
A: Alligators are primarily freshwater reptiles found in rivers, swamps, and lakes in the southeastern United States and China. (Score: 0.0286865234375, Parent: 0)

********** Step: 7 **********

Alligators are primarily freshwater reptiles found in rivers, swamps, and lakes in the southeastern United States and China.
Saltwater crocodiles are known to inhabit brackish and saltwater environments, including estuaries and coastal areas.
Saltwater crocodiles are larger and more aggressive than alligators, often reaching lengths of over 20 feet.
Alligators typically grow to about 11 to 15 feet in length, with the largest specimens being smaller than saltwater crocodiles.
Alligators are not adapted to saltwater environments, while saltwater crocodiles thrive in such conditions.
#### No.
 (Score: 0.0303802490234375, Parent: 0)

Alligators are primarily freshwater reptiles found in rivers, swamps, and lakes in the southeastern United States and China.
Saltwater crocodiles are known to inhabit brackish and saltwater environments, including estuaries and coastal areas.
Saltwater crocodiles are larger and more aggressive than alligators, often reaching lengths of over 20 feet.
Alligators typically grow to about 11 to 15 feet in length, with the largest specimens being smaller than saltwater crocodiles.
Alligators are not adapted to saltwater environments, while saltwater crocodiles thrive in such conditions.
A: Alligators are primarily freshwater reptiles found in rivers, swamps, and lakes in the southeastern United States and China.
A: Saltwater crocodiles are known to inhabit brackish and saltwater environments, including estuaries and coastal areas. (Score: 0.0290985107421875, Parent: 1)

********** Step: 8 **********

Alligators are primarily freshwater reptiles found in rivers, swamps, and lakes in the southeastern United States and China.
Saltwater crocodiles are known to inhabit brackish and saltwater environments, including estuaries and coastal areas.
Saltwater crocodiles are larger and more aggressive than alligators, often reaching lengths of over 20 feet.
Alligators typically grow to about 11 to 15 feet in length, with the largest specimens being smaller than saltwater crocodiles.
Alligators are not adapted to saltwater environments, while saltwater crocodiles thrive in such conditions.
#### No.

 (Score: 0.0303802490234375, Parent: 0)

Alligators are primarily freshwater reptiles found in rivers, swamps, and lakes in the southeastern United States and China.
Saltwater crocodiles are known to inhabit brackish and saltwater environments, including estuaries and coastal areas.
Saltwater crocodiles are larger and more aggressive than alligators, often reaching lengths of over 20 feet.
Alligators typically grow to about 11 to 15 feet in length, with the largest specimens being smaller than saltwater crocodiles.
Alligators are not adapted to saltwater environments, while saltwater crocodiles thrive in such conditions.
A: Alligators are primarily freshwater reptiles found in rivers, swamps, and lakes in the southeastern United States and China.
A: Saltwater crocodiles are known to inhabit brackish and saltwater environments, including estuaries and coastal areas.
A: Saltwater crocodiles are larger and more aggressive than alligators, often reaching lengths of over 20 feet. (Score: 0.029693603515625, Parent: 1)

---------- FINAL ----------
step 8
Alligators are primarily freshwater reptiles found in rivers, swamps, and lakes in the southeastern United States and China.
Saltwater crocodiles are known to inhabit brackish and saltwater environments, including estuaries and coastal areas.
Saltwater crocodiles are larger and more aggressive than alligators, often reaching lengths of over 20 feet.
Alligators typically grow to about 11 to 15 feet in length, with the largest specimens being smaller than saltwater crocodiles.
Alligators are not adapted to saltwater environments, while saltwater crocodiles thrive in such conditions.
#### No.

 (Score: 0.0303802490234375)

Alligators are primarily freshwater reptiles found in rivers, swamps, and lakes in the southeastern United States and China.
Saltwater crocodiles are known to inhabit brackish and saltwater environments, including estuaries and coastal areas.
Saltwater crocodiles are larger and more aggressive than alligators, often reaching lengths of over 20 feet.
Alligators typically grow to about 11 to 15 feet in length, with the largest specimens being smaller than saltwater crocodiles.
Alligators are not adapted to saltwater environments, while saltwater crocodiles thrive in such conditions.
A: Alligators are primarily freshwater reptiles found in rivers, swamps, and lakes in the southeastern United States and China.
A: Saltwater crocodiles are known to inhabit brackish and saltwater environments, including estuaries and coastal areas.
A: Saltwater crocodiles are larger and more aggressive than alligators, often reaching lengths of over 20 feet. (Score: 0.029693603515625)
tensor([[ 3091684148089649006,  7646272627966175682,  6937168879501202606,
         -8060858043725899967,  4120347814978237755,  8966992113970283751,
                            0,                    0],
        [ 3091684148089649006,  7646272627966175682,  6937168879501202606,
         -8060858043725899967,  4120347814978237755,  9177365310403641874,
          2010302216601518292, -7855538270429389549]])

====================
Q: Would Terence Tao outperform Eminem in a math competition?


********** Step: 1 **********

Terence Tao is a highly regarded mathematician known for his contributions to various fields of mathematics. (Score: 0.0310211181640625, Parent: 0)

Terence Tao is a renowned mathematician known for his work in various fields of mathematics. (Score: 0.030059814453125, Parent: 0)

********** Step: 2 **********

Terence Tao is a renowned mathematician known for his work in various fields of mathematics.
He is a recipient of the Fields Medal, which is one of the highest honors in mathematics. (Score: 0.02825927734375, Parent: 1)

Terence Tao is a highly regarded mathematician known for his contributions to various fields of mathematics.
He has won numerous awards, including the Fields Medal, which is one of the highest honors in mathematics. (Score: 0.02734375, Parent: 0)

********** Step: 3 **********

Terence Tao is a renowned mathematician known for his work in various fields of mathematics.
He is a recipient of the Fields Medal, which is one of the highest honors in mathematics.
Eminem is a famous rapper and songwriter, primarily known for his music career rather than any achievements in mathematics. (Score: 0.0290679931640625, Parent: 0)

Terence Tao is a renowned mathematician known for his work in various fields of mathematics.
He is a recipient of the Fields Medal, which is one of the highest honors in mathematics.
Eminem is a famous rapper and songwriter, but he is not known for his mathematical skills or achievements. (Score: 0.02886962890625, Parent: 0)

********** Step: 4 **********

Terence Tao is a renowned mathematician known for his work in various fields of mathematics.
He is a recipient of the Fields Medal, which is one of the highest honors in mathematics.
Eminem is a famous rapper and songwriter, primarily known for his music career rather than any achievements in mathematics.
To compare Terence Tao and Eminem in a math competition, we need to consider their backgrounds and expertise. (Score: 0.0291595458984375, Parent: 0)

Terence Tao is a renowned mathematician known for his work in various fields of mathematics.
He is a recipient of the Fields Medal, which is one of the highest honors in mathematics.
Eminem is a famous rapper and songwriter, but he is not known for his mathematical skills or achievements.
To compare their skills in a math competition, we need to consider their backgrounds and expertise. (Score: 0.0290679931640625, Parent: 1)

********** Step: 5 **********

Terence Tao is a renowned mathematician known for his work in various fields of mathematics.
He is a recipient of the Fields Medal, which is one of the highest honors in mathematics.
Eminem is a famous rapper and songwriter, but he is not known for his mathematical skills or achievements.
To compare their skills in a math competition, we need to consider their backgrounds and expertise.
Terence Tao has extensive training and experience in mathematics, having contributed significantly to the field. (Score: 0.0297698974609375, Parent: 1)

Terence Tao is a renowned mathematician known for his work in various fields of mathematics.
He is a recipient of the Fields Medal, which is one of the highest honors in mathematics.
Eminem is a famous rapper and songwriter, but he is not known for his mathematical skills or achievements.
To compare their skills in a math competition, we need to consider their backgrounds and expertise.
Terence Tao has extensive training and experience in mathematics, having made significant contributions to the field. (Score: 0.0296783447265625, Parent: 1)

********** Step: 6 **********

Terence Tao is a renowned mathematician known for his work in various fields of mathematics.
He is a recipient of the Fields Medal, which is one of the highest honors in mathematics.
Eminem is a famous rapper and songwriter, but he is not known for his mathematical skills or achievements.
To compare their skills in a math competition, we need to consider their backgrounds and expertise.
Terence Tao has extensive training and experience in mathematics, having contributed significantly to the field.
Eminem, while talented in music and lyrics, does not have a comparable background in mathematics. (Score: 0.031494140625, Parent: 0)

Terence Tao is a renowned mathematician known for his work in various fields of mathematics.
He is a recipient of the Fields Medal, which is one of the highest honors in mathematics.
Eminem is a famous rapper and songwriter, but he is not known for his mathematical skills or achievements.
To compare their skills in a math competition, we need to consider their backgrounds and expertise.
Terence Tao has extensive training and experience in mathematics, having made significant contributions to the field.
Eminem's career has focused on music and entertainment, with no notable accomplishments in mathematics. (Score: 0.031341552734375, Parent: 1)

********** Step: 7 **********

Terence Tao is a renowned mathematician known for his work in various fields of mathematics.
He is a recipient of the Fields Medal, which is one of the highest honors in mathematics.
Eminem is a famous rapper and songwriter, but he is not known for his mathematical skills or achievements.
To compare their skills in a math competition, we need to consider their backgrounds and expertise.
Terence Tao has extensive training and experience in mathematics, having made significant contributions to the field.
Eminem's career has focused on music and entertainment, with no notable accomplishments in mathematics.
#### Yes. (Score: 0.031829833984375, Parent: 1)

Terence Tao is a renowned mathematician known for his work in various fields of mathematics.
He is a recipient of the Fields Medal, which is one of the highest honors in mathematics.
Eminem is a famous rapper and songwriter, but he is not known for his mathematical skills or achievements.
To compare their skills in a math competition, we need to consider their backgrounds and expertise.
Terence Tao has extensive training and experience in mathematics, having contributed significantly to the field.
Eminem, while talented in music and lyrics, does not have a comparable background in mathematics.
A: Terence Tao is a renowned mathematician known for his work in various fields of mathematics. (Score: 0.0299530029296875, Parent: 0)

********** Step: 8 **********

Terence Tao is a renowned mathematician known for his work in various fields of mathematics.
He is a recipient of the Fields Medal, which is one of the highest honors in mathematics.
Eminem is a famous rapper and songwriter, but he is not known for his mathematical skills or achievements.
To compare their skills in a math competition, we need to consider their backgrounds and expertise.
Terence Tao has extensive training and experience in mathematics, having made significant contributions to the field.
Eminem's career has focused on music and entertainment, with no notable accomplishments in mathematics.
#### Yes.
 (Score: 0.031829833984375, Parent: 0)

Terence Tao is a renowned mathematician known for his work in various fields of mathematics.
He is a recipient of the Fields Medal, which is one of the highest honors in mathematics.
Eminem is a famous rapper and songwriter, but he is not known for his mathematical skills or achievements.
To compare their skills in a math competition, we need to consider their backgrounds and expertise.
Terence Tao has extensive training and experience in mathematics, having contributed significantly to the field.
Eminem, while talented in music and lyrics, does not have a comparable background in mathematics.
A: Terence Tao is a renowned mathematician known for his work in various fields of mathematics.
A: Terence Tao is a renowned mathematician known for his work in various fields of mathematics. (Score: 0.0296478271484375, Parent: 1)

---------- FINAL ----------
step 8
Terence Tao is a renowned mathematician known for his work in various fields of mathematics.
He is a recipient of the Fields Medal, which is one of the highest honors in mathematics.
Eminem is a famous rapper and songwriter, but he is not known for his mathematical skills or achievements.
To compare their skills in a math competition, we need to consider their backgrounds and expertise.
Terence Tao has extensive training and experience in mathematics, having made significant contributions to the field.
Eminem's career has focused on music and entertainment, with no notable accomplishments in mathematics.
#### Yes.
 (Score: 0.031829833984375)

Terence Tao is a renowned mathematician known for his work in various fields of mathematics.
He is a recipient of the Fields Medal, which is one of the highest honors in mathematics.
Eminem is a famous rapper and songwriter, but he is not known for his mathematical skills or achievements.
To compare their skills in a math competition, we need to consider their backgrounds and expertise.
Terence Tao has extensive training and experience in mathematics, having contributed significantly to the field.
Eminem, while talented in music and lyrics, does not have a comparable background in mathematics.
A: Terence Tao is a renowned mathematician known for his work in various fields of mathematics.
A: Terence Tao is a renowned mathematician known for his work in various fields of mathematics. (Score: 0.0296478271484375)
tensor([[ 1610860379827563809,  5118572368941283153,   244520578449186240,
         -8471676092006600005,  7417681908687591606,  8889680327740866660,
          4561152020451547241,                    0],
        [ 1610860379827563809,  5118572368941283153,   244520578449186240,
         -8471676092006600005, -4583680248615269146, -8844309982063917914,
          -398141717179893258,  -398141717179893258]])

====================
Q: Does frost mean that it will be a snowy day?


********** Step: 1 **********

Frost occurs when temperatures drop below freezing, causing moisture in the air to freeze on surfaces. (Score: 0.0305938720703125, Parent: 0)

Frost occurs when temperatures drop below freezing, causing moisture in the air to crystallize on surfaces. (Score: 0.02984619140625, Parent: 0)

********** Step: 2 **********

Frost occurs when temperatures drop below freezing, causing moisture in the air to freeze on surfaces.
Snow occurs when there is sufficient moisture in the atmosphere and temperatures are cold enough for water droplets to freeze into snowflakes. (Score: 0.0309600830078125, Parent: 0)

Frost occurs when temperatures drop below freezing, causing moisture in the air to freeze on surfaces.
Frost can happen without snow, as it primarily depends on temperature and moisture levels. (Score: 0.030914306640625, Parent: 0)

********** Step: 3 **********

Frost occurs when temperatures drop below freezing, causing moisture in the air to freeze on surfaces.
Frost can happen without snow, as it primarily depends on temperature and moisture levels.
Snow occurs when there is enough moisture in the atmosphere and temperatures are low enough for snowflakes to form. (Score: 0.0301971435546875, Parent: 1)

Frost occurs when temperatures drop below freezing, causing moisture in the air to freeze on surfaces.
Frost can happen without snow, as it primarily depends on temperature and moisture levels.
Snow occurs when there is sufficient moisture in the atmosphere and temperatures are low enough for precipitation to fall as snowflakes. (Score: 0.0298004150390625, Parent: 1)

********** Step: 4 **********

Frost occurs when temperatures drop below freezing, causing moisture in the air to freeze on surfaces.
Frost can happen without snow, as it primarily depends on temperature and moisture levels.
Snow occurs when there is sufficient moisture in the atmosphere and temperatures are low enough for precipitation to fall as snowflakes.
Frost does not necessarily indicate that it will snow, as frost can form in clear conditions without any precipitation. (Score: 0.0306396484375, Parent: 1)

Frost occurs when temperatures drop below freezing, causing moisture in the air to freeze on surfaces.
Frost can happen without snow, as it primarily depends on temperature and moisture levels.
Snow occurs when there is enough moisture in the atmosphere and temperatures are low enough for snowflakes to form.
Frost and snow are both related to cold temperatures, but they are different phenomena. (Score: 0.0302276611328125, Parent: 0)

********** Step: 5 **********

Frost occurs when temperatures drop below freezing, causing moisture in the air to freeze on surfaces.
Frost can happen without snow, as it primarily depends on temperature and moisture levels.
Snow occurs when there is sufficient moisture in the atmosphere and temperatures are low enough for precipitation to fall as snowflakes.
Frost does not necessarily indicate that it will snow, as frost can form in clear conditions without any precipitation.
#### No. (Score: 0.0310821533203125, Parent: 0)

Frost occurs when temperatures drop below freezing, causing moisture in the air to freeze on surfaces.
Frost can happen without snow, as it primarily depends on temperature and moisture levels.
Snow occurs when there is sufficient moisture in the atmosphere and temperatures are low enough for precipitation to fall as snowflakes.
Frost does not necessarily indicate that it will snow, as frost can form in clear conditions without any precipitation.
#### No. (Score: 0.0310821533203125, Parent: 0)

********** Step: 6 **********

Frost occurs when temperatures drop below freezing, causing moisture in the air to freeze on surfaces.
Frost can happen without snow, as it primarily depends on temperature and moisture levels.
Snow occurs when there is sufficient moisture in the atmosphere and temperatures are low enough for precipitation to fall as snowflakes.
Frost does not necessarily indicate that it will snow, as frost can form in clear conditions without any precipitation.
#### No.
 (Score: 0.0310821533203125, Parent: 0)

Frost occurs when temperatures drop below freezing, causing moisture in the air to freeze on surfaces.
Frost can happen without snow, as it primarily depends on temperature and moisture levels.
Snow occurs when there is sufficient moisture in the atmosphere and temperatures are low enough for precipitation to fall as snowflakes.
Frost does not necessarily indicate that it will snow, as frost can form in clear conditions without any precipitation.
#### No.
 (Score: 0.0310821533203125, Parent: 1)

---------- FINAL ----------
step 6
Frost occurs when temperatures drop below freezing, causing moisture in the air to freeze on surfaces.
Frost can happen without snow, as it primarily depends on temperature and moisture levels.
Snow occurs when there is sufficient moisture in the atmosphere and temperatures are low enough for precipitation to fall as snowflakes.
Frost does not necessarily indicate that it will snow, as frost can form in clear conditions without any precipitation.
#### No.
 (Score: 0.0310821533203125)

Frost occurs when temperatures drop below freezing, causing moisture in the air to freeze on surfaces.
Frost can happen without snow, as it primarily depends on temperature and moisture levels.
Snow occurs when there is sufficient moisture in the atmosphere and temperatures are low enough for precipitation to fall as snowflakes.
Frost does not necessarily indicate that it will snow, as frost can form in clear conditions without any precipitation.
#### No.
 (Score: 0.0310821533203125)
tensor([[-1215866738606793260,  3067417652323775526,  3812313215839423513,
          2598512178297191806,  8966992113970283751,                    0,
                           -1,                   -1],
        [-1215866738606793260,  3067417652323775526,  3812313215839423513,
          2598512178297191806,  8966992113970283751,                    0,
                           -1,                   -1]])

====================
Q: Are Scottish people descended from Mary, Queen of Scots part French?


********** Step: 1 **********

Mary, Queen of Scots was born in 1542 and was of Scottish and French descent. (Score: 0.0289154052734375, Parent: 0)

Mary, Queen of Scots was born in 1542 and was a member of the Scottish royal family. (Score: 0.026336669921875, Parent: 0)

********** Step: 2 **********

Mary, Queen of Scots was born in 1542 and was a member of the Scottish royal family.
Her mother, Mary of Guise, was of French descent. (Score: 0.02606201171875, Parent: 1)

Mary, Queen of Scots was born in 1542 and was of Scottish and French descent.
Mary, Queen of Scots was the daughter of James V of Scotland and Mary of Guise, who was from France. (Score: 0.0253143310546875, Parent: 0)

********** Step: 3 **********

Mary, Queen of Scots was born in 1542 and was a member of the Scottish royal family.
Her mother, Mary of Guise, was of French descent.
Mary, Queen of Scots spent part of her early life in France and was raised in the French court. (Score: 0.0263824462890625, Parent: 0)

Mary, Queen of Scots was born in 1542 and was a member of the Scottish royal family.
Her mother, Mary of Guise, was of French descent.
Mary, Queen of Scots spent a significant part of her early life in France and was married to the French Dauphin, Francis II. (Score: 0.025604248046875, Parent: 0)

********** Step: 4 **********

Mary, Queen of Scots was born in 1542 and was a member of the Scottish royal family.
Her mother, Mary of Guise, was of French descent.
Mary, Queen of Scots spent part of her early life in France and was raised in the French court.
Scottish people are considered to have diverse ancestry, influenced by various groups over centuries, including the French through historical connections and royal intermarriages. (Score: 0.026611328125, Parent: 0)

Mary, Queen of Scots was born in 1542 and was a member of the Scottish royal family.
Her mother, Mary of Guise, was of French descent.
Mary, Queen of Scots spent a significant part of her early life in France and was married to the French Dauphin, Francis II.
Her ancestry includes French lineage through her mother. (Score: 0.026275634765625, Parent: 1)

********** Step: 5 **********

Mary, Queen of Scots was born in 1542 and was a member of the Scottish royal family.
Her mother, Mary of Guise, was of French descent.
Mary, Queen of Scots spent a significant part of her early life in France and was married to the French Dauphin, Francis II.
Her ancestry includes French lineage through her mother.
To determine if Scottish people descended from Mary, Queen of Scots are part French, we need to analyze the ancestry of Mary, Queen of Scots. (Score: 0.0261993408203125, Parent: 1)

Mary, Queen of Scots was born in 1542 and was a member of the Scottish royal family.
Her mother, Mary of Guise, was of French descent.
Mary, Queen of Scots spent part of her early life in France and was raised in the French court.
Scottish people are considered to have diverse ancestry, influenced by various groups over centuries, including the French through historical connections and royal intermarriages.
A: Mary, Queen of Scots was born in 1542 and was a member of the Scottish royal family. (Score: 0.0258636474609375, Parent: 0)

********** Step: 6 **********

Mary, Queen of Scots was born in 1542 and was a member of the Scottish royal family.
Her mother, Mary of Guise, was of French descent.
Mary, Queen of Scots spent a significant part of her early life in France and was married to the French Dauphin, Francis II.
Her ancestry includes French lineage through her mother.
To determine if Scottish people descended from Mary, Queen of Scots are part French, we need to analyze the ancestry of Mary, Queen of Scots.
A: Mary, Queen of Scots was born in 1542 and was a member of the Scottish royal family. (Score: 0.0276336669921875, Parent: 0)

Mary, Queen of Scots was born in 1542 and was a member of the Scottish royal family.
Her mother, Mary of Guise, was of French descent.
Mary, Queen of Scots spent a significant part of her early life in France and was married to the French Dauphin, Francis II.
Her ancestry includes French lineage through her mother.
To determine if Scottish people descended from Mary, Queen of Scots are part French, we need to analyze the ancestry of Mary, Queen of Scots.
Mary, Queen of Scots had French ancestry through her mother, Mary of Guise. (Score: 0.0273284912109375, Parent: 0)

********** Step: 7 **********

Mary, Queen of Scots was born in 1542 and was a member of the Scottish royal family.
Her mother, Mary of Guise, was of French descent.
Mary, Queen of Scots spent a significant part of her early life in France and was married to the French Dauphin, Francis II.
Her ancestry includes French lineage through her mother.
To determine if Scottish people descended from Mary, Queen of Scots are part French, we need to analyze the ancestry of Mary, Queen of Scots.
Mary, Queen of Scots had French ancestry through her mother, Mary of Guise.
Scottish people, particularly those who trace their lineage back to Mary, Queen of Scots, would share that French ancestry through her. (Score: 0.0285186767578125, Parent: 1)

Mary, Queen of Scots was born in 1542 and was a member of the Scottish royal family.
Her mother, Mary of Guise, was of French descent.
Mary, Queen of Scots spent a significant part of her early life in France and was married to the French Dauphin, Francis II.
Her ancestry includes French lineage through her mother.
To determine if Scottish people descended from Mary, Queen of Scots are part French, we need to analyze the ancestry of Mary, Queen of Scots.
Mary, Queen of Scots had French ancestry through her mother, Mary of Guise.
This implies that some Scottish people, particularly those who trace their lineage back to her, could also have part French ancestry. (Score: 0.02850341796875, Parent: 1)

********** Step: 8 **********

Mary, Queen of Scots was born in 1542 and was a member of the Scottish royal family.
Her mother, Mary of Guise, was of French descent.
Mary, Queen of Scots spent a significant part of her early life in France and was married to the French Dauphin, Francis II.
Her ancestry includes French lineage through her mother.
To determine if Scottish people descended from Mary, Queen of Scots are part French, we need to analyze the ancestry of Mary, Queen of Scots.
Mary, Queen of Scots had French ancestry through her mother, Mary of Guise.
Scottish people, particularly those who trace their lineage back to Mary, Queen of Scots, would share that French ancestry through her.
A: Mary, Queen of Scots was born in 1542 and was a member of the Scottish royal family. (Score: 0.030364990234375, Parent: 0)

Mary, Queen of Scots was born in 1542 and was a member of the Scottish royal family.
Her mother, Mary of Guise, was of French descent.
Mary, Queen of Scots spent a significant part of her early life in France and was married to the French Dauphin, Francis II.
Her ancestry includes French lineage through her mother.
To determine if Scottish people descended from Mary, Queen of Scots are part French, we need to analyze the ancestry of Mary, Queen of Scots.
Mary, Queen of Scots had French ancestry through her mother, Mary of Guise.
Scottish people, particularly those who trace their lineage back to Mary, Queen of Scots, would share that French ancestry through her.
#### Yes. (Score: 0.030181884765625, Parent: 0)

---------- FINAL ----------
step 8
Mary, Queen of Scots was born in 1542 and was a member of the Scottish royal family.
Her mother, Mary of Guise, was of French descent.
Mary, Queen of Scots spent a significant part of her early life in France and was married to the French Dauphin, Francis II.
Her ancestry includes French lineage through her mother.
To determine if Scottish people descended from Mary, Queen of Scots are part French, we need to analyze the ancestry of Mary, Queen of Scots.
Mary, Queen of Scots had French ancestry through her mother, Mary of Guise.
Scottish people, particularly those who trace their lineage back to Mary, Queen of Scots, would share that French ancestry through her.
A: Mary, Queen of Scots was born in 1542 and was a member of the Scottish royal family. (Score: 0.030364990234375)

Mary, Queen of Scots was born in 1542 and was a member of the Scottish royal family.
Her mother, Mary of Guise, was of French descent.
Mary, Queen of Scots spent a significant part of her early life in France and was married to the French Dauphin, Francis II.
Her ancestry includes French lineage through her mother.
To determine if Scottish people descended from Mary, Queen of Scots are part French, we need to analyze the ancestry of Mary, Queen of Scots.
Mary, Queen of Scots had French ancestry through her mother, Mary of Guise.
Scottish people, particularly those who trace their lineage back to Mary, Queen of Scots, would share that French ancestry through her.
#### Yes. (Score: 0.030181884765625)
tensor([[ 3771663997045359951,  7334798755658389242, -4367471136880930289,
          1498080684737440030,  8491490725099224008, -7321506871407196450,
          3276053490209395947,  -619851073584446925],
        [ 3771663997045359951,  7334798755658389242, -4367471136880930289,
          1498080684737440030,  8491490725099224008, -7321506871407196450,
          3276053490209395947,  4561152020451547241]])

====================
Q: Could a giant squid fit aboard the deck of the titanic?


********** Step: 1 **********

A: The giant squid is a large marine creature that can grow to lengths of about 12 to 43 feet (3.6 to 13 meters) depending on the species. (Score: 0.0277252197265625, Parent: 0)

A: The Titanic was approximately 882 feet long and 92 feet wide. (Score: 0.0232696533203125, Parent: 0)

********** Step: 2 **********

A: The giant squid is a large marine creature that can grow to lengths of about 12 to 43 feet (3.6 to 13 meters) depending on the species.
The Titanic was approximately 882 feet (269 meters) long and had a deck area that was significantly larger than the maximum size of a giant squid. (Score: 0.0274810791015625, Parent: 0)

A: The giant squid is a large marine creature that can grow to lengths of about 12 to 43 feet (3.6 to 13 meters) depending on the species.
The Titanic was approximately 882 feet (269 meters) long and had a deck area that could accommodate many large objects. (Score: 0.026275634765625, Parent: 0)

********** Step: 3 **********

A: The giant squid is a large marine creature that can grow to lengths of about 12 to 43 feet (3.6 to 13 meters) depending on the species.
The Titanic was approximately 882 feet (269 meters) long and had a deck area that was significantly larger than the maximum size of a giant squid.
To determine if a giant squid could fit aboard the deck of the Titanic, we need to assess the dimensions of both the squid and the ship. (Score: 0.029144287109375, Parent: 0)

A: The giant squid is a large marine creature that can grow to lengths of about 12 to 43 feet (3.6 to 13 meters) depending on the species.
The Titanic was approximately 882 feet (269 meters) long and had a deck area that could accommodate many large objects.
However, the size of the giant squid is significant, and even the largest individuals would occupy only a small portion of the deck space. (Score: 0.025909423828125, Parent: 1)

********** Step: 4 **********

A: The giant squid is a large marine creature that can grow to lengths of about 12 to 43 feet (3.6 to 13 meters) depending on the species.
The Titanic was approximately 882 feet (269 meters) long and had a deck area that was significantly larger than the maximum size of a giant squid.
To determine if a giant squid could fit aboard the deck of the Titanic, we need to assess the dimensions of both the squid and the ship.
The giant squid can grow to a maximum length of around 43 feet (13 meters) and has a significant body mass and tentacle span. (Score: 0.029083251953125, Parent: 0)

A: The giant squid is a large marine creature that can grow to lengths of about 12 to 43 feet (3.6 to 13 meters) depending on the species.
The Titanic was approximately 882 feet (269 meters) long and had a deck area that was significantly larger than the maximum size of a giant squid.
To determine if a giant squid could fit aboard the deck of the Titanic, we need to assess the dimensions of both the squid and the ship.
A: The giant squid is a large marine creature that can grow to lengths of about 12 to 43 feet (3.6 to 13 meters) depending on the species. (Score: 0.028228759765625, Parent: 0)

********** Step: 5 **********

A: The giant squid is a large marine creature that can grow to lengths of about 12 to 43 feet (3.6 to 13 meters) depending on the species.
The Titanic was approximately 882 feet (269 meters) long and had a deck area that was significantly larger than the maximum size of a giant squid.
To determine if a giant squid could fit aboard the deck of the Titanic, we need to assess the dimensions of both the squid and the ship.
The giant squid can grow to a maximum length of around 43 feet (13 meters) and has a significant body mass and tentacle span.
The Titanic's deck was spacious enough to accommodate large objects, given its overall size and design. (Score: 0.02935791015625, Parent: 0)

A: The giant squid is a large marine creature that can grow to lengths of about 12 to 43 feet (3.6 to 13 meters) depending on the species.
The Titanic was approximately 882 feet (269 meters) long and had a deck area that was significantly larger than the maximum size of a giant squid.
To determine if a giant squid could fit aboard the deck of the Titanic, we need to assess the dimensions of both the squid and the ship.
A: The giant squid is a large marine creature that can grow to lengths of about 12 to 43 feet (3.6 to 13 meters) depending on the species.
The Titanic was approximately 882 feet (269 meters) long and had a deck area that was significantly larger than the maximum size of a giant squid. (Score: 0.02923583984375, Parent: 1)

********** Step: 6 **********

A: The giant squid is a large marine creature that can grow to lengths of about 12 to 43 feet (3.6 to 13 meters) depending on the species.
The Titanic was approximately 882 feet (269 meters) long and had a deck area that was significantly larger than the maximum size of a giant squid.
To determine if a giant squid could fit aboard the deck of the Titanic, we need to assess the dimensions of both the squid and the ship.
The giant squid can grow to a maximum length of around 43 feet (13 meters) and has a significant body mass and tentacle span.
The Titanic's deck was spacious enough to accommodate large objects, given its overall size and design.
A: The giant squid is a large marine creature that can grow to lengths of about 12 to 43 feet (3.6 to 13 meters) depending on the species. (Score: 0.0301971435546875, Parent: 0)

A: The giant squid is a large marine creature that can grow to lengths of about 12 to 43 feet (3.6 to 13 meters) depending on the species.
The Titanic was approximately 882 feet (269 meters) long and had a deck area that was significantly larger than the maximum size of a giant squid.
To determine if a giant squid could fit aboard the deck of the Titanic, we need to assess the dimensions of both the squid and the ship.
A: The giant squid is a large marine creature that can grow to lengths of about 12 to 43 feet (3.6 to 13 meters) depending on the species.
The Titanic was approximately 882 feet (269 meters) long and had a deck area that was significantly larger than the maximum size of a giant squid.
To determine if a giant squid could fit aboard the deck of the Titanic, we need to consider a few key details:. (Score: 0.03009033203125, Parent: 1)

********** Step: 7 **********

A: The giant squid is a large marine creature that can grow to lengths of about 12 to 43 feet (3.6 to 13 meters) depending on the species.
The Titanic was approximately 882 feet (269 meters) long and had a deck area that was significantly larger than the maximum size of a giant squid.
To determine if a giant squid could fit aboard the deck of the Titanic, we need to assess the dimensions of both the squid and the ship.
A: The giant squid is a large marine creature that can grow to lengths of about 12 to 43 feet (3.6 to 13 meters) depending on the species.
The Titanic was approximately 882 feet (269 meters) long and had a deck area that was significantly larger than the maximum size of a giant squid.
To determine if a giant squid could fit aboard the deck of the Titanic, we need to consider a few key details:.
The giant squid is a large marine creature that can grow to lengths of about 12 to 43 feet (3.6 to 13 meters) depending on the species. (Score: 0.0309600830078125, Parent: 1)

A: The giant squid is a large marine creature that can grow to lengths of about 12 to 43 feet (3.6 to 13 meters) depending on the species.
The Titanic was approximately 882 feet (269 meters) long and had a deck area that was significantly larger than the maximum size of a giant squid.
To determine if a giant squid could fit aboard the deck of the Titanic, we need to assess the dimensions of both the squid and the ship.
A: The giant squid is a large marine creature that can grow to lengths of about 12 to 43 feet (3.6 to 13 meters) depending on the species.
The Titanic was approximately 882 feet (269 meters) long and had a deck area that was significantly larger than the maximum size of a giant squid.
To determine if a giant squid could fit aboard the deck of the Titanic, we need to consider a few key details:.
The giant squid has a maximum length of around 43 feet (13 meters). (Score: 0.0302581787109375, Parent: 1)

********** Step: 8 **********

A: The giant squid is a large marine creature that can grow to lengths of about 12 to 43 feet (3.6 to 13 meters) depending on the species.
The Titanic was approximately 882 feet (269 meters) long and had a deck area that was significantly larger than the maximum size of a giant squid.
To determine if a giant squid could fit aboard the deck of the Titanic, we need to assess the dimensions of both the squid and the ship.
A: The giant squid is a large marine creature that can grow to lengths of about 12 to 43 feet (3.6 to 13 meters) depending on the species.
The Titanic was approximately 882 feet (269 meters) long and had a deck area that was significantly larger than the maximum size of a giant squid.
To determine if a giant squid could fit aboard the deck of the Titanic, we need to consider a few key details:.
The giant squid is a large marine creature that can grow to lengths of about 12 to 43 feet (3.6 to 13 meters) depending on the species.
A: The giant squid is a large marine creature that can grow to lengths of about 12 to 43 feet (3.6 to 13 meters) depending on the species. (Score: 0.0330810546875, Parent: 0)

A: The giant squid is a large marine creature that can grow to lengths of about 12 to 43 feet (3.6 to 13 meters) depending on the species.
The Titanic was approximately 882 feet (269 meters) long and had a deck area that was significantly larger than the maximum size of a giant squid.
To determine if a giant squid could fit aboard the deck of the Titanic, we need to assess the dimensions of both the squid and the ship.
A: The giant squid is a large marine creature that can grow to lengths of about 12 to 43 feet (3.6 to 13 meters) depending on the species.
The Titanic was approximately 882 feet (269 meters) long and had a deck area that was significantly larger than the maximum size of a giant squid.
To determine if a giant squid could fit aboard the deck of the Titanic, we need to consider a few key details:.
The giant squid is a large marine creature that can grow to lengths of about 12 to 43 feet (3.6 to 13 meters) depending on the species.
A: The giant squid is a large marine creature that can grow to lengths of about 12 to 43 feet (3.6 to 13 meters) depending on the species. (Score: 0.0330810546875, Parent: 0)

---------- FINAL ----------
step 8
A: The giant squid is a large marine creature that can grow to lengths of about 12 to 43 feet (3.6 to 13 meters) depending on the species.
The Titanic was approximately 882 feet (269 meters) long and had a deck area that was significantly larger than the maximum size of a giant squid.
To determine if a giant squid could fit aboard the deck of the Titanic, we need to assess the dimensions of both the squid and the ship.
A: The giant squid is a large marine creature that can grow to lengths of about 12 to 43 feet (3.6 to 13 meters) depending on the species.
The Titanic was approximately 882 feet (269 meters) long and had a deck area that was significantly larger than the maximum size of a giant squid.
To determine if a giant squid could fit aboard the deck of the Titanic, we need to consider a few key details:.
The giant squid is a large marine creature that can grow to lengths of about 12 to 43 feet (3.6 to 13 meters) depending on the species.
A: The giant squid is a large marine creature that can grow to lengths of about 12 to 43 feet (3.6 to 13 meters) depending on the species. (Score: 0.0330810546875)

A: The giant squid is a large marine creature that can grow to lengths of about 12 to 43 feet (3.6 to 13 meters) depending on the species.
The Titanic was approximately 882 feet (269 meters) long and had a deck area that was significantly larger than the maximum size of a giant squid.
To determine if a giant squid could fit aboard the deck of the Titanic, we need to assess the dimensions of both the squid and the ship.
A: The giant squid is a large marine creature that can grow to lengths of about 12 to 43 feet (3.6 to 13 meters) depending on the species.
The Titanic was approximately 882 feet (269 meters) long and had a deck area that was significantly larger than the maximum size of a giant squid.
To determine if a giant squid could fit aboard the deck of the Titanic, we need to consider a few key details:.
The giant squid is a large marine creature that can grow to lengths of about 12 to 43 feet (3.6 to 13 meters) depending on the species.
A: The giant squid is a large marine creature that can grow to lengths of about 12 to 43 feet (3.6 to 13 meters) depending on the species. (Score: 0.0330810546875)
tensor([[-4095314191818105211,   989560262148351936, -4166760097256634683,
         -4095314191818105211,   989560262148351936,  4302863508198677098,
           904636595313662868, -4095314191818105211],
        [-4095314191818105211,   989560262148351936, -4166760097256634683,
         -4095314191818105211,   989560262148351936,  4302863508198677098,
           904636595313662868, -4095314191818105211]])

====================
Q: Did Methuselah live at least 800 years as long as Sarah?


********** Step: 1 **********

A: Methuselah is a biblical figure known for his long lifespan. (Score: 0.0286407470703125, Parent: 0)

A: Methuselah is a biblical figure known for his long lifespan, living 969 years according to the Hebrew Bible. (Score: 0.02685546875, Parent: 0)

********** Step: 2 **********

A: Methuselah is a biblical figure known for his long lifespan.
Methuselah is said to have lived 969 years according to the Bible. (Score: 0.02728271484375, Parent: 0)

A: Methuselah is a biblical figure known for his long lifespan, living 969 years according to the Hebrew Bible.
Sarah, the wife of Abraham, is noted in the Bible to have lived 127 years. (Score: 0.026947021484375, Parent: 1)

********** Step: 3 **********

A: Methuselah is a biblical figure known for his long lifespan, living 969 years according to the Hebrew Bible.
Sarah, the wife of Abraham, is noted in the Bible to have lived 127 years.
To determine if Methuselah lived at least 800 years as long as Sarah, we need to compare their ages. (Score: 0.0304107666015625, Parent: 1)

A: Methuselah is a biblical figure known for his long lifespan, living 969 years according to the Hebrew Bible.
Sarah, the wife of Abraham, is noted in the Bible to have lived 127 years.
To determine if Methuselah lived at least 800 years as long as Sarah, we need to compare their lifespans. (Score: 0.0302581787109375, Parent: 1)

********** Step: 4 **********

A: Methuselah is a biblical figure known for his long lifespan, living 969 years according to the Hebrew Bible.
Sarah, the wife of Abraham, is noted in the Bible to have lived 127 years.
To determine if Methuselah lived at least 800 years as long as Sarah, we need to compare their ages.
To compare the ages, let's calculate how long Methuselah lived in relation to Sarah's lifespan. (Score: 0.03131103515625, Parent: 0)

A: Methuselah is a biblical figure known for his long lifespan, living 969 years according to the Hebrew Bible.
Sarah, the wife of Abraham, is noted in the Bible to have lived 127 years.
To determine if Methuselah lived at least 800 years as long as Sarah, we need to compare their ages.
To compare the ages of Methuselah and Sarah, we look at their lifespans:. (Score: 0.030242919921875, Parent: 0)

********** Step: 5 **********

A: Methuselah is a biblical figure known for his long lifespan, living 969 years according to the Hebrew Bible.
Sarah, the wife of Abraham, is noted in the Bible to have lived 127 years.
To determine if Methuselah lived at least 800 years as long as Sarah, we need to compare their ages.
To compare the ages, let's calculate how long Methuselah lived in relation to Sarah's lifespan.
First, we establish the lifespan of each figure. (Score: 0.0325927734375, Parent: 0)

A: Methuselah is a biblical figure known for his long lifespan, living 969 years according to the Hebrew Bible.
Sarah, the wife of Abraham, is noted in the Bible to have lived 127 years.
To determine if Methuselah lived at least 800 years as long as Sarah, we need to compare their ages.
To compare the ages of Methuselah and Sarah, we look at their lifespans:.
Methuselah lived 969 years and Sarah lived 127 years. (Score: 0.032012939453125, Parent: 1)

********** Step: 6 **********

A: Methuselah is a biblical figure known for his long lifespan, living 969 years according to the Hebrew Bible.
Sarah, the wife of Abraham, is noted in the Bible to have lived 127 years.
To determine if Methuselah lived at least 800 years as long as Sarah, we need to compare their ages.
To compare the ages of Methuselah and Sarah, we look at their lifespans:.
Methuselah lived 969 years and Sarah lived 127 years.
To find out if Methuselah lived at least 800 years as long as Sarah, we need to analyze the information provided about their lifespans. (Score: 0.032379150390625, Parent: 1)

A: Methuselah is a biblical figure known for his long lifespan, living 969 years according to the Hebrew Bible.
Sarah, the wife of Abraham, is noted in the Bible to have lived 127 years.
To determine if Methuselah lived at least 800 years as long as Sarah, we need to compare their ages.
To compare the ages of Methuselah and Sarah, we look at their lifespans:.
Methuselah lived 969 years and Sarah lived 127 years.
To find out if Methuselah lived at least 800 years as long as Sarah, we need to analyze their lifespans. (Score: 0.0321044921875, Parent: 1)

********** Step: 7 **********

A: Methuselah is a biblical figure known for his long lifespan, living 969 years according to the Hebrew Bible.
Sarah, the wife of Abraham, is noted in the Bible to have lived 127 years.
To determine if Methuselah lived at least 800 years as long as Sarah, we need to compare their ages.
To compare the ages of Methuselah and Sarah, we look at their lifespans:.
Methuselah lived 969 years and Sarah lived 127 years.
To find out if Methuselah lived at least 800 years as long as Sarah, we need to analyze the information provided about their lifespans.
A: Methuselah is a biblical figure known for his long lifespan, living 969 years according to the Hebrew Bible. (Score: 0.033172607421875, Parent: 0)

A: Methuselah is a biblical figure known for his long lifespan, living 969 years according to the Hebrew Bible.
Sarah, the wife of Abraham, is noted in the Bible to have lived 127 years.
To determine if Methuselah lived at least 800 years as long as Sarah, we need to compare their ages.
To compare the ages of Methuselah and Sarah, we look at their lifespans:.
Methuselah lived 969 years and Sarah lived 127 years.
To find out if Methuselah lived at least 800 years as long as Sarah, we need to analyze the information provided about their lifespans.
A: Methuselah lived 969 years according to the Hebrew Bible. (Score: 0.032379150390625, Parent: 0)

********** Step: 8 **********

A: Methuselah is a biblical figure known for his long lifespan, living 969 years according to the Hebrew Bible.
Sarah, the wife of Abraham, is noted in the Bible to have lived 127 years.
To determine if Methuselah lived at least 800 years as long as Sarah, we need to compare their ages.
To compare the ages of Methuselah and Sarah, we look at their lifespans:.
Methuselah lived 969 years and Sarah lived 127 years.
To find out if Methuselah lived at least 800 years as long as Sarah, we need to analyze the information provided about their lifespans.
A: Methuselah is a biblical figure known for his long lifespan, living 969 years according to the Hebrew Bible.
To determine if Methuselah lived at least 800 years as long as Sarah, we need to break down the lifespans of both individuals:. (Score: 0.0340576171875, Parent: 0)

A: Methuselah is a biblical figure known for his long lifespan, living 969 years according to the Hebrew Bible.
Sarah, the wife of Abraham, is noted in the Bible to have lived 127 years.
To determine if Methuselah lived at least 800 years as long as Sarah, we need to compare their ages.
To compare the ages of Methuselah and Sarah, we look at their lifespans:.
Methuselah lived 969 years and Sarah lived 127 years.
To find out if Methuselah lived at least 800 years as long as Sarah, we need to analyze the information provided about their lifespans.
A: Methuselah lived 969 years according to the Hebrew Bible.
To assess whether Methuselah lived at least 800 years as long as Sarah, we must analyze their respective lifespans:. (Score: 0.033172607421875, Parent: 1)

---------- FINAL ----------
step 8
A: Methuselah is a biblical figure known for his long lifespan, living 969 years according to the Hebrew Bible.
Sarah, the wife of Abraham, is noted in the Bible to have lived 127 years.
To determine if Methuselah lived at least 800 years as long as Sarah, we need to compare their ages.
To compare the ages of Methuselah and Sarah, we look at their lifespans:.
Methuselah lived 969 years and Sarah lived 127 years.
To find out if Methuselah lived at least 800 years as long as Sarah, we need to analyze the information provided about their lifespans.
A: Methuselah is a biblical figure known for his long lifespan, living 969 years according to the Hebrew Bible.
To determine if Methuselah lived at least 800 years as long as Sarah, we need to break down the lifespans of both individuals:. (Score: 0.0340576171875)

A: Methuselah is a biblical figure known for his long lifespan, living 969 years according to the Hebrew Bible.
Sarah, the wife of Abraham, is noted in the Bible to have lived 127 years.
To determine if Methuselah lived at least 800 years as long as Sarah, we need to compare their ages.
To compare the ages of Methuselah and Sarah, we look at their lifespans:.
Methuselah lived 969 years and Sarah lived 127 years.
To find out if Methuselah lived at least 800 years as long as Sarah, we need to analyze the information provided about their lifespans.
A: Methuselah lived 969 years according to the Hebrew Bible.
To assess whether Methuselah lived at least 800 years as long as Sarah, we must analyze their respective lifespans:. (Score: 0.033172607421875)
tensor([[ 5129577077435884092, -2136734922663482588, -3104690873573713740,
          1418520082582085631,   788473031052759046,  8507220394988784835,
          5129577077435884092,  4730510642699784748],
        [ 5129577077435884092, -2136734922663482588, -3104690873573713740,
          1418520082582085631,   788473031052759046,  8507220394988784835,
           596614050206394201, -2611179307078232869]])

====================
Q: Are ground bell peppers the main ingredient of black pepper?


********** Step: 1 **********

Ground bell peppers are a spice made from dried and ground bell peppers. (Score: 0.031341552734375, Parent: 0)

Ground bell peppers and black pepper are two different products derived from different plants. (Score: 0.03094482421875, Parent: 0)

********** Step: 2 **********

Ground bell peppers and black pepper are two different products derived from different plants.
Ground bell peppers are made from bell peppers, which are sweet and come in various colors. (Score: 0.0303497314453125, Parent: 1)

Ground bell peppers and black pepper are two different products derived from different plants.
Ground bell peppers come from bell peppers, which are a type of sweet pepper. (Score: 0.0274658203125, Parent: 1)

********** Step: 3 **********

Ground bell peppers and black pepper are two different products derived from different plants.
Ground bell peppers are made from bell peppers, which are sweet and come in various colors.
Black pepper, on the other hand, is made from the dried berries of the Piper nigrum plant and is known for its pungent flavor. (Score: 0.02862548828125, Parent: 0)

Ground bell peppers and black pepper are two different products derived from different plants.
Ground bell peppers are made from bell peppers, which are sweet and come in various colors.
Black pepper is made from the dried fruit of the Piper nigrum plant and is known for its pungent flavor. (Score: 0.028045654296875, Parent: 0)

********** Step: 4 **********

Ground bell peppers and black pepper are two different products derived from different plants.
Ground bell peppers are made from bell peppers, which are sweet and come in various colors.
Black pepper is made from the dried fruit of the Piper nigrum plant and is known for its pungent flavor.
Ground bell peppers and black pepper have distinct flavors and culinary uses. (Score: 0.028289794921875, Parent: 1)

Ground bell peppers and black pepper are two different products derived from different plants.
Ground bell peppers are made from bell peppers, which are sweet and come in various colors.
Black pepper is made from the dried fruit of the Piper nigrum plant and is known for its pungent flavor.
Ground bell peppers and black pepper come from different botanical sources and have distinct flavors and uses in cooking. (Score: 0.02813720703125, Parent: 1)

********** Step: 5 **********

Ground bell peppers and black pepper are two different products derived from different plants.
Ground bell peppers are made from bell peppers, which are sweet and come in various colors.
Black pepper is made from the dried fruit of the Piper nigrum plant and is known for its pungent flavor.
Ground bell peppers and black pepper come from different botanical sources and have distinct flavors and uses in cooking.
A: Ground bell peppers and black pepper are two different products derived from different plants. (Score: 0.0259857177734375, Parent: 1)

Ground bell peppers and black pepper are two different products derived from different plants.
Ground bell peppers are made from bell peppers, which are sweet and come in various colors.
Black pepper is made from the dried fruit of the Piper nigrum plant and is known for its pungent flavor.
Ground bell peppers and black pepper come from different botanical sources and have distinct flavors and uses in cooking.
A: Ground bell peppers and black pepper are two different products derived from different plants. (Score: 0.0259857177734375, Parent: 1)

********** Step: 6 **********

Ground bell peppers and black pepper are two different products derived from different plants.
Ground bell peppers are made from bell peppers, which are sweet and come in various colors.
Black pepper is made from the dried fruit of the Piper nigrum plant and is known for its pungent flavor.
Ground bell peppers and black pepper come from different botanical sources and have distinct flavors and uses in cooking.
A: Ground bell peppers and black pepper are two different products derived from different plants.
#### No. (Score: 0.0270233154296875, Parent: 0)

Ground bell peppers and black pepper are two different products derived from different plants.
Ground bell peppers are made from bell peppers, which are sweet and come in various colors.
Black pepper is made from the dried fruit of the Piper nigrum plant and is known for its pungent flavor.
Ground bell peppers and black pepper come from different botanical sources and have distinct flavors and uses in cooking.
A: Ground bell peppers and black pepper are two different products derived from different plants.
A: Ground bell peppers and black pepper are two different products derived from different plants. (Score: 0.025848388671875, Parent: 1)

********** Step: 7 **********

Ground bell peppers and black pepper are two different products derived from different plants.
Ground bell peppers are made from bell peppers, which are sweet and come in various colors.
Black pepper is made from the dried fruit of the Piper nigrum plant and is known for its pungent flavor.
Ground bell peppers and black pepper come from different botanical sources and have distinct flavors and uses in cooking.
A: Ground bell peppers and black pepper are two different products derived from different plants.
#### No.
 (Score: 0.0270233154296875, Parent: 0)

Ground bell peppers and black pepper are two different products derived from different plants.
Ground bell peppers are made from bell peppers, which are sweet and come in various colors.
Black pepper is made from the dried fruit of the Piper nigrum plant and is known for its pungent flavor.
Ground bell peppers and black pepper come from different botanical sources and have distinct flavors and uses in cooking.
A: Ground bell peppers and black pepper are two different products derived from different plants.
A: Ground bell peppers and black pepper are two different products derived from different plants.
A: Ground bell peppers and black pepper are two different products derived from different plants. (Score: 0.0264129638671875, Parent: 1)

********** Step: 8 **********

Ground bell peppers and black pepper are two different products derived from different plants.
Ground bell peppers are made from bell peppers, which are sweet and come in various colors.
Black pepper is made from the dried fruit of the Piper nigrum plant and is known for its pungent flavor.
Ground bell peppers and black pepper come from different botanical sources and have distinct flavors and uses in cooking.
A: Ground bell peppers and black pepper are two different products derived from different plants.
A: Ground bell peppers and black pepper are two different products derived from different plants.
A: Ground bell peppers and black pepper are two different products derived from different plants.
A: Ground bell peppers and black pepper are two different products derived from different plants. (Score: 0.0273590087890625, Parent: 1)

Ground bell peppers and black pepper are two different products derived from different plants.
Ground bell peppers are made from bell peppers, which are sweet and come in various colors.
Black pepper is made from the dried fruit of the Piper nigrum plant and is known for its pungent flavor.
Ground bell peppers and black pepper come from different botanical sources and have distinct flavors and uses in cooking.
A: Ground bell peppers and black pepper are two different products derived from different plants.
A: Ground bell peppers and black pepper are two different products derived from different plants.
A: Ground bell peppers and black pepper are two different products derived from different plants.
A: Ground bell peppers and black pepper are two different products derived from different plants. (Score: 0.0273590087890625, Parent: 1)

---------- FINAL ----------
step 8
Ground bell peppers and black pepper are two different products derived from different plants.
Ground bell peppers are made from bell peppers, which are sweet and come in various colors.
Black pepper is made from the dried fruit of the Piper nigrum plant and is known for its pungent flavor.
Ground bell peppers and black pepper come from different botanical sources and have distinct flavors and uses in cooking.
A: Ground bell peppers and black pepper are two different products derived from different plants.
A: Ground bell peppers and black pepper are two different products derived from different plants.
A: Ground bell peppers and black pepper are two different products derived from different plants.
A: Ground bell peppers and black pepper are two different products derived from different plants. (Score: 0.0273590087890625)

Ground bell peppers and black pepper are two different products derived from different plants.
Ground bell peppers are made from bell peppers, which are sweet and come in various colors.
Black pepper is made from the dried fruit of the Piper nigrum plant and is known for its pungent flavor.
Ground bell peppers and black pepper come from different botanical sources and have distinct flavors and uses in cooking.
A: Ground bell peppers and black pepper are two different products derived from different plants.
A: Ground bell peppers and black pepper are two different products derived from different plants.
A: Ground bell peppers and black pepper are two different products derived from different plants.
A: Ground bell peppers and black pepper are two different products derived from different plants. (Score: 0.0273590087890625)
tensor([[-5654820699927509517, -5496998076161626572,  7436181964916204089,
          5808658295016125930,  4921108797050785301,  4921108797050785301,
          4921108797050785301,  4921108797050785301],
        [-5654820699927509517, -5496998076161626572,  7436181964916204089,
          5808658295016125930,  4921108797050785301,  4921108797050785301,
          4921108797050785301,  4921108797050785301]])

====================
Q: Are Disney's seven dwarves the original ones?


********** Step: 1 **********

Disney's seven dwarves from "Snow White and the Seven Dwarfs" are named Sleepy, Dopey, Bashful, Grumpy, Happy, Doc, and Sneezy. (Score: 0.0328369140625, Parent: 0)

Disney's seven dwarves are named Doc, Grumpy, Happy, Sleepy, Bashful, Sneezy, and Dopey. (Score: 0.031280517578125, Parent: 0)

********** Step: 2 **********

Disney's seven dwarves from "Snow White and the Seven Dwarfs" are named Sleepy, Dopey, Bashful, Grumpy, Happy, Doc, and Sneezy.
The seven dwarfs were first popularized by Disney in the 1937 animated film "Snow White and the Seven Dwarfs." The characters were based on the Brothers Grimm fairy tale, which featured dwarfs but did not specify their names. (Score: 0.0304412841796875, Parent: 0)

Disney's seven dwarves from "Snow White and the Seven Dwarfs" are named Sleepy, Dopey, Bashful, Grumpy, Happy, Doc, and Sneezy.
The seven dwarfs were originally characters from the Brothers Grimm fairy tale "Snow White." In the original tale, the dwarfs were not given specific names. (Score: 0.0302581787109375, Parent: 0)

********** Step: 3 **********

Disney's seven dwarves from "Snow White and the Seven Dwarfs" are named Sleepy, Dopey, Bashful, Grumpy, Happy, Doc, and Sneezy.
The seven dwarfs were first popularized by Disney in the 1937 animated film "Snow White and the Seven Dwarfs." The characters were based on the Brothers Grimm fairy tale, which featured dwarfs but did not specify their names.
The Brothers Grimm fairy tale includes the idea of seven dwarfs, but it does not provide specific names for them. (Score: 0.031768798828125, Parent: 0)

Disney's seven dwarves from "Snow White and the Seven Dwarfs" are named Sleepy, Dopey, Bashful, Grumpy, Happy, Doc, and Sneezy.
The seven dwarfs were first popularized by Disney in the 1937 animated film "Snow White and the Seven Dwarfs." The characters were based on the Brothers Grimm fairy tale, which featured dwarfs but did not specify their names.
The Brothers Grimm fairy tale "Snow White" was published in the early 19th century. (Score: 0.0309295654296875, Parent: 0)

********** Step: 4 **********

Disney's seven dwarves from "Snow White and the Seven Dwarfs" are named Sleepy, Dopey, Bashful, Grumpy, Happy, Doc, and Sneezy.
The seven dwarfs were first popularized by Disney in the 1937 animated film "Snow White and the Seven Dwarfs." The characters were based on the Brothers Grimm fairy tale, which featured dwarfs but did not specify their names.
The Brothers Grimm fairy tale includes the idea of seven dwarfs, but it does not provide specific names for them.
A: Disney's seven dwarfs from "Snow White and the Seven Dwarfs" are named Sleepy, Dopey, Bashful, Grumpy, Happy, Doc, and Sneezy. (Score: 0.0322265625, Parent: 0)

Disney's seven dwarves from "Snow White and the Seven Dwarfs" are named Sleepy, Dopey, Bashful, Grumpy, Happy, Doc, and Sneezy.
The seven dwarfs were first popularized by Disney in the 1937 animated film "Snow White and the Seven Dwarfs." The characters were based on the Brothers Grimm fairy tale, which featured dwarfs but did not specify their names.
The Brothers Grimm fairy tale "Snow White" was published in the early 19th century.
The seven dwarfs in the Brothers Grimm fairy tale were not given specific names. (Score: 0.031463623046875, Parent: 1)

********** Step: 5 **********

Disney's seven dwarves from "Snow White and the Seven Dwarfs" are named Sleepy, Dopey, Bashful, Grumpy, Happy, Doc, and Sneezy.
The seven dwarfs were first popularized by Disney in the 1937 animated film "Snow White and the Seven Dwarfs." The characters were based on the Brothers Grimm fairy tale, which featured dwarfs but did not specify their names.
The Brothers Grimm fairy tale includes the idea of seven dwarfs, but it does not provide specific names for them.
A: Disney's seven dwarfs from "Snow White and the Seven Dwarfs" are named Sleepy, Dopey, Bashful, Grumpy, Happy, Doc, and Sneezy.
A: Disney's seven dwarfs from "Snow White and the Seven Dwarfs" are named Sleepy, Dopey, Bashful, Grumpy, Happy, Doc, and Sneezy. (Score: 0.0328369140625, Parent: 0)

Disney's seven dwarves from "Snow White and the Seven Dwarfs" are named Sleepy, Dopey, Bashful, Grumpy, Happy, Doc, and Sneezy.
The seven dwarfs were first popularized by Disney in the 1937 animated film "Snow White and the Seven Dwarfs." The characters were based on the Brothers Grimm fairy tale, which featured dwarfs but did not specify their names.
The Brothers Grimm fairy tale includes the idea of seven dwarfs, but it does not provide specific names for them.
A: Disney's seven dwarfs from "Snow White and the Seven Dwarfs" are named Sleepy, Dopey, Bashful, Grumpy, Happy, Doc, and Sneezy.
A: Disney's seven dwarfs from "Snow White and the Seven Dwarfs" are named Sleepy, Dopey, Bashful, Grumpy, Happy, Doc, and Sneezy. (Score: 0.0328369140625, Parent: 0)

********** Step: 6 **********

Disney's seven dwarves from "Snow White and the Seven Dwarfs" are named Sleepy, Dopey, Bashful, Grumpy, Happy, Doc, and Sneezy.
The seven dwarfs were first popularized by Disney in the 1937 animated film "Snow White and the Seven Dwarfs." The characters were based on the Brothers Grimm fairy tale, which featured dwarfs but did not specify their names.
The Brothers Grimm fairy tale includes the idea of seven dwarfs, but it does not provide specific names for them.
A: Disney's seven dwarfs from "Snow White and the Seven Dwarfs" are named Sleepy, Dopey, Bashful, Grumpy, Happy, Doc, and Sneezy.
A: Disney's seven dwarfs from "Snow White and the Seven Dwarfs" are named Sleepy, Dopey, Bashful, Grumpy, Happy, Doc, and Sneezy.
A: Disney's seven dwarfs are named Sleepy, Dopey, Bashful, Grumpy, Happy, Doc, and Sneezy. (Score: 0.0322265625, Parent: 0)

Disney's seven dwarves from "Snow White and the Seven Dwarfs" are named Sleepy, Dopey, Bashful, Grumpy, Happy, Doc, and Sneezy.
The seven dwarfs were first popularized by Disney in the 1937 animated film "Snow White and the Seven Dwarfs." The characters were based on the Brothers Grimm fairy tale, which featured dwarfs but did not specify their names.
The Brothers Grimm fairy tale includes the idea of seven dwarfs, but it does not provide specific names for them.
A: Disney's seven dwarfs from "Snow White and the Seven Dwarfs" are named Sleepy, Dopey, Bashful, Grumpy, Happy, Doc, and Sneezy.
A: Disney's seven dwarfs from "Snow White and the Seven Dwarfs" are named Sleepy, Dopey, Bashful, Grumpy, Happy, Doc, and Sneezy.
A: Disney's seven dwarfs from "Snow White and the Seven Dwarfs" are named Sleepy, Dopey, Bashful, Grumpy, Happy, Doc, and Sneezy. (Score: 0.0322265625, Parent: 1)

********** Step: 7 **********

Disney's seven dwarves from "Snow White and the Seven Dwarfs" are named Sleepy, Dopey, Bashful, Grumpy, Happy, Doc, and Sneezy.
The seven dwarfs were first popularized by Disney in the 1937 animated film "Snow White and the Seven Dwarfs." The characters were based on the Brothers Grimm fairy tale, which featured dwarfs but did not specify their names.
The Brothers Grimm fairy tale includes the idea of seven dwarfs, but it does not provide specific names for them.
A: Disney's seven dwarfs from "Snow White and the Seven Dwarfs" are named Sleepy, Dopey, Bashful, Grumpy, Happy, Doc, and Sneezy.
A: Disney's seven dwarfs from "Snow White and the Seven Dwarfs" are named Sleepy, Dopey, Bashful, Grumpy, Happy, Doc, and Sneezy.
A: Disney's seven dwarfs from "Snow White and the Seven Dwarfs" are named Sleepy, Dopey, Bashful, Grumpy, Happy, Doc, and Sneezy.
A: Disney's seven dwarfs from "Snow White and the Seven Dwarfs" are named Sleepy, Dopey, Bashful, Grumpy, Happy, Doc, and Sneezy. (Score: 0.034149169921875, Parent: 1)

Disney's seven dwarves from "Snow White and the Seven Dwarfs" are named Sleepy, Dopey, Bashful, Grumpy, Happy, Doc, and Sneezy.
The seven dwarfs were first popularized by Disney in the 1937 animated film "Snow White and the Seven Dwarfs." The characters were based on the Brothers Grimm fairy tale, which featured dwarfs but did not specify their names.
The Brothers Grimm fairy tale includes the idea of seven dwarfs, but it does not provide specific names for them.
A: Disney's seven dwarfs from "Snow White and the Seven Dwarfs" are named Sleepy, Dopey, Bashful, Grumpy, Happy, Doc, and Sneezy.
A: Disney's seven dwarfs from "Snow White and the Seven Dwarfs" are named Sleepy, Dopey, Bashful, Grumpy, Happy, Doc, and Sneezy.
A: Disney's seven dwarfs from "Snow White and the Seven Dwarfs" are named Sleepy, Dopey, Bashful, Grumpy, Happy, Doc, and Sneezy.
A: Disney's seven dwarves from "Snow White and the Seven Dwarfs" are named Sleepy, Dopey, Bashful, Grumpy, Happy, Doc, and Sneezy. (Score: 0.03387451171875, Parent: 1)

********** Step: 8 **********

Disney's seven dwarves from "Snow White and the Seven Dwarfs" are named Sleepy, Dopey, Bashful, Grumpy, Happy, Doc, and Sneezy.
The seven dwarfs were first popularized by Disney in the 1937 animated film "Snow White and the Seven Dwarfs." The characters were based on the Brothers Grimm fairy tale, which featured dwarfs but did not specify their names.
The Brothers Grimm fairy tale includes the idea of seven dwarfs, but it does not provide specific names for them.
A: Disney's seven dwarfs from "Snow White and the Seven Dwarfs" are named Sleepy, Dopey, Bashful, Grumpy, Happy, Doc, and Sneezy.
A: Disney's seven dwarfs from "Snow White and the Seven Dwarfs" are named Sleepy, Dopey, Bashful, Grumpy, Happy, Doc, and Sneezy.
A: Disney's seven dwarfs from "Snow White and the Seven Dwarfs" are named Sleepy, Dopey, Bashful, Grumpy, Happy, Doc, and Sneezy.
A: Disney's seven dwarfs from "Snow White and the Seven Dwarfs" are named Sleepy, Dopey, Bashful, Grumpy, Happy, Doc, and Sneezy.
A: Disney's seven dwarfs from "Snow White and the Seven Dwarfs" are named Sleepy, Dopey, Bashful, Grumpy, Happy, Doc, and Sneezy. (Score: 0.034088134765625, Parent: 0)

Disney's seven dwarves from "Snow White and the Seven Dwarfs" are named Sleepy, Dopey, Bashful, Grumpy, Happy, Doc, and Sneezy.
The seven dwarfs were first popularized by Disney in the 1937 animated film "Snow White and the Seven Dwarfs." The characters were based on the Brothers Grimm fairy tale, which featured dwarfs but did not specify their names.
The Brothers Grimm fairy tale includes the idea of seven dwarfs, but it does not provide specific names for them.
A: Disney's seven dwarfs from "Snow White and the Seven Dwarfs" are named Sleepy, Dopey, Bashful, Grumpy, Happy, Doc, and Sneezy.
A: Disney's seven dwarfs from "Snow White and the Seven Dwarfs" are named Sleepy, Dopey, Bashful, Grumpy, Happy, Doc, and Sneezy.
A: Disney's seven dwarfs from "Snow White and the Seven Dwarfs" are named Sleepy, Dopey, Bashful, Grumpy, Happy, Doc, and Sneezy.
A: Disney's seven dwarves from "Snow White and the Seven Dwarfs" are named Sleepy, Dopey, Bashful, Grumpy, Happy, Doc, and Sneezy.
A: Disney's seven dwarves from "Snow White and the Seven Dwarfs" are named Sleepy, Dopey, Bashful, Grumpy, Happy, Doc, and Sneezy. (Score: 0.033935546875, Parent: 1)

---------- FINAL ----------
step 8
Disney's seven dwarves from "Snow White and the Seven Dwarfs" are named Sleepy, Dopey, Bashful, Grumpy, Happy, Doc, and Sneezy.
The seven dwarfs were first popularized by Disney in the 1937 animated film "Snow White and the Seven Dwarfs." The characters were based on the Brothers Grimm fairy tale, which featured dwarfs but did not specify their names.
The Brothers Grimm fairy tale includes the idea of seven dwarfs, but it does not provide specific names for them.
A: Disney's seven dwarfs from "Snow White and the Seven Dwarfs" are named Sleepy, Dopey, Bashful, Grumpy, Happy, Doc, and Sneezy.
A: Disney's seven dwarfs from "Snow White and the Seven Dwarfs" are named Sleepy, Dopey, Bashful, Grumpy, Happy, Doc, and Sneezy.
A: Disney's seven dwarfs from "Snow White and the Seven Dwarfs" are named Sleepy, Dopey, Bashful, Grumpy, Happy, Doc, and Sneezy.
A: Disney's seven dwarfs from "Snow White and the Seven Dwarfs" are named Sleepy, Dopey, Bashful, Grumpy, Happy, Doc, and Sneezy.
A: Disney's seven dwarfs from "Snow White and the Seven Dwarfs" are named Sleepy, Dopey, Bashful, Grumpy, Happy, Doc, and Sneezy. (Score: 0.034088134765625)

Disney's seven dwarves from "Snow White and the Seven Dwarfs" are named Sleepy, Dopey, Bashful, Grumpy, Happy, Doc, and Sneezy.
The seven dwarfs were first popularized by Disney in the 1937 animated film "Snow White and the Seven Dwarfs." The characters were based on the Brothers Grimm fairy tale, which featured dwarfs but did not specify their names.
The Brothers Grimm fairy tale includes the idea of seven dwarfs, but it does not provide specific names for them.
A: Disney's seven dwarfs from "Snow White and the Seven Dwarfs" are named Sleepy, Dopey, Bashful, Grumpy, Happy, Doc, and Sneezy.
A: Disney's seven dwarfs from "Snow White and the Seven Dwarfs" are named Sleepy, Dopey, Bashful, Grumpy, Happy, Doc, and Sneezy.
A: Disney's seven dwarfs from "Snow White and the Seven Dwarfs" are named Sleepy, Dopey, Bashful, Grumpy, Happy, Doc, and Sneezy.
A: Disney's seven dwarves from "Snow White and the Seven Dwarfs" are named Sleepy, Dopey, Bashful, Grumpy, Happy, Doc, and Sneezy.
A: Disney's seven dwarves from "Snow White and the Seven Dwarfs" are named Sleepy, Dopey, Bashful, Grumpy, Happy, Doc, and Sneezy. (Score: 0.033935546875)
tensor([[ 6948022359677639788,  6023683842297596221, -6573987271593904029,
          -919118349300298534,  -919118349300298534,  -919118349300298534,
          -919118349300298534,  -919118349300298534],
        [ 6948022359677639788,  6023683842297596221, -6573987271593904029,
          -919118349300298534,  -919118349300298534,  -919118349300298534,
         -5232207255303434145, -5232207255303434145]])

====================
Q: Did Johann Sebastian Bach ever win a Grammy Award?


********** Step: 1 **********

Johann Sebastian Bach was a composer who lived from 1685 to 1750. (Score: 0.032379150390625, Parent: 0)

A: Johann Sebastian Bach was a composer who lived from 1685 to 1750. (Score: 0.032135009765625, Parent: 0)

********** Step: 2 **********

Johann Sebastian Bach was a composer who lived from 1685 to 1750.
The Grammy Awards were established in 1959. (Score: 0.0325927734375, Parent: 0)

Johann Sebastian Bach was a composer who lived from 1685 to 1750.
Bach's music became widely celebrated after his death, influencing many composers. (Score: 0.0302581787109375, Parent: 0)

********** Step: 3 **********

Johann Sebastian Bach was a composer who lived from 1685 to 1750.
The Grammy Awards were established in 1959.
Bach lived long before the Grammy Awards were created. (Score: 0.0306549072265625, Parent: 0)

Johann Sebastian Bach was a composer who lived from 1685 to 1750.
The Grammy Awards were established in 1959.
Bach's music has been recorded and celebrated in various formats since then. (Score: 0.03009033203125, Parent: 0)

********** Step: 4 **********

Johann Sebastian Bach was a composer who lived from 1685 to 1750.
The Grammy Awards were established in 1959.
Bach's music has been recorded and celebrated in various formats since then.
However, as he died long before the Grammy Awards existed, he could not have won one. (Score: 0.03179931640625, Parent: 1)

Johann Sebastian Bach was a composer who lived from 1685 to 1750.
The Grammy Awards were established in 1959.
Bach's music has been recorded and celebrated in various formats since then.
However, he could not have won a Grammy Award as he lived before the awards existed. (Score: 0.031494140625, Parent: 1)

********** Step: 5 **********

Johann Sebastian Bach was a composer who lived from 1685 to 1750.
The Grammy Awards were established in 1959.
Bach's music has been recorded and celebrated in various formats since then.
However, he could not have won a Grammy Award as he lived before the awards existed.
#### No. (Score: 0.0316162109375, Parent: 1)

Johann Sebastian Bach was a composer who lived from 1685 to 1750.
The Grammy Awards were established in 1959.
Bach's music has been recorded and celebrated in various formats since then.
However, he could not have won a Grammy Award as he lived before the awards existed.
#### No. (Score: 0.0316162109375, Parent: 1)

********** Step: 6 **********

Johann Sebastian Bach was a composer who lived from 1685 to 1750.
The Grammy Awards were established in 1959.
Bach's music has been recorded and celebrated in various formats since then.
However, he could not have won a Grammy Award as he lived before the awards existed.
#### No.
 (Score: 0.0316162109375, Parent: 0)

Johann Sebastian Bach was a composer who lived from 1685 to 1750.
The Grammy Awards were established in 1959.
Bach's music has been recorded and celebrated in various formats since then.
However, he could not have won a Grammy Award as he lived before the awards existed.
#### No.
 (Score: 0.0316162109375, Parent: 1)

---------- FINAL ----------
step 6
Johann Sebastian Bach was a composer who lived from 1685 to 1750.
The Grammy Awards were established in 1959.
Bach's music has been recorded and celebrated in various formats since then.
However, he could not have won a Grammy Award as he lived before the awards existed.
#### No.
 (Score: 0.0316162109375)

Johann Sebastian Bach was a composer who lived from 1685 to 1750.
The Grammy Awards were established in 1959.
Bach's music has been recorded and celebrated in various formats since then.
However, he could not have won a Grammy Award as he lived before the awards existed.
#### No.
 (Score: 0.0316162109375)
tensor([[-3124201500081439439, -5299799756189628886,  2641202814912576483,
          3305728952185621288,  8966992113970283751,                    0,
                           -1,                   -1],
        [-3124201500081439439, -5299799756189628886,  2641202814912576483,
          3305728952185621288,  8966992113970283751,                    0,
                           -1,                   -1]])

====================
Q: Could you go to New York Public Library and the Six Flags Great Escape in the same day?


********** Step: 1 **********

A: The New York Public Library is located in New York City. (Score: 0.0290069580078125, Parent: 0)

A: New York Public Library is located in Manhattan, New York City. (Score: 0.0281829833984375, Parent: 0)

********** Step: 2 **********

A: The New York Public Library is located in New York City.
The New York Public Library is located in Manhattan, New York City. (Score: 0.02777099609375, Parent: 0)

A: New York Public Library is located in Manhattan, New York City.
To visit both the New York Public Library and Six Flags Great Escape in the same day, we need to consider their locations and the travel time involved. (Score: 0.0276336669921875, Parent: 1)

********** Step: 3 **********

A: The New York Public Library is located in New York City.
The New York Public Library is located in Manhattan, New York City.
To visit the New York Public Library and Six Flags Great Escape in the same day, we need to consider their locations and the travel time between them. (Score: 0.028656005859375, Parent: 0)

A: New York Public Library is located in Manhattan, New York City.
To visit both the New York Public Library and Six Flags Great Escape in the same day, we need to consider their locations and the travel time involved.
Six Flags Great Escape is located in Queensbury, New York, which is about 60 miles north of Manhattan. (Score: 0.027801513671875, Parent: 1)

********** Step: 4 **********

A: New York Public Library is located in Manhattan, New York City.
To visit both the New York Public Library and Six Flags Great Escape in the same day, we need to consider their locations and the travel time involved.
Six Flags Great Escape is located in Queensbury, New York, which is about 60 miles north of Manhattan.
To reach Six Flags Great Escape from New York Public Library, one would need to account for travel time, which can take about 1.5 to 2 hours by car, depending on traffic. (Score: 0.031402587890625, Parent: 1)

A: New York Public Library is located in Manhattan, New York City.
To visit both the New York Public Library and Six Flags Great Escape in the same day, we need to consider their locations and the travel time involved.
Six Flags Great Escape is located in Queensbury, New York, which is about 60 miles north of Manhattan.
Traveling from Manhattan to Queensbury would typically take around 1.5 to 2 hours by car, depending on traffic. (Score: 0.030181884765625, Parent: 1)

********** Step: 5 **********

A: New York Public Library is located in Manhattan, New York City.
To visit both the New York Public Library and Six Flags Great Escape in the same day, we need to consider their locations and the travel time involved.
Six Flags Great Escape is located in Queensbury, New York, which is about 60 miles north of Manhattan.
To reach Six Flags Great Escape from New York Public Library, one would need to account for travel time, which can take about 1.5 to 2 hours by car, depending on traffic.
Additionally, if someone were to visit the New York Public Library in the morning, they would need to factor in the time spent at the library itself, which could range from 1 to 3 hours or more. (Score: 0.03350830078125, Parent: 0)

A: New York Public Library is located in Manhattan, New York City.
To visit both the New York Public Library and Six Flags Great Escape in the same day, we need to consider their locations and the travel time involved.
Six Flags Great Escape is located in Queensbury, New York, which is about 60 miles north of Manhattan.
To reach Six Flags Great Escape from New York Public Library, one would need to account for travel time, which can take about 1.5 to 2 hours by car, depending on traffic.
Additionally, to return to New York City after visiting Six Flags Great Escape would require the same amount of travel time, totaling around 3 to 4 hours of driving time just for transportation. (Score: 0.03179931640625, Parent: 0)

********** Step: 6 **********

A: New York Public Library is located in Manhattan, New York City.
To visit both the New York Public Library and Six Flags Great Escape in the same day, we need to consider their locations and the travel time involved.
Six Flags Great Escape is located in Queensbury, New York, which is about 60 miles north of Manhattan.
To reach Six Flags Great Escape from New York Public Library, one would need to account for travel time, which can take about 1.5 to 2 hours by car, depending on traffic.
Additionally, if someone were to visit the New York Public Library in the morning, they would need to factor in the time spent at the library itself, which could range from 1 to 3 hours or more.
A: New York Public Library is located in Manhattan, New York City. (Score: 0.033294677734375, Parent: 0)

A: New York Public Library is located in Manhattan, New York City.
To visit both the New York Public Library and Six Flags Great Escape in the same day, we need to consider their locations and the travel time involved.
Six Flags Great Escape is located in Queensbury, New York, which is about 60 miles north of Manhattan.
To reach Six Flags Great Escape from New York Public Library, one would need to account for travel time, which can take about 1.5 to 2 hours by car, depending on traffic.
Additionally, if someone were to visit the New York Public Library in the morning, they would need to factor in the time spent at the library itself, which could range from 1 to 3 hours or more.
A: Given that the New York Public Library is in Manhattan and Six Flags Great Escape is in Queensbury, New York, traveling between these two locations requires significant time. (Score: 0.032989501953125, Parent: 0)

********** Step: 7 **********

A: New York Public Library is located in Manhattan, New York City.
To visit both the New York Public Library and Six Flags Great Escape in the same day, we need to consider their locations and the travel time involved.
Six Flags Great Escape is located in Queensbury, New York, which is about 60 miles north of Manhattan.
To reach Six Flags Great Escape from New York Public Library, one would need to account for travel time, which can take about 1.5 to 2 hours by car, depending on traffic.
Additionally, if someone were to visit the New York Public Library in the morning, they would need to factor in the time spent at the library itself, which could range from 1 to 3 hours or more.
A: Given that the New York Public Library is in Manhattan and Six Flags Great Escape is in Queensbury, New York, traveling between these two locations requires significant time.
To do both activities in the same day, one must consider the time it takes to travel and the time spent at each location. (Score: 0.033203125, Parent: 1)

A: New York Public Library is located in Manhattan, New York City.
To visit both the New York Public Library and Six Flags Great Escape in the same day, we need to consider their locations and the travel time involved.
Six Flags Great Escape is located in Queensbury, New York, which is about 60 miles north of Manhattan.
To reach Six Flags Great Escape from New York Public Library, one would need to account for travel time, which can take about 1.5 to 2 hours by car, depending on traffic.
Additionally, if someone were to visit the New York Public Library in the morning, they would need to factor in the time spent at the library itself, which could range from 1 to 3 hours or more.
A: New York Public Library is located in Manhattan, New York City.
To visit both the New York Public Library and Six Flags Great Escape in the same day, we need to evaluate the travel times and locations. (Score: 0.0328369140625, Parent: 0)

********** Step: 8 **********

A: New York Public Library is located in Manhattan, New York City.
To visit both the New York Public Library and Six Flags Great Escape in the same day, we need to consider their locations and the travel time involved.
Six Flags Great Escape is located in Queensbury, New York, which is about 60 miles north of Manhattan.
To reach Six Flags Great Escape from New York Public Library, one would need to account for travel time, which can take about 1.5 to 2 hours by car, depending on traffic.
Additionally, if someone were to visit the New York Public Library in the morning, they would need to factor in the time spent at the library itself, which could range from 1 to 3 hours or more.
A: Given that the New York Public Library is in Manhattan and Six Flags Great Escape is in Queensbury, New York, traveling between these two locations requires significant time.
To do both activities in the same day, one must consider the time it takes to travel and the time spent at each location.
A: It is feasible to visit both locations in one day, but it requires careful planning. (Score: 0.033843994140625, Parent: 0)

A: New York Public Library is located in Manhattan, New York City.
To visit both the New York Public Library and Six Flags Great Escape in the same day, we need to consider their locations and the travel time involved.
Six Flags Great Escape is located in Queensbury, New York, which is about 60 miles north of Manhattan.
To reach Six Flags Great Escape from New York Public Library, one would need to account for travel time, which can take about 1.5 to 2 hours by car, depending on traffic.
Additionally, if someone were to visit the New York Public Library in the morning, they would need to factor in the time spent at the library itself, which could range from 1 to 3 hours or more.
A: Given that the New York Public Library is in Manhattan and Six Flags Great Escape is in Queensbury, New York, traveling between these two locations requires significant time.
To do both activities in the same day, one must consider the time it takes to travel and the time spent at each location.
A: New York Public Library is located in Manhattan, New York City. (Score: 0.033447265625, Parent: 0)

---------- FINAL ----------
step 8
A: New York Public Library is located in Manhattan, New York City.
To visit both the New York Public Library and Six Flags Great Escape in the same day, we need to consider their locations and the travel time involved.
Six Flags Great Escape is located in Queensbury, New York, which is about 60 miles north of Manhattan.
To reach Six Flags Great Escape from New York Public Library, one would need to account for travel time, which can take about 1.5 to 2 hours by car, depending on traffic.
Additionally, if someone were to visit the New York Public Library in the morning, they would need to factor in the time spent at the library itself, which could range from 1 to 3 hours or more.
A: Given that the New York Public Library is in Manhattan and Six Flags Great Escape is in Queensbury, New York, traveling between these two locations requires significant time.
To do both activities in the same day, one must consider the time it takes to travel and the time spent at each location.
A: It is feasible to visit both locations in one day, but it requires careful planning. (Score: 0.033843994140625)

A: New York Public Library is located in Manhattan, New York City.
To visit both the New York Public Library and Six Flags Great Escape in the same day, we need to consider their locations and the travel time involved.
Six Flags Great Escape is located in Queensbury, New York, which is about 60 miles north of Manhattan.
To reach Six Flags Great Escape from New York Public Library, one would need to account for travel time, which can take about 1.5 to 2 hours by car, depending on traffic.
Additionally, if someone were to visit the New York Public Library in the morning, they would need to factor in the time spent at the library itself, which could range from 1 to 3 hours or more.
A: Given that the New York Public Library is in Manhattan and Six Flags Great Escape is in Queensbury, New York, traveling between these two locations requires significant time.
To do both activities in the same day, one must consider the time it takes to travel and the time spent at each location.
A: New York Public Library is located in Manhattan, New York City. (Score: 0.033447265625)
tensor([[ -386044606007264293, -7127946146424163364,  8808943281134319098,
          6865287882004677247, -1333209901598563966,  8180719221318844887,
         -1865856865253240760, -6277826897789475514],
        [ -386044606007264293, -7127946146424163364,  8808943281134319098,
          6865287882004677247, -1333209901598563966,  8180719221318844887,
         -1865856865253240760,  -386044606007264293]])

