
====================
epoch 0 | idx 0
====================
Q: Did Neanderthals use arithmetic?


********** Step: 1 **********

Neanderthals lived between approximately 400,000 and 40,000 years ago. (Score: -0.0021877288818359375, Parent: 0)

Neanderthals were a species of hominins that lived before modern humans. (Score: -0.009552001953125, Parent: 0)

********** Step: 2 **********

Neanderthals lived between approximately 400,000 and 40,000 years ago.
Neanderthals are known to have had complex cognitive abilities. (Score: -0.01214599609375, Parent: 0)

Neanderthals lived between approximately 400,000 and 40,000 years ago.
Neanderthals were known to have used tools and demonstrated complex behaviors. (Score: -0.0125885009765625, Parent: 0)

********** Step: 3 **********

Neanderthals lived between approximately 400,000 and 40,000 years ago.
Neanderthals were known to have used tools and demonstrated complex behaviors.
There is no definitive evidence to suggest that Neanderthals used arithmetic as we understand it today. (Score: -0.0179443359375, Parent: 1)

Neanderthals lived between approximately 400,000 and 40,000 years ago.
Neanderthals were known to have used tools and demonstrated complex behaviors.
However, there is no solid evidence that Neanderthals had a concept of arithmetic as we understand it today. (Score: -0.0180816650390625, Parent: 1)

********** Step: 4 **********

Neanderthals lived between approximately 400,000 and 40,000 years ago.
Neanderthals were known to have used tools and demonstrated complex behaviors.
There is no definitive evidence to suggest that Neanderthals used arithmetic as we understand it today.
A: Neanderthals lived between approximately 400,000 and 40,000 years ago. (Score: -0.01511383056640625, Parent: 0)

Neanderthals lived between approximately 400,000 and 40,000 years ago.
Neanderthals were known to have used tools and demonstrated complex behaviors.
There is no definitive evidence to suggest that Neanderthals used arithmetic as we understand it today.
A: Neanderthals lived between approximately 400,000 and 40,000 years ago. (Score: -0.01511383056640625, Parent: 0)

********** Step: 5 **********

Neanderthals lived between approximately 400,000 and 40,000 years ago.
Neanderthals were known to have used tools and demonstrated complex behaviors.
There is no definitive evidence to suggest that Neanderthals used arithmetic as we understand it today.
A: Neanderthals lived between approximately 400,000 and 40,000 years ago.
A: Neanderthals lived between approximately 400,000 and 40,000 years ago. (Score: -0.01387786865234375, Parent: 0)

Neanderthals lived between approximately 400,000 and 40,000 years ago.
Neanderthals were known to have used tools and demonstrated complex behaviors.
There is no definitive evidence to suggest that Neanderthals used arithmetic as we understand it today.
A: Neanderthals lived between approximately 400,000 and 40,000 years ago.
A: Neanderthals lived between approximately 400,000 and 40,000 years ago. (Score: -0.01387786865234375, Parent: 1)

********** Step: 6 **********

Neanderthals lived between approximately 400,000 and 40,000 years ago.
Neanderthals were known to have used tools and demonstrated complex behaviors.
There is no definitive evidence to suggest that Neanderthals used arithmetic as we understand it today.
A: Neanderthals lived between approximately 400,000 and 40,000 years ago.
A: Neanderthals lived between approximately 400,000 and 40,000 years ago.
A: Neanderthals lived between approximately 400,000 and 40,000 years ago. (Score: -0.01514434814453125, Parent: 0)

Neanderthals lived between approximately 400,000 and 40,000 years ago.
Neanderthals were known to have used tools and demonstrated complex behaviors.
There is no definitive evidence to suggest that Neanderthals used arithmetic as we understand it today.
A: Neanderthals lived between approximately 400,000 and 40,000 years ago.
A: Neanderthals lived between approximately 400,000 and 40,000 years ago.
A: Neanderthals lived between approximately 400,000 and 40,000 years ago. (Score: -0.01514434814453125, Parent: 1)

********** Step: 7 **********

Neanderthals lived between approximately 400,000 and 40,000 years ago.
Neanderthals were known to have used tools and demonstrated complex behaviors.
There is no definitive evidence to suggest that Neanderthals used arithmetic as we understand it today.
A: Neanderthals lived between approximately 400,000 and 40,000 years ago.
A: Neanderthals lived between approximately 400,000 and 40,000 years ago.
A: Neanderthals lived between approximately 400,000 and 40,000 years ago.
A: Neanderthals lived between approximately 400,000 and 40,000 years ago. (Score: -0.01568603515625, Parent: 0)

Neanderthals lived between approximately 400,000 and 40,000 years ago.
Neanderthals were known to have used tools and demonstrated complex behaviors.
There is no definitive evidence to suggest that Neanderthals used arithmetic as we understand it today.
A: Neanderthals lived between approximately 400,000 and 40,000 years ago.
A: Neanderthals lived between approximately 400,000 and 40,000 years ago.
A: Neanderthals lived between approximately 400,000 and 40,000 years ago.
A: Neanderthals lived between approximately 400,000 and 40,000 years ago. (Score: -0.01568603515625, Parent: 1)

********** Step: 8 **********

Neanderthals lived between approximately 400,000 and 40,000 years ago.
Neanderthals were known to have used tools and demonstrated complex behaviors.
There is no definitive evidence to suggest that Neanderthals used arithmetic as we understand it today.
A: Neanderthals lived between approximately 400,000 and 40,000 years ago.
A: Neanderthals lived between approximately 400,000 and 40,000 years ago.
A: Neanderthals lived between approximately 400,000 and 40,000 years ago.
A: Neanderthals lived between approximately 400,000 and 40,000 years ago.
A: Neanderthals lived between approximately 400,000 and 40,000 years ago. (Score: -0.01605224609375, Parent: 0)

Neanderthals lived between approximately 400,000 and 40,000 years ago.
Neanderthals were known to have used tools and demonstrated complex behaviors.
There is no definitive evidence to suggest that Neanderthals used arithmetic as we understand it today.
A: Neanderthals lived between approximately 400,000 and 40,000 years ago.
A: Neanderthals lived between approximately 400,000 and 40,000 years ago.
A: Neanderthals lived between approximately 400,000 and 40,000 years ago.
A: Neanderthals lived between approximately 400,000 and 40,000 years ago.
A: Neanderthals lived between approximately 400,000 and 40,000 years ago. (Score: -0.01605224609375, Parent: 1)

---------- FINAL ----------
step 8
Neanderthals lived between approximately 400,000 and 40,000 years ago.
Neanderthals were known to have used tools and demonstrated complex behaviors.
There is no definitive evidence to suggest that Neanderthals used arithmetic as we understand it today.
A: Neanderthals lived between approximately 400,000 and 40,000 years ago.
A: Neanderthals lived between approximately 400,000 and 40,000 years ago.
A: Neanderthals lived between approximately 400,000 and 40,000 years ago.
A: Neanderthals lived between approximately 400,000 and 40,000 years ago.
A: Neanderthals lived between approximately 400,000 and 40,000 years ago. (Score: -0.01605224609375)

Neanderthals lived between approximately 400,000 and 40,000 years ago.
Neanderthals were known to have used tools and demonstrated complex behaviors.
There is no definitive evidence to suggest that Neanderthals used arithmetic as we understand it today.
A: Neanderthals lived between approximately 400,000 and 40,000 years ago.
A: Neanderthals lived between approximately 400,000 and 40,000 years ago.
A: Neanderthals lived between approximately 400,000 and 40,000 years ago.
A: Neanderthals lived between approximately 400,000 and 40,000 years ago.
A: Neanderthals lived between approximately 400,000 and 40,000 years ago. (Score: -0.01605224609375)
tensor([[-6523406627564508954,   255464476575068668,   613308869653516133,
         -8849795173592323562, -8849795173592323562, -8849795173592323562,
         -8849795173592323562, -8849795173592323562],
        [-6523406627564508954,   255464476575068668,   613308869653516133,
         -8849795173592323562, -8849795173592323562, -8849795173592323562,
         -8849795173592323562, -8849795173592323562]])

====================
Q: Can children become lieutenants?


********** Step: 1 **********

A: A lieutenant is a rank in the military or certain other organizations. (Score: -0.006229400634765625, Parent: 0)

A: A lieutenant is a military rank typically requiring specific age and education qualifications. (Score: -0.00699615478515625, Parent: 0)

********** Step: 2 **********

A: A lieutenant is a rank in the military or certain other organizations.
A: In most military organizations, there are age requirements for enlistment and promotion to officer ranks. (Score: -0.0121307373046875, Parent: 0)

A: A lieutenant is a military rank typically requiring specific age and education qualifications.
A: In most military organizations, there are age requirements to hold the rank of lieutenant. (Score: -0.01317596435546875, Parent: 1)

********** Step: 3 **********

A: A lieutenant is a military rank typically requiring specific age and education qualifications.
A: In most military organizations, there are age requirements to hold the rank of lieutenant.
A: Generally, one must be at least 18 years old to join the military. (Score: -0.0163421630859375, Parent: 1)

A: A lieutenant is a rank in the military or certain other organizations.
A: In most military organizations, there are age requirements for enlistment and promotion to officer ranks.
A: In the United States military, for example, the minimum age to become a commissioned officer is typically 18 years old, which means children cannot become lieutenants. (Score: -0.0167388916015625, Parent: 0)

********** Step: 4 **********

A: A lieutenant is a military rank typically requiring specific age and education qualifications.
A: In most military organizations, there are age requirements to hold the rank of lieutenant.
A: Generally, one must be at least 18 years old to join the military.
A: Children are typically considered individuals under the age of 18. (Score: -0.014892578125, Parent: 0)

A: A lieutenant is a military rank typically requiring specific age and education qualifications.
A: In most military organizations, there are age requirements to hold the rank of lieutenant.
A: Generally, one must be at least 18 years old to join the military.
A: Children are typically defined as individuals under the age of 18. (Score: -0.015899658203125, Parent: 0)

********** Step: 5 **********

A: A lieutenant is a military rank typically requiring specific age and education qualifications.
A: In most military organizations, there are age requirements to hold the rank of lieutenant.
A: Generally, one must be at least 18 years old to join the military.
A: Children are typically defined as individuals under the age of 18.
#### No. (Score: 0.056304931640625, Parent: 1)

A: A lieutenant is a military rank typically requiring specific age and education qualifications.
A: In most military organizations, there are age requirements to hold the rank of lieutenant.
A: Generally, one must be at least 18 years old to join the military.
A: Children are typically defined as individuals under the age of 18.
A: Therefore, children cannot join the military. (Score: -0.0139007568359375, Parent: 1)

********** Step: 6 **********

A: A lieutenant is a military rank typically requiring specific age and education qualifications.
A: In most military organizations, there are age requirements to hold the rank of lieutenant.
A: Generally, one must be at least 18 years old to join the military.
A: Children are typically defined as individuals under the age of 18.
#### No.
 (Score: 0.056304931640625, Parent: 0)

A: A lieutenant is a military rank typically requiring specific age and education qualifications.
A: In most military organizations, there are age requirements to hold the rank of lieutenant.
A: Generally, one must be at least 18 years old to join the military.
A: Children are typically defined as individuals under the age of 18.
A: Therefore, children cannot join the military.
A: Since children cannot join the military, they cannot hold the rank of lieutenant. (Score: -0.013763427734375, Parent: 1)

********** Step: 7 **********

A: A lieutenant is a military rank typically requiring specific age and education qualifications.
A: In most military organizations, there are age requirements to hold the rank of lieutenant.
A: Generally, one must be at least 18 years old to join the military.
A: Children are typically defined as individuals under the age of 18.
#### No.

 (Score: 0.056304931640625, Parent: 0)

A: A lieutenant is a military rank typically requiring specific age and education qualifications.
A: In most military organizations, there are age requirements to hold the rank of lieutenant.
A: Generally, one must be at least 18 years old to join the military.
A: Children are typically defined as individuals under the age of 18.
A: Therefore, children cannot join the military.
A: Since children cannot join the military, they cannot hold the rank of lieutenant.
#### No. (Score: 0.05133056640625, Parent: 1)

********** Step: 8 **********

A: A lieutenant is a military rank typically requiring specific age and education qualifications.
A: In most military organizations, there are age requirements to hold the rank of lieutenant.
A: Generally, one must be at least 18 years old to join the military.
A: Children are typically defined as individuals under the age of 18.
#### No.


 (Score: 0.056304931640625, Parent: 0)

A: A lieutenant is a military rank typically requiring specific age and education qualifications.
A: In most military organizations, there are age requirements to hold the rank of lieutenant.
A: Generally, one must be at least 18 years old to join the military.
A: Children are typically defined as individuals under the age of 18.
A: Therefore, children cannot join the military.
A: Since children cannot join the military, they cannot hold the rank of lieutenant.
#### No.
 (Score: 0.05133056640625, Parent: 1)

---------- FINAL ----------
step 8
A: A lieutenant is a military rank typically requiring specific age and education qualifications.
A: In most military organizations, there are age requirements to hold the rank of lieutenant.
A: Generally, one must be at least 18 years old to join the military.
A: Children are typically defined as individuals under the age of 18.
#### No.


 (Score: 0.056304931640625)

A: A lieutenant is a military rank typically requiring specific age and education qualifications.
A: In most military organizations, there are age requirements to hold the rank of lieutenant.
A: Generally, one must be at least 18 years old to join the military.
A: Children are typically defined as individuals under the age of 18.
A: Therefore, children cannot join the military.
A: Since children cannot join the military, they cannot hold the rank of lieutenant.
#### No.
 (Score: 0.05133056640625)
tensor([[-5217034532303003755,  4813795170116508874, -3090859767356670640,
          1626010088976341718,  3743897281599826845,                    0,
                            0,                    0],
        [-5217034532303003755,  4813795170116508874, -3090859767356670640,
          1626010088976341718,  8444970867604281462,   391270842411870497,
          3743897281599826845,                    0]])

====================
Q: Could someone in a coma experience fear?


********** Step: 1 **********

A: A coma is a state of prolonged unconsciousness where a person does not respond to their environment. (Score: -0.0158843994140625, Parent: 0)

A: A coma is a state of prolonged unconsciousness where a person is unresponsive to their environment. (Score: -0.0159149169921875, Parent: 0)

********** Step: 2 **********

A: A coma is a state of prolonged unconsciousness where a person is unresponsive to their environment.
A: In a coma, individuals do not exhibit awareness or responsive behavior. (Score: -0.017547607421875, Parent: 1)

A: A coma is a state of prolonged unconsciousness where a person does not respond to their environment.
A: During a coma, individuals typically do not have awareness of their surroundings. (Score: -0.0199737548828125, Parent: 0)

********** Step: 3 **********

A: A coma is a state of prolonged unconsciousness where a person is unresponsive to their environment.
A: In a coma, individuals do not exhibit awareness or responsive behavior.
A: Fear is an emotional response that requires awareness and the ability to process stimuli. (Score: -0.01904296875, Parent: 0)

A: A coma is a state of prolonged unconsciousness where a person does not respond to their environment.
A: During a coma, individuals typically do not have awareness of their surroundings.
A: Fear is an emotional response that requires some level of consciousness and awareness. (Score: -0.019287109375, Parent: 1)

********** Step: 4 **********

A: A coma is a state of prolonged unconsciousness where a person does not respond to their environment.
A: During a coma, individuals typically do not have awareness of their surroundings.
A: Fear is an emotional response that requires some level of consciousness and awareness.
A: Therefore, someone in a coma would not be able to experience fear due to their lack of awareness and response to their environment. (Score: -0.0189208984375, Parent: 1)

A: A coma is a state of prolonged unconsciousness where a person is unresponsive to their environment.
A: In a coma, individuals do not exhibit awareness or responsive behavior.
A: Fear is an emotional response that requires awareness and the ability to process stimuli.
A: A coma is a state of prolonged unconsciousness where a person is unresponsive to their environment. (Score: -0.019073486328125, Parent: 0)

********** Step: 5 **********

A: A coma is a state of prolonged unconsciousness where a person does not respond to their environment.
A: During a coma, individuals typically do not have awareness of their surroundings.
A: Fear is an emotional response that requires some level of consciousness and awareness.
A: Therefore, someone in a coma would not be able to experience fear due to their lack of awareness and response to their environment.
#### No. (Score: 0.046478271484375, Parent: 0)

A: A coma is a state of prolonged unconsciousness where a person does not respond to their environment.
A: During a coma, individuals typically do not have awareness of their surroundings.
A: Fear is an emotional response that requires some level of consciousness and awareness.
A: Therefore, someone in a coma would not be able to experience fear due to their lack of awareness and response to their environment.
#### No. (Score: 0.046478271484375, Parent: 0)

********** Step: 6 **********

A: A coma is a state of prolonged unconsciousness where a person does not respond to their environment.
A: During a coma, individuals typically do not have awareness of their surroundings.
A: Fear is an emotional response that requires some level of consciousness and awareness.
A: Therefore, someone in a coma would not be able to experience fear due to their lack of awareness and response to their environment.
#### No.
 (Score: 0.046478271484375, Parent: 0)

A: A coma is a state of prolonged unconsciousness where a person does not respond to their environment.
A: During a coma, individuals typically do not have awareness of their surroundings.
A: Fear is an emotional response that requires some level of consciousness and awareness.
A: Therefore, someone in a coma would not be able to experience fear due to their lack of awareness and response to their environment.
#### No.
 (Score: 0.046478271484375, Parent: 1)

---------- FINAL ----------
step 6
A: A coma is a state of prolonged unconsciousness where a person does not respond to their environment.
A: During a coma, individuals typically do not have awareness of their surroundings.
A: Fear is an emotional response that requires some level of consciousness and awareness.
A: Therefore, someone in a coma would not be able to experience fear due to their lack of awareness and response to their environment.
#### No.
 (Score: 0.046478271484375)

A: A coma is a state of prolonged unconsciousness where a person does not respond to their environment.
A: During a coma, individuals typically do not have awareness of their surroundings.
A: Fear is an emotional response that requires some level of consciousness and awareness.
A: Therefore, someone in a coma would not be able to experience fear due to their lack of awareness and response to their environment.
#### No.
 (Score: 0.046478271484375)
tensor([[ 3943623963382881251, -8003462863985822443, -4142433652677293990,
         -1871503086978222813,  3743897281599826845,                    0,
                           -1,                   -1],
        [ 3943623963382881251, -8003462863985822443, -4142433652677293990,
         -1871503086978222813,  3743897281599826845,                    0,
                           -1,                   -1]])

====================
Q: Was Walt Disney ever interviewed by Anderson Cooper?


********** Step: 1 **********

Walt Disney passed away in 1966. (Score: 0.001552581787109375, Parent: 0)

Walt Disney was born in 1901 and passed away in 1966. (Score: -0.00650787353515625, Parent: 0)

********** Step: 2 **********

Walt Disney passed away in 1966.
A: Anderson Cooper was born in 1967. (Score: 0.004970550537109375, Parent: 0)

Walt Disney was born in 1901 and passed away in 1966.
Anderson Cooper is a television journalist born in 1967. (Score: -0.00940704345703125, Parent: 1)

********** Step: 3 **********

Walt Disney passed away in 1966.
A: Anderson Cooper was born in 1967.
A: Walt Disney was a prominent figure in animation and entertainment. (Score: -0.005481719970703125, Parent: 0)

Walt Disney was born in 1901 and passed away in 1966.
Anderson Cooper is a television journalist born in 1967.
Walt Disney could not have been interviewed by Anderson Cooper since he died in 1966. Anderson Cooper was born after Disney's death. (Score: -0.006290435791015625, Parent: 1)

********** Step: 4 **********

Walt Disney was born in 1901 and passed away in 1966.
Anderson Cooper is a television journalist born in 1967.
Walt Disney could not have been interviewed by Anderson Cooper since he died in 1966. Anderson Cooper was born after Disney's death.
#### No. (Score: 0.07208251953125, Parent: 1)

Walt Disney passed away in 1966.
A: Anderson Cooper was born in 1967.
A: Walt Disney was a prominent figure in animation and entertainment.
A: Walt Disney passed away in 1966. (Score: -0.00522613525390625, Parent: 0)

********** Step: 5 **********

Walt Disney was born in 1901 and passed away in 1966.
Anderson Cooper is a television journalist born in 1967.
Walt Disney could not have been interviewed by Anderson Cooper since he died in 1966. Anderson Cooper was born after Disney's death.
#### No.
 (Score: 0.07208251953125, Parent: 0)

Walt Disney passed away in 1966.
A: Anderson Cooper was born in 1967.
A: Walt Disney was a prominent figure in animation and entertainment.
A: Walt Disney passed away in 1966.
Walt Disney passed away in 1966. (Score: -0.0009984970092773438, Parent: 1)

********** Step: 6 **********

Walt Disney was born in 1901 and passed away in 1966.
Anderson Cooper is a television journalist born in 1967.
Walt Disney could not have been interviewed by Anderson Cooper since he died in 1966. Anderson Cooper was born after Disney's death.
#### No.

 (Score: 0.07208251953125, Parent: 0)

Walt Disney passed away in 1966.
A: Anderson Cooper was born in 1967.
A: Walt Disney was a prominent figure in animation and entertainment.
A: Walt Disney passed away in 1966.
Walt Disney passed away in 1966.
A: Walt Disney passed away in 1966. (Score: -0.0033740997314453125, Parent: 1)

********** Step: 7 **********

Walt Disney was born in 1901 and passed away in 1966.
Anderson Cooper is a television journalist born in 1967.
Walt Disney could not have been interviewed by Anderson Cooper since he died in 1966. Anderson Cooper was born after Disney's death.
#### No.


 (Score: 0.07208251953125, Parent: 0)

Walt Disney passed away in 1966.
A: Anderson Cooper was born in 1967.
A: Walt Disney was a prominent figure in animation and entertainment.
A: Walt Disney passed away in 1966.
Walt Disney passed away in 1966.
A: Walt Disney passed away in 1966.
A: Walt Disney passed away in 1966. (Score: -0.004444122314453125, Parent: 1)

********** Step: 8 **********

Walt Disney was born in 1901 and passed away in 1966.
Anderson Cooper is a television journalist born in 1967.
Walt Disney could not have been interviewed by Anderson Cooper since he died in 1966. Anderson Cooper was born after Disney's death.
#### No.



 (Score: 0.07208251953125, Parent: 0)

Walt Disney passed away in 1966.
A: Anderson Cooper was born in 1967.
A: Walt Disney was a prominent figure in animation and entertainment.
A: Walt Disney passed away in 1966.
Walt Disney passed away in 1966.
A: Walt Disney passed away in 1966.
A: Walt Disney passed away in 1966.
A: Walt Disney passed away in 1966. (Score: -0.005828857421875, Parent: 1)

---------- FINAL ----------
step 8
Walt Disney was born in 1901 and passed away in 1966.
Anderson Cooper is a television journalist born in 1967.
Walt Disney could not have been interviewed by Anderson Cooper since he died in 1966. Anderson Cooper was born after Disney's death.
#### No.



 (Score: 0.07208251953125)

Walt Disney passed away in 1966.
A: Anderson Cooper was born in 1967.
A: Walt Disney was a prominent figure in animation and entertainment.
A: Walt Disney passed away in 1966.
Walt Disney passed away in 1966.
A: Walt Disney passed away in 1966.
A: Walt Disney passed away in 1966.
A: Walt Disney passed away in 1966. (Score: -0.005828857421875)
tensor([[ 7633972832215462425,  4894921448439984093,  4328015731053687848,
          3743897281599826845,                    0,                    0,
                            0,                    0],
        [ 3415424290860871360,  2575901664325326899,  3597620581971080726,
         -4370033992634803600,  3415424290860871360, -4370033992634803600,
         -4370033992634803600, -4370033992634803600]])

====================
Q: Is Gandalf hypothetically a formidable foe for Charmed's Barbas?


********** Step: 1 **********

A: Gandalf is a powerful wizard from J.R.R. Tolkien's Middle-earth legendarium. (Score: -0.01535797119140625, Parent: 0)

Gandalf is a powerful wizard from J.R.R. Tolkien's Middle-earth legendarium. (Score: -0.0173492431640625, Parent: 0)

********** Step: 2 **********

A: Gandalf is a powerful wizard from J.R.R. Tolkien's Middle-earth legendarium.
Gandalf has various magical abilities and combat skills. (Score: -0.0208587646484375, Parent: 0)

A: Gandalf is a powerful wizard from J.R.R. Tolkien's Middle-earth legendarium.
Gandalf possesses significant magical abilities, wisdom, and combat skills. (Score: -0.02392578125, Parent: 0)

********** Step: 3 **********

A: Gandalf is a powerful wizard from J.R.R. Tolkien's Middle-earth legendarium.
Gandalf has various magical abilities and combat skills.
Barbas is a demon from the TV show "Charmed" who has the power to manipulate fear and create illusions. (Score: -0.024383544921875, Parent: 0)

A: Gandalf is a powerful wizard from J.R.R. Tolkien's Middle-earth legendarium.
Gandalf has various magical abilities and combat skills.
Barbas is a demon from the "Charmed" television series known for his powers of fear and manipulation. (Score: -0.0247650146484375, Parent: 0)

********** Step: 4 **********

A: Gandalf is a powerful wizard from J.R.R. Tolkien's Middle-earth legendarium.
Gandalf has various magical abilities and combat skills.
Barbas is a demon from the TV show "Charmed" who has the power to manipulate fear and create illusions.
Barbas has been shown to be a formidable opponent for powerful beings in "Charmed.". (Score: -0.0141754150390625, Parent: 0)

A: Gandalf is a powerful wizard from J.R.R. Tolkien's Middle-earth legendarium.
Gandalf has various magical abilities and combat skills.
Barbas is a demon from the TV show "Charmed" who has the power to manipulate fear and create illusions.
Barbas has shown to be a formidable opponent against witches and magical beings in "Charmed.". (Score: -0.01488494873046875, Parent: 0)

********** Step: 5 **********

A: Gandalf is a powerful wizard from J.R.R. Tolkien's Middle-earth legendarium.
Gandalf has various magical abilities and combat skills.
Barbas is a demon from the TV show "Charmed" who has the power to manipulate fear and create illusions.
Barbas has been shown to be a formidable opponent for powerful beings in "Charmed.".
To assess whether Gandalf is hypothetically a formidable foe for Charmed's Barbas, let's break down the characteristics and abilities of both characters:. (Score: -0.01177215576171875, Parent: 0)

A: Gandalf is a powerful wizard from J.R.R. Tolkien's Middle-earth legendarium.
Gandalf has various magical abilities and combat skills.
Barbas is a demon from the TV show "Charmed" who has the power to manipulate fear and create illusions.
Barbas has been shown to be a formidable opponent for powerful beings in "Charmed.".
To determine if Gandalf is hypothetically a formidable foe for Barbas, we can break down the abilities and characteristics of both characters. (Score: -0.016632080078125, Parent: 0)

********** Step: 6 **********

A: Gandalf is a powerful wizard from J.R.R. Tolkien's Middle-earth legendarium.
Gandalf has various magical abilities and combat skills.
Barbas is a demon from the TV show "Charmed" who has the power to manipulate fear and create illusions.
Barbas has been shown to be a formidable opponent for powerful beings in "Charmed.".
To assess whether Gandalf is hypothetically a formidable foe for Charmed's Barbas, let's break down the characteristics and abilities of both characters:.
A: Gandalf possesses vast magical knowledge and combat prowess, including the ability to wield powerful spells and engage in physical combat. (Score: -0.0147705078125, Parent: 0)

A: Gandalf is a powerful wizard from J.R.R. Tolkien's Middle-earth legendarium.
Gandalf has various magical abilities and combat skills.
Barbas is a demon from the TV show "Charmed" who has the power to manipulate fear and create illusions.
Barbas has been shown to be a formidable opponent for powerful beings in "Charmed.".
To assess whether Gandalf is hypothetically a formidable foe for Charmed's Barbas, let's break down the characteristics and abilities of both characters:.
A: Gandalf possesses significant magical abilities, including spellcasting, wisdom, and combat experience against various foes, including powerful dark forces. (Score: -0.01515960693359375, Parent: 0)

********** Step: 7 **********

A: Gandalf is a powerful wizard from J.R.R. Tolkien's Middle-earth legendarium.
Gandalf has various magical abilities and combat skills.
Barbas is a demon from the TV show "Charmed" who has the power to manipulate fear and create illusions.
Barbas has been shown to be a formidable opponent for powerful beings in "Charmed.".
To assess whether Gandalf is hypothetically a formidable foe for Charmed's Barbas, let's break down the characteristics and abilities of both characters:.
A: Gandalf possesses vast magical knowledge and combat prowess, including the ability to wield powerful spells and engage in physical combat.
A: Barbas, while powerful in his own right, primarily relies on fear manipulation and illusion. (Score: -0.01531982421875, Parent: 0)

A: Gandalf is a powerful wizard from J.R.R. Tolkien's Middle-earth legendarium.
Gandalf has various magical abilities and combat skills.
Barbas is a demon from the TV show "Charmed" who has the power to manipulate fear and create illusions.
Barbas has been shown to be a formidable opponent for powerful beings in "Charmed.".
To assess whether Gandalf is hypothetically a formidable foe for Charmed's Barbas, let's break down the characteristics and abilities of both characters:.
A: Gandalf possesses significant magical abilities, including spellcasting, wisdom, and combat experience against various foes, including powerful dark forces.
A: Barbas, while powerful in his own right with abilities centered around fear and illusion, has faced various magical beings in "Charmed.". (Score: -0.016357421875, Parent: 1)

********** Step: 8 **********

A: Gandalf is a powerful wizard from J.R.R. Tolkien's Middle-earth legendarium.
Gandalf has various magical abilities and combat skills.
Barbas is a demon from the TV show "Charmed" who has the power to manipulate fear and create illusions.
Barbas has been shown to be a formidable opponent for powerful beings in "Charmed.".
To assess whether Gandalf is hypothetically a formidable foe for Charmed's Barbas, let's break down the characteristics and abilities of both characters:.
A: Gandalf possesses vast magical knowledge and combat prowess, including the ability to wield powerful spells and engage in physical combat.
A: Barbas, while powerful in his own right, primarily relies on fear manipulation and illusion.
A: Gandalf's magical knowledge and combat skills are significant and versatile. (Score: -0.01540374755859375, Parent: 0)

A: Gandalf is a powerful wizard from J.R.R. Tolkien's Middle-earth legendarium.
Gandalf has various magical abilities and combat skills.
Barbas is a demon from the TV show "Charmed" who has the power to manipulate fear and create illusions.
Barbas has been shown to be a formidable opponent for powerful beings in "Charmed.".
To assess whether Gandalf is hypothetically a formidable foe for Charmed's Barbas, let's break down the characteristics and abilities of both characters:.
A: Gandalf possesses vast magical knowledge and combat prowess, including the ability to wield powerful spells and engage in physical combat.
A: Barbas, while powerful in his own right, primarily relies on fear manipulation and illusion.
A: While Barbas can create illusions and manipulate fear, Gandalf's abilities include combat skills and a wide range of powerful spells. (Score: -0.01568603515625, Parent: 0)

---------- FINAL ----------
step 8
A: Gandalf is a powerful wizard from J.R.R. Tolkien's Middle-earth legendarium.
Gandalf has various magical abilities and combat skills.
Barbas is a demon from the TV show "Charmed" who has the power to manipulate fear and create illusions.
Barbas has been shown to be a formidable opponent for powerful beings in "Charmed.".
To assess whether Gandalf is hypothetically a formidable foe for Charmed's Barbas, let's break down the characteristics and abilities of both characters:.
A: Gandalf possesses vast magical knowledge and combat prowess, including the ability to wield powerful spells and engage in physical combat.
A: Barbas, while powerful in his own right, primarily relies on fear manipulation and illusion.
A: Gandalf's magical knowledge and combat skills are significant and versatile. (Score: -0.01540374755859375)

A: Gandalf is a powerful wizard from J.R.R. Tolkien's Middle-earth legendarium.
Gandalf has various magical abilities and combat skills.
Barbas is a demon from the TV show "Charmed" who has the power to manipulate fear and create illusions.
Barbas has been shown to be a formidable opponent for powerful beings in "Charmed.".
To assess whether Gandalf is hypothetically a formidable foe for Charmed's Barbas, let's break down the characteristics and abilities of both characters:.
A: Gandalf possesses vast magical knowledge and combat prowess, including the ability to wield powerful spells and engage in physical combat.
A: Barbas, while powerful in his own right, primarily relies on fear manipulation and illusion.
A: While Barbas can create illusions and manipulate fear, Gandalf's abilities include combat skills and a wide range of powerful spells. (Score: -0.01568603515625)
tensor([[ 9041841209048774216,   742164095469226748,  2386382503976870128,
         -8048071424850820134,  -515285317846650061,  7808056907085351235,
          5733280587971876951,  6036810169622343072],
        [ 9041841209048774216,   742164095469226748,  2386382503976870128,
         -8048071424850820134,  -515285317846650061,  7808056907085351235,
          5733280587971876951,   194137089896240690]])

====================
Q: Will twenty pea pods contents cover entire chess board?


********** Step: 1 **********

A: A chess board has 64 squares (8 rows and 8 columns). (Score: -0.0017566680908203125, Parent: 0)

A: A chessboard consists of 64 squares (8 rows and 8 columns). (Score: -0.004772186279296875, Parent: 0)

********** Step: 2 **********

A: A chess board has 64 squares (8 rows and 8 columns).
A: The average pea pod contains about 5 to 8 peas. (Score: -0.0002562999725341797, Parent: 0)

A: A chess board has 64 squares (8 rows and 8 columns).
A: The average pea pod contains about 5 to 10 peas. (Score: -0.0005507469177246094, Parent: 0)

********** Step: 3 **********

A: A chess board has 64 squares (8 rows and 8 columns).
A: The average pea pod contains about 5 to 10 peas.
A: Assuming an average of 7 peas per pod gives a total of 140 peas from twenty pea pods (20 pods x 7 peas). (Score: 0.001129150390625, Parent: 1)

A: A chess board has 64 squares (8 rows and 8 columns).
A: The average pea pod contains about 5 to 8 peas.
A: Twenty pea pods would therefore contain between 100 to 160 peas (assuming 5 to 8 peas per pod). (Score: 0.0008912086486816406, Parent: 0)

********** Step: 4 **********

A: A chess board has 64 squares (8 rows and 8 columns).
A: The average pea pod contains about 5 to 8 peas.
A: Twenty pea pods would therefore contain between 100 to 160 peas (assuming 5 to 8 peas per pod).
A: A single chess square can be covered by one pea. (Score: 0.0021877288818359375, Parent: 1)

A: A chess board has 64 squares (8 rows and 8 columns).
A: The average pea pod contains about 5 to 10 peas.
A: Assuming an average of 7 peas per pod gives a total of 140 peas from twenty pea pods (20 pods x 7 peas).
A: A single chess square can hold one pea. (Score: 0.002025604248046875, Parent: 0)

********** Step: 5 **********

A: A chess board has 64 squares (8 rows and 8 columns).
A: The average pea pod contains about 5 to 10 peas.
A: Assuming an average of 7 peas per pod gives a total of 140 peas from twenty pea pods (20 pods x 7 peas).
A: A single chess square can hold one pea.
A: 140 peas can be placed on the chess board. (Score: 0.0036602020263671875, Parent: 1)

A: A chess board has 64 squares (8 rows and 8 columns).
A: The average pea pod contains about 5 to 10 peas.
A: Assuming an average of 7 peas per pod gives a total of 140 peas from twenty pea pods (20 pods x 7 peas).
A: A single chess square can hold one pea.
A: Therefore, 140 peas can potentially cover 140 squares of the chess board. (Score: 0.0016832351684570312, Parent: 1)

********** Step: 6 **********

A: A chess board has 64 squares (8 rows and 8 columns).
A: The average pea pod contains about 5 to 10 peas.
A: Assuming an average of 7 peas per pod gives a total of 140 peas from twenty pea pods (20 pods x 7 peas).
A: A single chess square can hold one pea.
A: Therefore, 140 peas can potentially cover 140 squares of the chess board.
A: Since a chess board has 64 squares, 140 peas would exceed the number of squares on the board. (Score: 0.0005588531494140625, Parent: 1)

A: A chess board has 64 squares (8 rows and 8 columns).
A: The average pea pod contains about 5 to 10 peas.
A: Assuming an average of 7 peas per pod gives a total of 140 peas from twenty pea pods (20 pods x 7 peas).
A: A single chess square can hold one pea.
A: 140 peas can be placed on the chess board.
A: A chess board has 64 squares (8 rows and 8 columns). (Score: 0.00029206275939941406, Parent: 0)

********** Step: 7 **********

A: A chess board has 64 squares (8 rows and 8 columns).
A: The average pea pod contains about 5 to 10 peas.
A: Assuming an average of 7 peas per pod gives a total of 140 peas from twenty pea pods (20 pods x 7 peas).
A: A single chess square can hold one pea.
A: Therefore, 140 peas can potentially cover 140 squares of the chess board.
A: Since a chess board has 64 squares, 140 peas would exceed the number of squares on the board.
#### Yes. (Score: 0.058349609375, Parent: 0)

A: A chess board has 64 squares (8 rows and 8 columns).
A: The average pea pod contains about 5 to 10 peas.
A: Assuming an average of 7 peas per pod gives a total of 140 peas from twenty pea pods (20 pods x 7 peas).
A: A single chess square can hold one pea.
A: Therefore, 140 peas can potentially cover 140 squares of the chess board.
A: Since a chess board has 64 squares, 140 peas would exceed the number of squares on the board.
#### Yes. (Score: 0.058349609375, Parent: 0)

********** Step: 8 **********

A: A chess board has 64 squares (8 rows and 8 columns).
A: The average pea pod contains about 5 to 10 peas.
A: Assuming an average of 7 peas per pod gives a total of 140 peas from twenty pea pods (20 pods x 7 peas).
A: A single chess square can hold one pea.
A: Therefore, 140 peas can potentially cover 140 squares of the chess board.
A: Since a chess board has 64 squares, 140 peas would exceed the number of squares on the board.
#### Yes.
 (Score: 0.058349609375, Parent: 0)

A: A chess board has 64 squares (8 rows and 8 columns).
A: The average pea pod contains about 5 to 10 peas.
A: Assuming an average of 7 peas per pod gives a total of 140 peas from twenty pea pods (20 pods x 7 peas).
A: A single chess square can hold one pea.
A: Therefore, 140 peas can potentially cover 140 squares of the chess board.
A: Since a chess board has 64 squares, 140 peas would exceed the number of squares on the board.
#### Yes.
 (Score: 0.058349609375, Parent: 1)

---------- FINAL ----------
step 8
A: A chess board has 64 squares (8 rows and 8 columns).
A: The average pea pod contains about 5 to 10 peas.
A: Assuming an average of 7 peas per pod gives a total of 140 peas from twenty pea pods (20 pods x 7 peas).
A: A single chess square can hold one pea.
A: Therefore, 140 peas can potentially cover 140 squares of the chess board.
A: Since a chess board has 64 squares, 140 peas would exceed the number of squares on the board.
#### Yes.
 (Score: 0.058349609375)

A: A chess board has 64 squares (8 rows and 8 columns).
A: The average pea pod contains about 5 to 10 peas.
A: Assuming an average of 7 peas per pod gives a total of 140 peas from twenty pea pods (20 pods x 7 peas).
A: A single chess square can hold one pea.
A: Therefore, 140 peas can potentially cover 140 squares of the chess board.
A: Since a chess board has 64 squares, 140 peas would exceed the number of squares on the board.
#### Yes.
 (Score: 0.058349609375)
tensor([[ 8562902958968729156,  6232662256001377993,  8376589121141039444,
         -4750392779111107338,  4405330974637740002,   524141729975342076,
          2975071364917069756,                    0],
        [ 8562902958968729156,  6232662256001377993,  8376589121141039444,
         -4750392779111107338,  4405330974637740002,   524141729975342076,
          2975071364917069756,                    0]])

====================
Q: While on a liquid diet, are there some types of soup you cannot eat?


********** Step: 1 **********

A: A liquid diet typically includes fluids and foods that are liquid at room temperature. (Score: -0.00263214111328125, Parent: 0)

A: A liquid diet typically consists of clear and full liquids. (Score: -0.003093719482421875, Parent: 0)

********** Step: 2 **********

A: A liquid diet typically includes fluids and foods that are liquid at room temperature.
A: There are various types of soup that may not be suitable for a liquid diet. (Score: -0.005615234375, Parent: 0)

A: A liquid diet typically consists of clear and full liquids.
A: Clear liquids include broth, bouillon, and clear soups, while full liquids can include cream soups and pureed soups. (Score: -0.0126495361328125, Parent: 1)

********** Step: 3 **********

A: A liquid diet typically includes fluids and foods that are liquid at room temperature.
A: There are various types of soup that may not be suitable for a liquid diet.
A: Chunky soups or those with solid pieces of meat or vegetables would not be appropriate for a liquid diet. (Score: -0.00936126708984375, Parent: 0)

A: A liquid diet typically includes fluids and foods that are liquid at room temperature.
A: There are various types of soup that may not be suitable for a liquid diet.
A: Chunky soups contain solid pieces of meat, vegetables, or grains which may not be allowed on a liquid diet. (Score: -0.0093994140625, Parent: 0)

********** Step: 4 **********

A: A liquid diet typically includes fluids and foods that are liquid at room temperature.
A: There are various types of soup that may not be suitable for a liquid diet.
A: Chunky soups or those with solid pieces of meat or vegetables would not be appropriate for a liquid diet.
A: Creamy soups without solid ingredients might be acceptable on a liquid diet. (Score: -0.010467529296875, Parent: 0)

A: A liquid diet typically includes fluids and foods that are liquid at room temperature.
A: There are various types of soup that may not be suitable for a liquid diet.
A: Chunky soups or those with solid pieces of meat or vegetables would not be appropriate for a liquid diet.
A: Clear broths and pureed soups are usually acceptable on a liquid diet. (Score: -0.011962890625, Parent: 0)

********** Step: 5 **********

A: A liquid diet typically includes fluids and foods that are liquid at room temperature.
A: There are various types of soup that may not be suitable for a liquid diet.
A: Chunky soups or those with solid pieces of meat or vegetables would not be appropriate for a liquid diet.
A: Clear broths and pureed soups are usually acceptable on a liquid diet.
#### Yes. (Score: 0.049591064453125, Parent: 1)

A: A liquid diet typically includes fluids and foods that are liquid at room temperature.
A: There are various types of soup that may not be suitable for a liquid diet.
A: Chunky soups or those with solid pieces of meat or vegetables would not be appropriate for a liquid diet.
A: Clear broths and pureed soups are usually acceptable on a liquid diet.
#### Yes. (Score: 0.049591064453125, Parent: 1)

********** Step: 6 **********

A: A liquid diet typically includes fluids and foods that are liquid at room temperature.
A: There are various types of soup that may not be suitable for a liquid diet.
A: Chunky soups or those with solid pieces of meat or vegetables would not be appropriate for a liquid diet.
A: Clear broths and pureed soups are usually acceptable on a liquid diet.
#### Yes.
 (Score: 0.049591064453125, Parent: 0)

A: A liquid diet typically includes fluids and foods that are liquid at room temperature.
A: There are various types of soup that may not be suitable for a liquid diet.
A: Chunky soups or those with solid pieces of meat or vegetables would not be appropriate for a liquid diet.
A: Clear broths and pureed soups are usually acceptable on a liquid diet.
#### Yes.
 (Score: 0.049591064453125, Parent: 1)

---------- FINAL ----------
step 6
A: A liquid diet typically includes fluids and foods that are liquid at room temperature.
A: There are various types of soup that may not be suitable for a liquid diet.
A: Chunky soups or those with solid pieces of meat or vegetables would not be appropriate for a liquid diet.
A: Clear broths and pureed soups are usually acceptable on a liquid diet.
#### Yes.
 (Score: 0.049591064453125)

A: A liquid diet typically includes fluids and foods that are liquid at room temperature.
A: There are various types of soup that may not be suitable for a liquid diet.
A: Chunky soups or those with solid pieces of meat or vegetables would not be appropriate for a liquid diet.
A: Clear broths and pureed soups are usually acceptable on a liquid diet.
#### Yes.
 (Score: 0.049591064453125)
tensor([[-8672612026743714066, -1180907973377525702,  4198696425079570298,
          9008930827783183870,  2975071364917069756,                    0,
                           -1,                   -1],
        [-8672612026743714066, -1180907973377525702,  4198696425079570298,
          9008930827783183870,  2975071364917069756,                    0,
                           -1,                   -1]])

====================
Q: Is breast cancer associated with a ribbon?


********** Step: 1 **********

A: Breast cancer awareness is symbolized by a pink ribbon. (Score: -0.0026798248291015625, Parent: 0)

Breast cancer awareness is symbolized by a pink ribbon. (Score: -0.004283905029296875, Parent: 0)

********** Step: 2 **********

A: Breast cancer awareness is symbolized by a pink ribbon.
Breast cancer is widely recognized in public awareness campaigns. (Score: -0.0105438232421875, Parent: 0)

Breast cancer awareness is symbolized by a pink ribbon.
The pink ribbon is widely recognized as the symbol for breast cancer awareness. (Score: -0.0128021240234375, Parent: 1)

********** Step: 3 **********

Breast cancer awareness is symbolized by a pink ribbon.
The pink ribbon is widely recognized as the symbol for breast cancer awareness.
A: The pink ribbon is specifically used to raise awareness about breast cancer. (Score: -0.0141143798828125, Parent: 1)

A: Breast cancer awareness is symbolized by a pink ribbon.
Breast cancer is widely recognized in public awareness campaigns.
The pink ribbon is specifically associated with breast cancer awareness. (Score: -0.014556884765625, Parent: 0)

********** Step: 4 **********

A: Breast cancer awareness is symbolized by a pink ribbon.
Breast cancer is widely recognized in public awareness campaigns.
The pink ribbon is specifically associated with breast cancer awareness.
#### Yes. (Score: 0.06243896484375, Parent: 1)

A: Breast cancer awareness is symbolized by a pink ribbon.
Breast cancer is widely recognized in public awareness campaigns.
The pink ribbon is specifically associated with breast cancer awareness.
#### Yes. (Score: 0.06243896484375, Parent: 1)

********** Step: 5 **********

A: Breast cancer awareness is symbolized by a pink ribbon.
Breast cancer is widely recognized in public awareness campaigns.
The pink ribbon is specifically associated with breast cancer awareness.
#### Yes.
 (Score: 0.06243896484375, Parent: 0)

A: Breast cancer awareness is symbolized by a pink ribbon.
Breast cancer is widely recognized in public awareness campaigns.
The pink ribbon is specifically associated with breast cancer awareness.
#### Yes.
 (Score: 0.06243896484375, Parent: 1)

---------- FINAL ----------
step 5
A: Breast cancer awareness is symbolized by a pink ribbon.
Breast cancer is widely recognized in public awareness campaigns.
The pink ribbon is specifically associated with breast cancer awareness.
#### Yes.
 (Score: 0.06243896484375)

A: Breast cancer awareness is symbolized by a pink ribbon.
Breast cancer is widely recognized in public awareness campaigns.
The pink ribbon is specifically associated with breast cancer awareness.
#### Yes.
 (Score: 0.06243896484375)
tensor([[3136037308788194077, -225072155413433968, 7655754257947714468,
         2975071364917069756,                   0,                  -1,
                          -1,                  -1],
        [3136037308788194077, -225072155413433968, 7655754257947714468,
         2975071364917069756,                   0,                  -1,
                          -1,                  -1]])

====================
Q: Could Eddie Murphy dial 911 in a car as a young child?


********** Step: 1 **********

Eddie Murphy was born in 1961. (Score: -0.0013990402221679688, Parent: 0)

Eddie Murphy was born in 1961. (Score: -0.0013990402221679688, Parent: 0)

********** Step: 2 **********

Eddie Murphy was born in 1961.
Eddie Murphy was born in 1961. (Score: 0.005046844482421875, Parent: 1)

Eddie Murphy was born in 1961.
As a child, Eddie Murphy would have been in the 1960s and 1970s. (Score: -0.00339508056640625, Parent: 1)

********** Step: 3 **********

Eddie Murphy was born in 1961.
Eddie Murphy was born in 1961.
Eddie Murphy grew up in the 1960s and 1970s. (Score: -0.00424957275390625, Parent: 0)

Eddie Murphy was born in 1961.
Eddie Murphy was born in 1961.
He was a child in the 1960s and 1970s. (Score: -0.004703521728515625, Parent: 0)

********** Step: 4 **********

Eddie Murphy was born in 1961.
Eddie Murphy was born in 1961.
Eddie Murphy grew up in the 1960s and 1970s.
In the 1960s, dialing 911 as an emergency number was not yet established in the United States. (Score: -0.00870513916015625, Parent: 0)

Eddie Murphy was born in 1961.
Eddie Murphy was born in 1961.
Eddie Murphy grew up in the 1960s and 1970s.
Dialing 911 as an emergency number was established in the United States in 1968. (Score: -0.0114593505859375, Parent: 0)

********** Step: 5 **********

Eddie Murphy was born in 1961.
Eddie Murphy was born in 1961.
Eddie Murphy grew up in the 1960s and 1970s.
In the 1960s, dialing 911 as an emergency number was not yet established in the United States.
Dialing 911 became the standard emergency number in the United States in 1968. (Score: -0.0110015869140625, Parent: 0)

Eddie Murphy was born in 1961.
Eddie Murphy was born in 1961.
Eddie Murphy grew up in the 1960s and 1970s.
Dialing 911 as an emergency number was established in the United States in 1968.
Eddie Murphy was a young child in the 1960s. (Score: -0.01129150390625, Parent: 1)

********** Step: 6 **********

Eddie Murphy was born in 1961.
Eddie Murphy was born in 1961.
Eddie Murphy grew up in the 1960s and 1970s.
Dialing 911 as an emergency number was established in the United States in 1968.
Eddie Murphy was a young child in the 1960s.
A: Eddie Murphy was born in 1961. (Score: -0.00946044921875, Parent: 1)

Eddie Murphy was born in 1961.
Eddie Murphy was born in 1961.
Eddie Murphy grew up in the 1960s and 1970s.
In the 1960s, dialing 911 as an emergency number was not yet established in the United States.
Dialing 911 became the standard emergency number in the United States in 1968.
Eddie Murphy was a child in the 1960s. (Score: -0.010650634765625, Parent: 0)

********** Step: 7 **********

Eddie Murphy was born in 1961.
Eddie Murphy was born in 1961.
Eddie Murphy grew up in the 1960s and 1970s.
In the 1960s, dialing 911 as an emergency number was not yet established in the United States.
Dialing 911 became the standard emergency number in the United States in 1968.
Eddie Murphy was a child in the 1960s.
Eddie Murphy could not dial 911 in a car as a young child because the emergency number was not established until 1968, and he was a child in the 1960s before that time. (Score: -0.00878143310546875, Parent: 1)

Eddie Murphy was born in 1961.
Eddie Murphy was born in 1961.
Eddie Murphy grew up in the 1960s and 1970s.
In the 1960s, dialing 911 as an emergency number was not yet established in the United States.
Dialing 911 became the standard emergency number in the United States in 1968.
Eddie Murphy was a child in the 1960s.
He would not have been able to dial 911 as a young child before it became the standard emergency number. (Score: -0.01068878173828125, Parent: 1)

********** Step: 8 **********

Eddie Murphy was born in 1961.
Eddie Murphy was born in 1961.
Eddie Murphy grew up in the 1960s and 1970s.
In the 1960s, dialing 911 as an emergency number was not yet established in the United States.
Dialing 911 became the standard emergency number in the United States in 1968.
Eddie Murphy was a child in the 1960s.
He would not have been able to dial 911 as a young child before it became the standard emergency number.
#### No. (Score: 0.052398681640625, Parent: 1)

Eddie Murphy was born in 1961.
Eddie Murphy was born in 1961.
Eddie Murphy grew up in the 1960s and 1970s.
In the 1960s, dialing 911 as an emergency number was not yet established in the United States.
Dialing 911 became the standard emergency number in the United States in 1968.
Eddie Murphy was a child in the 1960s.
Eddie Murphy could not dial 911 in a car as a young child because the emergency number was not established until 1968, and he was a child in the 1960s before that time.
A: Eddie Murphy was born in 1961. (Score: -0.007297515869140625, Parent: 0)

---------- FINAL ----------
step 8
Eddie Murphy was born in 1961.
Eddie Murphy was born in 1961.
Eddie Murphy grew up in the 1960s and 1970s.
In the 1960s, dialing 911 as an emergency number was not yet established in the United States.
Dialing 911 became the standard emergency number in the United States in 1968.
Eddie Murphy was a child in the 1960s.
He would not have been able to dial 911 as a young child before it became the standard emergency number.
#### No. (Score: 0.052398681640625)

Eddie Murphy was born in 1961.
Eddie Murphy was born in 1961.
Eddie Murphy grew up in the 1960s and 1970s.
In the 1960s, dialing 911 as an emergency number was not yet established in the United States.
Dialing 911 became the standard emergency number in the United States in 1968.
Eddie Murphy was a child in the 1960s.
Eddie Murphy could not dial 911 in a car as a young child because the emergency number was not established until 1968, and he was a child in the 1960s before that time.
A: Eddie Murphy was born in 1961. (Score: -0.007297515869140625)
tensor([[-5728653129792147157, -5728653129792147157,   261334419289189247,
         -7305283888139857686,  3893746830223999601, -3233340033967665055,
          4589498979650071958,  3743897281599826845],
        [-5728653129792147157, -5728653129792147157,   261334419289189247,
         -7305283888139857686,  3893746830223999601, -3233340033967665055,
         -2984279677069010494, -8416013354904219025]])

====================
Q: Does Olympia Washington share name with Hephaestus's workshop location?


********** Step: 1 **********

Olympia is the capital city of Washington state in the United States. (Score: -0.0130157470703125, Parent: 0)

Olympia is the capital city of Washington State in the United States. (Score: -0.01309967041015625, Parent: 0)

********** Step: 2 **********

Olympia is the capital city of Washington State in the United States.
Olympia was named after Mount Olympus, which is associated with Greek mythology. (Score: -0.023895263671875, Parent: 1)

Olympia is the capital city of Washington state in the United States.
Olympia, Washington, is named after Mount Olympus, which is associated with Greek mythology. (Score: -0.0245819091796875, Parent: 0)

********** Step: 3 **********

Olympia is the capital city of Washington State in the United States.
Olympia was named after Mount Olympus, which is associated with Greek mythology.
Hephaestus is the Greek god of fire and craftsmanship, and his workshop is traditionally located under Mount Etna in Sicily, not in Olympia. (Score: -0.02630615234375, Parent: 0)

Olympia is the capital city of Washington State in the United States.
Olympia was named after Mount Olympus, which is associated with Greek mythology.
Hephaestus was the Greek god of fire and craftsmanship, and his workshop is often depicted as being located under Mount Etna or on the island of Lemnos, not in Olympia. (Score: -0.0279083251953125, Parent: 0)

********** Step: 4 **********

Olympia is the capital city of Washington State in the United States.
Olympia was named after Mount Olympus, which is associated with Greek mythology.
Hephaestus is the Greek god of fire and craftsmanship, and his workshop is traditionally located under Mount Etna in Sicily, not in Olympia.
A: Olympia is the capital city of Washington State in the United States. (Score: -0.021331787109375, Parent: 0)

Olympia is the capital city of Washington State in the United States.
Olympia was named after Mount Olympus, which is associated with Greek mythology.
Hephaestus is the Greek god of fire and craftsmanship, and his workshop is traditionally located under Mount Etna in Sicily, not in Olympia.
A: Olympia is the capital city of Washington State in the United States. (Score: -0.021331787109375, Parent: 0)

********** Step: 5 **********

Olympia is the capital city of Washington State in the United States.
Olympia was named after Mount Olympus, which is associated with Greek mythology.
Hephaestus is the Greek god of fire and craftsmanship, and his workshop is traditionally located under Mount Etna in Sicily, not in Olympia.
A: Olympia is the capital city of Washington State in the United States.
A: Olympia is the capital city of Washington State in the United States. (Score: -0.0187835693359375, Parent: 0)

Olympia is the capital city of Washington State in the United States.
Olympia was named after Mount Olympus, which is associated with Greek mythology.
Hephaestus is the Greek god of fire and craftsmanship, and his workshop is traditionally located under Mount Etna in Sicily, not in Olympia.
A: Olympia is the capital city of Washington State in the United States.
Olympia was named after Mount Olympus, which is associated with Greek mythology. (Score: -0.023468017578125, Parent: 0)

********** Step: 6 **********

Olympia is the capital city of Washington State in the United States.
Olympia was named after Mount Olympus, which is associated with Greek mythology.
Hephaestus is the Greek god of fire and craftsmanship, and his workshop is traditionally located under Mount Etna in Sicily, not in Olympia.
A: Olympia is the capital city of Washington State in the United States.
A: Olympia is the capital city of Washington State in the United States.
A: Olympia is the capital city of Washington State in the United States. (Score: -0.0186767578125, Parent: 0)

Olympia is the capital city of Washington State in the United States.
Olympia was named after Mount Olympus, which is associated with Greek mythology.
Hephaestus is the Greek god of fire and craftsmanship, and his workshop is traditionally located under Mount Etna in Sicily, not in Olympia.
A: Olympia is the capital city of Washington State in the United States.
A: Olympia is the capital city of Washington State in the United States.
A: Olympia is the capital city of Washington State in the United States. (Score: -0.0186767578125, Parent: 0)

********** Step: 7 **********

Olympia is the capital city of Washington State in the United States.
Olympia was named after Mount Olympus, which is associated with Greek mythology.
Hephaestus is the Greek god of fire and craftsmanship, and his workshop is traditionally located under Mount Etna in Sicily, not in Olympia.
A: Olympia is the capital city of Washington State in the United States.
A: Olympia is the capital city of Washington State in the United States.
A: Olympia is the capital city of Washington State in the United States.
A: Olympia is the capital city of Washington State in the United States. (Score: -0.0184478759765625, Parent: 0)

Olympia is the capital city of Washington State in the United States.
Olympia was named after Mount Olympus, which is associated with Greek mythology.
Hephaestus is the Greek god of fire and craftsmanship, and his workshop is traditionally located under Mount Etna in Sicily, not in Olympia.
A: Olympia is the capital city of Washington State in the United States.
A: Olympia is the capital city of Washington State in the United States.
A: Olympia is the capital city of Washington State in the United States.
A: Olympia is the capital city of Washington State in the United States. (Score: -0.0184478759765625, Parent: 1)

********** Step: 8 **********

Olympia is the capital city of Washington State in the United States.
Olympia was named after Mount Olympus, which is associated with Greek mythology.
Hephaestus is the Greek god of fire and craftsmanship, and his workshop is traditionally located under Mount Etna in Sicily, not in Olympia.
A: Olympia is the capital city of Washington State in the United States.
A: Olympia is the capital city of Washington State in the United States.
A: Olympia is the capital city of Washington State in the United States.
A: Olympia is the capital city of Washington State in the United States.
A: Olympia is the capital city of Washington State in the United States. (Score: -0.0185546875, Parent: 0)

Olympia is the capital city of Washington State in the United States.
Olympia was named after Mount Olympus, which is associated with Greek mythology.
Hephaestus is the Greek god of fire and craftsmanship, and his workshop is traditionally located under Mount Etna in Sicily, not in Olympia.
A: Olympia is the capital city of Washington State in the United States.
A: Olympia is the capital city of Washington State in the United States.
A: Olympia is the capital city of Washington State in the United States.
A: Olympia is the capital city of Washington State in the United States.
A: Olympia is the capital city of Washington State in the United States. (Score: -0.0185546875, Parent: 1)

---------- FINAL ----------
step 8
Olympia is the capital city of Washington State in the United States.
Olympia was named after Mount Olympus, which is associated with Greek mythology.
Hephaestus is the Greek god of fire and craftsmanship, and his workshop is traditionally located under Mount Etna in Sicily, not in Olympia.
A: Olympia is the capital city of Washington State in the United States.
A: Olympia is the capital city of Washington State in the United States.
A: Olympia is the capital city of Washington State in the United States.
A: Olympia is the capital city of Washington State in the United States.
A: Olympia is the capital city of Washington State in the United States. (Score: -0.0185546875)

Olympia is the capital city of Washington State in the United States.
Olympia was named after Mount Olympus, which is associated with Greek mythology.
Hephaestus is the Greek god of fire and craftsmanship, and his workshop is traditionally located under Mount Etna in Sicily, not in Olympia.
A: Olympia is the capital city of Washington State in the United States.
A: Olympia is the capital city of Washington State in the United States.
A: Olympia is the capital city of Washington State in the United States.
A: Olympia is the capital city of Washington State in the United States.
A: Olympia is the capital city of Washington State in the United States. (Score: -0.0185546875)
tensor([[6955096311238462434, 7877343277074733689, 8826387021445224624,
          -50965752338747554,  -50965752338747554,  -50965752338747554,
          -50965752338747554,  -50965752338747554],
        [6955096311238462434, 7877343277074733689, 8826387021445224624,
          -50965752338747554,  -50965752338747554,  -50965752338747554,
          -50965752338747554,  -50965752338747554]])

====================
Q: Would a Nike shoebox be too small to fit a swan in?


********** Step: 1 **********

A: A typical Nike shoebox is designed to hold a pair of shoes. (Score: -0.003505706787109375, Parent: 0)

A: A typical Nike shoebox is designed to hold a pair of shoes, generally measuring about 12 inches by 8 inches by 4 inches. (Score: -0.01190185546875, Parent: 0)

********** Step: 2 **********

A: A typical Nike shoebox is designed to hold a pair of shoes.
A: A typical Nike shoebox is designed to hold a pair of shoes. (Score: -0.001850128173828125, Parent: 0)

A: A typical Nike shoebox is designed to hold a pair of shoes.
A: The dimensions of a typical Nike shoebox are around 12 inches long, 8 inches wide, and 4 inches tall. (Score: -0.01152801513671875, Parent: 0)

********** Step: 3 **********

A: A typical Nike shoebox is designed to hold a pair of shoes.
A: A typical Nike shoebox is designed to hold a pair of shoes.
A: A typical Nike shoebox is designed to hold a pair of shoes. (Score: -0.00637054443359375, Parent: 0)

A: A typical Nike shoebox is designed to hold a pair of shoes.
A: A typical Nike shoebox is designed to hold a pair of shoes.
A: A Nike shoebox is usually around 13 inches long, 8 inches wide, and 4 inches high. (Score: -0.00911712646484375, Parent: 0)

********** Step: 4 **********

A: A typical Nike shoebox is designed to hold a pair of shoes.
A: A typical Nike shoebox is designed to hold a pair of shoes.
A: A typical Nike shoebox is designed to hold a pair of shoes.
A: A typical Nike shoebox is designed to hold a pair of shoes. (Score: -0.0091552734375, Parent: 0)

A: A typical Nike shoebox is designed to hold a pair of shoes.
A: A typical Nike shoebox is designed to hold a pair of shoes.
A: A typical Nike shoebox is designed to hold a pair of shoes.
A: A typical Nike shoebox is designed to hold a pair of shoes. (Score: -0.0091552734375, Parent: 0)

********** Step: 5 **********

A: A typical Nike shoebox is designed to hold a pair of shoes.
A: A typical Nike shoebox is designed to hold a pair of shoes.
A: A typical Nike shoebox is designed to hold a pair of shoes.
A: A typical Nike shoebox is designed to hold a pair of shoes.
A: A typical Nike shoebox is designed to hold a pair of shoes. (Score: -0.0109405517578125, Parent: 0)

A: A typical Nike shoebox is designed to hold a pair of shoes.
A: A typical Nike shoebox is designed to hold a pair of shoes.
A: A typical Nike shoebox is designed to hold a pair of shoes.
A: A typical Nike shoebox is designed to hold a pair of shoes.
A: A typical Nike shoebox is designed to hold a pair of shoes. (Score: -0.01097869873046875, Parent: 1)

********** Step: 6 **********

A: A typical Nike shoebox is designed to hold a pair of shoes.
A: A typical Nike shoebox is designed to hold a pair of shoes.
A: A typical Nike shoebox is designed to hold a pair of shoes.
A: A typical Nike shoebox is designed to hold a pair of shoes.
A: A typical Nike shoebox is designed to hold a pair of shoes.
A: A typical Nike shoebox is designed to hold a pair of shoes. (Score: -0.0121307373046875, Parent: 0)

A: A typical Nike shoebox is designed to hold a pair of shoes.
A: A typical Nike shoebox is designed to hold a pair of shoes.
A: A typical Nike shoebox is designed to hold a pair of shoes.
A: A typical Nike shoebox is designed to hold a pair of shoes.
A: A typical Nike shoebox is designed to hold a pair of shoes.
A: A typical Nike shoebox is designed to hold a pair of shoes. (Score: -0.0121307373046875, Parent: 1)

********** Step: 7 **********

A: A typical Nike shoebox is designed to hold a pair of shoes.
A: A typical Nike shoebox is designed to hold a pair of shoes.
A: A typical Nike shoebox is designed to hold a pair of shoes.
A: A typical Nike shoebox is designed to hold a pair of shoes.
A: A typical Nike shoebox is designed to hold a pair of shoes.
A: A typical Nike shoebox is designed to hold a pair of shoes.
A: A typical Nike shoebox is designed to hold a pair of shoes, which are generally much smaller than a swan. (Score: -0.01251220703125, Parent: 0)

A: A typical Nike shoebox is designed to hold a pair of shoes.
A: A typical Nike shoebox is designed to hold a pair of shoes.
A: A typical Nike shoebox is designed to hold a pair of shoes.
A: A typical Nike shoebox is designed to hold a pair of shoes.
A: A typical Nike shoebox is designed to hold a pair of shoes.
A: A typical Nike shoebox is designed to hold a pair of shoes.
A: A typical Nike shoebox is designed to hold a pair of shoes. (Score: -0.01265716552734375, Parent: 0)

********** Step: 8 **********

A: A typical Nike shoebox is designed to hold a pair of shoes.
A: A typical Nike shoebox is designed to hold a pair of shoes.
A: A typical Nike shoebox is designed to hold a pair of shoes.
A: A typical Nike shoebox is designed to hold a pair of shoes.
A: A typical Nike shoebox is designed to hold a pair of shoes.
A: A typical Nike shoebox is designed to hold a pair of shoes.
A: A typical Nike shoebox is designed to hold a pair of shoes.
A: A typical Nike shoebox is designed to hold a pair of shoes, which are usually much smaller than a swan. (Score: -0.01290130615234375, Parent: 1)

A: A typical Nike shoebox is designed to hold a pair of shoes.
A: A typical Nike shoebox is designed to hold a pair of shoes.
A: A typical Nike shoebox is designed to hold a pair of shoes.
A: A typical Nike shoebox is designed to hold a pair of shoes.
A: A typical Nike shoebox is designed to hold a pair of shoes.
A: A typical Nike shoebox is designed to hold a pair of shoes.
A: A typical Nike shoebox is designed to hold a pair of shoes.
A: A typical Nike shoebox is designed to hold a pair of shoes. (Score: -0.01308441162109375, Parent: 1)

---------- FINAL ----------
step 8
A: A typical Nike shoebox is designed to hold a pair of shoes.
A: A typical Nike shoebox is designed to hold a pair of shoes.
A: A typical Nike shoebox is designed to hold a pair of shoes.
A: A typical Nike shoebox is designed to hold a pair of shoes.
A: A typical Nike shoebox is designed to hold a pair of shoes.
A: A typical Nike shoebox is designed to hold a pair of shoes.
A: A typical Nike shoebox is designed to hold a pair of shoes.
A: A typical Nike shoebox is designed to hold a pair of shoes, which are usually much smaller than a swan. (Score: -0.01290130615234375)

A: A typical Nike shoebox is designed to hold a pair of shoes.
A: A typical Nike shoebox is designed to hold a pair of shoes.
A: A typical Nike shoebox is designed to hold a pair of shoes.
A: A typical Nike shoebox is designed to hold a pair of shoes.
A: A typical Nike shoebox is designed to hold a pair of shoes.
A: A typical Nike shoebox is designed to hold a pair of shoes.
A: A typical Nike shoebox is designed to hold a pair of shoes.
A: A typical Nike shoebox is designed to hold a pair of shoes. (Score: -0.01308441162109375)
tensor([[1523561278452431670, 1523561278452431670, 1523561278452431670,
         1523561278452431670, 1523561278452431670, 1523561278452431670,
         1523561278452431670, 7911804331717254447],
        [1523561278452431670, 1523561278452431670, 1523561278452431670,
         1523561278452431670, 1523561278452431670, 1523561278452431670,
         1523561278452431670, 1523561278452431670]])

====================
Q: Are all the elements plants need for photosynthesis present in atmosphere of Mars?


********** Step: 1 **********

Photosynthesis requires sunlight, carbon dioxide, and water. (Score: -0.00806427001953125, Parent: 0)

Photosynthesis primarily requires carbon dioxide, water, and sunlight. (Score: -0.01009368896484375, Parent: 0)

********** Step: 2 **********

Photosynthesis requires sunlight, carbon dioxide, and water.
A: Sunlight is present on Mars, as it receives sunlight from the Sun like Earth does. (Score: -0.01238250732421875, Parent: 0)

Photosynthesis primarily requires carbon dioxide, water, and sunlight.
A: Carbon dioxide is present in the atmosphere of Mars, but in very low concentrations (about 0.04%). (Score: -0.0159454345703125, Parent: 1)

********** Step: 3 **********

Photosynthesis requires sunlight, carbon dioxide, and water.
A: Sunlight is present on Mars, as it receives sunlight from the Sun like Earth does.
A: Mars has a very thin atmosphere, composed mostly of carbon dioxide. (Score: -0.0169677734375, Parent: 0)

Photosynthesis primarily requires carbon dioxide, water, and sunlight.
A: Carbon dioxide is present in the atmosphere of Mars, but in very low concentrations (about 0.04%).
A: Water is also essential for photosynthesis, but Mars has very little liquid water and mostly has water ice. (Score: -0.017242431640625, Parent: 1)

********** Step: 4 **********

Photosynthesis requires sunlight, carbon dioxide, and water.
A: Sunlight is present on Mars, as it receives sunlight from the Sun like Earth does.
A: Mars has a very thin atmosphere, composed mostly of carbon dioxide.
A: However, the amount of carbon dioxide on Mars is significantly lower than what is available on Earth. (Score: -0.0162200927734375, Parent: 0)

Photosynthesis requires sunlight, carbon dioxide, and water.
A: Sunlight is present on Mars, as it receives sunlight from the Sun like Earth does.
A: Mars has a very thin atmosphere, composed mostly of carbon dioxide.
A: However, the amount of carbon dioxide on Mars is not sufficient for effective photosynthesis compared to Earth. (Score: -0.016754150390625, Parent: 0)

********** Step: 5 **********

Photosynthesis requires sunlight, carbon dioxide, and water.
A: Sunlight is present on Mars, as it receives sunlight from the Sun like Earth does.
A: Mars has a very thin atmosphere, composed mostly of carbon dioxide.
A: However, the amount of carbon dioxide on Mars is not sufficient for effective photosynthesis compared to Earth.
A: Mars has very little water in its atmosphere, which is another essential component for photosynthesis. (Score: -0.018890380859375, Parent: 1)

Photosynthesis requires sunlight, carbon dioxide, and water.
A: Sunlight is present on Mars, as it receives sunlight from the Sun like Earth does.
A: Mars has a very thin atmosphere, composed mostly of carbon dioxide.
A: However, the amount of carbon dioxide on Mars is significantly lower than what is available on Earth.
A: Water exists in the form of ice on Mars, but liquid water is scarce. (Score: -0.01898193359375, Parent: 0)

********** Step: 6 **********

Photosynthesis requires sunlight, carbon dioxide, and water.
A: Sunlight is present on Mars, as it receives sunlight from the Sun like Earth does.
A: Mars has a very thin atmosphere, composed mostly of carbon dioxide.
A: However, the amount of carbon dioxide on Mars is not sufficient for effective photosynthesis compared to Earth.
A: Mars has very little water in its atmosphere, which is another essential component for photosynthesis.
A: The atmosphere of Mars lacks sufficient water vapor for photosynthesis. (Score: -0.01873779296875, Parent: 0)

Photosynthesis requires sunlight, carbon dioxide, and water.
A: Sunlight is present on Mars, as it receives sunlight from the Sun like Earth does.
A: Mars has a very thin atmosphere, composed mostly of carbon dioxide.
A: However, the amount of carbon dioxide on Mars is significantly lower than what is available on Earth.
A: Water exists in the form of ice on Mars, but liquid water is scarce.
A: The elements required for photosynthesis include sunlight, carbon dioxide, and liquid water. (Score: -0.01910400390625, Parent: 1)

********** Step: 7 **********

Photosynthesis requires sunlight, carbon dioxide, and water.
A: Sunlight is present on Mars, as it receives sunlight from the Sun like Earth does.
A: Mars has a very thin atmosphere, composed mostly of carbon dioxide.
A: However, the amount of carbon dioxide on Mars is not sufficient for effective photosynthesis compared to Earth.
A: Mars has very little water in its atmosphere, which is another essential component for photosynthesis.
A: The atmosphere of Mars lacks sufficient water vapor for photosynthesis.
#### No. (Score: 0.044677734375, Parent: 0)

Photosynthesis requires sunlight, carbon dioxide, and water.
A: Sunlight is present on Mars, as it receives sunlight from the Sun like Earth does.
A: Mars has a very thin atmosphere, composed mostly of carbon dioxide.
A: However, the amount of carbon dioxide on Mars is significantly lower than what is available on Earth.
A: Water exists in the form of ice on Mars, but liquid water is scarce.
A: The elements required for photosynthesis include sunlight, carbon dioxide, and liquid water.
A: Since liquid water is scarce on Mars and the carbon dioxide is not available in sufficient quantities, not all the elements needed for photosynthesis are present. (Score: -0.0188446044921875, Parent: 1)

********** Step: 8 **********

Photosynthesis requires sunlight, carbon dioxide, and water.
A: Sunlight is present on Mars, as it receives sunlight from the Sun like Earth does.
A: Mars has a very thin atmosphere, composed mostly of carbon dioxide.
A: However, the amount of carbon dioxide on Mars is not sufficient for effective photosynthesis compared to Earth.
A: Mars has very little water in its atmosphere, which is another essential component for photosynthesis.
A: The atmosphere of Mars lacks sufficient water vapor for photosynthesis.
#### No.
 (Score: 0.044677734375, Parent: 0)

Photosynthesis requires sunlight, carbon dioxide, and water.
A: Sunlight is present on Mars, as it receives sunlight from the Sun like Earth does.
A: Mars has a very thin atmosphere, composed mostly of carbon dioxide.
A: However, the amount of carbon dioxide on Mars is significantly lower than what is available on Earth.
A: Water exists in the form of ice on Mars, but liquid water is scarce.
A: The elements required for photosynthesis include sunlight, carbon dioxide, and liquid water.
A: Since liquid water is scarce on Mars and the carbon dioxide is not available in sufficient quantities, not all the elements needed for photosynthesis are present.
#### No. (Score: 0.0304412841796875, Parent: 1)

---------- FINAL ----------
step 8
Photosynthesis requires sunlight, carbon dioxide, and water.
A: Sunlight is present on Mars, as it receives sunlight from the Sun like Earth does.
A: Mars has a very thin atmosphere, composed mostly of carbon dioxide.
A: However, the amount of carbon dioxide on Mars is not sufficient for effective photosynthesis compared to Earth.
A: Mars has very little water in its atmosphere, which is another essential component for photosynthesis.
A: The atmosphere of Mars lacks sufficient water vapor for photosynthesis.
#### No.
 (Score: 0.044677734375)

Photosynthesis requires sunlight, carbon dioxide, and water.
A: Sunlight is present on Mars, as it receives sunlight from the Sun like Earth does.
A: Mars has a very thin atmosphere, composed mostly of carbon dioxide.
A: However, the amount of carbon dioxide on Mars is significantly lower than what is available on Earth.
A: Water exists in the form of ice on Mars, but liquid water is scarce.
A: The elements required for photosynthesis include sunlight, carbon dioxide, and liquid water.
A: Since liquid water is scarce on Mars and the carbon dioxide is not available in sufficient quantities, not all the elements needed for photosynthesis are present.
#### No. (Score: 0.0304412841796875)
tensor([[  377375571398985990,  3282072097292590744,  4617310970293403801,
          8900683848484724051, -2027902528971295055,  6154055791896585231,
          3743897281599826845,                    0],
        [  377375571398985990,  3282072097292590744,  4617310970293403801,
         -3884894239606761651,  8547524966149224497, -8756667588555922081,
         -7199836998122088424,  3743897281599826845]])

====================
Q: Could you make the kitchen 'holy trinity' without celery?


********** Step: 1 **********

The kitchen 'holy trinity' typically refers to a base of three ingredients: onions, bell peppers, and celery. (Score: -0.018280029296875, Parent: 0)

The 'holy trinity' in cooking typically refers to a combination of onions, bell peppers, and celery, especially in Cajun and Creole cuisine. (Score: -0.023834228515625, Parent: 0)

********** Step: 2 **********

The kitchen 'holy trinity' typically refers to a base of three ingredients: onions, bell peppers, and celery.
To analyze whether you could make the kitchen 'holy trinity' without celery, we need to consider the definition of the holy trinity itself. (Score: -0.0185394287109375, Parent: 0)

The 'holy trinity' in cooking typically refers to a combination of onions, bell peppers, and celery, especially in Cajun and Creole cuisine.
To make the kitchen 'holy trinity', one typically uses onions, bell peppers, and celery. (Score: -0.0216827392578125, Parent: 1)

********** Step: 3 **********

The 'holy trinity' in cooking typically refers to a combination of onions, bell peppers, and celery, especially in Cajun and Creole cuisine.
To make the kitchen 'holy trinity', one typically uses onions, bell peppers, and celery.
If celery is removed from the combination of onions and bell peppers, it would no longer be considered the traditional 'holy trinity'. (Score: -0.0225372314453125, Parent: 1)

The kitchen 'holy trinity' typically refers to a base of three ingredients: onions, bell peppers, and celery.
To analyze whether you could make the kitchen 'holy trinity' without celery, we need to consider the definition of the holy trinity itself.
The 'holy trinity' is a culinary term that originates from Cajun and Creole cooking. (Score: -0.0234832763671875, Parent: 0)

********** Step: 4 **********

The 'holy trinity' in cooking typically refers to a combination of onions, bell peppers, and celery, especially in Cajun and Creole cuisine.
To make the kitchen 'holy trinity', one typically uses onions, bell peppers, and celery.
If celery is removed from the combination of onions and bell peppers, it would no longer be considered the traditional 'holy trinity'.
#### No. (Score: 0.046661376953125, Parent: 0)

The 'holy trinity' in cooking typically refers to a combination of onions, bell peppers, and celery, especially in Cajun and Creole cuisine.
To make the kitchen 'holy trinity', one typically uses onions, bell peppers, and celery.
If celery is removed from the combination of onions and bell peppers, it would no longer be considered the traditional 'holy trinity'.
A: The 'holy trinity' in cooking refers to a specific mixture of onions, bell peppers, and celery. (Score: -0.020660400390625, Parent: 0)

********** Step: 5 **********

The 'holy trinity' in cooking typically refers to a combination of onions, bell peppers, and celery, especially in Cajun and Creole cuisine.
To make the kitchen 'holy trinity', one typically uses onions, bell peppers, and celery.
If celery is removed from the combination of onions and bell peppers, it would no longer be considered the traditional 'holy trinity'.
#### No.
 (Score: 0.046661376953125, Parent: 0)

The 'holy trinity' in cooking typically refers to a combination of onions, bell peppers, and celery, especially in Cajun and Creole cuisine.
To make the kitchen 'holy trinity', one typically uses onions, bell peppers, and celery.
If celery is removed from the combination of onions and bell peppers, it would no longer be considered the traditional 'holy trinity'.
A: The 'holy trinity' in cooking refers to a specific mixture of onions, bell peppers, and celery.
To make the kitchen 'holy trinity', one would need all three ingredients: onions, bell peppers, and celery. (Score: -0.0205230712890625, Parent: 1)

********** Step: 6 **********

The 'holy trinity' in cooking typically refers to a combination of onions, bell peppers, and celery, especially in Cajun and Creole cuisine.
To make the kitchen 'holy trinity', one typically uses onions, bell peppers, and celery.
If celery is removed from the combination of onions and bell peppers, it would no longer be considered the traditional 'holy trinity'.
#### No.

 (Score: 0.046661376953125, Parent: 0)

The 'holy trinity' in cooking typically refers to a combination of onions, bell peppers, and celery, especially in Cajun and Creole cuisine.
To make the kitchen 'holy trinity', one typically uses onions, bell peppers, and celery.
If celery is removed from the combination of onions and bell peppers, it would no longer be considered the traditional 'holy trinity'.
A: The 'holy trinity' in cooking refers to a specific mixture of onions, bell peppers, and celery.
To make the kitchen 'holy trinity', one would need all three ingredients: onions, bell peppers, and celery.
A: The 'holy trinity' in cooking typically refers to a combination of onions, bell peppers, and celery, especially in Cajun and Creole cuisine. (Score: -0.0211334228515625, Parent: 1)

********** Step: 7 **********

The 'holy trinity' in cooking typically refers to a combination of onions, bell peppers, and celery, especially in Cajun and Creole cuisine.
To make the kitchen 'holy trinity', one typically uses onions, bell peppers, and celery.
If celery is removed from the combination of onions and bell peppers, it would no longer be considered the traditional 'holy trinity'.
#### No.


 (Score: 0.046661376953125, Parent: 0)

The 'holy trinity' in cooking typically refers to a combination of onions, bell peppers, and celery, especially in Cajun and Creole cuisine.
To make the kitchen 'holy trinity', one typically uses onions, bell peppers, and celery.
If celery is removed from the combination of onions and bell peppers, it would no longer be considered the traditional 'holy trinity'.
A: The 'holy trinity' in cooking refers to a specific mixture of onions, bell peppers, and celery.
To make the kitchen 'holy trinity', one would need all three ingredients: onions, bell peppers, and celery.
A: The 'holy trinity' in cooking typically refers to a combination of onions, bell peppers, and celery, especially in Cajun and Creole cuisine.
A: The 'holy trinity' in cooking specifically refers to a combination of onions, bell peppers, and celery, particularly in Cajun and Creole cuisines. (Score: -0.0216064453125, Parent: 1)

********** Step: 8 **********

The 'holy trinity' in cooking typically refers to a combination of onions, bell peppers, and celery, especially in Cajun and Creole cuisine.
To make the kitchen 'holy trinity', one typically uses onions, bell peppers, and celery.
If celery is removed from the combination of onions and bell peppers, it would no longer be considered the traditional 'holy trinity'.
#### No.



 (Score: 0.046661376953125, Parent: 0)

The 'holy trinity' in cooking typically refers to a combination of onions, bell peppers, and celery, especially in Cajun and Creole cuisine.
To make the kitchen 'holy trinity', one typically uses onions, bell peppers, and celery.
If celery is removed from the combination of onions and bell peppers, it would no longer be considered the traditional 'holy trinity'.
A: The 'holy trinity' in cooking refers to a specific mixture of onions, bell peppers, and celery.
To make the kitchen 'holy trinity', one would need all three ingredients: onions, bell peppers, and celery.
A: The 'holy trinity' in cooking typically refers to a combination of onions, bell peppers, and celery, especially in Cajun and Creole cuisine.
A: The 'holy trinity' in cooking specifically refers to a combination of onions, bell peppers, and celery, particularly in Cajun and Creole cuisines.
A: The 'holy trinity' in cooking refers to a specific mixture of onions, bell peppers, and celery, particularly in Cajun and Creole cuisines. (Score: -0.021484375, Parent: 1)

---------- FINAL ----------
step 8
The 'holy trinity' in cooking typically refers to a combination of onions, bell peppers, and celery, especially in Cajun and Creole cuisine.
To make the kitchen 'holy trinity', one typically uses onions, bell peppers, and celery.
If celery is removed from the combination of onions and bell peppers, it would no longer be considered the traditional 'holy trinity'.
#### No.



 (Score: 0.046661376953125)

The 'holy trinity' in cooking typically refers to a combination of onions, bell peppers, and celery, especially in Cajun and Creole cuisine.
To make the kitchen 'holy trinity', one typically uses onions, bell peppers, and celery.
If celery is removed from the combination of onions and bell peppers, it would no longer be considered the traditional 'holy trinity'.
A: The 'holy trinity' in cooking refers to a specific mixture of onions, bell peppers, and celery.
To make the kitchen 'holy trinity', one would need all three ingredients: onions, bell peppers, and celery.
A: The 'holy trinity' in cooking typically refers to a combination of onions, bell peppers, and celery, especially in Cajun and Creole cuisine.
A: The 'holy trinity' in cooking specifically refers to a combination of onions, bell peppers, and celery, particularly in Cajun and Creole cuisines.
A: The 'holy trinity' in cooking refers to a specific mixture of onions, bell peppers, and celery, particularly in Cajun and Creole cuisines. (Score: -0.021484375)
tensor([[ 8155166294332857703,   811619875250620199, -4675592295669845864,
          3743897281599826845,                    0,                    0,
                            0,                    0],
        [ 8155166294332857703,   811619875250620199, -4675592295669845864,
         -3892157393231806392,  4775041494559081170,  2224531337379846320,
         -3604117473534813640, -7239602206754839323]])

====================
Q: Is Garfield known for hating italian cuisine?


********** Step: 1 **********

Garfield is a fictional cat created by Jim Davis. (Score: -0.0093841552734375, Parent: 0)

Garfield is a comic strip character created by Jim Davis. (Score: -0.0108642578125, Parent: 0)

********** Step: 2 **********

Garfield is a comic strip character created by Jim Davis.
Garfield is known for his love of lasagna, which is an Italian dish. (Score: -0.0254974365234375, Parent: 1)

Garfield is a fictional cat created by Jim Davis.
Garfield is known for his love of lasagna, which is a traditional Italian dish. (Score: -0.0260162353515625, Parent: 0)

********** Step: 3 **********

Garfield is a fictional cat created by Jim Davis.
Garfield is known for his love of lasagna, which is a traditional Italian dish.
Garfield's character is famous for his strong dislike of diets and health food, but he absolutely loves lasagna. (Score: -0.0273590087890625, Parent: 1)

Garfield is a comic strip character created by Jim Davis.
Garfield is known for his love of lasagna, which is an Italian dish.
Garfield frequently expresses his fondness for lasagna in the comic strip. (Score: -0.02740478515625, Parent: 0)

********** Step: 4 **********

Garfield is a fictional cat created by Jim Davis.
Garfield is known for his love of lasagna, which is a traditional Italian dish.
Garfield's character is famous for his strong dislike of diets and health food, but he absolutely loves lasagna.
#### No. (Score: 0.047637939453125, Parent: 0)

Garfield is a fictional cat created by Jim Davis.
Garfield is known for his love of lasagna, which is a traditional Italian dish.
Garfield's character is famous for his strong dislike of diets and health food, but he absolutely loves lasagna.
Garfield is not known for hating Italian cuisine; in fact, he is quite the opposite. (Score: -0.0252227783203125, Parent: 0)

********** Step: 5 **********

Garfield is a fictional cat created by Jim Davis.
Garfield is known for his love of lasagna, which is a traditional Italian dish.
Garfield's character is famous for his strong dislike of diets and health food, but he absolutely loves lasagna.
#### No.
 (Score: 0.047637939453125, Parent: 0)

Garfield is a fictional cat created by Jim Davis.
Garfield is known for his love of lasagna, which is a traditional Italian dish.
Garfield's character is famous for his strong dislike of diets and health food, but he absolutely loves lasagna.
Garfield is not known for hating Italian cuisine; in fact, he is quite the opposite.
#### No. (Score: 0.04266357421875, Parent: 1)

********** Step: 6 **********

Garfield is a fictional cat created by Jim Davis.
Garfield is known for his love of lasagna, which is a traditional Italian dish.
Garfield's character is famous for his strong dislike of diets and health food, but he absolutely loves lasagna.
#### No.

 (Score: 0.047637939453125, Parent: 0)

Garfield is a fictional cat created by Jim Davis.
Garfield is known for his love of lasagna, which is a traditional Italian dish.
Garfield's character is famous for his strong dislike of diets and health food, but he absolutely loves lasagna.
Garfield is not known for hating Italian cuisine; in fact, he is quite the opposite.
#### No.
 (Score: 0.04266357421875, Parent: 1)

---------- FINAL ----------
step 6
Garfield is a fictional cat created by Jim Davis.
Garfield is known for his love of lasagna, which is a traditional Italian dish.
Garfield's character is famous for his strong dislike of diets and health food, but he absolutely loves lasagna.
#### No.

 (Score: 0.047637939453125)

Garfield is a fictional cat created by Jim Davis.
Garfield is known for his love of lasagna, which is a traditional Italian dish.
Garfield's character is famous for his strong dislike of diets and health food, but he absolutely loves lasagna.
Garfield is not known for hating Italian cuisine; in fact, he is quite the opposite.
#### No.
 (Score: 0.04266357421875)
tensor([[6765885269928446927, 5194553333389052746, 4035738132538618541,
         3743897281599826845,                   0,                   0,
                          -1,                  -1],
        [6765885269928446927, 5194553333389052746, 4035738132538618541,
         5841147138424991187, 3743897281599826845,                   0,
                          -1,                  -1]])

====================
Q: Did Jack Dempsey fight the current WBC heavyweight champion?


********** Step: 1 **********

Jack Dempsey was a professional boxer who was active from 1914 to 1927. (Score: -0.01399993896484375, Parent: 0)

Jack Dempsey was a professional boxer who became a world heavyweight champion in the 1920s. (Score: -0.0157012939453125, Parent: 0)

********** Step: 2 **********

Jack Dempsey was a professional boxer who was active from 1914 to 1927.
Jack Dempsey was a professional boxer who was active from 1914 to 1927. (Score: -0.01021575927734375, Parent: 0)

Jack Dempsey was a professional boxer who was active from 1914 to 1927.
Jack Dempsey was the world heavyweight champion from 1919 to 1926. (Score: -0.01290130615234375, Parent: 0)

********** Step: 3 **********

Jack Dempsey was a professional boxer who was active from 1914 to 1927.
Jack Dempsey was a professional boxer who was active from 1914 to 1927.
The current WBC heavyweight champion is Tyson Fury as of October 2023. (Score: -0.00616455078125, Parent: 0)

Jack Dempsey was a professional boxer who was active from 1914 to 1927.
Jack Dempsey was a professional boxer who was active from 1914 to 1927.
The current WBC heavyweight champion as of October 2023 is Tyson Fury. (Score: -0.00739288330078125, Parent: 0)

********** Step: 4 **********

Jack Dempsey was a professional boxer who was active from 1914 to 1927.
Jack Dempsey was a professional boxer who was active from 1914 to 1927.
The current WBC heavyweight champion is Tyson Fury as of October 2023.
Jack Dempsey retired from boxing in 1927. (Score: -0.0079498291015625, Parent: 0)

Jack Dempsey was a professional boxer who was active from 1914 to 1927.
Jack Dempsey was a professional boxer who was active from 1914 to 1927.
The current WBC heavyweight champion is Tyson Fury as of October 2023.
Jack Dempsey retired from boxing in 1927, long before Tyson Fury became a professional boxer. (Score: -0.0082550048828125, Parent: 0)

********** Step: 5 **********

Jack Dempsey was a professional boxer who was active from 1914 to 1927.
Jack Dempsey was a professional boxer who was active from 1914 to 1927.
The current WBC heavyweight champion is Tyson Fury as of October 2023.
Jack Dempsey retired from boxing in 1927.
#### No. (Score: 0.054901123046875, Parent: 0)

Jack Dempsey was a professional boxer who was active from 1914 to 1927.
Jack Dempsey was a professional boxer who was active from 1914 to 1927.
The current WBC heavyweight champion is Tyson Fury as of October 2023.
Jack Dempsey retired from boxing in 1927, long before Tyson Fury became a professional boxer.
#### No. (Score: 0.0533447265625, Parent: 1)

********** Step: 6 **********

Jack Dempsey was a professional boxer who was active from 1914 to 1927.
Jack Dempsey was a professional boxer who was active from 1914 to 1927.
The current WBC heavyweight champion is Tyson Fury as of October 2023.
Jack Dempsey retired from boxing in 1927.
#### No.
 (Score: 0.054901123046875, Parent: 0)

Jack Dempsey was a professional boxer who was active from 1914 to 1927.
Jack Dempsey was a professional boxer who was active from 1914 to 1927.
The current WBC heavyweight champion is Tyson Fury as of October 2023.
Jack Dempsey retired from boxing in 1927, long before Tyson Fury became a professional boxer.
#### No.
 (Score: 0.0533447265625, Parent: 1)

---------- FINAL ----------
step 6
Jack Dempsey was a professional boxer who was active from 1914 to 1927.
Jack Dempsey was a professional boxer who was active from 1914 to 1927.
The current WBC heavyweight champion is Tyson Fury as of October 2023.
Jack Dempsey retired from boxing in 1927.
#### No.
 (Score: 0.054901123046875)

Jack Dempsey was a professional boxer who was active from 1914 to 1927.
Jack Dempsey was a professional boxer who was active from 1914 to 1927.
The current WBC heavyweight champion is Tyson Fury as of October 2023.
Jack Dempsey retired from boxing in 1927, long before Tyson Fury became a professional boxer.
#### No.
 (Score: 0.0533447265625)
tensor([[ 2718183521769007129,  2718183521769007129, -5659699091303214091,
          1498653772494597427,  3743897281599826845,                    0,
                           -1,                   -1],
        [ 2718183521769007129,  2718183521769007129, -5659699091303214091,
         -6819136878348968155,  3743897281599826845,                    0,
                           -1,                   -1]])

====================
Q: Can Spartina Patens thrive in the Sahara Desert?


********** Step: 1 **********

Spartina Patens is a species of grass commonly found in coastal salt marshes and wetlands. (Score: -0.0167236328125, Parent: 0)

Spartina Patens, commonly known as saltmarsh cordgrass, is a plant species that typically grows in coastal salt marshes. (Score: -0.020965576171875, Parent: 0)

********** Step: 2 **********

Spartina Patens is a species of grass commonly found in coastal salt marshes and wetlands.
Spartina Patens is adapted to wet, saline environments and is not suited for arid, desert conditions. (Score: -0.020263671875, Parent: 0)

Spartina Patens, commonly known as saltmarsh cordgrass, is a plant species that typically grows in coastal salt marshes.
Spartina Patens is adapted to saline environments and is not suited for arid desert conditions. (Score: -0.0216522216796875, Parent: 1)

********** Step: 3 **********

Spartina Patens, commonly known as saltmarsh cordgrass, is a plant species that typically grows in coastal salt marshes.
Spartina Patens is adapted to saline environments and is not suited for arid desert conditions.
The Sahara Desert is characterized by extreme aridity and lacks the saline environments that Spartina Patens requires. (Score: -0.025482177734375, Parent: 1)

Spartina Patens, commonly known as saltmarsh cordgrass, is a plant species that typically grows in coastal salt marshes.
Spartina Patens is adapted to saline environments and is not suited for arid desert conditions.
The Sahara Desert is characterized by extreme aridity and very little rainfall. (Score: -0.0254974365234375, Parent: 1)

********** Step: 4 **********

Spartina Patens, commonly known as saltmarsh cordgrass, is a plant species that typically grows in coastal salt marshes.
Spartina Patens is adapted to saline environments and is not suited for arid desert conditions.
The Sahara Desert is characterized by extreme aridity and lacks the saline environments that Spartina Patens requires.
#### No. (Score: 0.053375244140625, Parent: 0)

Spartina Patens, commonly known as saltmarsh cordgrass, is a plant species that typically grows in coastal salt marshes.
Spartina Patens is adapted to saline environments and is not suited for arid desert conditions.
The Sahara Desert is characterized by extreme aridity and lacks the saline environments that Spartina Patens requires.
#### No. (Score: 0.053375244140625, Parent: 0)

********** Step: 5 **********

Spartina Patens, commonly known as saltmarsh cordgrass, is a plant species that typically grows in coastal salt marshes.
Spartina Patens is adapted to saline environments and is not suited for arid desert conditions.
The Sahara Desert is characterized by extreme aridity and lacks the saline environments that Spartina Patens requires.
#### No.
 (Score: 0.053375244140625, Parent: 0)

Spartina Patens, commonly known as saltmarsh cordgrass, is a plant species that typically grows in coastal salt marshes.
Spartina Patens is adapted to saline environments and is not suited for arid desert conditions.
The Sahara Desert is characterized by extreme aridity and lacks the saline environments that Spartina Patens requires.
#### No.
 (Score: 0.053375244140625, Parent: 1)

---------- FINAL ----------
step 5
Spartina Patens, commonly known as saltmarsh cordgrass, is a plant species that typically grows in coastal salt marshes.
Spartina Patens is adapted to saline environments and is not suited for arid desert conditions.
The Sahara Desert is characterized by extreme aridity and lacks the saline environments that Spartina Patens requires.
#### No.
 (Score: 0.053375244140625)

Spartina Patens, commonly known as saltmarsh cordgrass, is a plant species that typically grows in coastal salt marshes.
Spartina Patens is adapted to saline environments and is not suited for arid desert conditions.
The Sahara Desert is characterized by extreme aridity and lacks the saline environments that Spartina Patens requires.
#### No.
 (Score: 0.053375244140625)
tensor([[-8711990715161335206,  5906030247367090257,  1512861153534077728,
          3743897281599826845,                    0,                   -1,
                           -1,                   -1],
        [-8711990715161335206,  5906030247367090257,  1512861153534077728,
          3743897281599826845,                    0,                   -1,
                           -1,                   -1]])

====================
Q: Does meat from cows fed only grass taste more like wild game?


********** Step: 1 **********

A: Cows are typically fed a mix of grains and forage in conventional farming. (Score: -0.01235198974609375, Parent: 0)

A: Cows that are fed only grass are typically referred to as grass-fed cows. (Score: -0.01358795166015625, Parent: 0)

********** Step: 2 **********

A: Cows are typically fed a mix of grains and forage in conventional farming.
Cows that are fed only grass are often referred to as grass-fed cows. (Score: -0.01959228515625, Parent: 0)

A: Cows that are fed only grass are typically referred to as grass-fed cows.
Grass-fed beef often has a different flavor profile compared to grain-fed beef. (Score: -0.020263671875, Parent: 1)

********** Step: 3 **********

A: Cows that are fed only grass are typically referred to as grass-fed cows.
Grass-fed beef often has a different flavor profile compared to grain-fed beef.
Grass-fed beef is known to have a richer, more complex flavor that some people associate with wild game. (Score: -0.023223876953125, Parent: 1)

A: Cows are typically fed a mix of grains and forage in conventional farming.
Cows that are fed only grass are often referred to as grass-fed cows.
Grass-fed cows are known to have a different flavor profile compared to grain-fed cows. (Score: -0.0235137939453125, Parent: 0)

********** Step: 4 **********

A: Cows that are fed only grass are typically referred to as grass-fed cows.
Grass-fed beef often has a different flavor profile compared to grain-fed beef.
Grass-fed beef is known to have a richer, more complex flavor that some people associate with wild game.
Grass-fed beef can have a taste that is more gamey or earthy, similar to wild game. (Score: -0.0244903564453125, Parent: 0)

A: Cows that are fed only grass are typically referred to as grass-fed cows.
Grass-fed beef often has a different flavor profile compared to grain-fed beef.
Grass-fed beef is known to have a richer, more complex flavor that some people associate with wild game.
Grass-fed beef tends to have a leaner texture and a slightly different taste due to the diet of the cows. (Score: -0.0245819091796875, Parent: 0)

********** Step: 5 **********

A: Cows that are fed only grass are typically referred to as grass-fed cows.
Grass-fed beef often has a different flavor profile compared to grain-fed beef.
Grass-fed beef is known to have a richer, more complex flavor that some people associate with wild game.
Grass-fed beef can have a taste that is more gamey or earthy, similar to wild game.
#### Yes. (Score: 0.03704833984375, Parent: 0)

A: Cows that are fed only grass are typically referred to as grass-fed cows.
Grass-fed beef often has a different flavor profile compared to grain-fed beef.
Grass-fed beef is known to have a richer, more complex flavor that some people associate with wild game.
Grass-fed beef can have a taste that is more gamey or earthy, similar to wild game.
#### Yes. (Score: 0.03704833984375, Parent: 0)

********** Step: 6 **********

A: Cows that are fed only grass are typically referred to as grass-fed cows.
Grass-fed beef often has a different flavor profile compared to grain-fed beef.
Grass-fed beef is known to have a richer, more complex flavor that some people associate with wild game.
Grass-fed beef can have a taste that is more gamey or earthy, similar to wild game.
#### Yes.
 (Score: 0.03704833984375, Parent: 0)

A: Cows that are fed only grass are typically referred to as grass-fed cows.
Grass-fed beef often has a different flavor profile compared to grain-fed beef.
Grass-fed beef is known to have a richer, more complex flavor that some people associate with wild game.
Grass-fed beef can have a taste that is more gamey or earthy, similar to wild game.
#### Yes.
 (Score: 0.03704833984375, Parent: 1)

---------- FINAL ----------
step 6
A: Cows that are fed only grass are typically referred to as grass-fed cows.
Grass-fed beef often has a different flavor profile compared to grain-fed beef.
Grass-fed beef is known to have a richer, more complex flavor that some people associate with wild game.
Grass-fed beef can have a taste that is more gamey or earthy, similar to wild game.
#### Yes.
 (Score: 0.03704833984375)

A: Cows that are fed only grass are typically referred to as grass-fed cows.
Grass-fed beef often has a different flavor profile compared to grain-fed beef.
Grass-fed beef is known to have a richer, more complex flavor that some people associate with wild game.
Grass-fed beef can have a taste that is more gamey or earthy, similar to wild game.
#### Yes.
 (Score: 0.03704833984375)
tensor([[-6168002180059127386, -2932634816363679719, -3005125418089925891,
         -6052202198998479389,  2975071364917069756,                    0,
                           -1,                   -1],
        [-6168002180059127386, -2932634816363679719, -3005125418089925891,
         -6052202198998479389,  2975071364917069756,                    0,
                           -1,                   -1]])

====================
Q: Is popular science used to peer review papers?


********** Step: 1 **********

Popular science refers to the dissemination of scientific ideas and findings to a general audience. (Score: -0.0177459716796875, Parent: 0)

Popular science refers to the genre of writing that aims to explain scientific concepts to a general audience. (Score: -0.0204315185546875, Parent: 0)

********** Step: 2 **********

Popular science refers to the dissemination of scientific ideas and findings to a general audience.
Popular science is not typically used as a formal method for peer reviewing academic papers. (Score: -0.0233612060546875, Parent: 0)

Popular science refers to the dissemination of scientific ideas and findings to a general audience.
Popular science articles are typically written for non-specialists to make complex scientific concepts more accessible. (Score: -0.02484130859375, Parent: 0)

********** Step: 3 **********

Popular science refers to the dissemination of scientific ideas and findings to a general audience.
Popular science is not typically used as a formal method for peer reviewing academic papers.
Peer review is usually conducted by experts in a specific field rather than through popular science outlets. (Score: -0.023712158203125, Parent: 0)

Popular science refers to the dissemination of scientific ideas and findings to a general audience.
Popular science is not typically used as a formal method for peer reviewing academic papers.
The peer review process involves experts in the specific field evaluating research before publication in academic journals. (Score: -0.0260162353515625, Parent: 0)

********** Step: 4 **********

Popular science refers to the dissemination of scientific ideas and findings to a general audience.
Popular science is not typically used as a formal method for peer reviewing academic papers.
Peer review is usually conducted by experts in a specific field rather than through popular science outlets.
#### No. (Score: 0.05645751953125, Parent: 0)

Popular science refers to the dissemination of scientific ideas and findings to a general audience.
Popular science is not typically used as a formal method for peer reviewing academic papers.
The peer review process involves experts in the specific field evaluating research before publication in academic journals.
#### No. (Score: 0.053802490234375, Parent: 1)

********** Step: 5 **********

Popular science refers to the dissemination of scientific ideas and findings to a general audience.
Popular science is not typically used as a formal method for peer reviewing academic papers.
Peer review is usually conducted by experts in a specific field rather than through popular science outlets.
#### No.
 (Score: 0.05645751953125, Parent: 0)

Popular science refers to the dissemination of scientific ideas and findings to a general audience.
Popular science is not typically used as a formal method for peer reviewing academic papers.
The peer review process involves experts in the specific field evaluating research before publication in academic journals.
#### No.
 (Score: 0.053802490234375, Parent: 1)

---------- FINAL ----------
step 5
Popular science refers to the dissemination of scientific ideas and findings to a general audience.
Popular science is not typically used as a formal method for peer reviewing academic papers.
Peer review is usually conducted by experts in a specific field rather than through popular science outlets.
#### No.
 (Score: 0.05645751953125)

Popular science refers to the dissemination of scientific ideas and findings to a general audience.
Popular science is not typically used as a formal method for peer reviewing academic papers.
The peer review process involves experts in the specific field evaluating research before publication in academic journals.
#### No.
 (Score: 0.053802490234375)
tensor([[-2180842166527844879,  5444054380198023836,  1563925240693982718,
          3743897281599826845,                    0,                   -1,
                           -1,                   -1],
        [-2180842166527844879,  5444054380198023836, -8590691516169944953,
          3743897281599826845,                    0,                   -1,
                           -1,                   -1]])

====================
Q: Can dementia be cured with a cast?


********** Step: 1 **********

Dementia is a neurological condition that affects cognitive function and memory. (Score: -0.01441192626953125, Parent: 0)

Dementia is a cognitive disorder that affects memory, thinking, and social abilities. (Score: -0.018951416015625, Parent: 0)

********** Step: 2 **********

Dementia is a cognitive disorder that affects memory, thinking, and social abilities.
A: There is currently no cure for dementia. (Score: -0.01416015625, Parent: 1)

Dementia is a cognitive disorder that affects memory, thinking, and social abilities.
A: Dementia is a cognitive disorder that affects memory, thinking, and social abilities. (Score: -0.016265869140625, Parent: 1)

********** Step: 3 **********

Dementia is a cognitive disorder that affects memory, thinking, and social abilities.
A: Dementia is a cognitive disorder that affects memory, thinking, and social abilities.
A: There is currently no cure for dementia. (Score: -0.01428985595703125, Parent: 1)

Dementia is a cognitive disorder that affects memory, thinking, and social abilities.
A: There is currently no cure for dementia.
A: A cast is typically used to immobilize broken bones or injuries, not cognitive disorders. (Score: -0.017791748046875, Parent: 0)

********** Step: 4 **********

Dementia is a cognitive disorder that affects memory, thinking, and social abilities.
A: There is currently no cure for dementia.
A: A cast is typically used to immobilize broken bones or injuries, not cognitive disorders.
#### No. (Score: 0.061981201171875, Parent: 1)

Dementia is a cognitive disorder that affects memory, thinking, and social abilities.
A: Dementia is a cognitive disorder that affects memory, thinking, and social abilities.
A: There is currently no cure for dementia.
A: Treatments for dementia focus on managing symptoms rather than providing a cure. (Score: -0.0171051025390625, Parent: 0)

********** Step: 5 **********

Dementia is a cognitive disorder that affects memory, thinking, and social abilities.
A: There is currently no cure for dementia.
A: A cast is typically used to immobilize broken bones or injuries, not cognitive disorders.
#### No.
 (Score: 0.061981201171875, Parent: 0)

Dementia is a cognitive disorder that affects memory, thinking, and social abilities.
A: Dementia is a cognitive disorder that affects memory, thinking, and social abilities.
A: There is currently no cure for dementia.
A: Treatments for dementia focus on managing symptoms rather than providing a cure.
A: A cast is typically used for immobilizing broken bones or sprains. (Score: -0.0207977294921875, Parent: 1)

********** Step: 6 **********

Dementia is a cognitive disorder that affects memory, thinking, and social abilities.
A: There is currently no cure for dementia.
A: A cast is typically used to immobilize broken bones or injuries, not cognitive disorders.
#### No.

 (Score: 0.061981201171875, Parent: 0)

Dementia is a cognitive disorder that affects memory, thinking, and social abilities.
A: Dementia is a cognitive disorder that affects memory, thinking, and social abilities.
A: There is currently no cure for dementia.
A: Treatments for dementia focus on managing symptoms rather than providing a cure.
A: A cast is typically used for immobilizing broken bones or sprains.
A: A cast is not used for treating cognitive disorders like dementia. (Score: -0.01947021484375, Parent: 1)

********** Step: 7 **********

Dementia is a cognitive disorder that affects memory, thinking, and social abilities.
A: There is currently no cure for dementia.
A: A cast is typically used to immobilize broken bones or injuries, not cognitive disorders.
#### No.


 (Score: 0.061981201171875, Parent: 0)

Dementia is a cognitive disorder that affects memory, thinking, and social abilities.
A: Dementia is a cognitive disorder that affects memory, thinking, and social abilities.
A: There is currently no cure for dementia.
A: Treatments for dementia focus on managing symptoms rather than providing a cure.
A: A cast is typically used for immobilizing broken bones or sprains.
A: A cast is not used for treating cognitive disorders like dementia.
#### No. (Score: 0.046112060546875, Parent: 1)

********** Step: 8 **********

Dementia is a cognitive disorder that affects memory, thinking, and social abilities.
A: There is currently no cure for dementia.
A: A cast is typically used to immobilize broken bones or injuries, not cognitive disorders.
#### No.



 (Score: 0.061981201171875, Parent: 0)

Dementia is a cognitive disorder that affects memory, thinking, and social abilities.
A: Dementia is a cognitive disorder that affects memory, thinking, and social abilities.
A: There is currently no cure for dementia.
A: Treatments for dementia focus on managing symptoms rather than providing a cure.
A: A cast is typically used for immobilizing broken bones or sprains.
A: A cast is not used for treating cognitive disorders like dementia.
#### No.
 (Score: 0.046112060546875, Parent: 1)

---------- FINAL ----------
step 8
Dementia is a cognitive disorder that affects memory, thinking, and social abilities.
A: There is currently no cure for dementia.
A: A cast is typically used to immobilize broken bones or injuries, not cognitive disorders.
#### No.



 (Score: 0.061981201171875)

Dementia is a cognitive disorder that affects memory, thinking, and social abilities.
A: Dementia is a cognitive disorder that affects memory, thinking, and social abilities.
A: There is currently no cure for dementia.
A: Treatments for dementia focus on managing symptoms rather than providing a cure.
A: A cast is typically used for immobilizing broken bones or sprains.
A: A cast is not used for treating cognitive disorders like dementia.
#### No.
 (Score: 0.046112060546875)
tensor([[-6941115009214738415, -4433582041606970366, -3712882054675903893,
          3743897281599826845,                    0,                    0,
                            0,                    0],
        [-6941115009214738415, -5119485752636270479, -4433582041606970366,
         -2730337905739688639, -7566812914234360250,  3772313580117892616,
          3743897281599826845,                    0]])

====================
Q: Is it safe to wear sandals in snow?


********** Step: 1 **********

Wearing sandals provides minimal coverage for the feet. (Score: -0.0033054351806640625, Parent: 0)

Wearing sandals exposes the feet to cold temperatures and moisture. (Score: -0.005970001220703125, Parent: 0)

********** Step: 2 **********

Wearing sandals provides minimal coverage for the feet.
Wearing sandals does not provide insulation against cold temperatures. (Score: -0.010040283203125, Parent: 0)

Wearing sandals provides minimal coverage for the feet.
Wearing sandals leaves the feet exposed to cold temperatures. (Score: -0.0101470947265625, Parent: 0)

********** Step: 3 **********

Wearing sandals provides minimal coverage for the feet.
Wearing sandals leaves the feet exposed to cold temperatures.
Wearing sandals does not provide insulation against the cold. (Score: -0.01293182373046875, Parent: 1)

Wearing sandals provides minimal coverage for the feet.
Wearing sandals does not provide insulation against cold temperatures.
Walking in snow typically requires footwear that offers warmth and protection. (Score: -0.015350341796875, Parent: 0)

********** Step: 4 **********

Wearing sandals provides minimal coverage for the feet.
Wearing sandals does not provide insulation against cold temperatures.
Walking in snow typically requires footwear that offers warmth and protection.
A: Snow can be very cold and wet. (Score: -0.01297760009765625, Parent: 1)

Wearing sandals provides minimal coverage for the feet.
Wearing sandals leaves the feet exposed to cold temperatures.
Wearing sandals does not provide insulation against the cold.
Walking in snow can lead to cold and frostbite on exposed skin. (Score: -0.0157012939453125, Parent: 0)

********** Step: 5 **********

Wearing sandals provides minimal coverage for the feet.
Wearing sandals leaves the feet exposed to cold temperatures.
Wearing sandals does not provide insulation against the cold.
Walking in snow can lead to cold and frostbite on exposed skin.
#### No. (Score: 0.06842041015625, Parent: 1)

Wearing sandals provides minimal coverage for the feet.
Wearing sandals does not provide insulation against cold temperatures.
Walking in snow typically requires footwear that offers warmth and protection.
A: Snow can be very cold and wet.
Wearing sandals provides minimal coverage for the feet. (Score: -0.0150604248046875, Parent: 0)

********** Step: 6 **********

Wearing sandals provides minimal coverage for the feet.
Wearing sandals leaves the feet exposed to cold temperatures.
Wearing sandals does not provide insulation against the cold.
Walking in snow can lead to cold and frostbite on exposed skin.
#### No.
 (Score: 0.06842041015625, Parent: 0)

Wearing sandals provides minimal coverage for the feet.
Wearing sandals does not provide insulation against cold temperatures.
Walking in snow typically requires footwear that offers warmth and protection.
A: Snow can be very cold and wet.
Wearing sandals provides minimal coverage for the feet.
A: Wearing sandals provides minimal coverage for the feet. (Score: -0.0124359130859375, Parent: 1)

********** Step: 7 **********

Wearing sandals provides minimal coverage for the feet.
Wearing sandals leaves the feet exposed to cold temperatures.
Wearing sandals does not provide insulation against the cold.
Walking in snow can lead to cold and frostbite on exposed skin.
#### No.

 (Score: 0.06842041015625, Parent: 0)

Wearing sandals provides minimal coverage for the feet.
Wearing sandals does not provide insulation against cold temperatures.
Walking in snow typically requires footwear that offers warmth and protection.
A: Snow can be very cold and wet.
Wearing sandals provides minimal coverage for the feet.
A: Wearing sandals provides minimal coverage for the feet.
Wearing sandals provides minimal coverage for the feet. (Score: -0.011932373046875, Parent: 1)

********** Step: 8 **********

Wearing sandals provides minimal coverage for the feet.
Wearing sandals leaves the feet exposed to cold temperatures.
Wearing sandals does not provide insulation against the cold.
Walking in snow can lead to cold and frostbite on exposed skin.
#### No.


 (Score: 0.06842041015625, Parent: 0)

Wearing sandals provides minimal coverage for the feet.
Wearing sandals does not provide insulation against cold temperatures.
Walking in snow typically requires footwear that offers warmth and protection.
A: Snow can be very cold and wet.
Wearing sandals provides minimal coverage for the feet.
A: Wearing sandals provides minimal coverage for the feet.
Wearing sandals provides minimal coverage for the feet.
A: Snow can be very cold and wet. (Score: -0.01386260986328125, Parent: 1)

---------- FINAL ----------
step 8
Wearing sandals provides minimal coverage for the feet.
Wearing sandals leaves the feet exposed to cold temperatures.
Wearing sandals does not provide insulation against the cold.
Walking in snow can lead to cold and frostbite on exposed skin.
#### No.


 (Score: 0.06842041015625)

Wearing sandals provides minimal coverage for the feet.
Wearing sandals does not provide insulation against cold temperatures.
Walking in snow typically requires footwear that offers warmth and protection.
A: Snow can be very cold and wet.
Wearing sandals provides minimal coverage for the feet.
A: Wearing sandals provides minimal coverage for the feet.
Wearing sandals provides minimal coverage for the feet.
A: Snow can be very cold and wet. (Score: -0.01386260986328125)
tensor([[ -563842421411872597,  2093457534800268112, -2873708983710352704,
          8038273559376472904,  3743897281599826845,                    0,
                            0,                    0],
        [ -563842421411872597, -8520948028782025328, -2937141835223392554,
          1008068746298200509,  -563842421411872597,  3958597198635752823,
          -563842421411872597,  1008068746298200509]])

====================
Q: Will parma ham be ready for New Year's if the pig is slaughtered in December?


********** Step: 1 **********

Parma ham is a type of dry-cured ham that requires a specific aging process. (Score: -0.01837158203125, Parent: 0)

Parma ham is a type of dry-cured ham that must be aged for a specific period of time. (Score: -0.0186767578125, Parent: 0)

********** Step: 2 **********

Parma ham is a type of dry-cured ham that requires a specific aging process.
To make Parma ham, the pig must be slaughtered and then the ham must be salted and left to cure. (Score: -0.0220794677734375, Parent: 0)

Parma ham is a type of dry-cured ham that must be aged for a specific period of time.
To make Parma ham, the pig must be slaughtered and then the ham must undergo a curing process. (Score: -0.02288818359375, Parent: 1)

********** Step: 3 **********

Parma ham is a type of dry-cured ham that requires a specific aging process.
To make Parma ham, the pig must be slaughtered and then the ham must be salted and left to cure.
The curing process of Parma ham typically takes a minimum of 12 months. (Score: -0.0234527587890625, Parent: 0)

Parma ham is a type of dry-cured ham that requires a specific aging process.
To make Parma ham, the pig must be slaughtered and then the ham must be salted and left to cure.
The curing process for Parma ham typically takes a minimum of 12 months. (Score: -0.023773193359375, Parent: 0)

********** Step: 4 **********

Parma ham is a type of dry-cured ham that requires a specific aging process.
To make Parma ham, the pig must be slaughtered and then the ham must be salted and left to cure.
The curing process of Parma ham typically takes a minimum of 12 months.
A: Given that the pig is slaughtered in December, the ham would start the curing process at that time. (Score: -0.0184478759765625, Parent: 0)

Parma ham is a type of dry-cured ham that requires a specific aging process.
To make Parma ham, the pig must be slaughtered and then the ham must be salted and left to cure.
The curing process for Parma ham typically takes a minimum of 12 months.
A: Since the pig is slaughtered in December, the ham would not be ready until at least December of the following year. (Score: -0.01873779296875, Parent: 1)

********** Step: 5 **********

Parma ham is a type of dry-cured ham that requires a specific aging process.
To make Parma ham, the pig must be slaughtered and then the ham must be salted and left to cure.
The curing process for Parma ham typically takes a minimum of 12 months.
A: Since the pig is slaughtered in December, the ham would not be ready until at least December of the following year.
#### No. (Score: 0.044769287109375, Parent: 1)

Parma ham is a type of dry-cured ham that requires a specific aging process.
To make Parma ham, the pig must be slaughtered and then the ham must be salted and left to cure.
The curing process for Parma ham typically takes a minimum of 12 months.
A: Since the pig is slaughtered in December, the ham would not be ready until at least December of the following year.
#### No. (Score: 0.044769287109375, Parent: 1)

********** Step: 6 **********

Parma ham is a type of dry-cured ham that requires a specific aging process.
To make Parma ham, the pig must be slaughtered and then the ham must be salted and left to cure.
The curing process for Parma ham typically takes a minimum of 12 months.
A: Since the pig is slaughtered in December, the ham would not be ready until at least December of the following year.
#### No.
 (Score: 0.044769287109375, Parent: 0)

Parma ham is a type of dry-cured ham that requires a specific aging process.
To make Parma ham, the pig must be slaughtered and then the ham must be salted and left to cure.
The curing process for Parma ham typically takes a minimum of 12 months.
A: Since the pig is slaughtered in December, the ham would not be ready until at least December of the following year.
#### No.
 (Score: 0.044769287109375, Parent: 1)

---------- FINAL ----------
step 6
Parma ham is a type of dry-cured ham that requires a specific aging process.
To make Parma ham, the pig must be slaughtered and then the ham must be salted and left to cure.
The curing process for Parma ham typically takes a minimum of 12 months.
A: Since the pig is slaughtered in December, the ham would not be ready until at least December of the following year.
#### No.
 (Score: 0.044769287109375)

Parma ham is a type of dry-cured ham that requires a specific aging process.
To make Parma ham, the pig must be slaughtered and then the ham must be salted and left to cure.
The curing process for Parma ham typically takes a minimum of 12 months.
A: Since the pig is slaughtered in December, the ham would not be ready until at least December of the following year.
#### No.
 (Score: 0.044769287109375)
tensor([[ 2788091401328487863, -2098412601123670748, -6255355832231332230,
          5996035615603506622,  3743897281599826845,                    0,
                           -1,                   -1],
        [ 2788091401328487863, -2098412601123670748, -6255355832231332230,
          5996035615603506622,  3743897281599826845,                    0,
                           -1,                   -1]])

====================
Q: Could Marco Rubio ride the Candymonium roller coaster at Hershey Park?


********** Step: 1 **********

Marco Rubio is a U.S. Senator from Florida. (Score: -0.0086822509765625, Parent: 0)

Marco Rubio is a United States Senator known for his political career. (Score: -0.01158905029296875, Parent: 0)

********** Step: 2 **********

Marco Rubio is a U.S. Senator from Florida.
Marco Rubio is an adult male. (Score: -0.00574493408203125, Parent: 0)

Marco Rubio is a United States Senator known for his political career.
Marco Rubio is an adult and has the physical ability to ride roller coasters. (Score: -0.00910186767578125, Parent: 1)

********** Step: 3 **********

Marco Rubio is a United States Senator known for his political career.
Marco Rubio is an adult and has the physical ability to ride roller coasters.
Hershey Park has height and health restrictions for roller coasters. (Score: -0.01029205322265625, Parent: 1)

Marco Rubio is a U.S. Senator from Florida.
Marco Rubio is an adult male.
The Candymonium roller coaster at Hershey Park has a height requirement of 54 inches for riders. (Score: -0.0115203857421875, Parent: 0)

********** Step: 4 **********

Marco Rubio is a U.S. Senator from Florida.
Marco Rubio is an adult male.
The Candymonium roller coaster at Hershey Park has a height requirement of 54 inches for riders.
To determine if Marco Rubio could ride the Candymonium roller coaster at Hershey Park, we need to consider the following:. (Score: -0.0040435791015625, Parent: 1)

Marco Rubio is a U.S. Senator from Florida.
Marco Rubio is an adult male.
The Candymonium roller coaster at Hershey Park has a height requirement of 54 inches for riders.
A: Marco Rubio is a U.S. Senator from Florida. (Score: -0.008544921875, Parent: 1)

********** Step: 5 **********

Marco Rubio is a U.S. Senator from Florida.
Marco Rubio is an adult male.
The Candymonium roller coaster at Hershey Park has a height requirement of 54 inches for riders.
To determine if Marco Rubio could ride the Candymonium roller coaster at Hershey Park, we need to consider the following:.
Marco Rubio is an adult, which generally means he is likely over the height requirement. (Score: -0.0083770751953125, Parent: 0)

Marco Rubio is a U.S. Senator from Florida.
Marco Rubio is an adult male.
The Candymonium roller coaster at Hershey Park has a height requirement of 54 inches for riders.
To determine if Marco Rubio could ride the Candymonium roller coaster at Hershey Park, we need to consider the following:.
Marco Rubio, being an adult male, is likely to be taller than the required height of 54 inches for the Candymonium roller coaster. (Score: -0.00894927978515625, Parent: 0)

********** Step: 6 **********

Marco Rubio is a U.S. Senator from Florida.
Marco Rubio is an adult male.
The Candymonium roller coaster at Hershey Park has a height requirement of 54 inches for riders.
To determine if Marco Rubio could ride the Candymonium roller coaster at Hershey Park, we need to consider the following:.
Marco Rubio is an adult, which generally means he is likely over the height requirement.
A: Marco Rubio is a U.S. Senator from Florida. (Score: -0.005886077880859375, Parent: 0)

Marco Rubio is a U.S. Senator from Florida.
Marco Rubio is an adult male.
The Candymonium roller coaster at Hershey Park has a height requirement of 54 inches for riders.
To determine if Marco Rubio could ride the Candymonium roller coaster at Hershey Park, we need to consider the following:.
Marco Rubio is an adult, which generally means he is likely over the height requirement.
To confirm if Marco Rubio could ride the Candymonium roller coaster, let's break it down:. (Score: -0.006378173828125, Parent: 0)

********** Step: 7 **********

Marco Rubio is a U.S. Senator from Florida.
Marco Rubio is an adult male.
The Candymonium roller coaster at Hershey Park has a height requirement of 54 inches for riders.
To determine if Marco Rubio could ride the Candymonium roller coaster at Hershey Park, we need to consider the following:.
Marco Rubio is an adult, which generally means he is likely over the height requirement.
A: Marco Rubio is a U.S. Senator from Florida.
Marco Rubio is an adult male. (Score: -0.0080718994140625, Parent: 0)

Marco Rubio is a U.S. Senator from Florida.
Marco Rubio is an adult male.
The Candymonium roller coaster at Hershey Park has a height requirement of 54 inches for riders.
To determine if Marco Rubio could ride the Candymonium roller coaster at Hershey Park, we need to consider the following:.
Marco Rubio is an adult, which generally means he is likely over the height requirement.
A: Marco Rubio is a U.S. Senator from Florida.
The Candymonium roller coaster at Hershey Park has a height requirement of 54 inches for riders. (Score: -0.00839996337890625, Parent: 0)

********** Step: 8 **********

Marco Rubio is a U.S. Senator from Florida.
Marco Rubio is an adult male.
The Candymonium roller coaster at Hershey Park has a height requirement of 54 inches for riders.
To determine if Marco Rubio could ride the Candymonium roller coaster at Hershey Park, we need to consider the following:.
Marco Rubio is an adult, which generally means he is likely over the height requirement.
A: Marco Rubio is a U.S. Senator from Florida.
The Candymonium roller coaster at Hershey Park has a height requirement of 54 inches for riders.
To determine if Marco Rubio could ride the Candymonium roller coaster at Hershey Park, let's break this down:. (Score: -0.0047454833984375, Parent: 1)

Marco Rubio is a U.S. Senator from Florida.
Marco Rubio is an adult male.
The Candymonium roller coaster at Hershey Park has a height requirement of 54 inches for riders.
To determine if Marco Rubio could ride the Candymonium roller coaster at Hershey Park, we need to consider the following:.
Marco Rubio is an adult, which generally means he is likely over the height requirement.
A: Marco Rubio is a U.S. Senator from Florida.
The Candymonium roller coaster at Hershey Park has a height requirement of 54 inches for riders.
To determine if Marco Rubio could ride the Candymonium roller coaster at Hershey Park, let's break it down:. (Score: -0.005023956298828125, Parent: 1)

---------- FINAL ----------
step 8
Marco Rubio is a U.S. Senator from Florida.
Marco Rubio is an adult male.
The Candymonium roller coaster at Hershey Park has a height requirement of 54 inches for riders.
To determine if Marco Rubio could ride the Candymonium roller coaster at Hershey Park, we need to consider the following:.
Marco Rubio is an adult, which generally means he is likely over the height requirement.
A: Marco Rubio is a U.S. Senator from Florida.
The Candymonium roller coaster at Hershey Park has a height requirement of 54 inches for riders.
To determine if Marco Rubio could ride the Candymonium roller coaster at Hershey Park, let's break this down:. (Score: -0.0047454833984375)

Marco Rubio is a U.S. Senator from Florida.
Marco Rubio is an adult male.
The Candymonium roller coaster at Hershey Park has a height requirement of 54 inches for riders.
To determine if Marco Rubio could ride the Candymonium roller coaster at Hershey Park, we need to consider the following:.
Marco Rubio is an adult, which generally means he is likely over the height requirement.
A: Marco Rubio is a U.S. Senator from Florida.
The Candymonium roller coaster at Hershey Park has a height requirement of 54 inches for riders.
To determine if Marco Rubio could ride the Candymonium roller coaster at Hershey Park, let's break it down:. (Score: -0.005023956298828125)
tensor([[ 3191330809823786823, -3082332020782196210,  2241556496846979795,
         -6784893551200656375, -1167331808871815066, -4980280710784542702,
          2241556496846979795,  9005287732374399177],
        [ 3191330809823786823, -3082332020782196210,  2241556496846979795,
         -6784893551200656375, -1167331808871815066, -4980280710784542702,
          2241556496846979795, -4643218522517732302]])

====================
Q: Would alligator best saltwater crocodile in hypothetical Lake Urmia battle?


********** Step: 1 **********

A: Alligators are primarily freshwater reptiles, while saltwater crocodiles are known to inhabit both freshwater and saltwater environments. (Score: -0.011871337890625, Parent: 0)

Alligators are primarily freshwater reptiles, while saltwater crocodiles are known to inhabit both saltwater and freshwater environments. (Score: -0.01372528076171875, Parent: 0)

********** Step: 2 **********

A: Alligators are primarily freshwater reptiles, while saltwater crocodiles are known to inhabit both freshwater and saltwater environments.
To determine whether an alligator would best a saltwater crocodile in a hypothetical battle in Lake Urmia, we can break down the comparison into smaller parts:. (Score: -0.008575439453125, Parent: 0)

Alligators are primarily freshwater reptiles, while saltwater crocodiles are known to inhabit both saltwater and freshwater environments.
Alligators are generally smaller and less aggressive than saltwater crocodiles. (Score: -0.0158843994140625, Parent: 1)

********** Step: 3 **********

A: Alligators are primarily freshwater reptiles, while saltwater crocodiles are known to inhabit both freshwater and saltwater environments.
To determine whether an alligator would best a saltwater crocodile in a hypothetical battle in Lake Urmia, we can break down the comparison into smaller parts:.
1. **Habitat**: Alligators are primarily found in freshwater habitats such as swamps and rivers, while saltwater crocodiles can thrive in both freshwater and saltwater environments. (Score: -0.00844573974609375, Parent: 0)

A: Alligators are primarily freshwater reptiles, while saltwater crocodiles are known to inhabit both freshwater and saltwater environments.
To determine whether an alligator would best a saltwater crocodile in a hypothetical battle in Lake Urmia, we can break down the comparison into smaller parts:.
1. Alligators (Alligator mississippiensis) are generally smaller and less aggressive than saltwater crocodiles (Crocodylus porosus). (Score: -0.00878143310546875, Parent: 0)

********** Step: 4 **********

A: Alligators are primarily freshwater reptiles, while saltwater crocodiles are known to inhabit both freshwater and saltwater environments.
To determine whether an alligator would best a saltwater crocodile in a hypothetical battle in Lake Urmia, we can break down the comparison into smaller parts:.
1. **Habitat**: Alligators are primarily found in freshwater habitats such as swamps and rivers, while saltwater crocodiles can thrive in both freshwater and saltwater environments.
2. **Size and Strength**: Saltwater crocodiles are generally larger and stronger than alligators. (Score: -0.0159912109375, Parent: 0)

A: Alligators are primarily freshwater reptiles, while saltwater crocodiles are known to inhabit both freshwater and saltwater environments.
To determine whether an alligator would best a saltwater crocodile in a hypothetical battle in Lake Urmia, we can break down the comparison into smaller parts:.
1. **Habitat**: Alligators are primarily found in freshwater habitats such as swamps and rivers, while saltwater crocodiles can thrive in both freshwater and saltwater environments.
2. **Size and Strength**: Saltwater crocodiles are generally larger and more powerful than alligators. (Score: -0.0160064697265625, Parent: 0)

********** Step: 5 **********

A: Alligators are primarily freshwater reptiles, while saltwater crocodiles are known to inhabit both freshwater and saltwater environments.
To determine whether an alligator would best a saltwater crocodile in a hypothetical battle in Lake Urmia, we can break down the comparison into smaller parts:.
1. **Habitat**: Alligators are primarily found in freshwater habitats such as swamps and rivers, while saltwater crocodiles can thrive in both freshwater and saltwater environments.
2. **Size and Strength**: Saltwater crocodiles are generally larger and more powerful than alligators.
3. **Behavior**: Saltwater crocodiles are known to be more aggressive than alligators. (Score: -0.018280029296875, Parent: 1)

A: Alligators are primarily freshwater reptiles, while saltwater crocodiles are known to inhabit both freshwater and saltwater environments.
To determine whether an alligator would best a saltwater crocodile in a hypothetical battle in Lake Urmia, we can break down the comparison into smaller parts:.
1. **Habitat**: Alligators are primarily found in freshwater habitats such as swamps and rivers, while saltwater crocodiles can thrive in both freshwater and saltwater environments.
2. **Size and Strength**: Saltwater crocodiles are generally larger and more powerful than alligators.
3. **Aggression and Behavior**: Saltwater crocodiles are known to be more aggressive than alligators, which could give them an advantage in a battle scenario. (Score: -0.0189361572265625, Parent: 1)

********** Step: 6 **********

A: Alligators are primarily freshwater reptiles, while saltwater crocodiles are known to inhabit both freshwater and saltwater environments.
To determine whether an alligator would best a saltwater crocodile in a hypothetical battle in Lake Urmia, we can break down the comparison into smaller parts:.
1. **Habitat**: Alligators are primarily found in freshwater habitats such as swamps and rivers, while saltwater crocodiles can thrive in both freshwater and saltwater environments.
2. **Size and Strength**: Saltwater crocodiles are generally larger and more powerful than alligators.
3. **Behavior**: Saltwater crocodiles are known to be more aggressive than alligators.
4. **Fighting Ability**: Given their size, strength, and aggression, saltwater crocodiles have a significant advantage in combat situations compared to alligators. (Score: -0.0189056396484375, Parent: 0)

A: Alligators are primarily freshwater reptiles, while saltwater crocodiles are known to inhabit both freshwater and saltwater environments.
To determine whether an alligator would best a saltwater crocodile in a hypothetical battle in Lake Urmia, we can break down the comparison into smaller parts:.
1. **Habitat**: Alligators are primarily found in freshwater habitats such as swamps and rivers, while saltwater crocodiles can thrive in both freshwater and saltwater environments.
2. **Size and Strength**: Saltwater crocodiles are generally larger and more powerful than alligators.
3. **Aggression and Behavior**: Saltwater crocodiles are known to be more aggressive than alligators, which could give them an advantage in a battle scenario.
4. **Adaptability**: Saltwater crocodiles are highly adaptable and can manage in various environments, while alligators are less versatile in terms of habitat. (Score: -0.0202484130859375, Parent: 1)

********** Step: 7 **********

A: Alligators are primarily freshwater reptiles, while saltwater crocodiles are known to inhabit both freshwater and saltwater environments.
To determine whether an alligator would best a saltwater crocodile in a hypothetical battle in Lake Urmia, we can break down the comparison into smaller parts:.
1. **Habitat**: Alligators are primarily found in freshwater habitats such as swamps and rivers, while saltwater crocodiles can thrive in both freshwater and saltwater environments.
2. **Size and Strength**: Saltwater crocodiles are generally larger and more powerful than alligators.
3. **Aggression and Behavior**: Saltwater crocodiles are known to be more aggressive than alligators, which could give them an advantage in a battle scenario.
4. **Adaptability**: Saltwater crocodiles are highly adaptable and can manage in various environments, while alligators are less versatile in terms of habitat.
Based on the breakdown:. (Score: -0.014190673828125, Parent: 1)

A: Alligators are primarily freshwater reptiles, while saltwater crocodiles are known to inhabit both freshwater and saltwater environments.
To determine whether an alligator would best a saltwater crocodile in a hypothetical battle in Lake Urmia, we can break down the comparison into smaller parts:.
1. **Habitat**: Alligators are primarily found in freshwater habitats such as swamps and rivers, while saltwater crocodiles can thrive in both freshwater and saltwater environments.
2. **Size and Strength**: Saltwater crocodiles are generally larger and more powerful than alligators.
3. **Behavior**: Saltwater crocodiles are known to be more aggressive than alligators.
4. **Fighting Ability**: Given their size, strength, and aggression, saltwater crocodiles have a significant advantage in combat situations compared to alligators.
To determine whether an alligator would best a saltwater crocodile in a hypothetical battle in Lake Urmia, we can analyze the situation step by step:. (Score: -0.0159912109375, Parent: 0)

********** Step: 8 **********

A: Alligators are primarily freshwater reptiles, while saltwater crocodiles are known to inhabit both freshwater and saltwater environments.
To determine whether an alligator would best a saltwater crocodile in a hypothetical battle in Lake Urmia, we can break down the comparison into smaller parts:.
1. **Habitat**: Alligators are primarily found in freshwater habitats such as swamps and rivers, while saltwater crocodiles can thrive in both freshwater and saltwater environments.
2. **Size and Strength**: Saltwater crocodiles are generally larger and more powerful than alligators.
3. **Aggression and Behavior**: Saltwater crocodiles are known to be more aggressive than alligators, which could give them an advantage in a battle scenario.
4. **Adaptability**: Saltwater crocodiles are highly adaptable and can manage in various environments, while alligators are less versatile in terms of habitat.
Based on the breakdown:.
A: Given that alligators primarily inhabit freshwater, while saltwater crocodiles can thrive in both environments, this provides an advantage to the saltwater crocodile in a hypothetical Lake Urmia battle. (Score: -0.015960693359375, Parent: 0)

A: Alligators are primarily freshwater reptiles, while saltwater crocodiles are known to inhabit both freshwater and saltwater environments.
To determine whether an alligator would best a saltwater crocodile in a hypothetical battle in Lake Urmia, we can break down the comparison into smaller parts:.
1. **Habitat**: Alligators are primarily found in freshwater habitats such as swamps and rivers, while saltwater crocodiles can thrive in both freshwater and saltwater environments.
2. **Size and Strength**: Saltwater crocodiles are generally larger and more powerful than alligators.
3. **Aggression and Behavior**: Saltwater crocodiles are known to be more aggressive than alligators, which could give them an advantage in a battle scenario.
4. **Adaptability**: Saltwater crocodiles are highly adaptable and can manage in various environments, while alligators are less versatile in terms of habitat.
Based on the breakdown:.
The alligator's limitations in habitat, size, strength, aggression, and adaptability compared to the saltwater crocodile suggest that the latter would have a significant advantage in a battle scenario. (Score: -0.017333984375, Parent: 0)

---------- FINAL ----------
step 8
A: Alligators are primarily freshwater reptiles, while saltwater crocodiles are known to inhabit both freshwater and saltwater environments.
To determine whether an alligator would best a saltwater crocodile in a hypothetical battle in Lake Urmia, we can break down the comparison into smaller parts:.
1. **Habitat**: Alligators are primarily found in freshwater habitats such as swamps and rivers, while saltwater crocodiles can thrive in both freshwater and saltwater environments.
2. **Size and Strength**: Saltwater crocodiles are generally larger and more powerful than alligators.
3. **Aggression and Behavior**: Saltwater crocodiles are known to be more aggressive than alligators, which could give them an advantage in a battle scenario.
4. **Adaptability**: Saltwater crocodiles are highly adaptable and can manage in various environments, while alligators are less versatile in terms of habitat.
Based on the breakdown:.
A: Given that alligators primarily inhabit freshwater, while saltwater crocodiles can thrive in both environments, this provides an advantage to the saltwater crocodile in a hypothetical Lake Urmia battle. (Score: -0.015960693359375)

A: Alligators are primarily freshwater reptiles, while saltwater crocodiles are known to inhabit both freshwater and saltwater environments.
To determine whether an alligator would best a saltwater crocodile in a hypothetical battle in Lake Urmia, we can break down the comparison into smaller parts:.
1. **Habitat**: Alligators are primarily found in freshwater habitats such as swamps and rivers, while saltwater crocodiles can thrive in both freshwater and saltwater environments.
2. **Size and Strength**: Saltwater crocodiles are generally larger and more powerful than alligators.
3. **Aggression and Behavior**: Saltwater crocodiles are known to be more aggressive than alligators, which could give them an advantage in a battle scenario.
4. **Adaptability**: Saltwater crocodiles are highly adaptable and can manage in various environments, while alligators are less versatile in terms of habitat.
Based on the breakdown:.
The alligator's limitations in habitat, size, strength, aggression, and adaptability compared to the saltwater crocodile suggest that the latter would have a significant advantage in a battle scenario. (Score: -0.017333984375)
tensor([[-5744481884650979201,  1486174238307143137, -7610831014808707744,
          6148130650370921673, -3801006342085000967,  5431986492017924290,
          8028600200942379510,  7964555220298130307],
        [-5744481884650979201,  1486174238307143137, -7610831014808707744,
          6148130650370921673, -3801006342085000967,  5431986492017924290,
          8028600200942379510,  5175325389504028653]])

====================
Q: Would Terence Tao outperform Eminem in a math competition?


********** Step: 1 **********

Terence Tao is a highly acclaimed mathematician known for his contributions to various fields in mathematics. (Score: -0.0147247314453125, Parent: 0)

Terence Tao is a renowned mathematician known for his exceptional contributions to various fields in mathematics. (Score: -0.01483917236328125, Parent: 0)

********** Step: 2 **********

Terence Tao is a highly acclaimed mathematician known for his contributions to various fields in mathematics.
A: Terence Tao is a highly acclaimed mathematician known for his contributions to various fields in mathematics. (Score: -0.01409912109375, Parent: 0)

Terence Tao is a highly acclaimed mathematician known for his contributions to various fields in mathematics.
Terence Tao won the Fields Medal, which is one of the highest honors in mathematics. (Score: -0.02362060546875, Parent: 0)

********** Step: 3 **********

Terence Tao is a highly acclaimed mathematician known for his contributions to various fields in mathematics.
A: Terence Tao is a highly acclaimed mathematician known for his contributions to various fields in mathematics.
A: Eminem is a renowned rapper and songwriter, not known for his mathematical skills. (Score: -0.0153045654296875, Parent: 0)

Terence Tao is a highly acclaimed mathematician known for his contributions to various fields in mathematics.
A: Terence Tao is a highly acclaimed mathematician known for his contributions to various fields in mathematics.
A: Eminem is a famous rapper and musician, not known for his mathematical abilities. (Score: -0.0154876708984375, Parent: 0)

********** Step: 4 **********

Terence Tao is a highly acclaimed mathematician known for his contributions to various fields in mathematics.
A: Terence Tao is a highly acclaimed mathematician known for his contributions to various fields in mathematics.
A: Eminem is a famous rapper and musician, not known for his mathematical abilities.
A: A math competition would typically require skills in mathematics, which Terence Tao possesses at an expert level. (Score: -0.0145263671875, Parent: 1)

Terence Tao is a highly acclaimed mathematician known for his contributions to various fields in mathematics.
A: Terence Tao is a highly acclaimed mathematician known for his contributions to various fields in mathematics.
A: Eminem is a famous rapper and musician, not known for his mathematical abilities.
A: Terence Tao is a highly acclaimed mathematician known for his contributions to various fields in mathematics. (Score: -0.0147705078125, Parent: 1)

********** Step: 5 **********

Terence Tao is a highly acclaimed mathematician known for his contributions to various fields in mathematics.
A: Terence Tao is a highly acclaimed mathematician known for his contributions to various fields in mathematics.
A: Eminem is a famous rapper and musician, not known for his mathematical abilities.
A: Terence Tao is a highly acclaimed mathematician known for his contributions to various fields in mathematics.
A: Terence Tao is a highly acclaimed mathematician known for his contributions to various fields in mathematics. (Score: -0.0144805908203125, Parent: 1)

Terence Tao is a highly acclaimed mathematician known for his contributions to various fields in mathematics.
A: Terence Tao is a highly acclaimed mathematician known for his contributions to various fields in mathematics.
A: Eminem is a famous rapper and musician, not known for his mathematical abilities.
A: Terence Tao is a highly acclaimed mathematician known for his contributions to various fields in mathematics.
A: Terence Tao is a highly acclaimed mathematician known for his contributions to various fields in mathematics. (Score: -0.0144805908203125, Parent: 1)

********** Step: 6 **********

Terence Tao is a highly acclaimed mathematician known for his contributions to various fields in mathematics.
A: Terence Tao is a highly acclaimed mathematician known for his contributions to various fields in mathematics.
A: Eminem is a famous rapper and musician, not known for his mathematical abilities.
A: Terence Tao is a highly acclaimed mathematician known for his contributions to various fields in mathematics.
A: Terence Tao is a highly acclaimed mathematician known for his contributions to various fields in mathematics.
A: Terence Tao is a highly acclaimed mathematician known for his contributions to various fields in mathematics. (Score: -0.01434326171875, Parent: 0)

Terence Tao is a highly acclaimed mathematician known for his contributions to various fields in mathematics.
A: Terence Tao is a highly acclaimed mathematician known for his contributions to various fields in mathematics.
A: Eminem is a famous rapper and musician, not known for his mathematical abilities.
A: Terence Tao is a highly acclaimed mathematician known for his contributions to various fields in mathematics.
A: Terence Tao is a highly acclaimed mathematician known for his contributions to various fields in mathematics.
A: Terence Tao is a highly acclaimed mathematician known for his contributions to various fields in mathematics. (Score: -0.01434326171875, Parent: 1)

********** Step: 7 **********

Terence Tao is a highly acclaimed mathematician known for his contributions to various fields in mathematics.
A: Terence Tao is a highly acclaimed mathematician known for his contributions to various fields in mathematics.
A: Eminem is a famous rapper and musician, not known for his mathematical abilities.
A: Terence Tao is a highly acclaimed mathematician known for his contributions to various fields in mathematics.
A: Terence Tao is a highly acclaimed mathematician known for his contributions to various fields in mathematics.
A: Terence Tao is a highly acclaimed mathematician known for his contributions to various fields in mathematics.
A: Terence Tao is a highly acclaimed mathematician known for his contributions to various fields in mathematics. (Score: -0.0142822265625, Parent: 0)

Terence Tao is a highly acclaimed mathematician known for his contributions to various fields in mathematics.
A: Terence Tao is a highly acclaimed mathematician known for his contributions to various fields in mathematics.
A: Eminem is a famous rapper and musician, not known for his mathematical abilities.
A: Terence Tao is a highly acclaimed mathematician known for his contributions to various fields in mathematics.
A: Terence Tao is a highly acclaimed mathematician known for his contributions to various fields in mathematics.
A: Terence Tao is a highly acclaimed mathematician known for his contributions to various fields in mathematics.
A: Terence Tao is a highly acclaimed mathematician known for his contributions to various fields in mathematics. (Score: -0.0142822265625, Parent: 1)

********** Step: 8 **********

Terence Tao is a highly acclaimed mathematician known for his contributions to various fields in mathematics.
A: Terence Tao is a highly acclaimed mathematician known for his contributions to various fields in mathematics.
A: Eminem is a famous rapper and musician, not known for his mathematical abilities.
A: Terence Tao is a highly acclaimed mathematician known for his contributions to various fields in mathematics.
A: Terence Tao is a highly acclaimed mathematician known for his contributions to various fields in mathematics.
A: Terence Tao is a highly acclaimed mathematician known for his contributions to various fields in mathematics.
A: Terence Tao is a highly acclaimed mathematician known for his contributions to various fields in mathematics.
A: Terence Tao is a highly acclaimed mathematician known for his contributions to various fields in mathematics. (Score: -0.01422882080078125, Parent: 0)

Terence Tao is a highly acclaimed mathematician known for his contributions to various fields in mathematics.
A: Terence Tao is a highly acclaimed mathematician known for his contributions to various fields in mathematics.
A: Eminem is a famous rapper and musician, not known for his mathematical abilities.
A: Terence Tao is a highly acclaimed mathematician known for his contributions to various fields in mathematics.
A: Terence Tao is a highly acclaimed mathematician known for his contributions to various fields in mathematics.
A: Terence Tao is a highly acclaimed mathematician known for his contributions to various fields in mathematics.
A: Terence Tao is a highly acclaimed mathematician known for his contributions to various fields in mathematics.
A: Terence Tao is a highly acclaimed mathematician known for his contributions to various fields in mathematics. (Score: -0.01422882080078125, Parent: 1)

---------- FINAL ----------
step 8
Terence Tao is a highly acclaimed mathematician known for his contributions to various fields in mathematics.
A: Terence Tao is a highly acclaimed mathematician known for his contributions to various fields in mathematics.
A: Eminem is a famous rapper and musician, not known for his mathematical abilities.
A: Terence Tao is a highly acclaimed mathematician known for his contributions to various fields in mathematics.
A: Terence Tao is a highly acclaimed mathematician known for his contributions to various fields in mathematics.
A: Terence Tao is a highly acclaimed mathematician known for his contributions to various fields in mathematics.
A: Terence Tao is a highly acclaimed mathematician known for his contributions to various fields in mathematics.
A: Terence Tao is a highly acclaimed mathematician known for his contributions to various fields in mathematics. (Score: -0.01422882080078125)

Terence Tao is a highly acclaimed mathematician known for his contributions to various fields in mathematics.
A: Terence Tao is a highly acclaimed mathematician known for his contributions to various fields in mathematics.
A: Eminem is a famous rapper and musician, not known for his mathematical abilities.
A: Terence Tao is a highly acclaimed mathematician known for his contributions to various fields in mathematics.
A: Terence Tao is a highly acclaimed mathematician known for his contributions to various fields in mathematics.
A: Terence Tao is a highly acclaimed mathematician known for his contributions to various fields in mathematics.
A: Terence Tao is a highly acclaimed mathematician known for his contributions to various fields in mathematics.
A: Terence Tao is a highly acclaimed mathematician known for his contributions to various fields in mathematics. (Score: -0.01422882080078125)
tensor([[-9157253681080013984, -4486603452461616196,  7363753845657651181,
         -4486603452461616196, -4486603452461616196, -4486603452461616196,
         -4486603452461616196, -4486603452461616196],
        [-9157253681080013984, -4486603452461616196,  7363753845657651181,
         -4486603452461616196, -4486603452461616196, -4486603452461616196,
         -4486603452461616196, -4486603452461616196]])

====================
Q: Does frost mean that it will be a snowy day?


********** Step: 1 **********

Frost occurs when moisture in the air freezes on surfaces, typically during cold nights. (Score: -0.017822265625, Parent: 0)

Frost occurs when temperatures drop and moisture in the air freezes, forming ice crystals on surfaces. (Score: -0.020050048828125, Parent: 0)

********** Step: 2 **********

Frost occurs when temperatures drop and moisture in the air freezes, forming ice crystals on surfaces.
Frost does not necessarily mean that it will snow. (Score: -0.0204010009765625, Parent: 1)

Frost occurs when moisture in the air freezes on surfaces, typically during cold nights.
Frost does not necessarily indicate that it will snow. (Score: -0.0205841064453125, Parent: 0)

********** Step: 3 **********

Frost occurs when moisture in the air freezes on surfaces, typically during cold nights.
Frost does not necessarily indicate that it will snow.
Snow occurs when there is enough moisture in the air and the temperature is low enough for it to fall as snowflakes. (Score: -0.0216217041015625, Parent: 1)

Frost occurs when temperatures drop and moisture in the air freezes, forming ice crystals on surfaces.
Frost does not necessarily mean that it will snow.
Snow occurs when there is sufficient moisture in the atmosphere combined with the right temperature conditions for snowflakes to form and fall. (Score: -0.0228271484375, Parent: 0)

********** Step: 4 **********

Frost occurs when moisture in the air freezes on surfaces, typically during cold nights.
Frost does not necessarily indicate that it will snow.
Snow occurs when there is enough moisture in the air and the temperature is low enough for it to fall as snowflakes.
#### No. (Score: 0.05535888671875, Parent: 0)

Frost occurs when moisture in the air freezes on surfaces, typically during cold nights.
Frost does not necessarily indicate that it will snow.
Snow occurs when there is enough moisture in the air and the temperature is low enough for it to fall as snowflakes.
Frost can happen without any snowfall, especially if the air is dry. (Score: -0.022247314453125, Parent: 0)

********** Step: 5 **********

Frost occurs when moisture in the air freezes on surfaces, typically during cold nights.
Frost does not necessarily indicate that it will snow.
Snow occurs when there is enough moisture in the air and the temperature is low enough for it to fall as snowflakes.
#### No.
 (Score: 0.05535888671875, Parent: 0)

Frost occurs when moisture in the air freezes on surfaces, typically during cold nights.
Frost does not necessarily indicate that it will snow.
Snow occurs when there is enough moisture in the air and the temperature is low enough for it to fall as snowflakes.
Frost can happen without any snowfall, especially if the air is dry.
#### No. (Score: 0.049835205078125, Parent: 1)

********** Step: 6 **********

Frost occurs when moisture in the air freezes on surfaces, typically during cold nights.
Frost does not necessarily indicate that it will snow.
Snow occurs when there is enough moisture in the air and the temperature is low enough for it to fall as snowflakes.
#### No.

 (Score: 0.05535888671875, Parent: 0)

Frost occurs when moisture in the air freezes on surfaces, typically during cold nights.
Frost does not necessarily indicate that it will snow.
Snow occurs when there is enough moisture in the air and the temperature is low enough for it to fall as snowflakes.
Frost can happen without any snowfall, especially if the air is dry.
#### No.
 (Score: 0.049835205078125, Parent: 1)

---------- FINAL ----------
step 6
Frost occurs when moisture in the air freezes on surfaces, typically during cold nights.
Frost does not necessarily indicate that it will snow.
Snow occurs when there is enough moisture in the air and the temperature is low enough for it to fall as snowflakes.
#### No.

 (Score: 0.05535888671875)

Frost occurs when moisture in the air freezes on surfaces, typically during cold nights.
Frost does not necessarily indicate that it will snow.
Snow occurs when there is enough moisture in the air and the temperature is low enough for it to fall as snowflakes.
Frost can happen without any snowfall, especially if the air is dry.
#### No.
 (Score: 0.049835205078125)
tensor([[-2896445474186651155, -5856611213319488164, -4272022385809901839,
          3743897281599826845,                    0,                    0,
                           -1,                   -1],
        [-2896445474186651155, -5856611213319488164, -4272022385809901839,
           296363121329010252,  3743897281599826845,                    0,
                           -1,                   -1]])

====================
Q: Are Scottish people descended from Mary, Queen of Scots part French?


********** Step: 1 **********

Mary, Queen of Scots was a member of the Scottish royal family. (Score: -0.01128387451171875, Parent: 0)

Mary, Queen of Scots was born in Scotland and was a significant historical figure. (Score: -0.01239776611328125, Parent: 0)

********** Step: 2 **********

Mary, Queen of Scots was born in Scotland and was a significant historical figure.
Mary, Queen of Scots was of Scottish and French descent. (Score: -0.013580322265625, Parent: 1)

Mary, Queen of Scots was a member of the Scottish royal family.
Mary, Queen of Scots was born in Scotland and became the queen of Scotland. (Score: -0.016815185546875, Parent: 0)

********** Step: 3 **********

Mary, Queen of Scots was a member of the Scottish royal family.
Mary, Queen of Scots was born in Scotland and became the queen of Scotland.
Mary, Queen of Scots was of both Scottish and French descent. (Score: -0.018310546875, Parent: 1)

Mary, Queen of Scots was born in Scotland and was a significant historical figure.
Mary, Queen of Scots was of Scottish and French descent.
Mary, Queen of Scots was born to James V of Scotland and Mary of Guise, who was French. (Score: -0.019500732421875, Parent: 0)

********** Step: 4 **********

Mary, Queen of Scots was a member of the Scottish royal family.
Mary, Queen of Scots was born in Scotland and became the queen of Scotland.
Mary, Queen of Scots was of both Scottish and French descent.
A: Mary, Queen of Scots was a member of the Scottish royal family. (Score: -0.01568603515625, Parent: 0)

Mary, Queen of Scots was born in Scotland and was a significant historical figure.
Mary, Queen of Scots was of Scottish and French descent.
Mary, Queen of Scots was born to James V of Scotland and Mary of Guise, who was French.
Mary, Queen of Scots had a French mother, Mary of Guise, contributing to her French heritage. (Score: -0.0213470458984375, Parent: 1)

********** Step: 5 **********

Mary, Queen of Scots was a member of the Scottish royal family.
Mary, Queen of Scots was born in Scotland and became the queen of Scotland.
Mary, Queen of Scots was of both Scottish and French descent.
A: Mary, Queen of Scots was a member of the Scottish royal family.
Mary, Queen of Scots was born in Scotland and became the queen of Scotland. (Score: -0.0174102783203125, Parent: 0)

Mary, Queen of Scots was born in Scotland and was a significant historical figure.
Mary, Queen of Scots was of Scottish and French descent.
Mary, Queen of Scots was born to James V of Scotland and Mary of Guise, who was French.
Mary, Queen of Scots had a French mother, Mary of Guise, contributing to her French heritage.
A: Scottish people are descended from various historical figures and groups. (Score: -0.0183258056640625, Parent: 1)

********** Step: 6 **********

Mary, Queen of Scots was a member of the Scottish royal family.
Mary, Queen of Scots was born in Scotland and became the queen of Scotland.
Mary, Queen of Scots was of both Scottish and French descent.
A: Mary, Queen of Scots was a member of the Scottish royal family.
Mary, Queen of Scots was born in Scotland and became the queen of Scotland.
Mary, Queen of Scots was of both Scottish and French descent. (Score: -0.01898193359375, Parent: 0)

Mary, Queen of Scots was a member of the Scottish royal family.
Mary, Queen of Scots was born in Scotland and became the queen of Scotland.
Mary, Queen of Scots was of both Scottish and French descent.
A: Mary, Queen of Scots was a member of the Scottish royal family.
Mary, Queen of Scots was born in Scotland and became the queen of Scotland.
Mary, Queen of Scots was of both Scottish and French descent. (Score: -0.01898193359375, Parent: 0)

********** Step: 7 **********

Mary, Queen of Scots was a member of the Scottish royal family.
Mary, Queen of Scots was born in Scotland and became the queen of Scotland.
Mary, Queen of Scots was of both Scottish and French descent.
A: Mary, Queen of Scots was a member of the Scottish royal family.
Mary, Queen of Scots was born in Scotland and became the queen of Scotland.
Mary, Queen of Scots was of both Scottish and French descent.
To determine if Scottish people are descended from Mary, Queen of Scots and if she was part French, we can analyze the information step-by-step. (Score: -0.0159149169921875, Parent: 1)

Mary, Queen of Scots was a member of the Scottish royal family.
Mary, Queen of Scots was born in Scotland and became the queen of Scotland.
Mary, Queen of Scots was of both Scottish and French descent.
A: Mary, Queen of Scots was a member of the Scottish royal family.
Mary, Queen of Scots was born in Scotland and became the queen of Scotland.
Mary, Queen of Scots was of both Scottish and French descent.
A: Mary, Queen of Scots was a member of the Scottish royal family. (Score: -0.019287109375, Parent: 0)

********** Step: 8 **********

Mary, Queen of Scots was a member of the Scottish royal family.
Mary, Queen of Scots was born in Scotland and became the queen of Scotland.
Mary, Queen of Scots was of both Scottish and French descent.
A: Mary, Queen of Scots was a member of the Scottish royal family.
Mary, Queen of Scots was born in Scotland and became the queen of Scotland.
Mary, Queen of Scots was of both Scottish and French descent.
To determine if Scottish people are descended from Mary, Queen of Scots and if she was part French, we can analyze the information step-by-step.
1. Mary, Queen of Scots was a member of the Scottish royal family. (Score: -0.00917816162109375, Parent: 0)

Mary, Queen of Scots was a member of the Scottish royal family.
Mary, Queen of Scots was born in Scotland and became the queen of Scotland.
Mary, Queen of Scots was of both Scottish and French descent.
A: Mary, Queen of Scots was a member of the Scottish royal family.
Mary, Queen of Scots was born in Scotland and became the queen of Scotland.
Mary, Queen of Scots was of both Scottish and French descent.
To determine if Scottish people are descended from Mary, Queen of Scots and if she was part French, we can analyze the information step-by-step.
Mary, Queen of Scots was a member of the Scottish royal family. (Score: -0.01488494873046875, Parent: 0)

---------- FINAL ----------
step 8
Mary, Queen of Scots was a member of the Scottish royal family.
Mary, Queen of Scots was born in Scotland and became the queen of Scotland.
Mary, Queen of Scots was of both Scottish and French descent.
A: Mary, Queen of Scots was a member of the Scottish royal family.
Mary, Queen of Scots was born in Scotland and became the queen of Scotland.
Mary, Queen of Scots was of both Scottish and French descent.
To determine if Scottish people are descended from Mary, Queen of Scots and if she was part French, we can analyze the information step-by-step.
1. Mary, Queen of Scots was a member of the Scottish royal family. (Score: -0.00917816162109375)

Mary, Queen of Scots was a member of the Scottish royal family.
Mary, Queen of Scots was born in Scotland and became the queen of Scotland.
Mary, Queen of Scots was of both Scottish and French descent.
A: Mary, Queen of Scots was a member of the Scottish royal family.
Mary, Queen of Scots was born in Scotland and became the queen of Scotland.
Mary, Queen of Scots was of both Scottish and French descent.
To determine if Scottish people are descended from Mary, Queen of Scots and if she was part French, we can analyze the information step-by-step.
Mary, Queen of Scots was a member of the Scottish royal family. (Score: -0.01488494873046875)
tensor([[3801484918302023604, 1190566267875266294,  -29370712136754920,
         6826192837439954992, 1190566267875266294,  -29370712136754920,
         4983759275704369449, 7257695098532619686],
        [3801484918302023604, 1190566267875266294,  -29370712136754920,
         6826192837439954992, 1190566267875266294,  -29370712136754920,
         4983759275704369449, 3801484918302023604]])

====================
Q: Could a giant squid fit aboard the deck of the titanic?


********** Step: 1 **********

A: The Titanic was approximately 882 feet long and 92 feet wide. (Score: -0.004241943359375, Parent: 0)

A: The Titanic was approximately 882 feet long and 92 feet wide at its widest point. (Score: -0.006259918212890625, Parent: 0)

********** Step: 2 **********

A: The Titanic was approximately 882 feet long and 92 feet wide.
A: A giant squid can grow up to 43 feet long. (Score: -0.0036907196044921875, Parent: 0)

A: The Titanic was approximately 882 feet long and 92 feet wide.
A: The giant squid can grow to lengths of up to 43 feet. (Score: -0.005222320556640625, Parent: 0)

********** Step: 3 **********

A: The Titanic was approximately 882 feet long and 92 feet wide.
A: A giant squid can grow up to 43 feet long.
A: The width of the Titanic's deck would be sufficient to accommodate a giant squid. (Score: -0.00457763671875, Parent: 0)

A: The Titanic was approximately 882 feet long and 92 feet wide.
A: A giant squid can grow up to 43 feet long.
A: The width of the Titanic is 92 feet, which is much wider than the size of a giant squid. (Score: -0.005054473876953125, Parent: 0)

********** Step: 4 **********

A: The Titanic was approximately 882 feet long and 92 feet wide.
A: A giant squid can grow up to 43 feet long.
A: The width of the Titanic is 92 feet, which is much wider than the size of a giant squid.
A: The Titanic was approximately 882 feet long and 92 feet wide. (Score: -0.005519866943359375, Parent: 1)

A: The Titanic was approximately 882 feet long and 92 feet wide.
A: A giant squid can grow up to 43 feet long.
A: The width of the Titanic is 92 feet, which is much wider than the size of a giant squid.
A: Therefore, a giant squid could fit aboard the deck of the Titanic, considering both length and width. (Score: -0.00566864013671875, Parent: 1)

********** Step: 5 **********

A: The Titanic was approximately 882 feet long and 92 feet wide.
A: A giant squid can grow up to 43 feet long.
A: The width of the Titanic is 92 feet, which is much wider than the size of a giant squid.
A: Therefore, a giant squid could fit aboard the deck of the Titanic, considering both length and width.
#### Yes. (Score: 0.056671142578125, Parent: 1)

A: The Titanic was approximately 882 feet long and 92 feet wide.
A: A giant squid can grow up to 43 feet long.
A: The width of the Titanic is 92 feet, which is much wider than the size of a giant squid.
A: Therefore, a giant squid could fit aboard the deck of the Titanic, considering both length and width.
#### Yes. (Score: 0.056671142578125, Parent: 1)

********** Step: 6 **********

A: The Titanic was approximately 882 feet long and 92 feet wide.
A: A giant squid can grow up to 43 feet long.
A: The width of the Titanic is 92 feet, which is much wider than the size of a giant squid.
A: Therefore, a giant squid could fit aboard the deck of the Titanic, considering both length and width.
#### Yes.
 (Score: 0.056671142578125, Parent: 0)

A: The Titanic was approximately 882 feet long and 92 feet wide.
A: A giant squid can grow up to 43 feet long.
A: The width of the Titanic is 92 feet, which is much wider than the size of a giant squid.
A: Therefore, a giant squid could fit aboard the deck of the Titanic, considering both length and width.
#### Yes.
 (Score: 0.056671142578125, Parent: 1)

---------- FINAL ----------
step 6
A: The Titanic was approximately 882 feet long and 92 feet wide.
A: A giant squid can grow up to 43 feet long.
A: The width of the Titanic is 92 feet, which is much wider than the size of a giant squid.
A: Therefore, a giant squid could fit aboard the deck of the Titanic, considering both length and width.
#### Yes.
 (Score: 0.056671142578125)

A: The Titanic was approximately 882 feet long and 92 feet wide.
A: A giant squid can grow up to 43 feet long.
A: The width of the Titanic is 92 feet, which is much wider than the size of a giant squid.
A: Therefore, a giant squid could fit aboard the deck of the Titanic, considering both length and width.
#### Yes.
 (Score: 0.056671142578125)
tensor([[-6537957574517266027, -2119536088390670140,  5843646881601342258,
         -5463060696197294559,  2975071364917069756,                    0,
                           -1,                   -1],
        [-6537957574517266027, -2119536088390670140,  5843646881601342258,
         -5463060696197294559,  2975071364917069756,                    0,
                           -1,                   -1]])

====================
Q: Did Methuselah live at least 800 years as long as Sarah?


********** Step: 1 **********

A: Methuselah is a biblical figure known for having lived 969 years according to the Hebrew Bible. (Score: -0.01325225830078125, Parent: 0)

A: Methuselah is a biblical figure known for his long lifespan, living for 969 years according to the Hebrew Bible. (Score: -0.016937255859375, Parent: 0)

********** Step: 2 **********

A: Methuselah is a biblical figure known for having lived 969 years according to the Hebrew Bible.
Sarah, another biblical figure, lived to be 127 years old according to the Hebrew Bible. (Score: -0.0169525146484375, Parent: 0)

A: Methuselah is a biblical figure known for having lived 969 years according to the Hebrew Bible.
Sarah, another biblical figure, is noted to have lived for 127 years according to the Hebrew Bible. (Score: -0.0174560546875, Parent: 0)

********** Step: 3 **********

A: Methuselah is a biblical figure known for having lived 969 years according to the Hebrew Bible.
Sarah, another biblical figure, is noted to have lived for 127 years according to the Hebrew Bible.
To determine if Methuselah lived at least 800 years longer than Sarah, we can break down the information as follows:. (Score: -0.004302978515625, Parent: 1)

A: Methuselah is a biblical figure known for having lived 969 years according to the Hebrew Bible.
Sarah, another biblical figure, lived to be 127 years old according to the Hebrew Bible.
To determine if Methuselah lived at least 800 years longer than Sarah, we can analyze their ages:. (Score: -0.005344390869140625, Parent: 0)

********** Step: 4 **********

A: Methuselah is a biblical figure known for having lived 969 years according to the Hebrew Bible.
Sarah, another biblical figure, is noted to have lived for 127 years according to the Hebrew Bible.
To determine if Methuselah lived at least 800 years longer than Sarah, we can break down the information as follows:.
1. Methuselah lived 969 years. (Score: 0.0009355545043945312, Parent: 0)

A: Methuselah is a biblical figure known for having lived 969 years according to the Hebrew Bible.
Sarah, another biblical figure, is noted to have lived for 127 years according to the Hebrew Bible.
To determine if Methuselah lived at least 800 years longer than Sarah, we can break down the information as follows:.
1. Methuselah lived for 969 years. (Score: 0.0004203319549560547, Parent: 0)

********** Step: 5 **********

A: Methuselah is a biblical figure known for having lived 969 years according to the Hebrew Bible.
Sarah, another biblical figure, is noted to have lived for 127 years according to the Hebrew Bible.
To determine if Methuselah lived at least 800 years longer than Sarah, we can break down the information as follows:.
1. Methuselah lived 969 years.
2. Sarah lived 127 years. (Score: -0.0036792755126953125, Parent: 0)

A: Methuselah is a biblical figure known for having lived 969 years according to the Hebrew Bible.
Sarah, another biblical figure, is noted to have lived for 127 years according to the Hebrew Bible.
To determine if Methuselah lived at least 800 years longer than Sarah, we can break down the information as follows:.
1. Methuselah lived 969 years.
2. Sarah lived 127 years. (Score: -0.0036792755126953125, Parent: 0)

********** Step: 6 **********

A: Methuselah is a biblical figure known for having lived 969 years according to the Hebrew Bible.
Sarah, another biblical figure, is noted to have lived for 127 years according to the Hebrew Bible.
To determine if Methuselah lived at least 800 years longer than Sarah, we can break down the information as follows:.
1. Methuselah lived 969 years.
2. Sarah lived 127 years.
3. Now, we need to find the difference in their ages: 969 years (Methuselah) - 127 years (Sarah) = 842 years. (Score: -0.0015916824340820312, Parent: 0)

A: Methuselah is a biblical figure known for having lived 969 years according to the Hebrew Bible.
Sarah, another biblical figure, is noted to have lived for 127 years according to the Hebrew Bible.
To determine if Methuselah lived at least 800 years longer than Sarah, we can break down the information as follows:.
1. Methuselah lived 969 years.
2. Sarah lived 127 years.
3. The difference in their ages is 969 - 127 = 842 years. (Score: -0.00261688232421875, Parent: 0)

********** Step: 7 **********

A: Methuselah is a biblical figure known for having lived 969 years according to the Hebrew Bible.
Sarah, another biblical figure, is noted to have lived for 127 years according to the Hebrew Bible.
To determine if Methuselah lived at least 800 years longer than Sarah, we can break down the information as follows:.
1. Methuselah lived 969 years.
2. Sarah lived 127 years.
3. Now, we need to find the difference in their ages: 969 years (Methuselah) - 127 years (Sarah) = 842 years.
To determine if Methuselah lived at least 800 years longer than Sarah, we can analyze the information step by step:. (Score: 0.001354217529296875, Parent: 0)

A: Methuselah is a biblical figure known for having lived 969 years according to the Hebrew Bible.
Sarah, another biblical figure, is noted to have lived for 127 years according to the Hebrew Bible.
To determine if Methuselah lived at least 800 years longer than Sarah, we can break down the information as follows:.
1. Methuselah lived 969 years.
2. Sarah lived 127 years.
3. The difference in their ages is 969 - 127 = 842 years.
To answer the question, let's break down the information step by step:. (Score: 0.0012559890747070312, Parent: 1)

********** Step: 8 **********

A: Methuselah is a biblical figure known for having lived 969 years according to the Hebrew Bible.
Sarah, another biblical figure, is noted to have lived for 127 years according to the Hebrew Bible.
To determine if Methuselah lived at least 800 years longer than Sarah, we can break down the information as follows:.
1. Methuselah lived 969 years.
2. Sarah lived 127 years.
3. Now, we need to find the difference in their ages: 969 years (Methuselah) - 127 years (Sarah) = 842 years.
To determine if Methuselah lived at least 800 years longer than Sarah, we can analyze the information step by step:.
1. Methuselah lived for 969 years according to the Hebrew Bible. (Score: -0.001125335693359375, Parent: 0)

A: Methuselah is a biblical figure known for having lived 969 years according to the Hebrew Bible.
Sarah, another biblical figure, is noted to have lived for 127 years according to the Hebrew Bible.
To determine if Methuselah lived at least 800 years longer than Sarah, we can break down the information as follows:.
1. Methuselah lived 969 years.
2. Sarah lived 127 years.
3. Now, we need to find the difference in their ages: 969 years (Methuselah) - 127 years (Sarah) = 842 years.
To determine if Methuselah lived at least 800 years longer than Sarah, we can analyze the information step by step:.
1. Methuselah lived 969 years. (Score: -0.0011920928955078125, Parent: 0)

---------- FINAL ----------
step 8
A: Methuselah is a biblical figure known for having lived 969 years according to the Hebrew Bible.
Sarah, another biblical figure, is noted to have lived for 127 years according to the Hebrew Bible.
To determine if Methuselah lived at least 800 years longer than Sarah, we can break down the information as follows:.
1. Methuselah lived 969 years.
2. Sarah lived 127 years.
3. Now, we need to find the difference in their ages: 969 years (Methuselah) - 127 years (Sarah) = 842 years.
To determine if Methuselah lived at least 800 years longer than Sarah, we can analyze the information step by step:.
1. Methuselah lived for 969 years according to the Hebrew Bible. (Score: -0.001125335693359375)

A: Methuselah is a biblical figure known for having lived 969 years according to the Hebrew Bible.
Sarah, another biblical figure, is noted to have lived for 127 years according to the Hebrew Bible.
To determine if Methuselah lived at least 800 years longer than Sarah, we can break down the information as follows:.
1. Methuselah lived 969 years.
2. Sarah lived 127 years.
3. Now, we need to find the difference in their ages: 969 years (Methuselah) - 127 years (Sarah) = 842 years.
To determine if Methuselah lived at least 800 years longer than Sarah, we can analyze the information step by step:.
1. Methuselah lived 969 years. (Score: -0.0011920928955078125)
tensor([[-5800469302244639356,  5836876099063885501,  7682826533652744781,
         -2643232745452858325,      582096755076246,  2852225180247539332,
          3777379330784665010,  -533301713964084676],
        [-5800469302244639356,  5836876099063885501,  7682826533652744781,
         -2643232745452858325,      582096755076246,  2852225180247539332,
          3777379330784665010, -2643232745452858325]])

====================
Q: Are ground bell peppers the main ingredient of black pepper?


********** Step: 1 **********

Ground bell peppers are a spice made from dried bell peppers. (Score: -0.007534027099609375, Parent: 0)

Ground bell peppers are a spice made from dried and ground bell peppers. (Score: -0.007793426513671875, Parent: 0)

********** Step: 2 **********

Ground bell peppers are a spice made from dried bell peppers.
Ground bell peppers are not the same as black pepper. (Score: -0.00933837890625, Parent: 0)

Ground bell peppers are a spice made from dried and ground bell peppers.
Ground bell peppers are not the same as black pepper. (Score: -0.0104217529296875, Parent: 1)

********** Step: 3 **********

Ground bell peppers are a spice made from dried bell peppers.
Ground bell peppers are not the same as black pepper.
Black pepper is a spice made from the dried fruit of the Piper nigrum plant. (Score: -0.01372528076171875, Parent: 0)

Ground bell peppers are a spice made from dried bell peppers.
Ground bell peppers are not the same as black pepper.
Black pepper comes from the dried fruit of the Piper nigrum plant. (Score: -0.014068603515625, Parent: 0)

********** Step: 4 **********

Ground bell peppers are a spice made from dried bell peppers.
Ground bell peppers are not the same as black pepper.
Black pepper comes from the dried fruit of the Piper nigrum plant.
Ground bell peppers and black pepper are different products. (Score: -0.01317596435546875, Parent: 1)

Ground bell peppers are a spice made from dried bell peppers.
Ground bell peppers are not the same as black pepper.
Black pepper comes from the dried fruit of the Piper nigrum plant.
Ground bell peppers are not derived from the same plant as black pepper. (Score: -0.01446533203125, Parent: 1)

********** Step: 5 **********

Ground bell peppers are a spice made from dried bell peppers.
Ground bell peppers are not the same as black pepper.
Black pepper comes from the dried fruit of the Piper nigrum plant.
Ground bell peppers and black pepper are different products.
#### No. (Score: 0.0672607421875, Parent: 0)

Ground bell peppers are a spice made from dried bell peppers.
Ground bell peppers are not the same as black pepper.
Black pepper comes from the dried fruit of the Piper nigrum plant.
Ground bell peppers and black pepper are different products.
#### No. (Score: 0.0672607421875, Parent: 0)

********** Step: 6 **********

Ground bell peppers are a spice made from dried bell peppers.
Ground bell peppers are not the same as black pepper.
Black pepper comes from the dried fruit of the Piper nigrum plant.
Ground bell peppers and black pepper are different products.
#### No.
 (Score: 0.0672607421875, Parent: 0)

Ground bell peppers are a spice made from dried bell peppers.
Ground bell peppers are not the same as black pepper.
Black pepper comes from the dried fruit of the Piper nigrum plant.
Ground bell peppers and black pepper are different products.
#### No.
 (Score: 0.0672607421875, Parent: 1)

---------- FINAL ----------
step 6
Ground bell peppers are a spice made from dried bell peppers.
Ground bell peppers are not the same as black pepper.
Black pepper comes from the dried fruit of the Piper nigrum plant.
Ground bell peppers and black pepper are different products.
#### No.
 (Score: 0.0672607421875)

Ground bell peppers are a spice made from dried bell peppers.
Ground bell peppers are not the same as black pepper.
Black pepper comes from the dried fruit of the Piper nigrum plant.
Ground bell peppers and black pepper are different products.
#### No.
 (Score: 0.0672607421875)
tensor([[  706562223831378157,  1532590907829556858,  8149864313845653669,
         -4831120485705721346,  3743897281599826845,                    0,
                           -1,                   -1],
        [  706562223831378157,  1532590907829556858,  8149864313845653669,
         -4831120485705721346,  3743897281599826845,                    0,
                           -1,                   -1]])

====================
Q: Are Disney's seven dwarves the original ones?


********** Step: 1 **********

A: Disney's seven dwarves are named Doc, Grumpy, Happy, Sleepy, Bashful, Sneezy, and Dopey. (Score: -0.012115478515625, Parent: 0)

Disney's seven dwarfs are named Doc, Grumpy, Happy, Sleepy, Bashful, Sneezy, and Dopey. (Score: -0.01322174072265625, Parent: 0)

********** Step: 2 **********

A: Disney's seven dwarves are named Doc, Grumpy, Happy, Sleepy, Bashful, Sneezy, and Dopey.
The seven dwarves from Disney's Snow White and the Seven Dwarfs were created for the animated film released in 1937. (Score: -0.02166748046875, Parent: 0)

A: Disney's seven dwarves are named Doc, Grumpy, Happy, Sleepy, Bashful, Sneezy, and Dopey.
Disney's seven dwarves were created for the animated film "Snow White and the Seven Dwarfs," released in 1937. (Score: -0.02484130859375, Parent: 0)

********** Step: 3 **********

A: Disney's seven dwarves are named Doc, Grumpy, Happy, Sleepy, Bashful, Sneezy, and Dopey.
The seven dwarves from Disney's Snow White and the Seven Dwarfs were created for the animated film released in 1937.
The concept of dwarves in folklore predates Disney's interpretation. (Score: -0.0243682861328125, Parent: 0)

A: Disney's seven dwarves are named Doc, Grumpy, Happy, Sleepy, Bashful, Sneezy, and Dopey.
The seven dwarves from Disney's Snow White and the Seven Dwarfs were created for the animated film released in 1937.
The original version of Snow White, which includes the seven dwarfs, is based on a fairy tale by the Brothers Grimm. (Score: -0.0257415771484375, Parent: 0)

********** Step: 4 **********

A: Disney's seven dwarves are named Doc, Grumpy, Happy, Sleepy, Bashful, Sneezy, and Dopey.
The seven dwarves from Disney's Snow White and the Seven Dwarfs were created for the animated film released in 1937.
The concept of dwarves in folklore predates Disney's interpretation.
The original seven dwarves from folklore were not specifically named as Disney's dwarves. (Score: -0.022064208984375, Parent: 0)

A: Disney's seven dwarves are named Doc, Grumpy, Happy, Sleepy, Bashful, Sneezy, and Dopey.
The seven dwarves from Disney's Snow White and the Seven Dwarfs were created for the animated film released in 1937.
The concept of dwarves in folklore predates Disney's interpretation.
The original seven dwarves in folklore vary depending on the source and culture, but they are not specifically named as Disney's dwarves. (Score: -0.0233612060546875, Parent: 0)

********** Step: 5 **********

A: Disney's seven dwarves are named Doc, Grumpy, Happy, Sleepy, Bashful, Sneezy, and Dopey.
The seven dwarves from Disney's Snow White and the Seven Dwarfs were created for the animated film released in 1937.
The concept of dwarves in folklore predates Disney's interpretation.
The original seven dwarves in folklore vary depending on the source and culture, but they are not specifically named as Disney's dwarves.
#### No. (Score: 0.0352783203125, Parent: 1)

A: Disney's seven dwarves are named Doc, Grumpy, Happy, Sleepy, Bashful, Sneezy, and Dopey.
The seven dwarves from Disney's Snow White and the Seven Dwarfs were created for the animated film released in 1937.
The concept of dwarves in folklore predates Disney's interpretation.
The original seven dwarves from folklore were not specifically named as Disney's dwarves.
A: Disney's seven dwarves are named Doc, Grumpy, Happy, Sleepy, Bashful, Sneezy, and Dopey. (Score: -0.016387939453125, Parent: 0)

********** Step: 6 **********

A: Disney's seven dwarves are named Doc, Grumpy, Happy, Sleepy, Bashful, Sneezy, and Dopey.
The seven dwarves from Disney's Snow White and the Seven Dwarfs were created for the animated film released in 1937.
The concept of dwarves in folklore predates Disney's interpretation.
The original seven dwarves in folklore vary depending on the source and culture, but they are not specifically named as Disney's dwarves.
#### No.
 (Score: 0.0352783203125, Parent: 0)

A: Disney's seven dwarves are named Doc, Grumpy, Happy, Sleepy, Bashful, Sneezy, and Dopey.
The seven dwarves from Disney's Snow White and the Seven Dwarfs were created for the animated film released in 1937.
The concept of dwarves in folklore predates Disney's interpretation.
The original seven dwarves from folklore were not specifically named as Disney's dwarves.
A: Disney's seven dwarves are named Doc, Grumpy, Happy, Sleepy, Bashful, Sneezy, and Dopey.
A: Disney's seven dwarves are named Doc, Grumpy, Happy, Sleepy, Bashful, Sneezy, and Dopey. (Score: -0.0167236328125, Parent: 1)

********** Step: 7 **********

A: Disney's seven dwarves are named Doc, Grumpy, Happy, Sleepy, Bashful, Sneezy, and Dopey.
The seven dwarves from Disney's Snow White and the Seven Dwarfs were created for the animated film released in 1937.
The concept of dwarves in folklore predates Disney's interpretation.
The original seven dwarves in folklore vary depending on the source and culture, but they are not specifically named as Disney's dwarves.
#### No.

 (Score: 0.0352783203125, Parent: 0)

A: Disney's seven dwarves are named Doc, Grumpy, Happy, Sleepy, Bashful, Sneezy, and Dopey.
The seven dwarves from Disney's Snow White and the Seven Dwarfs were created for the animated film released in 1937.
The concept of dwarves in folklore predates Disney's interpretation.
The original seven dwarves from folklore were not specifically named as Disney's dwarves.
A: Disney's seven dwarves are named Doc, Grumpy, Happy, Sleepy, Bashful, Sneezy, and Dopey.
A: Disney's seven dwarves are named Doc, Grumpy, Happy, Sleepy, Bashful, Sneezy, and Dopey.
A: Disney's seven dwarves are named Doc, Grumpy, Happy, Sleepy, Bashful, Sneezy, and Dopey. (Score: -0.018310546875, Parent: 1)

********** Step: 8 **********

A: Disney's seven dwarves are named Doc, Grumpy, Happy, Sleepy, Bashful, Sneezy, and Dopey.
The seven dwarves from Disney's Snow White and the Seven Dwarfs were created for the animated film released in 1937.
The concept of dwarves in folklore predates Disney's interpretation.
The original seven dwarves in folklore vary depending on the source and culture, but they are not specifically named as Disney's dwarves.
#### No.


 (Score: 0.0352783203125, Parent: 0)

A: Disney's seven dwarves are named Doc, Grumpy, Happy, Sleepy, Bashful, Sneezy, and Dopey.
The seven dwarves from Disney's Snow White and the Seven Dwarfs were created for the animated film released in 1937.
The concept of dwarves in folklore predates Disney's interpretation.
The original seven dwarves from folklore were not specifically named as Disney's dwarves.
A: Disney's seven dwarves are named Doc, Grumpy, Happy, Sleepy, Bashful, Sneezy, and Dopey.
A: Disney's seven dwarves are named Doc, Grumpy, Happy, Sleepy, Bashful, Sneezy, and Dopey.
A: Disney's seven dwarves are named Doc, Grumpy, Happy, Sleepy, Bashful, Sneezy, and Dopey.
A: Disney's seven dwarves are named Doc, Grumpy, Happy, Sleepy, Bashful, Sneezy, and Dopey. (Score: -0.018646240234375, Parent: 1)

---------- FINAL ----------
step 8
A: Disney's seven dwarves are named Doc, Grumpy, Happy, Sleepy, Bashful, Sneezy, and Dopey.
The seven dwarves from Disney's Snow White and the Seven Dwarfs were created for the animated film released in 1937.
The concept of dwarves in folklore predates Disney's interpretation.
The original seven dwarves in folklore vary depending on the source and culture, but they are not specifically named as Disney's dwarves.
#### No.


 (Score: 0.0352783203125)

A: Disney's seven dwarves are named Doc, Grumpy, Happy, Sleepy, Bashful, Sneezy, and Dopey.
The seven dwarves from Disney's Snow White and the Seven Dwarfs were created for the animated film released in 1937.
The concept of dwarves in folklore predates Disney's interpretation.
The original seven dwarves from folklore were not specifically named as Disney's dwarves.
A: Disney's seven dwarves are named Doc, Grumpy, Happy, Sleepy, Bashful, Sneezy, and Dopey.
A: Disney's seven dwarves are named Doc, Grumpy, Happy, Sleepy, Bashful, Sneezy, and Dopey.
A: Disney's seven dwarves are named Doc, Grumpy, Happy, Sleepy, Bashful, Sneezy, and Dopey.
A: Disney's seven dwarves are named Doc, Grumpy, Happy, Sleepy, Bashful, Sneezy, and Dopey. (Score: -0.018646240234375)
tensor([[ 8974464948091168169,  5015137148531584979, -1754668561826425528,
          3873673254845336900,  3743897281599826845,                    0,
                            0,                    0],
        [ 8974464948091168169,  5015137148531584979, -1754668561826425528,
         -1775575610073137021,  8974464948091168169,  8974464948091168169,
          8974464948091168169,  8974464948091168169]])

====================
Q: Did Johann Sebastian Bach ever win a Grammy Award?


********** Step: 1 **********

A: Johann Sebastian Bach was a composer who lived from 1685 to 1750. (Score: -0.01190948486328125, Parent: 0)

Johann Sebastian Bach was a composer and musician who lived from 1685 to 1750. (Score: -0.0162353515625, Parent: 0)

********** Step: 2 **********

A: Johann Sebastian Bach was a composer who lived from 1685 to 1750.
Johann Sebastian Bach was a composer who lived from 1685 to 1750. (Score: -0.010345458984375, Parent: 0)

Johann Sebastian Bach was a composer and musician who lived from 1685 to 1750.
The Grammy Awards were established in 1959, long after Bach's lifetime. (Score: -0.0221405029296875, Parent: 1)

********** Step: 3 **********

Johann Sebastian Bach was a composer and musician who lived from 1685 to 1750.
The Grammy Awards were established in 1959, long after Bach's lifetime.
#### No. (Score: 0.058380126953125, Parent: 1)

A: Johann Sebastian Bach was a composer who lived from 1685 to 1750.
Johann Sebastian Bach was a composer who lived from 1685 to 1750.
Johann Sebastian Bach was a composer who lived from 1685 to 1750. (Score: -0.01419830322265625, Parent: 0)

********** Step: 4 **********

Johann Sebastian Bach was a composer and musician who lived from 1685 to 1750.
The Grammy Awards were established in 1959, long after Bach's lifetime.
#### No.
 (Score: 0.058380126953125, Parent: 0)

A: Johann Sebastian Bach was a composer who lived from 1685 to 1750.
Johann Sebastian Bach was a composer who lived from 1685 to 1750.
Johann Sebastian Bach was a composer who lived from 1685 to 1750.
A: Johann Sebastian Bach was a composer who lived from 1685 to 1750. (Score: -0.0121307373046875, Parent: 1)

********** Step: 5 **********

Johann Sebastian Bach was a composer and musician who lived from 1685 to 1750.
The Grammy Awards were established in 1959, long after Bach's lifetime.
#### No.

 (Score: 0.058380126953125, Parent: 0)

A: Johann Sebastian Bach was a composer who lived from 1685 to 1750.
Johann Sebastian Bach was a composer who lived from 1685 to 1750.
Johann Sebastian Bach was a composer who lived from 1685 to 1750.
A: Johann Sebastian Bach was a composer who lived from 1685 to 1750.
A: Johann Sebastian Bach was a composer who lived from 1685 to 1750. (Score: -0.012969970703125, Parent: 1)

********** Step: 6 **********

Johann Sebastian Bach was a composer and musician who lived from 1685 to 1750.
The Grammy Awards were established in 1959, long after Bach's lifetime.
#### No.


 (Score: 0.058380126953125, Parent: 0)

A: Johann Sebastian Bach was a composer who lived from 1685 to 1750.
Johann Sebastian Bach was a composer who lived from 1685 to 1750.
Johann Sebastian Bach was a composer who lived from 1685 to 1750.
A: Johann Sebastian Bach was a composer who lived from 1685 to 1750.
A: Johann Sebastian Bach was a composer who lived from 1685 to 1750.
A: Johann Sebastian Bach was a composer who lived from 1685 to 1750. (Score: -0.01410675048828125, Parent: 1)

********** Step: 7 **********

Johann Sebastian Bach was a composer and musician who lived from 1685 to 1750.
The Grammy Awards were established in 1959, long after Bach's lifetime.
#### No.



 (Score: 0.058380126953125, Parent: 0)

A: Johann Sebastian Bach was a composer who lived from 1685 to 1750.
Johann Sebastian Bach was a composer who lived from 1685 to 1750.
Johann Sebastian Bach was a composer who lived from 1685 to 1750.
A: Johann Sebastian Bach was a composer who lived from 1685 to 1750.
A: Johann Sebastian Bach was a composer who lived from 1685 to 1750.
A: Johann Sebastian Bach was a composer who lived from 1685 to 1750.
A: Johann Sebastian Bach was a composer who lived from 1685 to 1750. (Score: -0.01497650146484375, Parent: 1)

********** Step: 8 **********

Johann Sebastian Bach was a composer and musician who lived from 1685 to 1750.
The Grammy Awards were established in 1959, long after Bach's lifetime.
#### No.




 (Score: 0.058380126953125, Parent: 0)

A: Johann Sebastian Bach was a composer who lived from 1685 to 1750.
Johann Sebastian Bach was a composer who lived from 1685 to 1750.
Johann Sebastian Bach was a composer who lived from 1685 to 1750.
A: Johann Sebastian Bach was a composer who lived from 1685 to 1750.
A: Johann Sebastian Bach was a composer who lived from 1685 to 1750.
A: Johann Sebastian Bach was a composer who lived from 1685 to 1750.
A: Johann Sebastian Bach was a composer who lived from 1685 to 1750.
A: Johann Sebastian Bach was a composer who lived from 1685 to 1750. (Score: -0.015655517578125, Parent: 1)

---------- FINAL ----------
step 8
Johann Sebastian Bach was a composer and musician who lived from 1685 to 1750.
The Grammy Awards were established in 1959, long after Bach's lifetime.
#### No.




 (Score: 0.058380126953125)

A: Johann Sebastian Bach was a composer who lived from 1685 to 1750.
Johann Sebastian Bach was a composer who lived from 1685 to 1750.
Johann Sebastian Bach was a composer who lived from 1685 to 1750.
A: Johann Sebastian Bach was a composer who lived from 1685 to 1750.
A: Johann Sebastian Bach was a composer who lived from 1685 to 1750.
A: Johann Sebastian Bach was a composer who lived from 1685 to 1750.
A: Johann Sebastian Bach was a composer who lived from 1685 to 1750.
A: Johann Sebastian Bach was a composer who lived from 1685 to 1750. (Score: -0.015655517578125)
tensor([[ 2901088899405105254,  6332219396571747862,  3743897281599826845,
                            0,                    0,                    0,
                            0,                    0],
        [-4953661247432033915, -3065179985807023383, -3065179985807023383,
         -4953661247432033915, -4953661247432033915, -4953661247432033915,
         -4953661247432033915, -4953661247432033915]])

====================
Q: Could you go to New York Public Library and the Six Flags Great Escape in the same day?


********** Step: 1 **********

A: The New York Public Library is located in New York City. (Score: -0.00315093994140625, Parent: 0)

New York Public Library is located in New York City, while Six Flags Great Escape is located in Queensbury, New York, which is about 200 miles north of New York City. (Score: -0.01354217529296875, Parent: 0)

********** Step: 2 **********

A: The New York Public Library is located in New York City.
A: The New York Public Library is located in New York City. (Score: -0.0007181167602539062, Parent: 0)

New York Public Library is located in New York City, while Six Flags Great Escape is located in Queensbury, New York, which is about 200 miles north of New York City.
To travel from New York City to Six Flags Great Escape and back in the same day, let's break down the distances and travel times:. (Score: -0.0031890869140625, Parent: 1)

********** Step: 3 **********

A: The New York Public Library is located in New York City.
A: The New York Public Library is located in New York City.
A: Six Flags Great Escape is located in Queensbury, New York. (Score: -0.001773834228515625, Parent: 0)

New York Public Library is located in New York City, while Six Flags Great Escape is located in Queensbury, New York, which is about 200 miles north of New York City.
To travel from New York City to Six Flags Great Escape and back in the same day, let's break down the distances and travel times:.
New York City is approximately 200 miles from Queensbury, New York. (Score: -0.002735137939453125, Parent: 1)

********** Step: 4 **********

A: The New York Public Library is located in New York City.
A: The New York Public Library is located in New York City.
A: Six Flags Great Escape is located in Queensbury, New York.
A: The distance from New York City to Queensbury is approximately 200 miles. (Score: -0.0006737709045410156, Parent: 0)

A: The New York Public Library is located in New York City.
A: The New York Public Library is located in New York City.
A: Six Flags Great Escape is located in Queensbury, New York.
A: The New York Public Library is located in New York City. (Score: -0.002155303955078125, Parent: 0)

********** Step: 5 **********

A: The New York Public Library is located in New York City.
A: The New York Public Library is located in New York City.
A: Six Flags Great Escape is located in Queensbury, New York.
A: The New York Public Library is located in New York City.
A: The New York Public Library is located in New York City. (Score: -0.0034503936767578125, Parent: 1)

A: The New York Public Library is located in New York City.
A: The New York Public Library is located in New York City.
A: Six Flags Great Escape is located in Queensbury, New York.
A: The New York Public Library is located in New York City.
A: The New York Public Library is located in New York City. (Score: -0.0034503936767578125, Parent: 1)

********** Step: 6 **********

A: The New York Public Library is located in New York City.
A: The New York Public Library is located in New York City.
A: Six Flags Great Escape is located in Queensbury, New York.
A: The New York Public Library is located in New York City.
A: The New York Public Library is located in New York City.
A: The New York Public Library is located in New York City. (Score: -0.004749298095703125, Parent: 0)

A: The New York Public Library is located in New York City.
A: The New York Public Library is located in New York City.
A: Six Flags Great Escape is located in Queensbury, New York.
A: The New York Public Library is located in New York City.
A: The New York Public Library is located in New York City.
A: The New York Public Library is located in New York City. (Score: -0.004749298095703125, Parent: 1)

********** Step: 7 **********

A: The New York Public Library is located in New York City.
A: The New York Public Library is located in New York City.
A: Six Flags Great Escape is located in Queensbury, New York.
A: The New York Public Library is located in New York City.
A: The New York Public Library is located in New York City.
A: The New York Public Library is located in New York City.
A: The New York Public Library is located in New York City. (Score: -0.005863189697265625, Parent: 0)

A: The New York Public Library is located in New York City.
A: The New York Public Library is located in New York City.
A: Six Flags Great Escape is located in Queensbury, New York.
A: The New York Public Library is located in New York City.
A: The New York Public Library is located in New York City.
A: The New York Public Library is located in New York City.
A: The New York Public Library is located in New York City. (Score: -0.005863189697265625, Parent: 1)

********** Step: 8 **********

A: The New York Public Library is located in New York City.
A: The New York Public Library is located in New York City.
A: Six Flags Great Escape is located in Queensbury, New York.
A: The New York Public Library is located in New York City.
A: The New York Public Library is located in New York City.
A: The New York Public Library is located in New York City.
A: The New York Public Library is located in New York City.
A: The New York Public Library is located in New York City. (Score: -0.00673675537109375, Parent: 0)

A: The New York Public Library is located in New York City.
A: The New York Public Library is located in New York City.
A: Six Flags Great Escape is located in Queensbury, New York.
A: The New York Public Library is located in New York City.
A: The New York Public Library is located in New York City.
A: The New York Public Library is located in New York City.
A: The New York Public Library is located in New York City.
A: The New York Public Library is located in New York City. (Score: -0.00673675537109375, Parent: 1)

---------- FINAL ----------
step 8
A: The New York Public Library is located in New York City.
A: The New York Public Library is located in New York City.
A: Six Flags Great Escape is located in Queensbury, New York.
A: The New York Public Library is located in New York City.
A: The New York Public Library is located in New York City.
A: The New York Public Library is located in New York City.
A: The New York Public Library is located in New York City.
A: The New York Public Library is located in New York City. (Score: -0.00673675537109375)

A: The New York Public Library is located in New York City.
A: The New York Public Library is located in New York City.
A: Six Flags Great Escape is located in Queensbury, New York.
A: The New York Public Library is located in New York City.
A: The New York Public Library is located in New York City.
A: The New York Public Library is located in New York City.
A: The New York Public Library is located in New York City.
A: The New York Public Library is located in New York City. (Score: -0.00673675537109375)
tensor([[-4615643440610501746, -4615643440610501746,  4489534548963808536,
         -4615643440610501746, -4615643440610501746, -4615643440610501746,
         -4615643440610501746, -4615643440610501746],
        [-4615643440610501746, -4615643440610501746,  4489534548963808536,
         -4615643440610501746, -4615643440610501746, -4615643440610501746,
         -4615643440610501746, -4615643440610501746]])

